{"type":"FeatureCollection", "features": [
{"type":"Feature","geometry":{"type":"Polygon","coordinates":[[[17.97979,59.32905],[17.96426,59.35938],[17.8293,59.379],[17.77285,59.41411],[17.80859,59.55322],[17.78594,59.598],[17.76006,59.62051],[17.67158,59.59478],[17.6873,59.5416],[17.53447,59.5394],[17.39053,59.58447],[17.37207,59.49575],[17.0627,59.56924],[16.97754,59.55068],[16.84102,59.5875],[16.75234,59.54331],[16.64688,59.55928],[16.57383,59.61167],[16.47266,59.51938],[16.25176,59.49321],[16.04424,59.47847],[16.14434,59.44775],[16.61045,59.45352],[16.74229,59.43062],[16.91387,59.44585],[17.06563,59.37324],[17.1752,59.35581],[17.30459,59.27217],[17.3707,59.29492],[17.47451,59.2915],[17.57051,59.26763],[17.87617,59.2708],[17.97979,59.32905]]]},"properties":{"name":"Mälaren"}},
{"type":"Feature","geometry":{"type":"Polygon","coordinates":[[[29.83672,61.22607],[29.825,61.21558],[29.85723,61.18799],[30.1249,61.08735],[30.29268,61.00513],[30.40869,60.92803],[30.43584,60.90269],[30.44121,60.87363],[30.45586,60.86001],[30.50205,60.84321],[30.52793,60.81172],[30.5332,60.76553],[30.52539,60.73887],[30.50449,60.73164],[30.504,60.70356],[30.52393,60.65459],[30.53389,60.63008],[30.66328,60.59282],[30.72373,60.56177],[30.75859,60.52451],[30.77422,60.49209],[30.77598,60.4481],[30.80332,60.44663],[30.81689,60.45884],[30.83213,60.45752],[30.84912,60.44263],[30.95684,60.26362],[31.01895,60.19292],[31.10898,60.14644],[31.11494,60.13486],[31.09512,60.08374],[31.10596,60.0563],[31.14287,60.03169],[31.14531,60.00552],[31.06318,59.96289],[31.04277,59.95098],[31.06396,59.94321],[31.10625,59.92769],[31.17637,59.92578],[31.27441,59.93765],[31.34932,59.93276],[31.40137,59.91133],[31.45479,59.90718],[31.50977,59.92036],[31.54717,59.94014],[31.56719,59.96655],[31.56504,59.99805],[31.54092,60.03452],[31.54824,60.07188],[31.60645,60.13364],[31.60586,60.14229],[31.59688,60.1438],[31.59063,60.15557],[31.59893,60.16963],[31.69941,60.23564],[31.84326,60.24785],[32.05713,60.22651],[32.19609,60.19536],[32.26016,60.15435],[32.36152,60.1481],[32.50039,60.17651],[32.58389,60.20894],[32.6123,60.24536],[32.61436,60.28579],[32.59023,60.33022],[32.59492,60.35459],[32.65586,60.37168],[32.67666,60.39243],[32.66396,60.4271],[32.61787,60.47559],[32.59648,60.51108],[32.5999,60.5335],[32.6417,60.53687],[32.72207,60.52114],[32.78184,60.48823],[32.81572,60.48188],[32.84141,60.49702],[32.90693,60.58594],[32.94434,60.64258],[32.93652,60.67031],[32.90303,60.69351],[32.84355,60.71221],[32.81191,60.75649],[32.80781,60.82637],[32.76543,60.88604],[32.64072,60.96914],[32.6334,60.98672],[32.59258,60.99761],[32.58057,61.01387],[32.58125,61.04487],[32.56338,61.07944],[32.52686,61.11753],[32.35957,61.18052],[31.89863,61.32397],[31.8707,61.34736],[31.7623,61.38369],[31.69785,61.41548],[31.63691,61.46274],[31.62041,61.46108],[31.6165,61.44248],[31.61973,61.42695],[31.60361,61.42256],[31.57578,61.43721],[31.5332,61.49736],[31.48613,61.55083],[31.36484,61.62744],[31.33408,61.62744],[31.32783,61.61665],[31.30811,61.60503],[31.28594,61.61523],[31.25752,61.64106],[31.23818,61.64302],[31.17227,61.62979],[31.16064,61.6187],[31.09844,61.62036],[31.07109,61.64512],[31.05674,61.68921],[31.02588,61.71436],[30.90566,61.74224],[30.8959,61.75444],[30.88818,61.76479],[30.85195,61.77505],[30.75752,61.73345],[30.59434,61.60581],[30.59336,61.57949],[30.6167,61.5603],[30.60586,61.54131],[30.55078,61.53545],[30.5127,61.5252],[30.48633,61.51494],[30.48066,61.49004],[30.46621,61.48716],[30.28516,61.5166],[30.23877,61.51484],[30.23486,61.49263],[30.25156,61.47266],[30.25205,61.45864],[30.2373,61.44634],[30.21689,61.43135],[30.20996,61.41797],[30.20088,61.38896],[30.1793,61.37266],[30.18262,61.36108],[30.196,61.3478],[30.19297,61.32725],[30.17393,61.31406],[30.12998,61.3126],[30.09004,61.29927],[30.08945,61.27056],[30.09414,61.25854],[30.0793,61.24263],[30.0291,61.25449],[29.94941,61.2894],[29.89131,61.29497],[29.85508,61.27124],[29.86455,61.25098],[29.86016,61.23931],[29.83672,61.22607]]]},"properties":{"name":"Lake Ladoga"}},
{"type":"Feature","geometry":{"type":"Polygon","coordinates":[[[31.47158,2.38545],[31.4748,2.40073],[31.43105,2.38789],[31.34424,2.29092],[31.30313,2.22593],[31.25898,2.15332],[31.17891,2.07295],[30.98174,1.93237],[30.93555,1.91533],[30.86797,1.85894],[30.71426,1.70234],[30.67402,1.67607],[30.59063,1.57939],[30.5293,1.53242],[30.47949,1.4665],[30.44131,1.38179],[30.3874,1.29697],[30.39961,1.2561],[30.41406,1.25474],[30.44951,1.25918],[30.46836,1.25752],[30.47783,1.23882],[30.49463,1.22974],[30.50244,1.21167],[30.4916,1.20322],[30.49209,1.1729],[30.50391,1.1207],[30.50078,1.04961],[30.50732,1.04053],[30.53926,1.02148],[30.56875,1.02861],[30.59375,1.04126],[30.71855,1.19111],[30.72686,1.22354],[30.78486,1.30923],[30.89268,1.4481],[30.96914,1.52715],[31.01416,1.54644],[31.03984,1.56362],[31.1293,1.58779],[31.16582,1.60547],[31.26787,1.68755],[31.30459,1.74219],[31.32207,1.80259],[31.34346,1.83403],[31.36855,1.83647],[31.3874,1.85693],[31.3998,1.89551],[31.3874,2.20024],[31.38398,2.2606],[31.39551,2.28042],[31.47158,2.38545]]]},"properties":{"name":"Lake Albert"}},
{"type":"Feature","geometry":{"type":"Polygon","coordinates":[[[-83.10483,42.28643],[-83.14214,42.22764],[-83.17524,42.14629],[-83.18843,42.0834],[-83.17656,42.04893],[-83.20479,42.02705],[-83.25557,41.9856],[-83.26523,41.97056],[-83.26182,41.94639],[-83.27251,41.93457],[-83.29722,41.93506],[-83.31616,41.92329],[-83.36206,41.87988],[-83.44116,41.76621],[-83.4562,41.74248],[-83.44297,41.72485],[-83.35225,41.71401],[-83.29072,41.69326],[-83.24258,41.66191],[-83.06909,41.60063],[-83.01602,41.56279],[-82.96328,41.54194],[-82.91079,41.53823],[-82.8749,41.55015],[-82.85552,41.57783],[-82.83076,41.57969],[-82.80078,41.55571],[-82.70312,41.52949],[-82.7,41.52129],[-82.9707,41.47573],[-83.02749,41.45454],[-82.95957,41.43975],[-82.89111,41.44331],[-82.82227,41.46523],[-82.74307,41.46406],[-82.67349,41.45366],[-82.65146,41.46245],[-82.64263,41.46689],[-82.52441,41.40698],[-82.48027,41.3981],[-82.43442,41.40493],[-82.38687,41.42749],[-82.28247,41.45684],[-82.12134,41.49297],[-81.96631,41.50767],[-81.81748,41.50088],[-81.72319,41.51094],[-81.63721,41.54844],[-81.44707,41.67148],[-81.22861,41.77041],[-80.86924,41.89331],[-80.33447,42.04082],[-80.25195,42.07529],[-80.16816,42.10898],[-80.12471,42.12832],[-80.07617,42.146],[-79.70405,42.3001],[-79.51226,42.39102],[-79.41636,42.45688],[-79.31538,42.51157],[-79.20923,42.55518],[-79.12495,42.61123],[-79.06255,42.67979],[-78.9936,42.73071],[-78.91826,42.76406],[-78.87783,42.79912],[-78.87227,42.83594],[-78.88623,42.88564],[-78.91973,42.94819],[-78.92432,42.99751],[-78.9001,43.0335],[-78.89473,43.05776],[-78.90815,43.07031],[-79.06606,43.1061],[-79.07319,43.09307],[-79.04287,43.06362],[-79.03452,43.0439],[-79.0397,43.02129],[-79.01055,42.99053],[-78.94707,42.95156],[-78.92236,42.92383],[-78.93643,42.90723],[-79.05693,42.86226],[-79.12187,42.85752],[-79.17593,42.87261],[-79.26396,42.88032],[-79.38594,42.88066],[-79.59385,42.85396],[-79.66147,42.85059],[-79.69868,42.86162],[-79.74658,42.85845],[-79.92285,42.82241],[-80.09946,42.80234],[-80.22046,42.77437],[-80.28584,42.73848],[-80.32583,42.70737],[-80.36475,42.68311],[-80.39556,42.67588],[-80.45122,42.61348],[-80.44604,42.6042],[-80.36777,42.60791],[-80.30493,42.5897],[-80.10483,42.57153],[-80.06211,42.55415],[-80.09385,42.54639],[-80.39663,42.57739],[-80.47305,42.57393],[-80.6166,42.59585],[-80.8272,42.64316],[-81.03916,42.66245],[-81.25249,42.65376],[-81.40439,42.62998],[-81.49492,42.59116],[-81.72993,42.44658],[-81.80903,42.36841],[-81.84082,42.29546],[-81.8668,42.25835],[-81.88701,42.25703],[-81.88672,42.27363],[-81.86592,42.30806],[-81.87446,42.31504],[-81.92935,42.27925],[-81.93789,42.2689],[-82.04438,42.25723],[-82.16016,42.22275],[-82.31138,42.15825],[-82.41191,42.10322],[-82.46177,42.05771],[-82.48984,42.00464],[-82.496,41.94404],[-82.51152,41.93218],[-82.56724,41.99995],[-82.6042,42.02524],[-82.64512,42.03726],[-82.69004,42.03594],[-82.83384,41.99722],[-82.93662,42.0064],[-83.06123,42.0502],[-83.10786,42.071],[-83.11724,42.11978],[-83.10454,42.21519],[-83.07646,42.27549],[-83.10483,42.28643]],[[-78.99028,42.99155],[-79.01201,43.00269],[-79.01943,43.02422],[-79.01416,43.05151],[-78.98799,43.06353],[-78.91621,43.05317],[-78.91387,43.04233],[-78.92993,43.02246],[-78.96055,42.98823],[-78.99028,42.99155]],[[-82.63823,41.74687],[-82.68452,41.73584],[-82.68545,41.75708],[-82.67441,41.80605],[-82.65439,41.82744],[-82.64287,41.81543],[-82.6272,41.77114],[-82.63823,41.74687]]]},"properties":{"name":"Lake Erie"}},
{"type":"Feature","geometry":{"type":"Polygon","coordinates":[[[14.74229,13.07803],[14.70664,13.13696],[14.66826,13.19526],[14.65313,13.20845],[14.59141,13.21372],[14.55439,13.23848],[14.496,13.23872],[14.41465,13.20884],[14.36963,13.18506],[14.34238,13.16211],[14.33037,13.13496],[14.33037,13.11641],[14.31182,13.08706],[14.31074,13.08203],[14.30713,13.06543],[14.28887,13.02925],[14.28223,13.01445],[14.25898,13.0043],[14.25889,12.98608],[14.275,12.90293],[14.29473,12.88447],[14.34658,12.87676],[14.40664,12.89917],[14.4748,12.95176],[14.51621,12.97974],[14.59219,12.98994],[14.61963,12.99155],[14.66064,12.98237],[14.68555,12.99307],[14.69434,13.02363],[14.71602,13.04663],[14.74277,13.06235],[14.74229,13.07803]]]},"properties":{"name":"Lake Chad"}},
{"type":"Feature","geometry":{"type":"Polygon","coordinates":[[[35.26016,-14.27744],[35.17793,-14.08848],[35.18037,-14.06406],[35.09707,-13.825],[35.05596,-13.74297],[35.03008,-13.72998],[34.88828,-13.71699],[34.86758,-13.70117],[34.85869,-13.61563],[34.86152,-13.46045],[34.8458,-13.36602],[34.81162,-13.33232],[34.7998,-13.25781],[34.81045,-13.14238],[34.80049,-13.04404],[34.77002,-12.9626],[34.77246,-12.87012],[34.80762,-12.7666],[34.79121,-12.64297],[34.69385,-12.42236],[34.70244,-12.40283],[34.71094,-12.36445],[34.71416,-12.2792],[34.71064,-12.22441],[34.7002,-12.2001],[34.72607,-12.15664],[34.78828,-12.09414],[34.83193,-12.05781],[34.85684,-12.04766],[34.89102,-11.98535],[34.93428,-11.8709],[34.95693,-11.73477],[34.95918,-11.57725],[34.93701,-11.46348],[34.89063,-11.39355],[34.85059,-11.35195],[34.80088,-11.34092],[34.77383,-11.3417],[34.75215,-11.30947],[34.72646,-11.23818],[34.68848,-11.17744],[34.63809,-11.12715],[34.60791,-11.08047],[34.59766,-11.0375],[34.60566,-10.99023],[34.65234,-10.87285],[34.66709,-10.79248],[34.66182,-10.71006],[34.63652,-10.62559],[34.58359,-10.5251],[34.58955,-10.49619],[34.57158,-10.42764],[34.56973,-10.37969],[34.57998,-10.31982],[34.56992,-10.24111],[34.52422,-10.07314],[34.52422,-10.03018],[34.47598,-9.94883],[34.32783,-9.75654],[34.3209,-9.73154],[34.08857,-9.53779],[33.99561,-9.49541],[33.96211,-9.53174],[33.94961,-9.56533],[33.95938,-9.62734],[33.95371,-9.6582],[33.91592,-9.7125],[33.90508,-9.75098],[33.90664,-9.80176],[33.91865,-9.84277],[33.94121,-9.87402],[33.98457,-10.02412],[34.01592,-10.09834],[34.05723,-10.15732],[34.15527,-10.25596],[34.20352,-10.31943],[34.24844,-10.4002],[34.25996,-10.44756],[34.2377,-10.46143],[34.22734,-10.48457],[34.22891,-10.5168],[34.21797,-10.54424],[34.19473,-10.5665],[34.18965,-10.58965],[34.20254,-10.61367],[34.23438,-11.07334],[34.24473,-11.09922],[34.24111,-11.13066],[34.22363,-11.16729],[34.23047,-11.22773],[34.26182,-11.31162],[34.28926,-11.4252],[34.32266,-11.65303],[34.31797,-11.6792],[34.22188,-11.78838],[34.1918,-11.84023],[34.19414,-11.88008],[34.16367,-11.92539],[34.10049,-11.97646],[34.05918,-12.04854],[34.03252,-12.20859],[34.03721,-12.2498],[34.07393,-12.35293],[34.10684,-12.38447],[34.14971,-12.39287],[34.17969,-12.4249],[34.19688,-12.48076],[34.19561,-12.64248],[34.21387,-12.68398],[34.23633,-12.71309],[34.2627,-12.72979],[34.27275,-12.75566],[34.2667,-12.79082],[34.27549,-12.82451],[34.29941,-12.85693],[34.31953,-12.92148],[34.32998,-12.94453],[34.34385,-13.15811],[34.33818,-13.26543],[34.31865,-13.3084],[34.31289,-13.34639],[34.3209,-13.37939],[34.40977,-13.52959],[34.45791,-13.57197],[34.49756,-13.56748],[34.54668,-13.5998],[34.60527,-13.66895],[34.62158,-13.75088],[34.5957,-13.8457],[34.57051,-13.90811],[34.54619,-13.93809],[34.53828,-13.98457],[34.54678,-14.04766],[34.56738,-14.10566],[34.60029,-14.15879],[34.63721,-14.19492],[34.67803,-14.21436],[34.70117,-14.23662],[34.70654,-14.26201],[34.72949,-14.26797],[34.76982,-14.25449],[34.81934,-14.2166],[34.8248,-14.19668],[34.81641,-14.17793],[34.8248,-14.1498],[34.85,-14.1124],[34.85791,-14.07412],[34.84873,-14.03506],[34.85654,-14.01436],[34.88125,-14.01201],[34.90566,-14.02109],[34.92988,-14.0416],[34.94189,-14.0708],[34.94727,-14.13447],[34.9584,-14.14834],[35.01377,-14.15723],[35.04795,-14.17666],[35.12969,-14.28877],[35.19307,-14.35273],[35.23623,-14.40127],[35.25762,-14.40273],[35.27344,-14.39072],[35.28369,-14.36514],[35.26016,-14.27744]],[[34.62178,-12.0666],[34.58047,-12.06582],[34.5416,-12.01865],[34.554,-11.98223],[34.59141,-11.97109],[34.62422,-11.98477],[34.6416,-12.01367],[34.62178,-12.0666]],[[34.66211,-12.10078],[34.66748,-12.04756],[34.67988,-12.00889],[34.71494,-12.00273],[34.73896,-12.01309],[34.75596,-12.03076],[34.75625,-12.05908],[34.746,-12.08838],[34.71934,-12.11064],[34.68418,-12.11865],[34.66211,-12.10078]]]},"properties":{"name":"Lake Malawi"}},
{"type":"Feature","geometry":{"type":"Polygon","coordinates":[[[34.71758,-0.0917],[34.53809,-0.14375],[34.41953,-0.19619],[34.36992,-0.24336],[34.35332,-0.31377],[34.33398,-0.3373],[34.30996,-0.35605],[34.28467,-0.35029],[34.22559,-0.25918],[34.11719,-0.16348],[34.10752,-0.1334],[34.1252,-0.09102],[34.11523,-0.07949],[34.05918,-0.08071],[34.02871,-0.0625],[34.00293,-0.02422],[33.98203,0.02466],[33.97363,0.08872],[33.97451,0.21338],[33.94482,0.21763],[33.86084,0.18535],[33.74453,0.20771],[33.72832,0.23027],[33.71289,0.30835],[33.68037,0.31621],[33.63984,0.30049],[33.58027,0.22217],[33.53262,0.20664],[33.4832,0.21812],[33.44766,0.24429],[33.44131,0.27075],[33.48486,0.29331],[33.48428,0.31494],[33.46133,0.33403],[33.35371,0.34927],[33.33203,0.3687],[33.36777,0.45273],[33.36406,0.47202],[33.31162,0.45146],[33.27266,0.46255],[33.24512,0.45117],[33.1873,0.42817],[33.20107,0.38784],[33.13721,0.25215],[33.07646,0.23901],[33.06992,0.19341],[33.02129,0.14658],[32.95801,0.10781],[32.91504,0.09551],[32.89531,0.1124],[32.87861,0.16885],[32.85254,0.16934],[32.77939,0.11885],[32.73477,0.10835],[32.6917,0.10801],[32.6709,0.11724],[32.67637,0.13706],[32.71143,0.17939],[32.68066,0.18945],[32.64707,0.25283],[32.61523,0.23506],[32.5877,0.19326],[32.56426,0.09893],[32.53291,0.06973],[32.48613,0.05273],[32.44902,0.05601],[32.4377,0.09277],[32.41348,0.08936],[32.38389,0.06611],[32.35107,0.01455],[32.28662,0.02056],[32.25801,-0.00498],[32.20918,0.00869],[32.15938,-0.03975],[32.05527,-0.05654],[32.03252,-0.09048],[31.9502,-0.13193],[31.9335,-0.1584],[31.94023,-0.18037],[31.97568,-0.21162],[32.00068,-0.25488],[31.99414,-0.32109],[31.86689,-0.48086],[31.81816,-0.56846],[31.72285,-0.79004],[31.73203,-0.83721],[31.75566,-0.8877],[31.76758,-0.93574],[31.78271,-1.00996],[31.80439,-1.02168],[31.82891,-1.01289],[31.84902,-1.0165],[31.86074,-1.04365],[31.86514,-1.0918],[31.82588,-1.35898],[31.81074,-1.41855],[31.76328,-1.4917],[31.66426,-1.93193],[31.66377,-2.01621],[31.67529,-2.07969],[31.675,-2.27686],[31.70176,-2.32783],[31.73887,-2.35664],[31.7667,-2.39873],[31.78125,-2.43955],[31.78594,-2.46543],[31.73535,-2.52969],[31.74277,-2.5665],[31.76973,-2.59707],[31.81494,-2.6209],[31.78164,-2.69316],[31.78398,-2.7499],[31.80146,-2.79072],[31.81895,-2.79795],[31.84824,-2.70518],[31.88486,-2.70039],[31.89805,-2.68057],[31.91768,-2.67393],[31.97051,-2.75166],[32.00342,-2.75664],[31.97891,-2.67686],[31.96865,-2.6083],[31.98613,-2.54668],[32.03076,-2.51621],[32.13027,-2.53701],[32.15039,-2.525],[32.14053,-2.48613],[32.09629,-2.39404],[32.11445,-2.37705],[32.17363,-2.36602],[32.21064,-2.30957],[32.24023,-2.28301],[32.28311,-2.28242],[32.31953,-2.30391],[32.35693,-2.39395],[32.3916,-2.42246],[32.43984,-2.44434],[32.52129,-2.45352],[32.53535,-2.46221],[32.53535,-2.49404],[32.54814,-2.50771],[32.64355,-2.43877],[32.67139,-2.45566],[32.68535,-2.49092],[32.70273,-2.50166],[32.75137,-2.51367],[32.81074,-2.51504],[32.82422,-2.54355],[32.81406,-2.64688],[32.86191,-2.75732],[32.84756,-2.79736],[32.76445,-2.86709],[32.77344,-2.91035],[32.76016,-2.98486],[32.77988,-2.97139],[32.89219,-2.86182],[32.9627,-2.84863],[32.94746,-2.81826],[32.88418,-2.66406],[32.89229,-2.48418],[32.90791,-2.44941],[32.94492,-2.42051],[32.99883,-2.40176],[33.06719,-2.41035],[33.21016,-2.48887],[33.41563,-2.53125],[33.4374,-2.52197],[33.44229,-2.50244],[33.43232,-2.45957],[33.51035,-2.42988],[33.59385,-2.35752],[33.76729,-2.23799],[33.80898,-2.19219],[33.80957,-2.15713],[33.79434,-2.12334],[33.75273,-2.11133],[33.58457,-2.16758],[33.51719,-2.16201],[33.27598,-2.12402],[33.22637,-2.0959],[33.23262,-2.07158],[33.3002,-2.02324],[33.37422,-2.03242],[33.4123,-1.99746],[33.52402,-1.99639],[33.52061,-1.97969],[33.49082,-1.95283],[33.47754,-1.92783],[33.45039,-1.91523],[33.29785,-1.92187],[33.33115,-1.86445],[33.36592,-1.82998],[33.40166,-1.81172],[33.48867,-1.82217],[33.54639,-1.79961],[33.59268,-1.76113],[33.60156,-1.69082],[33.6752,-1.63848],[33.66699,-1.604],[33.6459,-1.5709],[33.66787,-1.50605],[33.68555,-1.48809],[33.73027,-1.48008],[33.79053,-1.48545],[33.88916,-1.5127],[33.9209,-1.51377],[33.91533,-1.49502],[33.82168,-1.42461],[33.81553,-1.40566],[33.82871,-1.39014],[33.82852,-1.36328],[33.84355,-1.34209],[33.94199,-1.33955],[33.95176,-1.3209],[33.90693,-1.27813],[33.90273,-1.24697],[33.93164,-1.18779],[34.06318,-1.03369],[34.07012,-0.99746],[34.12129,-0.97471],[34.14404,-0.93984],[34.16279,-0.8792],[34.10576,-0.79814],[34.06826,-0.7248],[34.06006,-0.64492],[34.0793,-0.57949],[34.1748,-0.47012],[34.21719,-0.4415],[34.27539,-0.44502],[34.32852,-0.45938],[34.37568,-0.45879],[34.4248,-0.50215],[34.45635,-0.49512],[34.4751,-0.46436],[34.4583,-0.36895],[34.47783,-0.35332],[34.57656,-0.32969],[34.70332,-0.3249],[34.79814,-0.29639],[34.81328,-0.27568],[34.71758,-0.0917]],[[32.0542,-2.32832],[32.0375,-2.35107],[31.96602,-2.36572],[31.91748,-2.37236],[31.8999,-2.44297],[31.84834,-2.45449],[31.84258,-2.38115],[31.78271,-2.3208],[31.79082,-2.23408],[31.81826,-2.1916],[31.84033,-2.21563],[31.87559,-2.26436],[31.8999,-2.28418],[31.97451,-2.26562],[32.04453,-2.24258],[32.06006,-2.26533],[32.0542,-2.32832]],[[32.29785,-0.3916],[32.27188,-0.47246],[32.13232,-0.52539],[32.14453,-0.48701],[32.16621,-0.44199],[32.20537,-0.39736],[32.2082,-0.3627],[32.13008,-0.33662],[32.1042,-0.32217],[32.08086,-0.29033],[32.06475,-0.25439],[32.08604,-0.23145],[32.14746,-0.23242],[32.18223,-0.23535],[32.1793,-0.31055],[32.19365,-0.33213],[32.26895,-0.29033],[32.31914,-0.3375],[32.29785,-0.3916]],[[33.1748,-2.15928],[33.12471,-2.15781],[33.05889,-2.13496],[32.98867,-2.10498],[32.89863,-2.08486],[32.85137,-2.06055],[32.84707,-1.97891],[32.82988,-1.9375],[32.88428,-1.90449],[32.94863,-1.90166],[32.97158,-1.97324],[33.02734,-1.97344],[33.09717,-1.96543],[33.12012,-2.01133],[33.14043,-2.06914],[33.18291,-2.11602],[33.1748,-2.15928]],[[33.37227,0.21597],[33.31699,0.18418],[33.3251,0.1416],[33.33936,0.08003],[33.27295,0.12051],[33.26426,0.14365],[33.18428,0.15],[33.18037,0.17549],[33.21797,0.18994],[33.2209,0.2334],[33.22383,0.27676],[33.31768,0.29785],[33.38848,0.27231],[33.37227,0.21597]]]},"properties":{"name":"Lake Victoria"}},
{"type":"Feature","geometry":{"type":"Polygon","coordinates":[[[109.86387,55.53896],[109.86074,55.5748],[109.95537,55.67222],[109.84697,55.75464],[109.76035,55.77354],[109.66719,55.77856],[109.57559,55.77148],[109.50703,55.73091],[109.31348,55.60791],[109.23867,55.57466],[109.19346,55.5356],[109.19063,55.46372],[109.21328,55.40537],[109.19766,55.26143],[109.17109,55.1937],[109.11016,55.09917],[109.05273,55.02759],[108.95313,54.98335],[108.91689,54.95103],[108.94414,54.93057],[108.93252,54.89775],[108.88203,54.85264],[108.84688,54.79961],[108.82715,54.73867],[108.78574,54.67231],[108.72256,54.60054],[108.59277,54.49248],[108.54639,54.42886],[108.51895,54.34976],[108.47285,54.27676],[108.40811,54.20986],[108.36182,54.1731],[108.29766,54.07832],[108.27539,54.03643],[108.22354,53.97612],[108.0624,53.84922],[107.78926,53.71147],[107.62695,53.61104],[107.57578,53.5479],[107.55098,53.5021],[107.54717,53.45259],[107.53467,53.43896],[107.23203,53.31626],[107.07188,53.24126],[106.85195,53.10293],[106.78037,53.04458],[106.77363,53.02227],[106.87324,53.02939],[106.89727,53.00269],[106.88096,52.9731],[106.7833,52.90601],[106.75742,52.86929],[106.70166,52.83198],[106.57852,52.7417],[106.5374,52.70586],[106.45156,52.65649],[106.29248,52.59189],[106.05996,52.51191],[105.85977,52.38672],[105.6916,52.21621],[105.56963,52.10835],[105.41885,52.03018],[105.34453,52.00942],[105.28574,51.97876],[105.24268,51.93818],[105.16514,51.90591],[105.05322,51.88213],[104.93545,51.87021],[104.86689,51.87021],[104.81201,51.87021],[104.721,51.84883],[104.6625,51.8061],[104.53652,51.78408],[104.34316,51.78276],[104.13252,51.76948],[103.79072,51.73174],[103.74316,51.72241],[103.72266,51.71094],[103.71338,51.69424],[103.74492,51.6686],[103.81738,51.63403],[104.15645,51.53545],[104.39004,51.49971],[104.65518,51.48232],[104.82617,51.48979],[104.90293,51.52202],[105.06484,51.55723],[105.43506,51.61445],[105.79766,51.70107],[105.96738,51.77422],[106.06514,51.8627],[106.13379,51.91592],[106.18652,51.95645],[106.26064,52.10298],[106.28066,52.16914],[106.25801,52.23066],[106.26914,52.28203],[106.31387,52.32314],[106.39023,52.35454],[106.49727,52.38311],[106.59912,52.37051],[106.69297,52.33774],[106.75195,52.3165],[106.80605,52.32852],[106.84307,52.35635],[106.90459,52.44658],[106.93818,52.47456],[107.09883,52.54165],[107.38662,52.64795],[107.57852,52.70117],[107.67441,52.70137],[107.76309,52.71387],[107.94766,52.78032],[108.00703,52.83701],[108.23398,52.9457],[108.28779,52.98901],[108.33477,53.0375],[108.32988,53.05615],[108.29727,53.09326],[108.30225,53.10942],[108.39199,53.16328],[108.66123,53.30166],[108.67617,53.30391],[108.70273,53.2835],[108.72871,53.27798],[108.76768,53.2813],[108.93105,53.34438],[108.98232,53.39331],[108.98906,53.45034],[108.96846,53.50776],[108.92061,53.56558],[108.84189,53.58652],[108.73223,53.5708],[108.6457,53.54834],[108.54463,53.50757],[108.53213,53.51338],[108.61855,53.58242],[108.83594,53.80728],[108.89102,53.84189],[108.94375,53.8624],[108.99414,53.86875],[109.03301,53.8583],[109.06074,53.83096],[109.06055,53.80444],[109.03428,53.75977],[109.00889,53.66777],[109.03037,53.63896],[109.17764,53.6376],[109.19941,53.65996],[109.20381,53.67852],[109.20439,53.73696],[109.19824,53.79263],[109.21055,53.82769],[109.24375,53.8686],[109.42598,53.9978],[109.5001,54.06143],[109.53789,54.11621],[109.55586,54.15376],[109.55371,54.17402],[109.4957,54.26211],[109.48975,54.38037],[109.52344,54.55859],[109.54414,54.6291],[109.60703,54.67607],[109.63262,54.77178],[109.64561,54.80718],[109.68359,54.84995],[109.70225,54.90176],[109.71582,54.93164],[109.76484,55.03965],[109.76816,55.08276],[109.74395,55.13955],[109.75,55.1854],[109.78125,55.27969],[109.79053,55.32974],[109.82461,55.4019],[109.85723,55.44556],[109.86387,55.53896]],[[107.7668,53.26704],[107.63887,53.22036],[107.43779,53.10254],[107.31387,53.06797],[106.9625,53.02334],[106.96045,53.07817],[106.99502,53.10659],[107.09053,53.13301],[107.35254,53.21021],[107.58408,53.2833],[107.74443,53.39907],[107.79531,53.39297],[107.7668,53.26704]]]},"properties":{"name":"Lake Baikal"}},
{"type":"Feature","geometry":{"type":"Polygon","coordinates":[[[-96.37256,50.72925],[-96.35742,50.7605],[-96.36748,50.85737],[-96.40254,51.01992],[-96.39409,51.0876],[-96.34873,51.15273],[-96.3375,51.179],[-96.28809,51.20791],[-96.29033,51.25122],[-96.34429,51.30889],[-96.49521,51.41313],[-96.54624,51.47593],[-96.55059,51.53037],[-96.60146,51.59629],[-96.72236,51.70381],[-96.75732,51.76279],[-96.70625,51.77324],[-96.6894,51.79053],[-96.70674,51.8147],[-96.76943,51.85474],[-96.84419,51.86636],[-96.85366,51.89214],[-96.83472,51.94209],[-96.85889,51.99277],[-96.95767,52.0769],[-96.98618,52.13325],[-97.0186,52.20444],[-97.00684,52.25703],[-97.00249,52.26938],[-97.07065,52.4126],[-97.11206,52.47754],[-97.19775,52.6729],[-97.33281,52.78403],[-97.398,52.87886],[-97.42402,52.96484],[-97.37617,52.98042],[-97.34722,53.00601],[-97.3519,53.02632],[-97.43687,53.1187],[-97.475,53.20122],[-97.58174,53.29106],[-97.65234,53.40049],[-97.70698,53.51484],[-97.79072,53.5814],[-97.82832,53.64126],[-97.81963,53.69453],[-97.83193,53.73555],[-97.93755,53.89023],[-97.97744,53.96948],[-97.97168,53.97959],[-97.76167,54.01343],[-97.72861,54.0603],[-97.73408,54.08086],[-97.81123,54.0415],[-97.94028,54.02871],[-98.00078,54.00176],[-98.03291,53.97715],[-98.046,53.9395],[-98.06104,53.93086],[-98.19233,53.99365],[-98.21299,54.02534],[-98.17153,54.07935],[-98.0835,54.202],[-97.86421,54.26548],[-97.82036,54.30044],[-97.8436,54.31675],[-97.98271,54.31587],[-97.98984,54.32158],[-97.93198,54.35259],[-97.93198,54.375],[-98.00264,54.41255],[-98.02104,54.40991],[-98.17397,54.21816],[-98.25396,54.06914],[-98.29692,54.01772],[-98.29917,53.96548],[-98.26084,53.91245],[-98.20381,53.87393],[-98.07563,53.82266],[-97.89971,53.73838],[-97.90952,53.70024],[-97.96343,53.69517],[-98.00884,53.70996],[-98.29941,53.83433],[-98.45581,53.85239],[-98.61348,53.84268],[-98.73105,53.8769],[-98.81089,53.89697],[-98.9293,53.86743],[-99.00103,53.75356],[-98.98267,53.71826],[-98.99414,53.67661],[-99.04238,53.55688],[-99.08511,53.48008],[-99.20156,53.35273],[-99.23999,53.20977],[-99.22964,53.18511],[-99.18643,53.17505],[-99.0501,53.0729],[-98.99019,53.0478],[-98.90327,53.0603],[-98.79556,53.07646],[-98.69604,53.08242],[-98.52471,53.06509],[-98.45981,53.04355],[-98.50137,53.01787],[-98.77256,52.96475],[-98.89502,52.91582],[-98.90391,52.90063],[-98.89575,52.85635],[-98.82002,52.78301],[-98.82632,52.7666],[-98.80898,52.72495],[-98.55308,52.55645],[-98.46914,52.48613],[-98.45386,52.41567],[-98.42876,52.38179],[-98.18804,52.28022],[-98.14297,52.21055],[-98.13926,52.1624],[-98.07085,52.09971],[-98.04453,52.05166],[-98.03633,51.98135],[-97.9626,51.92715],[-97.82339,51.88916],[-97.79243,51.91445],[-97.7355,52.04512],[-97.72881,52.08823],[-97.77402,52.10898],[-97.74282,52.13535],[-97.67993,52.13755],[-97.53115,52.13652],[-97.49668,52.13281],[-97.49492,52.10776],[-97.52578,52.06138],[-97.60005,51.9876],[-97.573,51.92388],[-97.55015,51.92461],[-97.496,52.00078],[-97.44585,52.02734],[-97.35674,52.03975],[-97.30684,51.9814],[-97.2498,51.86514],[-97.23999,51.76641],[-97.27744,51.68511],[-97.28945,51.59346],[-97.27588,51.49136],[-97.25278,51.4436],[-97.22002,51.45015],[-97.14102,51.50205],[-97.12446,51.53628],[-97.12705,51.60752],[-97.1063,51.64199],[-97.06475,51.66514],[-96.88052,51.72422],[-96.84375,51.72207],[-96.82617,51.7104],[-96.8167,51.67627],[-96.79668,51.62554],[-96.78467,51.61128],[-96.75063,51.61226],[-96.73647,51.59336],[-96.74214,51.55449],[-96.91377,51.3314],[-96.98154,51.25088],[-96.97949,51.20415],[-96.9373,51.19268],[-96.90815,51.20562],[-96.72539,51.36597],[-96.70752,51.36362],[-96.63096,51.34307],[-96.62676,51.32441],[-96.69263,51.25532],[-96.77437,51.22085],[-96.83247,51.15737],[-96.84062,51.12817],[-96.92651,51.08247],[-96.93828,51.06006],[-96.96655,50.92744],[-96.95352,50.84375],[-96.95596,50.79741],[-96.98325,50.68301],[-96.97642,50.6436],[-96.96177,50.56992],[-96.93071,50.46123],[-96.86558,50.41846],[-96.76118,50.39795],[-96.68315,50.39795],[-96.5958,50.44185],[-96.57637,50.46802],[-96.60757,50.5522],[-96.59429,50.59922],[-96.58755,50.66362],[-96.56626,50.69526],[-96.5418,50.72793],[-96.45205,50.65576],[-96.39175,50.62852],[-96.29438,50.62388],[-96.35854,50.69121],[-96.37256,50.72925]],[[-97.93794,52.31826],[-97.97759,52.31543],[-98.04272,52.39756],[-98.04561,52.45986],[-97.99458,52.54204],[-97.9436,52.53071],[-97.88696,52.35791],[-97.93794,52.31826]],[[-96.63218,51.14844],[-96.68032,51.04082],[-96.76245,51.00967],[-96.84458,51.02666],[-96.8418,51.06631],[-96.78228,51.0918],[-96.73696,51.13711],[-96.70864,51.19941],[-96.59819,51.18809],[-96.63218,51.14844]]]},"properties":{"name":"Lake Winnipeg"}},
{"type":"Feature","geometry":{"type":"Polygon","coordinates":[[[-109.02207,62.80669],[-109.04624,62.82886],[-109.18452,62.84678],[-109.34849,62.86714],[-109.63799,62.89521],[-109.70459,62.91094],[-109.8895,62.92417],[-109.98296,62.94375],[-110.05586,62.952],[-110.52456,62.94487],[-110.67266,62.92686],[-111.08096,62.83545],[-111.25937,62.7793],[-111.39341,62.72188],[-111.47778,62.66055],[-111.51245,62.59526],[-111.55083,62.55552],[-111.59292,62.54121],[-111.64263,62.49609],[-111.7,62.42007],[-111.77964,62.36816],[-111.9625,62.2897],[-112.08232,62.22979],[-112.30186,62.13447],[-112.52935,62.07397],[-112.8915,62.03682],[-112.90645,62.06992],[-112.92344,62.07349],[-113.00469,62.04434],[-113.0375,62.01855],[-113.11387,62.02866],[-113.30884,62.00493],[-113.49307,62.0145],[-113.57432,62.01885],[-113.75576,62.10303],[-113.86118,62.17568],[-113.89219,62.20586],[-114.02275,62.26807],[-114.08521,62.28345],[-114.13604,62.27666],[-114.15498,62.27856],[-114.22446,62.31235],[-114.24683,62.32617],[-114.22471,62.3731],[-114.2271,62.38535],[-114.28389,62.41289],[-114.32183,62.41602],[-114.35137,62.40786],[-114.37251,62.38843],[-114.43687,62.3729],[-114.62524,62.35869],[-114.71367,62.37617],[-114.76987,62.41182],[-114.90205,62.46602],[-115.10762,62.49829],[-115.16514,62.5188],[-115.20151,62.54253],[-115.2167,62.56948],[-115.2457,62.59106],[-115.28857,62.60742],[-115.67187,62.66367],[-115.72432,62.65962],[-115.7541,62.66743],[-115.73843,62.69595],[-115.76289,62.72012],[-115.9127,62.76392],[-116.00425,62.76577],[-116.03755,62.72568],[-115.99165,62.68154],[-115.8666,62.63345],[-115.80903,62.59917],[-115.79199,62.56489],[-115.75615,62.53887],[-115.70103,62.4853],[-115.37002,62.47964],[-115.28892,62.48223],[-115.27124,62.4666],[-115.29438,62.4397],[-115.30693,62.40781],[-115.30898,62.37085],[-115.29141,62.34468],[-115.25415,62.32915],[-115.25942,62.29907],[-115.30718,62.25435],[-115.28999,62.23711],[-115.20771,62.24736],[-115.1666,62.24395],[-115.04482,62.17446],[-115.03926,62.15352],[-115.03755,62.14492],[-115.05337,62.11934],[-115.03286,62.09888],[-114.94224,62.05493],[-114.84805,62.03184],[-114.78052,61.99404],[-114.76177,61.9562],[-114.72407,61.93652],[-114.66738,61.93491],[-114.65103,61.92295],[-114.6356,61.86895],[-114.64756,61.85693],[-114.72056,61.81206],[-114.84536,61.76807],[-114.89756,61.76704],[-115.1623,61.73613],[-115.19014,61.74248],[-115.19731,61.7563],[-115.2145,61.77285],[-115.33735,61.77847],[-115.50825,61.75664],[-115.55693,61.74043],[-115.56567,61.7228],[-115.57061,61.68711],[-115.65771,61.64126],[-115.679,61.60732],[-115.70806,61.56777],[-115.74541,61.51133],[-115.75151,61.48135],[-115.74419,61.46787],[-115.71099,61.44971],[-115.71719,61.43979],[-115.82666,61.41079],[-115.88086,61.40938],[-115.91836,61.42256],[-115.95635,61.40645],[-116.03877,61.3813],[-116.01108,61.35928],[-115.90493,61.32686],[-115.85781,61.30166],[-115.86968,61.28374],[-115.98042,61.24487],[-115.98843,61.23452],[-115.95474,61.21782],[-115.93921,61.19258],[-115.94995,61.18311],[-116.12129,61.22847],[-116.19854,61.26641],[-116.36655,61.27314],[-116.45029,61.28501],[-116.51064,61.30894],[-116.5939,61.32397],[-116.76338,61.32939],[-116.78408,61.32144],[-116.79683,61.29771],[-116.72559,61.24126],[-116.73823,61.22441],[-116.79448,61.20625],[-116.98022,61.16948],[-117.06685,61.14985],[-117.20635,61.19014],[-117.47271,61.26816],[-117.62656,61.30718],[-117.66812,61.30781],[-117.6292,61.28491],[-117.55742,61.25854],[-117.50537,61.24033],[-117.43823,61.19478],[-117.27817,61.09727],[-117.22598,61.07466],[-117.08901,61.05107],[-116.71885,61.03857],[-116.66387,61.02109],[-116.61157,61.01748],[-116.52769,61.0293],[-116.5021,60.9939],[-116.4248,60.95308],[-116.05703,60.86826],[-115.87661,60.84814],[-115.7436,60.85708],[-115.47324,60.83809],[-115.33301,60.84463],[-114.91274,60.90981],[-114.7729,60.92275],[-114.72651,60.90742],[-114.58145,60.9293],[-114.3376,60.98843],[-114.17251,61.00601],[-114.08613,60.98203],[-113.97275,60.97891],[-113.83223,60.99663],[-113.72939,61.02773],[-113.66426,61.07207],[-113.63027,61.10566],[-113.6335,61.14546],[-113.64795,61.15708],[-113.72461,61.16313],[-113.72896,61.17173],[-113.69141,61.18882],[-113.68188,61.21387],[-113.70439,61.2457],[-113.69863,61.27607],[-113.67661,61.30122],[-113.60181,61.33511],[-113.51509,61.37764],[-113.39844,61.41641],[-113.35874,61.44492],[-113.14824,61.46626],[-113.09072,61.48403],[-113.00737,61.44897],[-112.99033,61.42612],[-113.00137,61.40483],[-112.96943,61.39043],[-112.89297,61.41021],[-112.67593,61.46313],[-112.32886,61.57666],[-112.20796,61.62441],[-112.20439,61.64531],[-112.08965,61.73628],[-111.84321,61.85742],[-111.62031,61.95005],[-111.50205,62.04907],[-111.50942,62.06499],[-111.63774,62.05947],[-111.63418,62.07104],[-111.59072,62.09814],[-111.58696,62.12939],[-111.38823,62.19238],[-111.30732,62.23311],[-111.30205,62.25767],[-111.29443,62.28105],[-111.23608,62.30171],[-111.10029,62.35723],[-111.06045,62.38052],[-110.95029,62.40254],[-110.75,62.38706],[-110.70483,62.39546],[-110.68379,62.41997],[-110.64678,62.48223],[-110.6834,62.51553],[-110.77959,62.53765],[-110.76357,62.54561],[-110.55361,62.53765],[-110.45547,62.54238],[-110.32959,62.56934],[-110.26323,62.57114],[-110.18657,62.55381],[-110.10083,62.55718],[-109.9583,62.57607],[-109.83633,62.60688],[-109.73481,62.64951],[-109.76787,62.66763],[-109.86367,62.67329],[-110.41055,62.68511],[-110.51372,62.66963],[-110.53589,62.65957],[-110.83623,62.66563],[-111.27231,62.61665],[-111.29443,62.63408],[-111.26899,62.66118],[-110.96738,62.72686],[-110.75625,62.76323],[-110.70132,62.80957],[-110.66172,62.82856],[-110.60337,62.83193],[-110.49849,62.81938],[-110.4688,62.82847],[-110.28408,62.82676],[-109.94424,62.81426],[-109.74668,62.79775],[-109.69126,62.77729],[-109.3959,62.73906],[-109.30073,62.71709],[-109.26294,62.65723],[-109.29243,62.60254],[-109.25186,62.59707],[-109.00649,62.68989],[-108.98706,62.71245],[-108.99287,62.73931],[-108.95234,62.7522],[-108.92778,62.76841],[-108.91909,62.78794],[-109.02207,62.80669]],[[-111.74531,62.08149],[-111.78662,62.0021],[-111.92725,61.91606],[-112.13735,61.83667],[-112.24819,61.75562],[-112.33091,61.64971],[-112.45498,61.60508],[-112.59556,61.58359],[-112.68984,61.60508],[-112.72959,61.64971],[-112.74116,61.7209],[-112.75439,61.76387],[-112.91978,61.76221],[-113.01079,61.80854],[-112.97109,61.83169],[-112.87515,61.83999],[-112.69648,61.86812],[-112.52446,61.87471],[-112.3061,61.91606],[-112.07119,61.97397],[-111.98516,62.03022],[-111.82803,62.11294],[-111.70557,62.13115],[-111.66753,62.1228],[-111.74531,62.08149]]]},"properties":{"name":"Great Slave Lake"}},
{"type":"Feature","geometry":{"type":"Polygon","coordinates":[[[-75.78657,44.48433],[-75.80513,44.49468],[-75.8314,44.48999],[-75.9416,44.41079],[-76.05723,44.3666],[-76.34072,44.29473],[-76.40781,44.26245],[-76.49048,44.2437],[-76.58887,44.23848],[-76.6877,44.21797],[-76.78701,44.18223],[-76.9915,44.07412],[-77.04131,44.07109],[-77.06226,44.09116],[-77.05527,44.1064],[-77.02095,44.13311],[-76.89604,44.18755],[-76.91309,44.19775],[-76.95107,44.18623],[-77.01001,44.15288],[-77.03311,44.15645],[-77.02046,44.19692],[-77.05869,44.20508],[-77.14775,44.18081],[-77.20332,44.17539],[-77.22534,44.18877],[-77.25078,44.18882],[-77.27964,44.17559],[-77.32568,44.17808],[-77.3981,44.16064],[-77.54722,44.12373],[-77.58437,44.09434],[-77.58574,44.08433],[-77.44585,44.13076],[-77.38071,44.1458],[-77.33271,44.15293],[-77.31396,44.14268],[-77.33135,44.11904],[-77.33164,44.1042],[-77.296,44.09795],[-77.27485,44.1042],[-77.27295,44.11069],[-77.29033,44.11753],[-77.28984,44.12686],[-77.27148,44.13867],[-77.11528,44.17295],[-77.0832,44.1481],[-77.11699,44.07949],[-77.10273,44.04634],[-77.04023,44.04863],[-76.96934,44.06631],[-76.88994,44.09932],[-76.86299,44.0999],[-76.88843,44.06802],[-76.93018,44.03838],[-77.02402,43.98721],[-77.0438,43.9519],[-77.04233,43.94277],[-77.01309,43.95654],[-76.91001,43.96494],[-76.87031,43.96494],[-76.8791,43.94292],[-76.93423,43.92969],[-77.05449,43.88301],[-77.15117,43.86646],[-77.20796,43.87598],[-77.21924,43.89966],[-77.18516,43.9375],[-77.19004,43.94761],[-77.26719,43.92163],[-77.2894,43.92275],[-77.31479,43.94653],[-77.3106,43.9521],[-77.27559,43.95166],[-77.25898,43.96396],[-77.32451,43.97158],[-77.42065,43.954],[-77.50288,43.96255],[-77.554,43.99033],[-77.56763,44.00767],[-77.54375,44.01445],[-77.54902,44.02476],[-77.58345,44.03838],[-77.68179,44.04482],[-77.70869,44.0333],[-77.72646,44.00928],[-77.82905,44.01069],[-77.88076,43.99395],[-77.99985,43.97891],[-78.18633,43.96553],[-78.33496,43.94443],[-78.4459,43.91563],[-78.52783,43.90483],[-78.58091,43.91196],[-78.66934,43.90244],[-78.79307,43.87627],[-78.98867,43.85547],[-79.06064,43.83516],[-79.16533,43.77988],[-79.30278,43.6897],[-79.39634,43.64541],[-79.446,43.64712],[-79.48013,43.63599],[-79.49883,43.61196],[-79.56904,43.57827],[-79.59629,43.55181],[-79.61011,43.51328],[-79.65645,43.45283],[-79.77417,43.31982],[-79.77305,43.30112],[-79.72783,43.25283],[-79.63843,43.23491],[-79.52788,43.20952],[-79.40146,43.20869],[-79.33755,43.19771],[-79.29136,43.20747],[-79.21338,43.24229],[-79.05317,43.28511],[-78.68945,43.36147],[-78.45747,43.38755],[-78.17495,43.39468],[-77.83823,43.35708],[-77.70737,43.32285],[-77.62461,43.2791],[-77.52905,43.26738],[-77.4208,43.28774],[-77.2708,43.29453],[-77.079,43.2877],[-76.97642,43.27739],[-76.96309,43.26377],[-76.9498,43.26792],[-76.93667,43.28975],[-76.8853,43.31401],[-76.74141,43.35005],[-76.72231,43.34263],[-76.69287,43.36094],[-76.65308,43.40503],[-76.57969,43.45381],[-76.47271,43.50728],[-76.37603,43.53506],[-76.2896,43.5373],[-76.23179,43.55044],[-76.20259,43.57451],[-76.1936,43.5958],[-76.20483,43.61426],[-76.19985,43.63472],[-76.19502,43.64482],[-76.19932,43.65308],[-76.20972,43.67031],[-76.21812,43.75781],[-76.23486,43.79878],[-76.2582,43.8291],[-76.28818,43.84873],[-76.28462,43.86924],[-76.23252,43.89453],[-76.23643,43.87095],[-76.22275,43.86382],[-76.19834,43.87446],[-76.14268,43.92686],[-76.13647,43.94663],[-76.09868,43.96699],[-76.07065,43.99849],[-76.1019,44.00317],[-76.17544,43.9938],[-76.19229,44.00337],[-76.15415,44.04541],[-76.16123,44.06934],[-76.17329,44.07944],[-76.19761,44.0835],[-76.28062,44.04648],[-76.30605,44.04321],[-76.30967,44.06274],[-76.35244,44.10605],[-76.23779,44.1832],[-75.83218,44.39727],[-75.79092,44.42988],[-75.77568,44.45889],[-75.78657,44.48433]],[[-76.68755,44.1375],[-76.73105,44.12671],[-76.78672,44.13042],[-76.80947,44.13989],[-76.79937,44.15513],[-76.76069,44.17217],[-76.64263,44.19927],[-76.63955,44.1814],[-76.68755,44.1375]],[[-76.27515,44.00859],[-76.25981,44.02241],[-76.23057,44.02852],[-76.2313,44.01777],[-76.26201,43.99014],[-76.27666,43.98706],[-76.27515,44.00859]],[[-76.23696,44.23262],[-76.32959,44.20781],[-76.35273,44.17554],[-76.36489,44.15635],[-76.42271,44.12153],[-76.46934,44.12451],[-76.48452,44.12778],[-76.47432,44.14146],[-76.47671,44.15283],[-76.4918,44.16196],[-76.48335,44.17852],[-76.45146,44.20229],[-76.43047,44.22681],[-76.32876,44.23921],[-76.27915,44.24663],[-76.22705,44.2541],[-76.23696,44.23262]],[[-76.08057,44.29473],[-76.11123,44.27729],[-76.14272,44.26924],[-76.15029,44.28105],[-76.14521,44.29209],[-76.11914,44.30586],[-76.07544,44.30576],[-76.08057,44.29473]]]},"properties":{"name":"Lake Ontario"}},
{"type":"Feature","geometry":{"type":"Polygon","coordinates":[[[-117.84248,66.42368],[-117.86206,66.43823],[-117.86445,66.46079],[-117.84121,66.48701],[-117.73379,66.55103],[-117.69097,66.5958],[-117.69873,66.62134],[-117.6832,66.64185],[-117.69648,66.65845],[-117.72617,66.65947],[-117.83774,66.63887],[-118.0041,66.60132],[-118.1917,66.51538],[-118.24687,66.4603],[-118.33726,66.39858],[-118.60483,66.3478],[-118.75576,66.3313],[-119.10479,66.32617],[-119.48945,66.33809],[-119.52119,66.31641],[-119.59248,66.30737],[-119.72236,66.31138],[-119.76753,66.32739],[-119.96196,66.35552],[-120.01646,66.38013],[-120.23032,66.3915],[-120.44536,66.39512],[-120.47788,66.42183],[-120.41108,66.45586],[-120.3251,66.47017],[-120.31372,66.49287],[-120.34004,66.527],[-120.33027,66.5373],[-120.20889,66.56792],[-120.12954,66.60044],[-120.09487,66.63398],[-120.08447,66.6541],[-119.99272,66.66187],[-119.76206,66.69648],[-119.56787,66.74575],[-119.25244,66.82905],[-119.09697,66.90913],[-119.21128,66.93315],[-119.44331,66.96597],[-119.67061,66.99224],[-119.75527,66.99038],[-119.78506,67.0043],[-119.87754,67.02944],[-120.10269,67.00103],[-120.22344,66.97778],[-120.59258,66.92969],[-120.69214,66.90688],[-121.2334,66.83247],[-121.45479,66.73979],[-121.52832,66.71914],[-121.60625,66.70884],[-121.98042,66.63618],[-122.34429,66.5835],[-122.41143,66.59863],[-122.52261,66.59941],[-122.52876,66.56006],[-122.84438,66.53291],[-122.98706,66.49453],[-123.08818,66.47339],[-123.14336,66.48281],[-123.14639,66.51143],[-123.17681,66.51694],[-123.55957,66.42749],[-124.40444,66.30903],[-124.5252,66.27617],[-124.59004,66.27388],[-124.80625,66.27954],[-125.06284,66.24775],[-125.09048,66.15728],[-125.02036,66.05718],[-124.96294,66.01016],[-124.898,65.96616],[-124.81675,65.94126],[-124.78516,65.99512],[-124.73213,66.03979],[-124.67646,66.02505],[-124.64238,66.00669],[-124.59014,66.01567],[-124.57378,66.05566],[-124.59019,66.10962],[-124.49937,66.15308],[-124.26084,66.15732],[-124.05073,66.13022],[-123.76953,66.12549],[-123.56865,66.13921],[-123.39619,66.13535],[-123.1978,66.10366],[-123.1541,66.06406],[-123.11611,66.05371],[-123.09814,66.0728],[-123.09194,66.10015],[-123.03989,66.12603],[-122.99263,66.17295],[-123.01982,66.22075],[-123.01567,66.25522],[-122.74453,66.25098],[-122.43618,66.25127],[-122.11035,66.23428],[-121.69526,66.17822],[-121.53267,66.12231],[-121.27822,66.09204],[-121.24917,66.0542],[-121.29341,66.00137],[-121.47495,65.95693],[-121.77197,65.94814],[-122.06729,65.97656],[-122.38745,66.00703],[-122.54883,65.98618],[-122.53076,65.94365],[-122.16357,65.81748],[-122.20581,65.75259],[-122.37412,65.65659],[-122.58872,65.58813],[-122.78569,65.5314],[-122.8873,65.48701],[-122.76924,65.40854],[-122.76655,65.34248],[-122.85259,65.27813],[-123.18804,65.21631],[-123.34438,65.2],[-123.44395,65.18457],[-123.47197,65.15176],[-123.4459,65.11606],[-123.37085,65.11401],[-122.89126,65.06821],[-122.55767,65.02319],[-122.03994,64.96133],[-121.92856,64.99575],[-121.76997,65.03735],[-121.72705,65.06055],[-121.66309,65.07354],[-121.61519,65.09321],[-121.61553,65.12808],[-121.61172,65.17549],[-121.60566,65.22871],[-121.56904,65.29736],[-121.54595,65.34233],[-121.54795,65.36382],[-121.36753,65.43472],[-121.18179,65.49585],[-120.97783,65.55283],[-120.66348,65.60518],[-120.46558,65.58481],[-120.38335,65.55718],[-120.36772,65.50884],[-120.40581,65.41138],[-120.55044,65.28936],[-120.99111,65.08208],[-121.00283,65.03828],[-121.08892,65.004],[-121.21377,64.99282],[-121.31953,64.97397],[-121.39741,64.9686],[-121.48003,64.93345],[-121.47148,64.87949],[-121.3668,64.83359],[-121.23013,64.82651],[-121.13252,64.86143],[-121.07266,64.89956],[-120.95225,64.9354],[-120.86143,64.95591],[-120.46606,65.07266],[-120.15913,65.17568],[-120.09512,65.20322],[-119.99038,65.26709],[-119.88501,65.32485],[-119.71655,65.34233],[-119.55645,65.34429],[-119.50859,65.36758],[-119.54053,65.40786],[-119.7624,65.49292],[-119.98784,65.58618],[-119.97383,65.61724],[-119.8916,65.64131],[-119.69795,65.71362],[-119.70479,65.75151],[-119.61914,65.78232],[-119.5043,65.79258],[-119.27622,65.796],[-118.94365,65.78403],[-118.83442,65.75488],[-118.71465,65.69375],[-118.56895,65.64395],[-118.45337,65.68335],[-118.38652,65.67983],[-118.37866,65.66372],[-118.26436,65.66953],[-118.14785,65.68203],[-118.03359,65.69321],[-117.94331,65.72266],[-117.90269,65.76353],[-117.90093,65.80005],[-117.84629,65.84019],[-117.87432,65.84702],[-118.06387,65.83096],[-118.15698,65.8314],[-118.20918,65.85635],[-118.19907,65.90522],[-118.13359,65.96216],[-118.11602,66.01084],[-118.07256,66.03594],[-117.92402,66.0436],[-117.90718,66.0665],[-117.97095,66.08374],[-117.98662,66.10537],[-117.9231,66.13853],[-117.87207,66.14971],[-117.81255,66.18687],[-117.78125,66.20713],[-117.72783,66.22603],[-117.67993,66.25322],[-117.67324,66.30005],[-117.67441,66.33608],[-117.63203,66.36553],[-117.61274,66.38457],[-117.5501,66.42422],[-117.5144,66.46025],[-117.54209,66.48281],[-117.67559,66.45645],[-117.84248,66.42368]]]},"properties":{"name":"Great Bear Lake"}},
{"type":"Feature","geometry":{"type":"Polygon","coordinates":[[[-83.07646,42.27549],[-83.04668,42.29702],[-83.01362,42.31187],[-82.97061,42.32676],[-82.86733,42.33525],[-82.5895,42.31455],[-82.51572,42.32178],[-82.46187,42.33911],[-82.42798,42.3667],[-82.41353,42.41108],[-82.41846,42.47227],[-82.43213,42.4978],[-82.45303,42.49546],[-82.4811,42.49985],[-82.61304,42.52461],[-82.63394,42.54238],[-82.64512,42.55806],[-82.63911,42.57437],[-82.62998,42.59453],[-82.63281,42.66104],[-82.6499,42.68657],[-82.68677,42.69692],[-82.73262,42.68955],[-82.78735,42.66455],[-82.80444,42.63892],[-82.78379,42.61274],[-82.796,42.58911],[-82.84097,42.56812],[-82.87012,42.51899],[-82.8834,42.44185],[-82.902,42.39399],[-82.92598,42.37549],[-83.0165,42.34712],[-83.06338,42.32266],[-83.10483,42.28643],[-83.07646,42.27549]]]},"properties":{"name":"Lake Saint Clair"}},
{"type":"Feature","geometry":{"type":"Polygon","coordinates":[[[14.03838,59.08267],[14.00498,59.06816],[13.97344,59.06577],[13.94541,59.06743],[13.93057,59.08979],[13.94629,59.11294],[13.99375,59.15723],[14.02734,59.2043],[14.04746,59.24121],[14.0543,59.26777],[14.05566,59.28999],[14.05176,59.30483],[14.04551,59.31362],[14.02803,59.32007],[13.99707,59.32905],[13.96172,59.33398],[13.9333,59.33047],[13.9043,59.32773],[13.86738,59.33457],[13.83008,59.34092],[13.80029,59.33706],[13.76602,59.33091],[13.75195,59.33115],[13.74395,59.34146],[13.73848,59.35947],[13.71973,59.37803],[13.67969,59.38975],[13.62832,59.38994],[13.54834,59.3813],[13.46113,59.36997],[13.37822,59.36406],[13.31572,59.36123],[13.27754,59.35732],[13.26113,59.35176],[13.25117,59.34497],[13.24893,59.33574],[13.25098,59.32451],[13.25166,59.31504],[13.2457,59.3103],[13.21787,59.31055],[13.19141,59.32461],[13.17314,59.34751],[13.15488,59.35293],[13.14268,59.34229],[13.13008,59.31904],[13.11816,59.29551],[13.10811,59.28384],[13.10303,59.27397],[13.10332,59.25459],[13.12314,59.19751],[13.17734,59.09692],[13.22109,58.99268],[13.24355,58.93047],[13.23574,58.90508],[13.19512,58.89858],[13.15977,58.90508],[13.12207,58.92085],[13.08809,58.94663],[13.06172,58.97734],[13.04063,59.01426],[12.94531,59.04766],[12.86855,59.07266],[12.81836,59.08198],[12.78408,59.07622],[12.7459,59.06484],[12.7084,59.03555],[12.67578,58.98667],[12.64688,58.93149],[12.61836,58.88691],[12.59971,58.84561],[12.57578,58.82573],[12.55713,58.81895],[12.53525,58.83208],[12.52637,58.84561],[12.51992,58.86738],[12.51025,58.90122],[12.49727,58.92002],[12.48193,58.93062],[12.46855,58.93486],[12.46396,58.9207],[12.47178,58.8769],[12.47383,58.8397],[12.45898,58.81743],[12.43213,58.8125],[12.42549,58.80146],[12.44756,58.78276],[12.47129,58.78276],[12.49971,58.76445],[12.50088,58.72754],[12.50371,58.69458],[12.5252,58.66123],[12.56279,58.6502],[12.61133,58.64131],[12.60693,58.61709],[12.4877,58.51323],[12.3293,58.43394],[12.31328,58.39531],[12.33467,58.37378],[12.375,58.38286],[12.50703,58.39692],[12.5543,58.42983],[12.57109,58.43218],[12.57266,58.41919],[12.5543,58.39438],[12.55059,58.37886],[12.56191,58.37319],[12.57959,58.37212],[12.60195,58.37598],[12.62432,58.38232],[12.64971,58.39687],[12.6792,58.42051],[12.72754,58.4521],[12.79834,58.48569],[12.86865,58.50381],[12.91279,58.54575],[12.95215,58.57163],[13.04063,58.6043],[13.11514,58.60825],[13.14824,58.59717],[13.14893,58.57339],[13.14941,58.55854],[13.13652,58.54131],[13.14756,58.52144],[13.17217,58.51187],[13.19463,58.51099],[13.24023,58.51484],[13.30029,58.56143],[13.35811,58.61709],[13.43662,58.64199],[13.51729,58.66328],[13.63105,58.68413],[13.7373,58.70386],[13.79951,58.72241],[13.82988,58.74434],[13.85928,58.77217],[13.89014,58.80049],[13.92412,58.82339],[13.9541,58.84365],[13.9752,58.86543],[13.98721,58.89814],[13.99521,58.94482],[13.99258,58.98643],[14.01211,59.00366],[14.03867,59.00439],[14.0499,59.01221],[14.05625,59.01689],[14.07168,59.02827],[14.08301,59.06426],[14.09082,59.07939],[14.08945,59.09155],[14.08301,59.0999],[14.06582,59.09722],[14.03838,59.08267]]]},"properties":{"name":"Vänern"}},
{"type":"Feature","geometry":{"type":"Polygon","coordinates":[[[-80.62876,26.88706],[-80.62144,26.94927],[-80.63911,27.00845],[-80.65444,27.05371],[-80.6707,27.08657],[-80.6895,27.11006],[-80.71074,27.13281],[-80.75859,27.18218],[-80.80327,27.18218],[-80.87026,27.14707],[-80.94165,27.07681],[-80.99697,27.03345],[-81.05532,26.99077],[-81.08081,26.95566],[-81.07124,26.91738],[-81.02656,26.87588],[-80.97925,26.85552],[-80.93174,26.81016],[-80.89561,26.7522],[-80.8585,26.72285],[-80.82676,26.70698],[-80.78408,26.69087],[-80.74263,26.69727],[-80.71074,26.74189],[-80.66797,26.82563],[-80.62876,26.88706]]]},"properties":{"name":"Lake Okeechobee"}},
{"type":"Feature","geometry":{"type":"Polygon","coordinates":[[[-84.81431,11.2604],[-84.85693,11.32925],[-84.91616,11.41387],[-85.00879,11.52651],[-85.13203,11.66309],[-85.25933,11.78291],[-85.36182,11.85537],[-85.44141,11.90176],[-85.51338,11.95869],[-85.58848,12.01626],[-85.67583,12.06411],[-85.75127,12.0937],[-85.79766,12.10703],[-85.83506,12.10889],[-85.87139,12.09775],[-85.89443,12.03501],[-85.91201,12.00293],[-85.91426,11.95288],[-85.9082,11.87368],[-85.90117,11.79473],[-85.90117,11.74512],[-85.90259,11.72065],[-85.89897,11.70244],[-85.88965,11.69106],[-85.8772,11.68296],[-85.86445,11.66396],[-85.85435,11.62627],[-85.83437,11.56309],[-85.79756,11.48257],[-85.75444,11.40605],[-85.71904,11.35264],[-85.68364,11.31699],[-85.64043,11.2833],[-85.58413,11.25005],[-85.51724,11.21553],[-85.41113,11.17388],[-85.2603,11.12344],[-85.11006,11.08062],[-85.00537,11.05723],[-84.94014,11.05151],[-84.89663,11.03535],[-84.84189,11.04907],[-84.80312,11.06504],[-84.76914,11.11768],[-84.78052,11.15688],[-84.79165,11.2062],[-84.81431,11.2604]]]},"properties":{"name":"Lago de Nicaragua"}},
{"type":"Feature","geometry":{"type":"Polygon","coordinates":[[[37.28555,11.79448],[37.28926,11.77134],[37.30879,11.74116],[37.32178,11.70908],[37.30059,11.66846],[37.32012,11.64766],[37.32686,11.63589],[37.34219,11.63193],[37.36123,11.63457],[37.38721,11.63228],[37.43994,11.75342],[37.4959,11.83481],[37.50098,11.87563],[37.51289,11.90991],[37.5502,11.94194],[37.55996,11.9856],[37.57656,12.01787],[37.5835,12.04907],[37.58477,12.08374],[37.5918,12.11709],[37.56592,12.16445],[37.55518,12.223],[37.52891,12.25898],[37.49609,12.28555],[37.46025,12.30327],[37.41328,12.29072],[37.37676,12.28804],[37.33271,12.27236],[37.26914,12.22422],[37.21914,12.22959],[37.19473,12.23057],[37.16445,12.25952],[37.12607,12.27012],[37.0959,12.26567],[37.07178,12.24321],[37.04814,12.21025],[37.02783,12.1645],[37.0165,12.08672],[37.00801,12.02876],[37.00605,11.97173],[37.00195,11.90664],[37.02393,11.87988],[37.04023,11.85186],[37.0582,11.83408],[37.07813,11.82949],[37.0959,11.84028],[37.11299,11.85508],[37.14551,11.8335],[37.16924,11.8166],[37.21113,11.82222],[37.25273,11.81968],[37.28555,11.79448]]]},"properties":{"name":"Lake Tana"}},
{"type":"Feature","geometry":{"type":"Polygon","coordinates":[[[-69.36631,-16.22295],[-69.32407,-16.24307],[-69.26865,-16.25088],[-69.22163,-16.2541],[-69.17754,-16.2498],[-69.13564,-16.23213],[-69.12065,-16.17813],[-69.10703,-16.13242],[-69.10259,-16.08662],[-69.07744,-16.08135],[-69.01475,-16.11084],[-68.94678,-16.17588],[-68.89092,-16.20566],[-68.88521,-16.24072],[-68.90532,-16.24141],[-68.94604,-16.22334],[-69.00513,-16.25195],[-69.0437,-16.28105],[-69.04307,-16.31816],[-69.03867,-16.36445],[-69.05186,-16.41738],[-69.09819,-16.4835],[-69.07612,-16.521],[-69.04941,-16.52549],[-69.0064,-16.55059],[-68.94224,-16.58232],[-68.90415,-16.58936],[-68.87104,-16.58936],[-68.8625,-16.56865],[-68.85625,-16.54746],[-68.85786,-16.52402],[-68.86816,-16.5001],[-68.89727,-16.46455],[-68.92842,-16.44824],[-68.90635,-16.42393],[-68.86006,-16.41514],[-68.7875,-16.40693],[-68.73906,-16.38281],[-68.71245,-16.35879],[-68.70537,-16.33926],[-68.69331,-16.32627],[-68.65469,-16.31826],[-68.61152,-16.31152],[-68.58833,-16.30176],[-68.58613,-16.28809],[-68.59351,-16.27188],[-68.59326,-16.23877],[-68.63516,-16.22109],[-68.69404,-16.21924],[-68.7644,-16.20234],[-68.8292,-16.19023],[-68.87095,-16.13604],[-68.88872,-16.08438],[-68.85317,-16.04902],[-68.82642,-16.01719],[-68.80933,-15.99404],[-68.79609,-15.97197],[-68.83135,-15.94766],[-68.90381,-15.94346],[-68.99453,-15.92568],[-69.0144,-15.91016],[-69.0144,-15.84844],[-69.03867,-15.79561],[-69.10264,-15.76475],[-69.14668,-15.72451],[-69.17012,-15.69697],[-69.1895,-15.67852],[-69.22373,-15.66016],[-69.26953,-15.62754],[-69.29883,-15.62139],[-69.36055,-15.51113],[-69.40537,-15.49102],[-69.44873,-15.47363],[-69.54136,-15.37227],[-69.6251,-15.34355],[-69.68687,-15.26416],[-69.7418,-15.26914],[-69.76094,-15.28691],[-69.79873,-15.29893],[-69.83296,-15.30977],[-69.8437,-15.32432],[-69.85474,-15.34385],[-69.91396,-15.37441],[-69.93823,-15.39873],[-69.92939,-15.42734],[-69.86948,-15.53301],[-69.81841,-15.63848],[-69.79775,-15.69346],[-69.81807,-15.6916],[-69.86621,-15.65986],[-69.92065,-15.63389],[-69.95635,-15.64619],[-69.97896,-15.67998],[-70.00186,-15.70586],[-70.01694,-15.7335],[-70.02061,-15.77148],[-70.01602,-15.80684],[-70.01099,-15.82812],[-69.99419,-15.84209],[-69.96113,-15.85986],[-69.92334,-15.87998],[-69.89521,-15.89951],[-69.87563,-15.91357],[-69.85864,-15.92041],[-69.84536,-15.92002],[-69.83481,-15.91641],[-69.83345,-15.90459],[-69.84219,-15.88438],[-69.85225,-15.86074],[-69.85386,-15.84072],[-69.84629,-15.82725],[-69.83408,-15.81934],[-69.81245,-15.82822],[-69.78208,-15.85498],[-69.74795,-15.88652],[-69.71729,-15.90654],[-69.69126,-15.92207],[-69.66826,-15.94268],[-69.62734,-15.9667],[-69.55811,-15.99092],[-69.48867,-16.0123],[-69.44722,-16.02949],[-69.43882,-16.05947],[-69.44932,-16.11172],[-69.48701,-16.16143],[-69.48311,-16.18193],[-69.43618,-16.18691],[-69.40044,-16.20039],[-69.36631,-16.22295]]]},"properties":{"name":"Lago Titicaca"}},
{"type":"Feature","geometry":{"type":"Polygon","coordinates":[[[-99.34888,53.19893],[-99.37534,53.22319],[-99.40479,53.25669],[-99.40693,53.28525],[-99.41079,53.31123],[-99.42075,53.32871],[-99.4375,53.33687],[-99.49082,53.33257],[-99.58901,53.32007],[-99.69268,53.29868],[-99.75913,53.27285],[-99.79922,53.25273],[-99.83916,53.24497],[-99.87158,53.24829],[-99.89355,53.25479],[-99.90566,53.26807],[-99.91436,53.2877],[-99.92461,53.31069],[-99.94048,53.33203],[-99.9479,53.35474],[-99.93774,53.38101],[-99.92896,53.40732],[-99.9396,53.43018],[-99.9605,53.45649],[-99.97642,53.49106],[-100.0187,53.53276],[-100.10337,53.57627],[-100.18481,53.61113],[-100.21943,53.63188],[-100.21455,53.64575],[-100.20063,53.66411],[-100.17017,53.67944],[-100.12539,53.68608],[-100.07563,53.69438],[-100.03311,53.71382],[-99.99463,53.73486],[-99.95464,53.74707],[-99.92617,53.7605],[-99.91548,53.78457],[-99.91416,53.81001],[-99.90845,53.82671],[-99.88281,53.83105],[-99.8335,53.82681],[-99.77559,53.83506],[-99.7292,53.86963],[-99.68975,53.91768],[-99.64868,53.95845],[-99.61748,53.98853],[-99.6019,54.01074],[-99.60435,54.02725],[-99.61675,54.04336],[-99.66011,54.03403],[-99.73726,53.98901],[-99.84521,53.92676],[-99.96299,53.87573],[-100.06011,53.84663],[-100.11846,53.83735],[-100.14062,53.84619],[-100.15068,53.86074],[-100.14014,53.88311],[-100.1127,53.91064],[-100.09419,53.94141],[-100.10518,53.97148],[-100.13975,53.99321],[-100.17788,54.00381],[-100.20898,54.00806],[-100.22646,54.01455],[-100.17983,54.04209],[-100.05625,54.09736],[-99.92769,54.15425],[-99.86914,54.18574],[-99.88223,54.19199],[-99.92666,54.18799],[-99.99434,54.19233],[-100.06357,54.21875],[-100.12187,54.24595],[-100.16309,54.25239],[-100.19072,54.24014],[-100.21606,54.22222],[-100.24395,54.21055],[-100.27759,54.21338],[-100.31001,54.22139],[-100.33486,54.22236],[-100.3499,54.21475],[-100.3585,54.202],[-100.35127,54.17715],[-100.32798,54.14038],[-100.30601,54.09829],[-100.30181,54.06079],[-100.30566,54.03101],[-100.30303,54.00757],[-100.29995,53.9897],[-100.30273,53.97329],[-100.33101,53.95815],[-100.38711,53.9543],[-100.48335,53.94961],[-100.50625,53.91685],[-100.49771,53.90503],[-100.47393,53.89561],[-100.39316,53.89175],[-100.34722,53.898],[-100.32998,53.8645],[-100.41328,53.82227],[-100.43169,53.79004],[-100.38311,53.75801],[-100.35244,53.71211],[-100.32363,53.66895],[-100.31323,53.64038],[-100.32251,53.59253],[-100.38955,53.58262],[-100.50977,53.57651],[-100.59136,53.57173],[-100.63359,53.5686],[-100.63154,53.55439],[-100.6062,53.53486],[-100.59238,53.51885],[-100.59326,53.50708],[-100.60356,53.4978],[-100.64082,53.49541],[-100.70679,53.50005],[-100.77891,53.50405],[-100.85464,53.50122],[-100.88105,53.48833],[-100.89121,53.47065],[-100.87637,53.44893],[-100.84238,53.42627],[-100.78525,53.40864],[-100.77139,53.40181],[-100.70869,53.37451],[-100.64609,53.34722],[-100.54248,53.30747],[-100.46953,53.28857],[-100.41221,53.26992],[-100.34619,53.23081],[-100.27358,53.18545],[-100.20039,53.15181],[-100.12539,53.13101],[-100.04834,53.1168],[-99.97173,53.09771],[-99.87554,53.10239],[-99.79756,53.13701],[-99.73027,53.14033],[-99.68496,53.14048],[-99.65684,53.14453],[-99.64668,53.15488],[-99.64478,53.17012],[-99.64448,53.18315],[-99.63818,53.18813],[-99.62402,53.18037],[-99.60464,53.16279],[-99.5875,53.14111],[-99.57861,53.12349],[-99.56943,53.11201],[-99.55156,53.10503],[-99.53823,53.09692],[-99.54004,53.08271],[-99.53882,53.06738],[-99.51826,53.05659],[-99.48662,53.05229],[-99.45869,53.05273],[-99.43579,53.05776],[-99.41616,53.06465],[-99.40288,53.07393],[-99.39512,53.08472],[-99.3958,53.10024],[-99.38857,53.13057],[-99.3687,53.15039],[-99.33027,53.15942],[-99.34888,53.19893]]]},"properties":{"name":"Cedar Lake"}},
{"type":"Feature","geometry":{"type":"Polygon","coordinates":[[[36.41895,61.39238],[36.40557,61.41074],[36.37148,61.43232],[36.31201,61.45947],[36.24727,61.49326],[36.2002,61.5312],[36.15908,61.57148],[36.10869,61.61108],[36.06064,61.65439],[36.02559,61.70361],[35.98545,61.75586],[35.92559,61.8064],[35.8707,61.85483],[35.84297,61.9019],[35.81836,61.95107],[35.74951,61.99907],[35.68936,62.04023],[35.67441,62.07939],[35.73018,62.13916],[35.76426,62.20518],[35.80039,62.28145],[35.82266,62.3522],[35.82188,62.41177],[35.80293,62.46113],[35.77119,62.4959],[35.73984,62.52021],[35.69805,62.5376],[35.64121,62.55557],[35.58457,62.57603],[35.54355,62.59937],[35.51943,62.61729],[35.50371,62.62471],[35.49502,62.61919],[35.4876,62.60591],[35.46387,62.6042],[35.41572,62.62671],[35.32598,62.66616],[35.20195,62.70527],[35.08301,62.74116],[35.00576,62.773],[34.95811,62.79741],[34.91045,62.81543],[34.85488,62.82563],[34.78789,62.8311],[34.70332,62.84424],[34.60537,62.87275],[34.53252,62.91572],[34.48945,62.90361],[34.47959,62.87383],[34.53555,62.81846],[34.58311,62.75566],[34.62109,62.71235],[34.6582,62.67993],[34.70371,62.64341],[34.73926,62.62129],[34.77607,62.62231],[34.83857,62.59116],[34.86797,62.61055],[34.94336,62.64282],[34.96699,62.63896],[35.02373,62.61333],[35.09297,62.58047],[35.14717,62.55918],[35.20137,62.54966],[35.2709,62.54541],[35.35176,62.52266],[35.43311,62.4686],[35.49834,62.40356],[35.54023,62.35425],[35.55859,62.31875],[35.56719,62.28711],[35.56387,62.26016],[35.55352,62.23594],[35.51826,62.2105],[35.45498,62.18071],[35.38721,62.15781],[35.34131,62.14902],[35.28398,62.16157],[35.18838,62.19023],[35.0959,62.21807],[35.0459,62.22876],[35.05176,62.21157],[35.09375,62.17222],[35.14355,62.12725],[35.16777,62.09668],[35.16504,62.08066],[35.14961,62.071],[35.11455,62.05361],[35.0749,62.05361],[35.02861,62.07793],[34.97568,62.11763],[34.92803,62.15967],[34.89248,62.18706],[34.8708,62.21938],[34.85928,62.2604],[34.85195,62.29443],[34.84053,62.31006],[34.81055,62.33232],[34.7585,62.38257],[34.6959,62.44268],[34.64063,62.48906],[34.59531,62.51909],[34.55664,62.53989],[34.53203,62.54629],[34.52021,62.54165],[34.52695,62.52358],[34.54697,62.49775],[34.59219,62.45796],[34.65957,62.4063],[34.69561,62.36455],[34.68154,62.33882],[34.6332,62.34834],[34.60898,62.33882],[34.61484,62.30435],[34.65811,62.24521],[34.64697,62.21265],[34.63242,62.18193],[34.64404,62.13613],[34.65322,62.10854],[34.63564,62.09502],[34.59141,62.09648],[34.51416,62.11958],[34.41699,62.1582],[34.34287,62.19893],[34.32119,62.227],[34.32949,62.2457],[34.32754,62.26396],[34.2916,62.29727],[34.21768,62.35229],[34.13691,62.41401],[34.08418,62.46348],[34.05391,62.49453],[34.02715,62.51182],[34.00293,62.51606],[33.97871,62.51587],[33.95859,62.50996],[33.94404,62.50049],[33.94063,62.48159],[33.94727,62.45298],[33.96182,62.4251],[33.97754,62.40801],[34.00332,62.40078],[34.04238,62.39653],[34.09834,62.37886],[34.16494,62.33916],[34.22256,62.2937],[34.25654,62.2623],[34.26543,62.23823],[34.26211,62.2105],[34.25518,62.18569],[34.25518,62.16855],[34.29404,62.1415],[34.38096,62.09263],[34.47676,62.03853],[34.5373,61.99897],[34.56631,61.9689],[34.58594,61.93784],[34.59375,61.90601],[34.59434,61.87402],[34.58291,61.84604],[34.5624,61.82383],[34.53125,61.81157],[34.49443,61.80762],[34.44531,61.81875],[34.38467,61.84302],[34.33564,61.8644],[34.31455,61.8687],[34.32266,61.85449],[34.34453,61.8312],[34.38799,61.79614],[34.44824,61.75332],[34.53145,61.70435],[34.62998,61.65439],[34.77246,61.60088],[34.96162,61.54341],[35.15391,61.48516],[35.30391,61.42959],[35.39844,61.38584],[35.45742,61.35591],[35.49463,61.32896],[35.53691,61.29224],[35.57773,61.24639],[35.61143,61.19741],[35.62939,61.14995],[35.63223,61.10781],[35.61465,61.07612],[35.5834,61.03423],[35.52734,61.0228],[35.44063,61.06265],[35.34531,61.07256],[35.25928,61.06655],[35.19209,61.06895],[35.14199,61.07729],[35.10811,61.0916],[35.07998,61.10835],[35.06201,61.12563],[35.05264,61.14111],[35.07773,61.15132],[35.14316,61.15581],[35.20771,61.15879],[35.23105,61.16523],[35.20693,61.17725],[35.15664,61.19365],[35.07471,61.20708],[34.97422,61.21196],[34.8873,61.2061],[34.83809,61.19365],[34.81875,61.17363],[34.804,61.14956],[34.79668,61.1228],[34.79551,61.09648],[34.80244,61.07354],[34.81494,61.05503],[34.82852,61.03862],[34.84639,61.02666],[34.86904,61.027],[34.89629,61.04688],[34.94248,61.07041],[35.02236,61.06445],[35.09287,61.04468],[35.1168,61.02222],[35.13291,61.00708],[35.18447,61.00488],[35.25488,61.0146],[35.31611,61.02808],[35.36328,61.03823],[35.39961,61.03989],[35.42617,61.03315],[35.4498,61.023],[35.47334,61.00215],[35.49941,60.96982],[35.55059,60.93799],[35.63457,60.91846],[35.71904,60.90454],[35.77158,60.88643],[35.80078,60.87183],[35.82871,60.8665],[35.85508,60.87051],[35.88027,60.87832],[35.89902,60.88979],[35.90986,60.90249],[35.90449,60.91655],[35.88418,60.9311],[35.88027,60.94775],[35.91484,60.96685],[35.97627,60.9939],[36.03682,61.02969],[36.09873,61.06265],[36.16279,61.08276],[36.22412,61.09648],[36.2793,61.11382],[36.325,61.1355],[36.36387,61.15972],[36.38691,61.18408],[36.39463,61.20615],[36.38848,61.22505],[36.37813,61.24189],[36.37119,61.25684],[36.37363,61.27114],[36.38008,61.28096],[36.38271,61.28501],[36.39561,61.3021],[36.4084,61.31914],[36.4249,61.34912],[36.42793,61.37314],[36.41895,61.39238]],[[35.32578,61.93535],[35.27363,61.87031],[35.20176,61.83906],[35.16035,61.85864],[35.1707,61.90566],[35.19561,61.98794],[35.25176,62.07969],[35.30801,62.07656],[35.33926,62.03281],[35.34707,61.9978],[35.32578,61.93535]]]},"properties":{"name":"Lake Onega"}},
{"type":"Feature","geometry":{"type":"Polygon","coordinates":[[[-111.97388,41.00215],[-112.08286,41.06499],[-112.152,41.13413],[-112.18062,41.16274],[-112.21162,41.19233],[-112.24268,41.22192],[-112.28428,41.26792],[-112.30361,41.28262],[-112.28657,41.3167],[-112.26953,41.33188],[-112.24111,41.34517],[-112.17856,41.34185],[-112.11411,41.33564],[-112.07622,41.34702],[-112.06299,41.38848],[-112.06445,41.3999],[-112.09165,41.40811],[-112.1709,41.39668],[-112.24297,41.39253],[-112.29033,41.40957],[-112.32969,41.44277],[-112.37354,41.45723],[-112.38994,41.44731],[-112.4022,41.43232],[-112.38848,41.38525],[-112.38086,41.32417],[-112.36616,41.24849],[-112.37715,41.23247],[-112.39004,41.22261],[-112.40581,41.21724],[-112.42236,41.2168],[-112.43711,41.2188],[-112.45791,41.24668],[-112.48901,41.30859],[-112.51211,41.38115],[-112.52725,41.42095],[-112.55381,41.43047],[-112.60396,41.43149],[-112.66602,41.46567],[-112.70752,41.49614],[-112.73765,41.53657],[-112.73384,41.56309],[-112.70732,41.60293],[-112.7187,41.63701],[-112.74199,41.65908],[-112.77046,41.66582],[-112.8,41.66699],[-112.84434,41.65713],[-112.90864,41.63711],[-112.96621,41.61431],[-112.99917,41.61235],[-113.01436,41.59722],[-113.00679,41.58208],[-112.99673,41.57617],[-112.99512,41.55972],[-112.99839,41.53389],[-112.99717,41.48926],[-112.98496,41.42729],[-112.96128,41.37739],[-112.91768,41.32808],[-112.8813,41.28892],[-112.84624,41.26084],[-112.81377,41.22373],[-112.78774,41.17354],[-112.76846,41.11392],[-112.75068,41.05864],[-112.72842,41.01899],[-112.6897,40.98027],[-112.63198,40.92734],[-112.58032,40.84863],[-112.54624,40.83916],[-112.52158,40.87847],[-112.5083,40.91875],[-112.49316,40.9377],[-112.47803,40.94336],[-112.4458,40.87515],[-112.43574,40.81558],[-112.39438,40.75713],[-112.36997,40.70078],[-112.33208,40.69888],[-112.2667,40.74023],[-112.18994,40.76899],[-112.09707,40.88086],[-112.05347,40.90171],[-111.9606,40.9415],[-111.95112,40.96802],[-111.97388,41.00215]],[[-112.17134,40.8752],[-112.21602,40.92432],[-112.24951,40.96445],[-112.25171,41.02031],[-112.26289,41.05825],[-112.23613,41.06943],[-112.19814,41.05605],[-112.15571,40.95557],[-112.17134,40.8752]]]},"properties":{"name":"Great Salt Lake"}},
{"type":"Feature","geometry":{"type":"Polygon","coordinates":[[[-84.7626,45.79238],[-84.75693,45.86279],[-84.80186,45.87437],[-84.97183,45.98896],[-85.10063,46.04619],[-85.25986,46.08818],[-85.38594,46.10864],[-85.47881,46.10757],[-85.55508,46.07817],[-85.61479,46.02046],[-85.70781,45.9876],[-85.83423,45.97969],[-85.90288,45.96421],[-85.91372,45.94116],[-85.95933,45.94067],[-86.03975,45.9627],[-86.12295,45.96895],[-86.20894,45.95933],[-86.27178,45.93667],[-86.33809,45.86572],[-86.35132,45.83096],[-86.39956,45.80068],[-86.52749,45.75317],[-86.53389,45.73564],[-86.60117,45.68164],[-86.62236,45.652],[-86.62197,45.62275],[-86.64443,45.62451],[-86.6897,45.65732],[-86.69141,45.70142],[-86.64951,45.75684],[-86.61226,45.78364],[-86.57954,45.78184],[-86.55928,45.8063],[-86.55151,45.85708],[-86.56333,45.88252],[-86.6272,45.87251],[-86.66064,45.85229],[-86.70278,45.84795],[-86.75361,45.85947],[-86.79854,45.83179],[-86.83745,45.76479],[-86.88389,45.72095],[-86.93789,45.70024],[-86.97422,45.72314],[-86.99277,45.78965],[-86.99292,45.84189],[-86.97109,45.90498],[-86.98232,45.91729],[-87.00503,45.89717],[-87.03926,45.84458],[-87.08486,45.72979],[-87.11416,45.69248],[-87.15376,45.67676],[-87.21641,45.60732],[-87.30205,45.48413],[-87.39878,45.36465],[-87.50649,45.24888],[-87.57119,45.18662],[-87.59282,45.17783],[-87.60225,45.15703],[-87.60776,45.08267],[-87.627,45.03228],[-87.6832,44.99263],[-87.83027,44.94248],[-87.85356,44.9083],[-87.85679,44.88037],[-87.95156,44.76372],[-87.9978,44.69233],[-88.02827,44.61792],[-88.01875,44.57114],[-87.96924,44.552],[-87.929,44.55947],[-87.89824,44.59336],[-87.85107,44.62402],[-87.78755,44.65156],[-87.74092,44.69204],[-87.67661,44.79028],[-87.60439,44.84688],[-87.56602,44.85029],[-87.55537,44.84858],[-87.48018,44.87412],[-87.41958,44.86562],[-87.38311,44.8271],[-87.34561,44.80063],[-87.3373,44.77583],[-87.35605,44.72036],[-87.39053,44.66196],[-87.44087,44.60068],[-87.48652,44.50859],[-87.52744,44.38569],[-87.53613,44.29297],[-87.5125,44.23027],[-87.53491,44.17427],[-87.60342,44.12495],[-87.6585,44.05903],[-87.70015,43.97661],[-87.72383,43.90728],[-87.72939,43.85117],[-87.72339,43.80908],[-87.69795,43.75244],[-87.69971,43.72373],[-87.77402,43.59888],[-87.80088,43.53809],[-87.80557,43.49009],[-87.82393,43.44302],[-87.88071,43.34702],[-87.89839,43.2938],[-87.90166,43.24492],[-87.88882,43.16455],[-87.89609,43.1374],[-87.89277,43.11689],[-87.87886,43.10313],[-87.879,43.07783],[-87.89341,43.04111],[-87.88774,43.01245],[-87.86206,42.99199],[-87.84556,42.95308],[-87.83818,42.89565],[-87.8187,42.84771],[-87.78706,42.80918],[-87.7814,42.75342],[-87.80166,42.68037],[-87.81196,42.54297],[-87.8125,42.34106],[-87.79746,42.21143],[-87.7668,42.15391],[-87.73252,42.11152],[-87.69463,42.08437],[-87.65112,42.00024],[-87.60205,41.85913],[-87.55659,41.76597],[-87.51465,41.72065],[-87.47695,41.69546],[-87.44702,41.68076],[-87.425,41.67856],[-87.4125,41.65649],[-87.35625,41.64326],[-87.25322,41.63765],[-87.15869,41.64639],[-87.07261,41.66948],[-86.79819,41.78853],[-86.69155,41.85337],[-86.63247,41.91133],[-86.57534,41.9877],[-86.52017,42.08228],[-86.40737,42.22373],[-86.35249,42.30933],[-86.29956,42.41763],[-86.25962,42.5312],[-86.23271,42.65],[-86.22002,42.7731],[-86.22153,42.90044],[-86.24849,43.02881],[-86.30088,43.15806],[-86.32915,43.22412],[-86.34019,43.24175],[-86.43501,43.40713],[-86.54214,43.6373],[-86.54053,43.65693],[-86.44058,43.79429],[-86.43804,43.81274],[-86.44863,43.92397],[-86.46992,43.97979],[-86.52095,44.05474],[-86.51919,44.07373],[-86.41543,44.16948],[-86.35273,44.24238],[-86.2959,44.33062],[-86.25908,44.43359],[-86.24219,44.55132],[-86.24272,44.62974],[-86.26069,44.66885],[-86.25874,44.69902],[-86.23701,44.72021],[-86.12583,44.74775],[-86.08843,44.79424],[-86.08047,44.87588],[-86.05767,44.91636],[-86.01992,44.91572],[-85.98501,44.93252],[-85.95293,44.96665],[-85.9105,44.97632],[-85.85781,44.96152],[-85.78413,45.01216],[-85.68936,45.12808],[-85.6166,45.19292],[-85.56587,45.20654],[-85.5562,45.196],[-85.58774,45.16133],[-85.59741,45.12334],[-85.58525,45.08198],[-85.5957,45.04194],[-85.61924,44.98706],[-85.60469,44.96992],[-85.64531,44.88164],[-85.64722,44.8375],[-85.62251,44.80396],[-85.59326,44.81567],[-85.55933,44.87266],[-85.54922,44.90298],[-85.56284,44.90674],[-85.55776,44.93096],[-85.53389,44.97559],[-85.51265,44.99678],[-85.49409,44.99443],[-85.48892,44.97012],[-85.49712,44.92383],[-85.55093,44.81465],[-85.56147,44.78125],[-85.54937,44.77187],[-85.48472,44.84033],[-85.43037,44.94932],[-85.38901,45.03276],[-85.38159,45.07827],[-85.39399,45.19565],[-85.39146,45.2438],[-85.37568,45.27695],[-85.31948,45.31445],[-85.22285,45.35615],[-85.12734,45.37847],[-85.03296,45.38125],[-84.96714,45.39268],[-84.92983,45.4126],[-84.94287,45.42856],[-85.0064,45.44048],[-85.05469,45.46665],[-85.0877,45.50688],[-85.09873,45.55312],[-85.08779,45.60527],[-85.04736,45.6564],[-84.97749,45.70654],[-84.95547,45.74341],[-84.9814,45.76704],[-84.95151,45.77539],[-84.86587,45.76855],[-84.80596,45.77505],[-84.77197,45.79478],[-84.7626,45.79238]],[[-85.49233,45.76021],[-85.50146,45.75024],[-85.49233,45.66289],[-85.50908,45.62446],[-85.55166,45.60259],[-85.58594,45.59751],[-85.61206,45.60928],[-85.60771,45.65605],[-85.57285,45.73789],[-85.53853,45.77539],[-85.49233,45.76021]],[[-86.05244,45.1564],[-85.99849,45.15015],[-85.97983,45.13164],[-85.97622,45.10215],[-85.98818,45.08799],[-86.01577,45.08916],[-86.03794,45.10283],[-86.05957,45.14683],[-86.05244,45.1564]],[[-86.92632,45.41494],[-86.87847,45.41416],[-86.86187,45.40859],[-86.85659,45.39438],[-86.86187,45.35225],[-86.89194,45.34229],[-86.94687,45.3457],[-86.9667,45.36831],[-86.93799,45.42559],[-86.92632,45.41494]],[[-87.04912,45.30288],[-87.00503,45.2958],[-86.98594,45.2752],[-86.99189,45.24102],[-87.01035,45.22817],[-87.0415,45.23667],[-87.05356,45.21792],[-87.04663,45.17188],[-87.05688,45.15054],[-87.08418,45.15396],[-87.08569,45.14541],[-87.06152,45.1249],[-87.05894,45.10244],[-87.07803,45.07813],[-87.09634,45.06675],[-87.11392,45.06846],[-87.14136,45.04067],[-87.17856,44.9834],[-87.19131,44.95024],[-87.17949,44.94106],[-87.18809,44.92197],[-87.28027,44.83486],[-87.31582,44.82656],[-87.35459,44.83882],[-87.38203,44.86426],[-87.39824,44.90293],[-87.40303,44.93286],[-87.39648,44.95415],[-87.31553,45.0311],[-87.27935,45.08149],[-87.25879,45.13799],[-87.22114,45.17397],[-87.16641,45.1895],[-87.12202,45.22451],[-87.08813,45.27915],[-87.04912,45.30288]]]},"properties":{"name":"Lake Michigan"}},
{"type":"Feature","geometry":{"type":"Polygon","coordinates":[[[-84.34395,46.53115],[-84.43242,46.52207],[-84.45889,46.50386],[-84.47544,46.48901],[-84.50054,46.48325],[-84.56846,46.54331],[-84.56855,46.57666],[-84.54761,46.59995],[-84.46597,46.67407],[-84.43813,46.72305],[-84.46401,46.74692],[-84.48809,46.74351],[-84.51025,46.71274],[-84.52754,46.69736],[-84.53994,46.69731],[-84.56104,46.72979],[-84.55347,46.80557],[-84.52773,46.83398],[-84.48457,46.84766],[-84.40776,46.84365],[-84.38203,46.85332],[-84.36743,46.87998],[-84.38501,46.90576],[-84.43477,46.93076],[-84.48799,46.94404],[-84.54458,46.9457],[-84.58208,46.93716],[-84.60034,46.91841],[-84.6249,46.92236],[-84.65566,46.94897],[-84.75039,46.98125],[-84.77515,47.004],[-84.77168,47.03672],[-84.7123,47.11987],[-84.71953,47.14209],[-84.68818,47.19116],[-84.61826,47.26719],[-84.59434,47.32021],[-84.61646,47.35024],[-84.64116,47.36704],[-84.66846,47.37061],[-84.69331,47.39048],[-84.71562,47.42666],[-84.77134,47.46167],[-84.86045,47.49551],[-84.93584,47.53984],[-84.99761,47.59478],[-85.01426,47.63877],[-84.98584,47.67173],[-84.9748,47.698],[-84.9811,47.71763],[-84.96099,47.7458],[-84.92246,47.79258],[-84.92026,47.82788],[-84.91519,47.85513],[-84.86738,47.89644],[-84.84727,47.92803],[-84.85474,47.94995],[-84.96357,47.96021],[-85.17383,47.95898],[-85.34248,47.95024],[-85.46953,47.93408],[-85.6146,47.94072],[-85.77769,47.97017],[-85.91362,48.02954],[-86.02241,48.1188],[-86.10415,48.2103],[-86.15894,48.30396],[-86.18101,48.38535],[-86.19136,48.40557],[-86.21553,48.42295],[-86.2374,48.47061],[-86.25698,48.54844],[-86.28257,48.59795],[-86.31426,48.61909],[-86.32495,48.63662],[-86.371,48.68755],[-86.39019,48.71411],[-86.39614,48.7313],[-86.43242,48.75815],[-86.45928,48.76494],[-86.58096,48.75303],[-86.62144,48.77749],[-86.64287,48.79458],[-86.69253,48.80791],[-86.75156,48.80059],[-86.81987,48.77256],[-86.88765,48.77241],[-87.00854,48.78882],[-87.08472,48.77891],[-87.22363,48.77578],[-87.31143,48.79941],[-87.40708,48.83481],[-87.46372,48.84204],[-87.51729,48.83857],[-87.552,48.84834],[-87.56777,48.87124],[-87.5916,48.87817],[-87.68525,48.89922],[-87.76094,48.91992],[-87.96562,48.95869],[-88.02251,48.99868],[-88.06982,49.00142],[-88.12822,48.99814],[-88.16064,48.98164],[-88.20044,48.97744],[-88.24756,48.98555],[-88.26357,48.97368],[-88.24863,48.94189],[-88.24658,48.91699],[-88.22432,48.86714],[-88.14722,48.82075],[-88.10879,48.77598],[-88.10918,48.73291],[-88.13843,48.68286],[-88.23311,48.59697],[-88.248,48.59595],[-88.32549,48.58447],[-88.36875,48.5624],[-88.39966,48.55728],[-88.41816,48.56914],[-88.44351,48.56025],[-88.47583,48.53066],[-88.48945,48.50659],[-88.48447,48.48809],[-88.50093,48.46699],[-88.53877,48.44341],[-88.55937,48.44683],[-88.56934,48.47393],[-88.58452,48.49243],[-88.5665,48.52803],[-88.3938,48.65581],[-88.33359,48.70908],[-88.32285,48.73848],[-88.32915,48.77568],[-88.35244,48.8208],[-88.39531,48.84487],[-88.45762,48.84785],[-88.50264,48.83306],[-88.53516,48.78569],[-88.54243,48.75322],[-88.55195,48.68374],[-88.54961,48.65815],[-88.56533,48.63984],[-88.6021,48.62993],[-88.62529,48.59873],[-88.63486,48.54609],[-88.6541,48.51655],[-88.68315,48.51011],[-88.70571,48.47612],[-88.72192,48.4146],[-88.73437,48.38408],[-88.78286,48.36831],[-88.88848,48.3373],[-88.93271,48.3354],[-88.91567,48.36274],[-88.89692,48.37808],[-88.87642,48.38149],[-88.81826,48.50645],[-88.76377,48.57236],[-88.77456,48.58306],[-89.08643,48.49766],[-89.20073,48.45083],[-89.225,48.41758],[-89.22939,48.38228],[-89.21392,48.34492],[-89.22148,48.31074],[-89.25225,48.27974],[-89.29668,48.20425],[-89.31514,48.15898],[-89.34541,48.12114],[-89.43848,48.09878],[-89.44966,48.09224],[-89.54746,48.01294],[-89.60474,47.99165],[-89.63384,47.9937],[-89.67207,47.97871],[-89.71953,47.94673],[-89.82876,47.90088],[-89.99985,47.84116],[-90.19727,47.78643],[-90.59746,47.68774],[-90.84673,47.58525],[-90.95713,47.52373],[-91.38628,47.21475],[-91.64517,47.05005],[-92.06455,46.81885],[-92.10425,46.7894],[-92.10703,46.76187],[-92.0728,46.73618],[-91.9873,46.69897],[-91.9208,46.69443],[-91.83564,46.7021],[-91.49907,46.76611],[-91.35698,46.81074],[-91.21763,46.88564],[-91.20337,46.88804],[-91.14541,46.87432],[-91.12725,46.86768],[-90.94604,46.95376],[-90.88667,46.96479],[-90.83994,46.96245],[-90.78193,46.92871],[-90.76836,46.90801],[-90.7877,46.86841],[-90.83989,46.80996],[-90.86533,46.76069],[-90.86392,46.7208],[-90.88643,46.67749],[-90.94351,46.61899],[-90.923,46.60308],[-90.76997,46.64541],[-90.74756,46.66187],[-90.74502,46.67168],[-90.75435,46.68354],[-90.73682,46.68887],[-90.6165,46.63135],[-90.53613,46.59937],[-90.46885,46.58413],[-90.34136,46.60249],[-90.15356,46.65449],[-89.99326,46.71792],[-89.8606,46.79277],[-89.69512,46.83857],[-89.49683,46.85542],[-89.35498,46.88193],[-89.26943,46.91816],[-89.15479,46.98862],[-89.09023,47.00928],[-89.00913,47.01572],[-88.9481,47.04297],[-88.90713,47.09111],[-88.82964,47.14585],[-88.71562,47.20718],[-88.65049,47.23198],[-88.63413,47.22031],[-88.62822,47.19863],[-88.63271,47.16689],[-88.60439,47.14126],[-88.54326,47.12158],[-88.51543,47.09551],[-88.52085,47.06309],[-88.50439,47.03545],[-88.46602,47.01255],[-88.45586,46.96284],[-88.47373,46.88628],[-88.47607,46.83672],[-88.46274,46.81416],[-88.44912,46.80151],[-88.42729,46.81392],[-88.4,46.84092],[-88.38994,46.85742],[-88.38301,46.87432],[-88.21626,46.95156],[-88.18374,46.95532],[-88.12915,46.9355],[-87.8771,46.90771],[-87.77759,46.88789],[-87.6729,46.84355],[-87.6375,46.82651],[-87.50947,46.68345],[-87.45122,46.62744],[-87.41489,46.61206],[-87.39448,46.59009],[-87.37783,46.53955],[-87.35811,46.52441],[-87.17065,46.51353],[-87.08569,46.52271],[-87.03413,46.54321],[-86.97676,46.53008],[-86.91362,46.4833],[-86.85146,46.47021],[-86.79038,46.49082],[-86.73291,46.49014],[-86.67905,46.46821],[-86.65391,46.45225],[-86.6375,46.45298],[-86.53101,46.52441],[-86.40269,46.58774],[-86.23135,46.65625],[-86.13203,46.68682],[-86.10464,46.67925],[-85.94678,46.70215],[-85.80449,46.70425],[-85.61611,46.69058],[-85.4415,46.70664],[-85.28071,46.75244],[-85.13843,46.77803],[-85.01465,46.7835],[-84.96792,46.7707],[-84.99819,46.7397],[-85.0145,46.68647],[-85.01675,46.61094],[-85.02739,46.56313],[-85.04629,46.54302],[-85.04863,46.52388],[-85.03433,46.50576],[-84.91431,46.49399],[-84.85117,46.46948],[-84.77881,46.46836],[-84.69731,46.49072],[-84.63486,46.48228],[-84.5915,46.44312],[-84.52837,46.43608],[-84.46719,46.46421],[-84.42417,46.49067],[-84.38696,46.50225],[-84.35801,46.50469],[-84.34395,46.53115]],[[-90.75571,46.96479],[-90.73809,46.96157],[-90.71309,46.94116],[-90.70796,46.92734],[-90.72275,46.92012],[-90.76084,46.93701],[-90.76597,46.95083],[-90.75571,46.96479]],[[-90.65337,46.82769],[-90.67754,46.81304],[-90.68047,46.7978],[-90.71055,46.78335],[-90.76772,46.76978],[-90.7916,46.77231],[-90.78208,46.79106],[-90.75229,46.81362],[-90.61914,46.86997],[-90.59609,46.86885],[-90.58887,46.85542],[-90.65337,46.82769]],[[-90.54668,46.91929],[-90.57998,46.91353],[-90.65181,46.92227],[-90.65044,46.93677],[-90.57588,46.95698],[-90.54263,46.96274],[-90.53481,46.9543],[-90.54668,46.91929]],[[-90.41016,47.04375],[-90.42666,47.02588],[-90.45933,47.01011],[-90.47173,47.01753],[-90.46387,47.04829],[-90.44736,47.06616],[-90.42212,47.07114],[-90.40972,47.06367],[-90.41016,47.04375]],[[-88.05674,48.83677],[-87.99614,48.85723],[-87.91504,48.86465],[-87.81343,48.85903],[-87.76514,48.84111],[-87.77021,48.81094],[-87.78213,48.79541],[-87.81235,48.78535],[-87.81631,48.76787],[-87.85923,48.75835],[-87.94121,48.75684],[-87.99844,48.74321],[-88.03091,48.71753],[-88.05669,48.7167],[-88.07568,48.74062],[-88.08657,48.80801],[-88.05674,48.83677]],[[-88.91104,47.93623],[-88.95518,47.92603],[-88.96011,47.90947],[-88.92373,47.90454],[-88.93037,47.89624],[-88.96987,47.88125],[-89.08164,47.85059],[-89.15679,47.84077],[-89.19521,47.85181],[-89.19917,47.87227],[-89.1688,47.90215],[-89.16909,47.91709],[-89.2001,47.91709],[-89.19263,47.92896],[-89.14663,47.95264],[-88.75552,48.10352],[-88.58828,48.1585],[-88.49922,48.17593],[-88.48486,48.16743],[-88.5813,48.11074],[-88.59683,48.08745],[-88.59307,48.07197],[-88.62476,48.04204],[-88.91104,47.93623]],[[-87.79048,47.41143],[-88.02065,47.39238],[-88.02695,47.38633],[-87.98306,47.36792],[-87.9749,47.35493],[-88.01553,47.32085],[-88.22187,47.2106],[-88.24038,47.17832],[-88.23677,47.15894],[-88.3582,47.07339],[-88.40225,47.01929],[-88.43906,47.01074],[-88.46865,47.04761],[-88.46846,47.07725],[-88.43843,47.09956],[-88.40908,47.13145],[-88.40542,47.17549],[-88.41675,47.19146],[-88.45381,47.15186],[-88.43315,47.14336],[-88.42705,47.13657],[-88.43408,47.12231],[-88.57373,47.14331],[-88.61572,47.17417],[-88.60889,47.21719],[-88.56196,47.27217],[-88.39434,47.38872],[-88.32031,47.42109],[-88.11021,47.47251],[-87.99429,47.48423],[-87.87793,47.48418],[-87.79346,47.46729],[-87.74102,47.43364],[-87.79048,47.41143]],[[-87.69028,48.75],[-87.73047,48.75469],[-87.7437,48.76416],[-87.72993,48.77842],[-87.73105,48.79385],[-87.75269,48.82407],[-87.74819,48.83467],[-87.73135,48.84048],[-87.7021,48.84141],[-87.66699,48.82144],[-87.62603,48.78042],[-87.62168,48.75688],[-87.69028,48.75]],[[-85.60586,47.74214],[-85.66602,47.73335],[-85.85859,47.71909],[-85.94219,47.73374],[-85.95073,47.74731],[-85.93091,47.76646],[-85.88271,47.79102],[-85.82744,47.80449],[-85.76514,47.80674],[-85.64111,47.78179],[-85.59609,47.75708],[-85.60586,47.74214]]]},"properties":{"name":"Lake Superior"}},
{"type":"Feature","geometry":{"type":"Polygon","coordinates":[[[-84.34395,46.53115],[-84.35801,46.50469],[-84.32744,46.49146],[-84.30674,46.46914],[-84.25479,46.40757],[-84.22905,46.36582],[-84.21333,46.30381],[-84.20225,46.28315],[-84.20366,46.24697],[-84.23848,46.22246],[-84.24795,46.20303],[-84.22705,46.18364],[-84.10884,46.17817],[-84.05488,46.15894],[-84.03472,46.1374],[-84.04839,46.11353],[-84.04077,46.08818],[-84.01196,46.06143],[-83.91743,46.0207],[-83.89414,46.00132],[-83.90098,45.98086],[-83.9292,45.96758],[-83.97881,45.96152],[-84.34092,45.9998],[-84.44731,46.00615],[-84.46294,45.99209],[-84.4731,45.98999],[-84.49033,45.99375],[-84.52129,45.99458],[-84.53687,46.00371],[-84.5499,46.02925],[-84.58149,46.04556],[-84.63154,46.05264],[-84.67466,46.0333],[-84.7249,45.95752],[-84.71709,45.94351],[-84.72539,45.89487],[-84.7127,45.88164],[-84.71333,45.87051],[-84.72739,45.86147],[-84.75693,45.86279],[-84.7626,45.79238],[-84.69092,45.77378],[-84.56294,45.71216],[-84.44141,45.67627],[-84.32632,45.66616],[-84.24229,45.64443],[-84.18926,45.61113],[-84.15112,45.57383],[-84.12773,45.53247],[-84.0728,45.50913],[-83.98633,45.50381],[-83.91826,45.48628],[-83.86875,45.45649],[-83.59365,45.37944],[-83.47852,45.33882],[-83.41528,45.29902],[-83.39727,45.27358],[-83.40259,45.24834],[-83.39619,45.22139],[-83.34897,45.16899],[-83.3311,45.16421],[-83.32017,45.13896],[-83.31611,45.09316],[-83.30229,45.0624],[-83.27871,45.04678],[-83.29307,45.04038],[-83.37783,45.06689],[-83.42593,45.05894],[-83.44814,45.02456],[-83.45156,44.99199],[-83.43618,44.96143],[-83.32778,44.86924],[-83.29956,44.78521],[-83.29424,44.68335],[-83.30791,44.6438],[-83.31929,44.55649],[-83.32837,44.42144],[-83.33057,44.3751],[-83.36621,44.33003],[-83.46279,44.26494],[-83.46421,44.27725],[-83.4874,44.28057],[-83.5125,44.27075],[-83.54751,44.21504],[-83.57749,44.11343],[-83.61396,44.05825],[-83.65698,44.04956],[-83.68281,44.03501],[-83.6915,44.01445],[-83.7377,44.00063],[-83.82144,43.99346],[-83.87881,43.96255],[-83.92158,43.87549],[-83.91978,43.83389],[-83.9396,43.78193],[-83.93828,43.73755],[-83.91567,43.70059],[-83.848,43.66362],[-83.73521,43.62666],[-83.66787,43.621],[-83.62158,43.63647],[-83.5731,43.69712],[-83.52603,43.7209],[-83.4689,43.73091],[-83.44736,43.75845],[-83.35298,43.87935],[-83.35308,43.90635],[-83.3875,43.9166],[-83.38257,43.92407],[-83.33813,43.92891],[-83.29946,43.94512],[-83.2666,43.97285],[-83.20928,43.9936],[-83.06948,44.02505],[-82.99463,44.06108],[-82.94722,44.06699],[-82.87822,44.04775],[-82.78774,44.00352],[-82.71611,43.93901],[-82.66333,43.8542],[-82.59673,43.63442],[-82.51621,43.27964],[-82.46128,43.08101],[-82.43193,43.03857],[-82.41724,43.01738],[-82.31201,43.04326],[-82.18105,43.08511],[-82.08809,43.13267],[-82.03306,43.18579],[-81.97412,43.22344],[-81.91138,43.24561],[-81.84819,43.28013],[-81.78452,43.32686],[-81.7394,43.39155],[-81.71279,43.47407],[-81.70518,43.55762],[-81.7165,43.64214],[-81.71836,43.98159],[-81.73198,44.0604],[-81.70811,44.13071],[-81.64663,44.19248],[-81.60894,44.25254],[-81.59497,44.31084],[-81.56494,44.35967],[-81.51885,44.39893],[-81.47432,44.42456],[-81.43135,44.43647],[-81.4022,44.4606],[-81.38677,44.49692],[-81.3519,44.54229],[-81.29751,44.59668],[-81.27773,44.6437],[-81.28071,44.71626],[-81.27817,44.78994],[-81.30005,44.83198],[-81.34111,44.86992],[-81.35835,44.91104],[-81.35522,44.97754],[-81.37695,44.98413],[-81.41548,44.98735],[-81.45117,45.01499],[-81.49932,45.08145],[-81.54146,45.1249],[-81.57744,45.14541],[-81.59033,45.16587],[-81.62881,45.18911],[-81.68315,45.20283],[-81.70605,45.22349],[-81.69736,45.25122],[-81.59536,45.26196],[-81.3999,45.25562],[-81.29648,45.24873],[-81.28521,45.24126],[-81.31582,45.18867],[-81.31255,45.15625],[-81.28184,45.12397],[-81.26416,45.08135],[-81.25952,45.02832],[-81.20737,45.00869],[-81.19331,45.00264],[-81.17998,44.97437],[-81.13794,44.96807],[-81.125,44.95254],[-81.14111,44.92778],[-81.13359,44.91787],[-81.07402,44.91377],[-81.03203,44.95693],[-81.01201,44.96733],[-80.97275,44.96963],[-80.96626,44.95864],[-80.99258,44.93438],[-81.00596,44.90693],[-81.00635,44.87617],[-81.03643,44.84282],[-81.12754,44.78242],[-81.13018,44.76968],[-81.11025,44.76533],[-81.02197,44.80215],[-80.96348,44.80898],[-80.91943,44.79678],[-80.89536,44.78096],[-80.89116,44.76133],[-80.90117,44.71201],[-80.92539,44.63286],[-80.90967,44.61758],[-80.85405,44.66611],[-80.78984,44.70029],[-80.67017,44.727],[-80.64951,44.72129],[-80.59287,44.63853],[-80.46025,44.57778],[-80.22598,44.50952],[-80.08481,44.48936],[-80.03696,44.51738],[-80.00781,44.57168],[-79.99746,44.65234],[-80.02114,44.70952],[-80.07891,44.74312],[-80.10791,44.77549],[-80.1082,44.80679],[-80.06475,44.83359],[-79.99678,44.85571],[-79.92959,44.86299],[-79.92041,44.85454],[-79.9353,44.82354],[-79.92495,44.81289],[-79.89131,44.80938],[-79.87627,44.79854],[-79.82695,44.76802],[-79.71738,44.76118],[-79.67793,44.76895],[-79.70859,44.79116],[-79.71338,44.82114],[-79.69238,44.85879],[-79.69595,44.87515],[-79.73247,44.86294],[-79.73276,44.83203],[-79.74961,44.81548],[-79.77158,44.81934],[-79.78457,44.85415],[-79.79995,44.88486],[-79.82837,44.93633],[-79.90239,44.95654],[-79.92891,44.97437],[-79.93179,45.00122],[-79.94609,45.01719],[-79.97187,45.02217],[-80.02158,45.07212],[-80.08594,45.10938],[-80.08335,45.12642],[-80.02266,45.13613],[-80.00649,45.15327],[-80.01538,45.17588],[-80.04937,45.20405],[-80.0749,45.21104],[-80.09219,45.19688],[-80.10757,45.20098],[-80.12109,45.22334],[-80.11147,45.25923],[-80.04971,45.30112],[-80.04111,45.34238],[-80.05708,45.37456],[-80.09165,45.39336],[-80.14482,45.39883],[-80.17612,45.39658],[-80.1855,45.38657],[-80.16768,45.34849],[-80.17729,45.34385],[-80.2707,45.36016],[-80.30249,45.38311],[-80.34961,45.39927],[-80.38486,45.4584],[-80.39175,45.50054],[-80.38853,45.57358],[-80.41401,45.61987],[-80.42949,45.62524],[-80.42705,45.5978],[-80.44429,45.58413],[-80.48555,45.57695],[-80.51069,45.58975],[-80.51992,45.62256],[-80.54551,45.65005],[-80.59268,45.68203],[-80.62886,45.72715],[-80.64102,45.74727],[-80.64312,45.76719],[-80.65615,45.79023],[-80.69644,45.81592],[-80.71338,45.8585],[-80.73159,45.87725],[-80.78662,45.91914],[-80.80518,45.94248],[-80.81777,45.95103],[-80.89043,45.95103],[-80.96797,45.95181],[-81.09702,45.9416],[-81.16025,45.95488],[-81.15752,45.9917],[-81.16201,46.01206],[-81.17368,46.01606],[-81.19131,46.00615],[-81.19697,45.99097],[-81.23682,45.97412],[-81.30352,45.97412],[-81.44941,45.99443],[-81.50239,45.99297],[-81.59673,45.96655],[-81.62705,45.97803],[-81.59497,45.99639],[-81.59727,46.01191],[-81.62383,46.0167],[-81.62949,46.02539],[-81.64023,46.04004],[-81.54165,46.07466],[-81.54453,46.09038],[-81.61533,46.11938],[-81.64619,46.11528],[-81.66172,46.09287],[-81.68867,46.07881],[-81.72705,46.0731],[-81.7502,46.05747],[-81.76519,46.05791],[-81.76577,46.07144],[-81.76929,46.10444],[-81.8166,46.11475],[-82.01177,46.12871],[-82.11582,46.13164],[-82.196,46.13394],[-82.31772,46.16294],[-82.35005,46.19326],[-82.59766,46.1771],[-82.63813,46.17241],[-82.66362,46.17593],[-82.71914,46.20713],[-82.89473,46.18843],[-83.02549,46.1813],[-83.45913,46.23765],[-83.57173,46.2605],[-83.59277,46.27783],[-83.66064,46.28984],[-83.84272,46.30195],[-83.86313,46.3062],[-83.88174,46.33291],[-83.93423,46.34204],[-84.03364,46.3438],[-84.09185,46.36084],[-84.10879,46.39321],[-84.10615,46.43047],[-84.08384,46.47251],[-84.08711,46.50698],[-84.11826,46.53945],[-84.16538,46.5626],[-84.23564,46.55679],[-84.34395,46.53115]],[[-83.34526,45.99277],[-83.29639,45.97666],[-83.27104,45.96133],[-83.26919,45.94658],[-83.33198,45.88037],[-83.38657,45.86855],[-83.45332,45.88428],[-83.47998,45.90674],[-83.46665,45.93604],[-83.4374,45.96323],[-83.39229,45.98823],[-83.34526,45.99277]],[[-83.529,46.02358],[-83.50347,46.01313],[-83.49375,45.99082],[-83.51802,45.95786],[-83.58828,45.94111],[-83.73076,45.94297],[-83.82324,45.95566],[-83.86572,45.9791],[-83.87515,45.99126],[-83.87109,46.01738],[-83.85059,46.01914],[-83.82026,46.00498],[-83.775,46.01108],[-83.71479,46.0375],[-83.68325,46.05723],[-83.68022,46.07041],[-83.69941,46.09561],[-83.68389,46.10625],[-83.6082,46.09658],[-83.58008,46.08008],[-83.529,46.02358]],[[-83.82896,46.14766],[-83.85649,46.15747],[-83.87593,46.1479],[-83.88726,46.1189],[-83.90684,46.09722],[-83.93027,46.0917],[-83.97861,46.10942],[-84.03877,46.17705],[-84.07822,46.23643],[-84.09702,46.2876],[-84.06113,46.30977],[-83.9707,46.30298],[-83.89106,46.28418],[-83.82212,46.25347],[-83.79458,46.21431],[-83.8083,46.1666],[-83.82896,46.14766]],[[-84.16875,46.32446],[-84.1373,46.30625],[-84.11958,46.28501],[-84.11558,46.26079],[-84.12065,46.2459],[-84.13486,46.24043],[-84.18491,46.27944],[-84.19551,46.30342],[-84.18813,46.32349],[-84.16875,46.32446]],[[-84.13271,46.34067],[-84.16343,46.34556],[-84.18896,46.36006],[-84.20947,46.38428],[-84.23506,46.44453],[-84.27417,46.4875],[-84.21553,46.53608],[-84.18027,46.5418],[-84.14243,46.53091],[-84.13735,46.50259],[-84.16509,46.45679],[-84.16357,46.41001],[-84.13281,46.36221],[-84.13271,46.34067]],[[-84.429,45.80654],[-84.41675,45.81431],[-84.38027,45.7877],[-84.37476,45.76538],[-84.39014,45.74658],[-84.4123,45.73628],[-84.44121,45.73447],[-84.4875,45.75352],[-84.56309,45.80386],[-84.55718,45.82046],[-84.429,45.80654]],[[-82.96226,45.83345],[-83.16006,45.8752],[-83.22183,45.90215],[-83.21582,45.93267],[-83.20059,45.95488],[-83.17617,45.9689],[-83.15083,45.96323],[-83.12451,45.93794],[-83.09731,45.93506],[-83.06934,45.95459],[-83.0354,45.95742],[-82.9957,45.94346],[-82.96548,45.94521],[-82.94482,45.9627],[-82.90474,45.97778],[-82.84521,45.99043],[-82.821,45.97656],[-82.83208,45.93618],[-82.82295,45.90981],[-82.79346,45.89756],[-82.77402,45.88032],[-82.7646,45.85815],[-82.73687,45.85234],[-82.69092,45.86289],[-82.66025,45.85967],[-82.64482,45.84263],[-82.62734,45.83857],[-82.60781,45.84751],[-82.58345,45.83701],[-82.55425,45.80703],[-82.5314,45.80576],[-82.51489,45.83335],[-82.52041,45.84893],[-82.56001,45.85962],[-82.55625,45.86992],[-82.58047,45.89551],[-82.56851,45.9144],[-82.52725,45.93862],[-82.49795,45.9439],[-82.48057,45.93027],[-82.46265,45.93389],[-82.44414,45.95479],[-82.40063,45.97085],[-82.33203,45.98198],[-82.29453,45.97344],[-82.28799,45.94517],[-82.26836,45.93594],[-82.23555,45.9458],[-82.20459,45.92422],[-82.17534,45.87114],[-82.14258,45.86943],[-82.1064,45.91909],[-82.05459,45.95498],[-81.9873,45.97705],[-81.93887,45.97925],[-81.90933,45.96177],[-81.89546,45.93877],[-81.89731,45.9103],[-81.879,45.89248],[-81.84058,45.8854],[-81.82822,45.86216],[-81.84185,45.82275],[-81.83843,45.78843],[-81.80376,45.74321],[-81.79585,45.74038],[-81.76309,45.82119],[-81.73506,45.86367],[-81.69819,45.89375],[-81.67476,45.89648],[-81.66484,45.87192],[-81.67275,45.84468],[-81.69858,45.81484],[-81.68506,45.80137],[-81.60146,45.80117],[-81.59302,45.7917],[-81.68574,45.65669],[-81.75474,45.59111],[-81.82808,45.54668],[-81.88125,45.5355],[-81.91426,45.55747],[-81.94619,45.56611],[-81.9772,45.56143],[-81.97671,45.56987],[-81.92246,45.60371],[-81.90234,45.60308],[-81.8645,45.6106],[-81.75957,45.68516],[-81.75977,45.69756],[-81.82114,45.69155],[-82.029,45.56597],[-82.05527,45.56133],[-82.07598,45.56968],[-82.09111,45.59087],[-82.20806,45.62749],[-82.25605,45.66011],[-82.32319,45.68359],[-82.40947,45.698],[-82.5104,45.72749],[-82.62598,45.77217],[-82.73579,45.79673],[-82.93667,45.81099],[-82.96226,45.83345]],[[-81.7126,45.52632],[-81.72729,45.50049],[-81.78809,45.46582],[-81.81494,45.46323],[-81.83286,45.47251],[-81.8375,45.48398],[-81.82881,45.49766],[-81.73506,45.53057],[-81.7126,45.52632]],[[-80.17305,44.79624],[-80.21572,44.82266],[-80.23281,44.84331],[-80.23628,44.8645],[-80.21582,44.87168],[-80.17144,44.86484],[-80.15767,44.8479],[-80.17432,44.80889],[-80.17305,44.79624]]]},"properties":{"name":"Lake Huron"}},
{"type":"Feature","geometry":{"type":"Polygon","coordinates":[[[-97.42681,25.35356],[-97.43755,25.40596],[-97.47261,25.43994],[-97.50767,25.44736],[-97.51836,25.43545],[-97.53062,25.32749],[-97.54307,25.31152],[-97.57593,25.31211],[-97.61089,25.32583],[-97.64316,25.36353],[-97.65352,25.36479],[-97.68022,25.3458],[-97.72104,25.2875],[-97.75449,25.25728],[-97.70581,25.2251],[-97.69971,25.20078],[-97.69878,25.15913],[-97.72871,24.9937],[-97.70723,24.96577],[-97.65469,24.93711],[-97.64302,24.90767],[-97.70293,24.84453],[-97.69966,24.70884],[-97.68857,24.66348],[-97.7252,24.50127],[-97.7417,24.50171],[-97.80034,24.546],[-97.82417,24.54443],[-97.83315,24.51709],[-97.82832,24.47656],[-97.80469,24.44404],[-97.76826,24.43613],[-97.74097,24.39092],[-97.75,24.26362],[-97.75903,24.15874],[-97.77549,24.08213],[-97.76543,23.9167],[-97.75781,23.91484],[-97.72007,24.25464],[-97.68711,24.47637],[-97.61221,24.78193],[-97.5373,25.08154],[-97.4564,25.27334],[-97.42681,25.35356]]]},"properties":{"name":"Lago Madre"}},
{"type":"Feature","geometry":{"type":"Polygon","coordinates":[[[-102.83716,58.32988],[-102.79136,58.3813],[-102.80337,58.41157],[-102.92119,58.4772],[-102.94556,58.50342],[-102.95249,58.53252],[-103.14082,58.53291],[-103.18486,58.5522],[-103.20518,58.54443],[-103.22144,58.52456],[-103.22314,58.48472],[-103.23911,58.47158],[-103.38413,58.43159],[-103.49463,58.46226],[-103.5499,58.45513],[-103.58105,58.43149],[-103.6104,58.40854],[-103.62715,58.34771],[-103.66191,58.28364],[-103.61934,58.28267],[-103.61255,58.26743],[-103.61943,58.23389],[-103.65449,58.17305],[-103.70586,58.12744],[-103.70898,58.10161],[-103.68193,58.07793],[-103.67178,58.05425],[-103.67344,58.03735],[-103.69697,58.01934],[-103.79272,57.96357],[-103.80312,57.94688],[-103.77666,57.93242],[-103.67036,57.93857],[-103.6563,57.91934],[-103.79565,57.82339],[-103.83228,57.79365],[-103.8293,57.7791],[-103.79443,57.77681],[-103.72788,57.79648],[-103.55933,57.8687],[-103.46909,57.87666],[-103.39917,57.86792],[-103.35898,57.86138],[-103.31367,57.82788],[-103.3063,57.77847],[-103.34687,57.72939],[-103.36035,57.69458],[-103.32998,57.69722],[-103.26904,57.73784],[-103.21123,57.82808],[-103.21763,57.84365],[-103.24507,57.85098],[-103.26875,57.86958],[-103.28086,57.89683],[-103.28145,57.98408],[-103.25928,58.05332],[-103.2311,58.08076],[-103.10156,58.13379],[-103.05591,58.12427],[-102.94053,58.17344],[-102.93911,58.1981],[-102.98311,58.22007],[-103.00088,58.24302],[-102.98232,58.27461],[-102.94844,58.30552],[-102.91094,58.32271],[-102.86172,58.31758],[-102.83716,58.32988]]]},"properties":{"name":"Wollaston Lake"}},
{"type":"Feature","geometry":{"type":"Polygon","coordinates":[[[-109.23281,59.12656],[-109.16313,59.10181],[-109.10327,59.09775],[-108.9416,59.11523],[-108.75049,59.12026],[-108.21123,59.16108],[-107.95825,59.20366],[-107.83672,59.21582],[-107.81909,59.22852],[-107.78574,59.28828],[-107.75723,59.31963],[-107.73374,59.33638],[-107.7082,59.33999],[-107.62588,59.33125],[-107.60635,59.30034],[-107.58882,59.29243],[-107.45249,59.30396],[-107.20479,59.28433],[-106.70972,59.26294],[-106.04229,59.25186],[-106.01821,59.27134],[-106.02134,59.29009],[-106.60947,59.31963],[-106.81611,59.32681],[-107.23892,59.34819],[-107.55796,59.39575],[-107.95273,59.43442],[-108.21924,59.47334],[-108.53784,59.43516],[-108.74844,59.38672],[-108.85674,59.38696],[-108.8627,59.40645],[-108.79536,59.50366],[-108.82793,59.51045],[-109.03594,59.4978],[-109.17246,59.58672],[-109.26006,59.59995],[-109.39805,59.59722],[-109.54687,59.57012],[-109.62251,59.54253],[-109.70488,59.50391],[-109.80073,59.44502],[-109.79902,59.43345],[-109.777,59.41323],[-109.83452,59.38945],[-109.87529,59.35664],[-110.03472,59.29717],[-110.35234,59.15635],[-110.48311,59.11016],[-110.61196,59.04121],[-110.87187,58.8373],[-111.01855,58.76411],[-111.1248,58.73511],[-111.16074,58.73892],[-111.14976,58.7749],[-111.19443,58.78774],[-111.28037,58.78848],[-111.30146,58.75557],[-111.29541,58.72944],[-111.26206,58.70293],[-111.09756,58.61553],[-111.1105,58.57192],[-111.10684,58.54683],[-111.09316,58.52651],[-111.07495,58.50479],[-111.03604,58.52241],[-110.99028,58.59385],[-110.94355,58.62114],[-110.90337,58.6314],[-110.87671,58.62856],[-110.83892,58.51089],[-110.81196,58.51245],[-110.78711,58.54556],[-110.77739,58.58306],[-110.74717,58.61372],[-110.67266,58.63037],[-110.41147,58.63066],[-110.37607,58.64448],[-110.36953,58.67573],[-110.43506,58.69927],[-110.44014,58.71602],[-110.40317,58.76821],[-110.33623,58.82588],[-110.27559,58.86016],[-110.07378,58.94873],[-109.88589,59.0063],[-109.45298,59.08335],[-109.27856,59.12715],[-109.23281,59.12656]]]},"properties":{"name":"Lake Athabasca"}},
{"type":"Feature","geometry":{"type":"Polygon","coordinates":[[[-72.8999,51.14585],[-72.71855,51.21733],[-72.69014,51.24062],[-72.72349,51.25435],[-72.81128,51.24409],[-73.04087,51.15449],[-73.07183,51.16025],[-73.0915,51.17842],[-73.06743,51.20601],[-72.85107,51.30479],[-72.8001,51.33511],[-72.79189,51.35313],[-72.81133,51.36099],[-72.88999,51.354],[-73.04048,51.30938],[-73.06719,51.31724],[-72.98437,51.37803],[-72.98589,51.39702],[-73.06694,51.39038],[-73.20234,51.31978],[-73.37827,51.24028],[-73.64146,51.07759],[-73.89189,50.98101],[-73.90518,50.96274],[-73.88999,50.95381],[-73.91582,50.91035],[-73.91138,50.89746],[-73.85591,50.89795],[-73.84526,50.88818],[-73.95405,50.72192],[-74.10376,50.4478],[-74.13188,50.40317],[-74.10547,50.39878],[-74.00239,50.47808],[-73.93164,50.45767],[-73.91855,50.47427],[-73.91689,50.48916],[-73.92588,50.51416],[-73.91567,50.54385],[-73.88711,50.58994],[-73.83862,50.63931],[-73.87773,50.3811],[-73.89878,50.35244],[-73.89609,50.32744],[-73.87959,50.29702],[-73.83589,50.27583],[-73.82764,50.24937],[-73.87886,50.21797],[-74.01279,50.17827],[-74.09805,50.09185],[-74.19971,50.07573],[-74.21953,50.05757],[-74.15171,50.03774],[-74.07568,50.04268],[-74.03433,50.09063],[-74.00786,50.12041],[-73.90366,50.16177],[-73.81768,50.21138],[-73.79951,50.23618],[-73.81934,50.30063],[-73.83706,50.34077],[-73.84316,50.40571],[-73.83184,50.41289],[-73.80737,50.3877],[-73.78789,50.38994],[-73.79878,50.41206],[-73.8105,50.45195],[-73.81738,50.49902],[-73.8001,50.59517],[-73.77109,50.64077],[-73.63081,50.82402],[-73.59888,50.82456],[-73.57295,50.8353],[-73.39624,50.99351],[-73.29277,51.07686],[-73.17295,51.15781],[-73.15068,51.15605],[-73.14336,51.14473],[-73.12915,51.10552],[-73.13154,51.09033],[-73.15127,51.06958],[-73.17505,51.07134],[-73.18867,51.06924],[-73.26152,50.97734],[-73.39434,50.89268],[-73.45796,50.81377],[-73.45933,50.79326],[-73.37051,50.84463],[-73.25381,50.9125],[-73.13452,50.98896],[-73.11377,50.99678],[-72.98779,51.10356],[-72.8999,51.14585]]]},"properties":{"name":"Lake Mistassini"}},
{"type":"Feature","geometry":{"type":"Polygon","coordinates":[[[5.86719,52.56318],[5.83545,52.60928],[5.65342,52.62964],[5.61914,52.6585],[5.61309,52.68438],[5.61797,52.75767],[5.62529,52.78184],[5.66699,52.81733],[5.65684,52.85142],[5.54727,52.84565],[5.45498,52.85718],[5.42041,52.87446],[5.41309,52.90264],[5.39824,53.04194],[5.37725,53.0647],[5.26895,53.02725],[5.15234,52.9667],[5.06807,52.92344],[5.09404,52.88618],[5.11758,52.83599],[5.16484,52.78574],[5.24746,52.73037],[5.2417,52.66982],[5.13799,52.62661],[5.06592,52.62373],[5.05996,52.56558],[5.06982,52.52041],[5.06904,52.45137],[5.0623,52.43071],[5.03623,52.40459],[5.01406,52.36431],[5.03994,52.34414],[5.31602,52.2915],[5.49531,52.2519],[5.79512,52.42769],[5.87002,52.48535],[5.86719,52.56318]],[[5.80088,52.46577],[5.74102,52.429],[5.62061,52.37593],[5.54805,52.32441],[5.49912,52.30186],[5.42441,52.29766],[5.24238,52.33374],[5.18389,52.35835],[5.16855,52.37876],[5.37695,52.49033],[5.53926,52.55771],[5.65811,52.5876],[5.73555,52.58223],[5.79746,52.5646],[5.82949,52.53545],[5.83418,52.50225],[5.80088,52.46577]]]},"properties":{"name":"IJsselmeer"}},
{"type":"Feature","geometry":{"type":"Polygon","coordinates":[[[38.68096,58.1082],[38.704,58.11313],[38.69795,58.13296],[38.61924,58.20127],[38.63828,58.22031],[38.6917,58.20703],[38.77949,58.13477],[38.80518,58.12197],[38.81875,58.13481],[38.81211,58.25073],[38.83047,58.29556],[38.8709,58.33105],[39.00527,58.35806],[39.00039,58.38677],[38.97031,58.44082],[39.00371,58.47563],[38.98926,58.49561],[38.75283,58.54692],[38.60996,58.63657],[38.42734,58.74702],[38.11943,58.95459],[38.04697,58.99419],[37.91992,59.04209],[37.85771,59.07515],[37.86641,59.09409],[37.91016,59.10273],[38.17051,59.06504],[38.23945,59.0627],[38.33154,59.09258],[38.40732,59.15229],[38.41465,59.17344],[38.29404,59.16133],[38.18291,59.20308],[38.14326,59.20977],[38.12402,59.20288],[38.17637,59.14824],[38.18047,59.13213],[38.17969,59.11333],[38.15938,59.10156],[38.11621,59.10259],[38.02725,59.12808],[38.00742,59.14375],[38.00156,59.15977],[37.9873,59.17676],[37.94004,59.17407],[37.84287,59.15527],[37.64492,59.15679],[37.64004,59.1377],[37.67627,59.10234],[37.69561,59.06396],[37.67324,59.0252],[37.60889,58.98896],[37.49912,58.94419],[37.48438,58.9272],[37.46582,58.87456],[37.47129,58.85708],[37.50137,58.84478],[37.58125,58.89883],[37.64238,58.9189],[37.71367,58.92773],[37.77725,58.92622],[37.82832,58.91406],[37.86943,58.89707],[37.91758,58.85825],[37.9959,58.86167],[38.02393,58.7459],[37.96133,58.7436],[37.9417,58.7355],[37.94531,58.72031],[37.98418,58.69238],[37.9877,58.67222],[38.09551,58.63447],[38.10313,58.61948],[38.07383,58.59155],[38.07393,58.54194],[37.99492,58.55044],[37.76777,58.61763],[37.71484,58.61753],[37.63232,58.63623],[37.6209,58.62622],[37.6666,58.57246],[37.66113,58.55747],[37.60869,58.54531],[37.56465,58.55283],[37.5377,58.6127],[37.45918,58.63394],[37.41035,58.66997],[37.41035,58.68906],[37.42285,58.72656],[37.37227,58.73145],[37.30791,58.76001],[37.15078,58.84873],[37.16924,58.72563],[37.15459,58.70654],[37.15527,58.69497],[37.3168,58.65742],[37.41689,58.61309],[37.50713,58.53535],[37.89717,58.2918],[37.94404,58.30088],[38.14873,58.24863],[38.22051,58.2373],[38.25098,58.19873],[38.24961,58.10269],[38.25918,58.0709],[38.28105,58.05386],[38.31016,58.04058],[38.36924,58.03159],[38.41533,58.01558],[38.43711,58.01753],[38.43691,58.03564],[38.35703,58.1001],[38.38311,58.12188],[38.61172,58.11313],[38.68096,58.1082]]]},"properties":{"name":"Rybinsk Reservoir"}},
{"type":"Feature","geometry":{"type":"Polygon","coordinates":[[[78.30264,42.58838],[78.13633,42.60767],[78.11895,42.6415],[78.15137,42.67178],[78.24883,42.73374],[78.06377,42.72666],[77.68408,42.70181],[77.53486,42.65132],[77.3374,42.66968],[77.19023,42.64687],[76.96504,42.61226],[76.74707,42.56533],[76.45283,42.48857],[76.22646,42.4606],[76.21543,42.43521],[76.22725,42.38892],[76.26309,42.32759],[76.32871,42.32998],[76.43213,42.31953],[76.57773,42.29136],[76.92148,42.19043],[77.02295,42.17305],[77.13652,42.16816],[77.51455,42.18184],[77.59502,42.20039],[77.71621,42.24038],[77.85391,42.36665],[77.85176,42.4022],[77.8707,42.42827],[78.01416,42.48745],[78.15801,42.5501],[78.29238,42.56406],[78.30264,42.58838]]]},"properties":{"name":"Issyk-Kul"}},
{"type":"Feature","geometry":{"type":"Polygon","coordinates":[[[-94.05205,49.37314],[-94.14438,49.42744],[-94.13433,49.44844],[-94.17334,49.49658],[-94.30166,49.51489],[-94.36836,49.56313],[-94.36172,49.57627],[-94.3144,49.59976],[-94.33232,49.63936],[-94.31216,49.68516],[-94.34619,49.72446],[-94.45098,49.73755],[-94.49609,49.8041],[-94.53003,49.85273],[-94.53853,49.93125],[-94.58804,49.98799],[-94.6145,49.99268],[-94.65894,49.97446],[-94.67817,49.95273],[-94.57583,49.80732],[-94.55977,49.76382],[-94.58823,49.72378],[-94.823,49.69043],[-94.87026,49.6627],[-94.84014,49.6126],[-94.88838,49.58506],[-94.92627,49.57603],[-94.95806,49.57539],[-94.97339,49.58418],[-94.96152,49.6207],[-95.0084,49.63545],[-95.09922,49.63926],[-95.15249,49.62241],[-95.11606,49.54263],[-95.13862,49.47188],[-95.10742,49.46338],[-94.98511,49.49658],[-94.91084,49.52637],[-94.79556,49.59907],[-94.74487,49.61621],[-94.68823,49.62563],[-94.65049,49.6207],[-94.64541,49.60308],[-94.69087,49.56104],[-94.82231,49.51162],[-94.90937,49.43711],[-94.94067,49.4001],[-95.01421,49.36821],[-95.00898,49.34199],[-94.94087,49.32104],[-94.93564,49.23984],[-94.98276,49.19531],[-95.08506,49.17646],[-95.19854,49.16646],[-95.26055,49.13706],[-95.27656,49.10532],[-95.26562,49.05962],[-95.26729,49.02896],[-95.31548,48.96997],[-95.31284,48.92808],[-95.27354,48.88618],[-95.17925,48.89668],[-95.0373,48.95884],[-95.00264,48.96431],[-94.91572,48.92563],[-94.81777,48.86782],[-94.71279,48.86343],[-94.53682,48.94512],[-94.32378,49.0709],[-94.30952,49.10361],[-94.26499,49.11406],[-94.19687,49.09575],[-94.11733,49.12593],[-94.07402,49.15537],[-94.09883,49.16709],[-94.23999,49.18115],[-94.26743,49.19424],[-94.27158,49.22715],[-94.30264,49.25259],[-94.3541,49.26602],[-94.46411,49.23198],[-94.52207,49.26689],[-94.5772,49.29785],[-94.60898,49.34482],[-94.64023,49.35356],[-94.77812,49.3397],[-94.79014,49.35332],[-94.76953,49.39336],[-94.74521,49.40903],[-94.64639,49.44492],[-94.47383,49.47173],[-94.36455,49.48345],[-94.2542,49.4709],[-94.25137,49.45693],[-94.27837,49.40732],[-94.22114,49.3936],[-94.18213,49.33032],[-94.10947,49.26343],[-94.1147,49.23105],[-94.12871,49.21045],[-94.11899,49.20635],[-94.09229,49.2189],[-94.06523,49.23838],[-94.04727,49.26802],[-94.04111,49.35835],[-94.05205,49.37314]],[[-94.70161,49.19058],[-94.62148,49.19058],[-94.51523,49.21484],[-94.4481,49.20176],[-94.44624,49.17944],[-94.50586,49.11792],[-94.52827,49.04146],[-94.59351,49.03589],[-94.63076,49.0564],[-94.65688,49.08994],[-94.73149,49.0918],[-94.78369,49.17012],[-94.7874,49.19248],[-94.70161,49.19058]]]},"properties":{"name":"Lake of the Woods"}},
{"type":"Feature","geometry":{"type":"Polygon","coordinates":[[[-88.03047,49.96123],[-88.03325,49.97905],[-88.08364,50.00068],[-88.13257,50.03521],[-88.16885,50.02778],[-88.21318,49.99346],[-88.23472,49.99058],[-88.21763,50.02695],[-88.22236,50.05923],[-88.21538,50.0958],[-88.20449,50.11147],[-88.17222,50.11289],[-88.17051,50.13481],[-88.19922,50.18774],[-88.23184,50.21279],[-88.3438,50.275],[-88.38394,50.29077],[-88.42051,50.28916],[-88.41484,50.26533],[-88.34004,50.22583],[-88.28818,50.17798],[-88.27778,50.15933],[-88.2876,50.15005],[-88.31465,50.14795],[-88.35591,50.16201],[-88.46479,50.23765],[-88.55107,50.23911],[-88.63911,50.277],[-88.70454,50.25361],[-88.76938,50.21328],[-88.89321,50.05684],[-88.90464,50.02339],[-88.88848,49.93252],[-88.94507,49.87974],[-88.9502,49.85513],[-88.94062,49.81992],[-88.94941,49.80977],[-89.00444,49.78652],[-89.06924,49.82402],[-89.08701,49.80405],[-89.09209,49.77554],[-89.04541,49.72593],[-89.00752,49.71426],[-88.95571,49.75601],[-88.93032,49.75469],[-88.92905,49.69434],[-88.90649,49.61763],[-88.90742,49.57944],[-88.92021,49.55967],[-88.96006,49.5603],[-89.01641,49.58281],[-89.0186,49.56782],[-89.00034,49.52861],[-88.96006,49.50127],[-88.90903,49.5104],[-88.86895,49.52051],[-88.82319,49.53955],[-88.7856,49.56709],[-88.74419,49.63081],[-88.68813,49.6332],[-88.60747,49.64663],[-88.5873,49.62793],[-88.59019,49.60781],[-88.61035,49.60649],[-88.71035,49.58696],[-88.75942,49.52695],[-88.78594,49.48833],[-88.77295,49.45811],[-88.70571,49.4415],[-88.66758,49.43345],[-88.62183,49.42788],[-88.5627,49.46221],[-88.54702,49.48833],[-88.5522,49.5437],[-88.5416,49.54878],[-88.51348,49.51416],[-88.49355,49.4625],[-88.46655,49.44321],[-88.43872,49.39365],[-88.40601,49.38906],[-88.36831,49.43408],[-88.30488,49.45918],[-88.18027,49.46621],[-88.15859,49.50747],[-88.16567,49.58042],[-88.13423,49.63525],[-88.1124,49.71143],[-88.12949,49.78491],[-88.10806,49.86782],[-88.14331,49.89487],[-88.14453,49.91216],[-88.10649,49.93423],[-88.03047,49.96123]],[[-88.55435,50.02197],[-88.56665,49.99731],[-88.58818,49.9835],[-88.62515,49.95117],[-88.63589,49.91577],[-88.63589,49.89731],[-88.61128,49.86191],[-88.58975,49.83574],[-88.58203,49.81572],[-88.58818,49.80498],[-88.62051,49.82036],[-88.67593,49.84961],[-88.71592,49.84961],[-88.74824,49.86807],[-88.74673,49.87881],[-88.71904,49.90039],[-88.68823,49.92656],[-88.65439,49.94966],[-88.63896,49.98501],[-88.63281,50.01738],[-88.62974,50.04351],[-88.61592,50.04658],[-88.58975,50.04658],[-88.55435,50.03579],[-88.55435,50.02197]],[[-88.38501,49.64727],[-88.39946,49.61699],[-88.49033,49.61172],[-88.48901,49.66045],[-88.42187,49.68545],[-88.39292,49.69995],[-88.37446,49.6894],[-88.38501,49.64727]]]},"properties":{"name":"Lake Nipigon"}},
{"type":"Feature","geometry":{"type":"Polygon","coordinates":[[[-101.72427,57.90981],[-101.7332,57.87295],[-101.81543,57.84312],[-101.84648,57.86646],[-101.84673,57.89766],[-101.80327,58.02041],[-101.81934,58.0646],[-101.86777,58.05352],[-101.91255,57.99082],[-101.971,57.96343],[-102.01328,58.00293],[-101.99097,58.08833],[-102.05244,58.10737],[-102.15088,58.03789],[-102.14868,57.99268],[-102.20503,57.93096],[-102.4395,57.79868],[-102.52261,57.73047],[-102.64014,57.70186],[-102.6918,57.68823],[-102.69302,57.63706],[-102.67397,57.59727],[-102.69438,57.56431],[-102.79053,57.50371],[-102.89014,57.45068],[-102.93301,57.3644],[-102.91934,57.29521],[-102.85244,57.29863],[-102.78892,57.28271],[-102.7208,57.24487],[-102.69341,57.20991],[-102.72197,57.15352],[-102.74185,57.10093],[-102.67573,57.0833],[-102.58379,57.04624],[-102.5543,56.99839],[-102.5437,56.92974],[-102.56982,56.83037],[-102.6252,56.78672],[-102.6769,56.77314],[-102.69219,56.7416],[-102.73247,56.71626],[-102.79351,56.70854],[-102.86152,56.6833],[-102.97773,56.56157],[-103.05107,56.56865],[-103.07998,56.67661],[-103.06904,56.84912],[-103.10557,56.85298],[-103.12935,56.76416],[-103.15293,56.61982],[-103.19189,56.55527],[-103.24146,56.57417],[-103.29336,56.54336],[-103.29844,56.49595],[-103.25703,56.47534],[-103.26094,56.43652],[-103.27144,56.3873],[-103.2876,56.3041],[-103.27163,56.27656],[-103.24072,56.27769],[-103.23232,56.30894],[-103.20112,56.35786],[-103.13667,56.41421],[-103.08687,56.41948],[-103.04385,56.37979],[-102.97729,56.36924],[-102.93779,56.40171],[-102.92686,56.44082],[-102.88535,56.47349],[-102.60088,56.56372],[-102.54365,56.58774],[-102.46538,56.60786],[-102.43921,56.62671],[-102.43711,56.65801],[-102.39824,56.69688],[-102.35562,56.77144],[-102.33999,56.80957],[-102.31265,56.83843],[-102.17676,56.86396],[-102.12749,56.91499],[-102.04082,56.96494],[-101.96206,57.02471],[-101.99912,57.054],[-102.0481,57.11426],[-102.03242,57.19121],[-101.95742,57.23882],[-101.86416,57.25024],[-101.8356,57.27017],[-101.88774,57.30522],[-102.09385,57.36758],[-102.10615,57.4272],[-102.04775,57.48418],[-101.96108,57.51655],[-101.82837,57.57856],[-101.73467,57.64663],[-101.63013,57.75747],[-101.54341,57.81597],[-101.5334,57.87998],[-101.54429,57.92021],[-101.67822,57.91753],[-101.72427,57.90981]]]},"properties":{"name":"Reindeer Lake"}},
{"type":"Feature","geometry":{"type":"Polygon","coordinates":[[[-75.75,43.22554],[-75.86074,43.24785],[-76.06006,43.26274],[-76.09639,43.25366],[-76.09561,43.23794],[-75.95918,43.17676],[-75.79961,43.18086],[-75.73345,43.20566],[-75.75,43.22554]]]},"properties":{"name":"Oneida Lake"}},
{"type":"Feature","geometry":{"type":"Polygon","coordinates":[[[-153.97129,59.76934],[-154.07422,59.77964],[-154.1895,59.78071],[-154.32817,59.79141],[-154.99272,59.70542],[-155.25981,59.66191],[-155.8457,59.5376],[-155.91372,59.45649],[-155.88135,59.37686],[-155.74336,59.33452],[-154.90742,59.43193],[-154.6855,59.44277],[-154.61353,59.45146],[-154.58301,59.47373],[-154.57856,59.50278],[-154.55518,59.54814],[-154.56289,59.59219],[-154.53384,59.62793],[-154.37134,59.66543],[-154.23027,59.68691],[-154.10874,59.71763],[-153.97129,59.76934]]]},"properties":{"name":"Iliamna Lake"}},
{"type":"Feature","geometry":{"type":"Polygon","coordinates":[[[-155.96084,57.87017],[-155.97578,57.90918],[-156.279,58.00649],[-156.63774,58.08579],[-156.8166,58.06719],[-156.88359,57.99907],[-156.83169,57.9314],[-156.67754,57.88809],[-156.60469,57.87944],[-156.35811,57.83555],[-156.1606,57.79717],[-156.11484,57.74888],[-156.1271,57.68887],[-156.15923,57.63335],[-156.13047,57.6395],[-156.04043,57.70527],[-155.99307,57.76348],[-155.99585,57.79341],[-156.02134,57.81226],[-156.02124,57.8374],[-155.96084,57.87017]]]},"properties":{"name":""}},
{"type":"Feature","geometry":{"type":"Polygon","coordinates":[[[-119.94268,39.0251],[-119.91836,39.20654],[-119.93594,39.25396],[-119.96167,39.25396],[-119.98599,39.24238],[-120.05913,39.22144],[-120.13223,39.14292],[-120.13916,39.09077],[-120.11333,39.06035],[-120.08081,38.97095],[-120.0334,38.94526],[-119.96572,38.95742],[-119.94268,39.0251]]]},"properties":{"name":"Lake Tahoe"}},
{"type":"Feature","geometry":{"type":"Polygon","coordinates":[[[35.32373,-14.61904],[35.29775,-14.5627],[35.26758,-14.51729],[35.24023,-14.50986],[35.20801,-14.53135],[35.19795,-14.57959],[35.19727,-14.68184],[35.24932,-14.73887],[35.27002,-14.73311],[35.29326,-14.68389],[35.32373,-14.61904]]]},"properties":{"name":""}},
{"type":"Feature","geometry":{"type":"Polygon","coordinates":[[[84.51563,47.92988],[84.46836,47.96938],[84.33389,48.0231],[84.16709,48.05596],[84.05146,48.0835],[83.88066,48.1519],[83.74004,48.19766],[83.63359,48.2415],[83.58125,48.26748],[83.59619,48.30303],[83.68193,48.35342],[83.90713,48.37354],[83.91943,48.39722],[83.77393,48.41045],[83.61338,48.43726],[83.5168,48.61685],[83.48691,48.71826],[83.51406,48.81333],[83.60918,48.9104],[83.77676,48.97539],[83.86406,48.99438],[84.14902,49.08604],[84.32861,49.12485],[84.36064,49.16055],[84.28779,49.2377],[83.82314,49.48394],[83.72949,49.53521],[83.75654,49.56436],[83.79668,49.59712],[83.81826,49.63364],[83.96123,49.70264],[83.96357,49.72637],[83.88984,49.72041],[83.73984,49.63096],[83.6082,49.60625],[83.39121,49.65239],[83.36367,49.64385],[83.36484,49.62607],[83.42646,49.57339],[83.47891,49.53823],[83.53896,49.53188],[83.60801,49.48623],[83.66035,49.44292],[83.72441,49.43955],[83.84854,49.41709],[83.97246,49.32881],[84.0998,49.23804],[84.12061,49.15908],[84.03613,49.1106],[83.87168,49.0627],[83.74727,49.03926],[83.58945,48.9624],[83.47119,48.8582],[83.42266,48.74321],[83.41738,48.59746],[83.38701,48.554],[83.39219,48.49985],[83.46074,48.43228],[83.53262,48.37515],[83.49756,48.30454],[83.43525,48.26997],[83.2751,48.26133],[83.18213,48.24937],[83.03857,48.24961],[83.02676,48.21187],[83.08262,48.17822],[83.25898,48.09463],[83.44453,48.04883],[83.62461,48.01279],[83.76563,47.95117],[83.99434,47.84326],[84.2418,47.70645],[84.296,47.69912],[84.35684,47.73213],[84.39434,47.81616],[84.42666,47.85688],[84.51563,47.92988]]]},"properties":{"name":"Lake Zaysan"}},
{"type":"Feature","geometry":{"type":"Polygon","coordinates":[[[-88.3251,44.06758],[-88.32109,44.18018],[-88.35811,44.19604],[-88.41792,44.19453],[-88.48447,44.11045],[-88.51875,44.02905],[-88.49185,43.93916],[-88.46484,43.81343],[-88.43105,43.80811],[-88.38335,43.86602],[-88.33379,43.93813],[-88.3251,44.06758]]]},"properties":{"name":"Lake Winnebago"}},
{"type":"Feature","geometry":{"type":"Polygon","coordinates":[[[-71.43848,66.59639],[-71.30566,66.51533],[-71.23081,66.41758],[-71.16348,66.37153],[-71.12656,66.33062],[-71.14673,66.29004],[-71.15,66.25649],[-71.14463,66.21484],[-71.19355,66.15078],[-71.17935,66.08271],[-71.22109,66.02422],[-71.3209,65.9874],[-71.31064,65.96899],[-71.22578,65.95352],[-71.10371,65.99082],[-70.85073,66.15586],[-70.71035,66.20396],[-70.67681,66.22559],[-70.65649,66.25195],[-70.61885,66.28242],[-70.58154,66.28916],[-70.51943,66.26499],[-70.37646,66.19478],[-70.18486,66.22012],[-69.97549,66.25835],[-69.88979,66.25425],[-69.76963,66.20308],[-69.7418,66.20459],[-69.73164,66.22031],[-69.68408,66.24292],[-69.64766,66.24624],[-69.63638,66.2188],[-69.58506,66.20322],[-69.55654,66.21162],[-69.53047,66.23833],[-69.51143,66.26763],[-69.47134,66.28975],[-69.34019,66.33516],[-69.2207,66.40591],[-69.25327,66.45083],[-69.34736,66.44854],[-69.40161,66.43159],[-69.42305,66.42949],[-69.55298,66.43208],[-69.64575,66.44175],[-69.64575,66.47568],[-69.5271,66.50278],[-69.46606,66.54688],[-69.48979,66.58076],[-69.62129,66.602],[-69.73623,66.62778],[-69.94546,66.68828],[-70.21064,66.73145],[-70.28813,66.748],[-70.35293,66.73677],[-70.46284,66.75327],[-70.56899,66.79438],[-70.61064,66.83247],[-70.62998,66.86763],[-70.73691,66.92334],[-70.78779,66.96709],[-70.82568,66.99443],[-71.00137,67.02021],[-71.17388,67.02803],[-71.22744,67.00078],[-71.19414,66.94463],[-71.20923,66.86196],[-71.33101,66.72554],[-71.37271,66.6627],[-71.42119,66.62764],[-71.43848,66.59639]]]},"properties":{"name":"Nettilling Lake"}},
{"type":"Feature","geometry":{"type":"Polygon","coordinates":[[[36.68457,2.53779],[36.69668,2.72661],[36.65205,2.8584],[36.53848,2.92373],[36.42725,3.01143],[36.31074,3.20664],[36.22119,3.47295],[36.22588,3.87983],[36.21309,4.05352],[36.21475,4.14785],[36.19697,4.43091],[36.17412,4.63193],[36.15508,4.65391],[36.13242,4.65298],[36.09795,4.62329],[36.07373,4.55503],[36.04492,4.53901],[35.99473,4.56562],[35.95049,4.55293],[35.92559,4.38516],[35.91895,4.27041],[35.88828,4.03843],[35.85723,3.87563],[35.84727,3.77529],[35.87227,3.59814],[35.91455,3.51895],[35.93721,3.48232],[35.96592,3.36802],[36.03809,3.2644],[36.11279,3.1666],[36.15361,3.03789],[36.2001,2.97358],[36.24229,2.96562],[36.33135,2.87393],[36.42402,2.73442],[36.53496,2.44785],[36.571,2.40518],[36.63301,2.42471],[36.68457,2.53779]]]},"properties":{"name":"Lake Turkana"}},
{"type":"Feature","geometry":{"type":"Polygon","coordinates":[[[-101.93457,63.22109],[-102.0793,63.19375],[-102.16016,63.16479],[-102.17368,63.12197],[-102.12739,63.08887],[-102.09707,63.07637],[-102.09097,63.06563],[-102.04834,63.0042],[-102.03467,62.92456],[-101.98921,62.88657],[-101.91567,62.87666],[-101.8231,62.88057],[-101.75469,62.80054],[-101.67275,62.79663],[-101.58965,62.77603],[-101.55298,62.7228],[-101.5543,62.68398],[-101.52939,62.66401],[-101.51211,62.6749],[-101.49897,62.73975],[-101.47256,62.79063],[-101.43413,62.84478],[-101.41436,62.91064],[-101.38052,62.92812],[-101.33003,62.89126],[-101.32173,62.82813],[-101.35371,62.76602],[-101.39248,62.721],[-101.38154,62.68267],[-101.29038,62.66606],[-101.13823,62.71323],[-101.02793,62.76113],[-101.02266,62.80273],[-101.05903,62.85796],[-101.02773,62.89604],[-100.98232,62.91064],[-100.88369,62.95625],[-100.88408,63.00723],[-101.00669,63.05239],[-101.06055,63.06021],[-101.10371,63.10186],[-101.11348,63.17144],[-101.06421,63.24253],[-101.06006,63.26753],[-101.04053,63.2918],[-100.98315,63.30317],[-100.91709,63.30068],[-100.86362,63.29351],[-100.8229,63.29722],[-100.77031,63.31904],[-100.6728,63.37295],[-100.64438,63.46846],[-100.70576,63.54648],[-100.79912,63.54033],[-100.85601,63.51987],[-100.90244,63.53032],[-101.00801,63.46304],[-101.06104,63.45962],[-101.08125,63.43896],[-101.13721,63.43037],[-101.27578,63.49058],[-101.33232,63.46685],[-101.29282,63.41494],[-101.31938,63.3938],[-101.36533,63.39668],[-101.39575,63.41836],[-101.45679,63.44316],[-101.54751,63.45591],[-101.58369,63.42754],[-101.5835,63.39731],[-101.61104,63.38213],[-101.63521,63.37524],[-101.68838,63.37002],[-101.74907,63.33716],[-101.80708,63.26709],[-101.93457,63.22109]]]},"properties":{"name":"Dubawnt Lake"}},
{"type":"Feature","geometry":{"type":"Polygon","coordinates":[[[-94.62563,64.15884],[-94.65015,64.19678],[-94.79297,64.21709],[-94.91719,64.22505],[-95.03716,64.23877],[-95.25059,64.27388],[-95.7439,64.30176],[-96.20259,64.32461],[-96.27339,64.30142],[-96.22744,64.19297],[-95.94556,64.12681],[-95.83901,64.08408],[-95.78418,64.05625],[-95.67144,64.05645],[-95.50176,64.0583],[-95.29937,64.07915],[-94.8604,64.06553],[-94.62388,64.03105],[-94.45469,63.99639],[-94.31162,64.01245],[-94.22451,64.07607],[-94.24702,64.12368],[-94.34619,64.1355],[-94.45635,64.13955],[-94.5563,64.14907],[-94.62563,64.15884]]]},"properties":{"name":"Baker Lake"}},
{"type":"Feature","geometry":{"type":"Polygon","coordinates":[[[19.76406,54.43384],[19.76895,54.43799],[19.9292,54.51714],[20.10225,54.58252],[20.40488,54.68164],[20.2083,54.68398],[20.08428,54.67314],[20.0335,54.70205],[19.98799,54.70996],[19.9584,54.68203],[19.9415,54.64668],[19.87871,54.58911],[19.71709,54.48228],[19.76406,54.43384]]]},"properties":{"name":"Kaliningradskiy Zaliv"}},
{"type":"Feature","geometry":{"type":"Polygon","coordinates":[[[19.71709,54.48228],[19.61641,54.42642],[19.50273,54.38096],[19.27861,54.33838],[19.25098,54.31064],[19.34678,54.26797],[19.48086,54.30044],[19.58594,54.34849],[19.6583,54.37417],[19.73848,54.41182],[19.76406,54.43384],[19.71709,54.48228]]]},"properties":{"name":"Zalev Wislany"}},
{"type":"Feature","geometry":{"type":"Polygon","coordinates":[[[-73.37324,44.14771],[-73.32593,44.23384],[-73.28779,44.31997],[-73.27056,44.39673],[-73.24834,44.43667],[-73.23584,44.43281],[-73.22764,44.44497],[-73.22852,44.49326],[-73.25562,44.50684],[-73.26255,44.5418],[-73.2269,44.56323],[-73.21372,44.58643],[-73.19443,44.70713],[-73.17622,44.87397],[-73.17251,44.91909],[-73.19268,44.95659],[-73.16274,44.98545],[-73.11084,45.00933],[-73.08784,45.04614],[-73.104,45.07798],[-73.14683,45.073],[-73.204,45.02168],[-73.25542,44.94248],[-73.28506,44.91265],[-73.29639,44.91401],[-73.30796,44.95596],[-73.32393,45.02876],[-73.34678,45.01802],[-73.38286,44.93608],[-73.39985,44.7749],[-73.4438,44.63755],[-73.40034,44.43086],[-73.37686,44.39277],[-73.35405,44.28115],[-73.44395,44.19297],[-73.45122,44.0834],[-73.44697,44.0311],[-73.43027,44.00498],[-73.40322,43.86553],[-73.3856,43.8105],[-73.36763,43.75698],[-73.35571,43.78071],[-73.36934,43.87573],[-73.40493,44.05386],[-73.37324,44.14771]]]},"properties":{"name":"Lake Champlain"}},
{"type":"Feature","geometry":{"type":"Polygon","coordinates":[[[-115.61162,33.27446],[-115.65996,33.3208],[-115.88394,33.45166],[-115.94844,33.51943],[-116.01045,33.52192],[-116.05347,33.5021],[-116.06172,33.43262],[-115.91133,33.30254],[-115.78887,33.14658],[-115.6979,33.13828],[-115.61606,33.22261],[-115.61162,33.27446]]]},"properties":{"name":"Salton Sea"}},
{"type":"Feature","geometry":{"type":"Polygon","coordinates":[[[-117.31875,63.20874],[-117.33882,63.22437],[-117.43525,63.29766],[-117.46992,63.30488],[-117.56973,63.35815],[-117.5752,63.37158],[-117.62964,63.38369],[-117.76401,63.4042],[-117.91499,63.46641],[-118.00054,63.54414],[-118.1002,63.57021],[-118.34429,63.51294],[-118.56396,63.42788],[-118.62827,63.3751],[-118.62744,63.33696],[-118.4666,63.30957],[-118.31479,63.29067],[-118.20098,63.28267],[-118.16411,63.26104],[-118.13721,63.24961],[-118.10732,63.22344],[-117.78525,63.13271],[-117.73848,63.11313],[-117.55415,63.11348],[-117.35957,63.14624],[-117.3062,63.18535],[-117.31875,63.20874]]]},"properties":{"name":"Lac la Martre"}},
{"type":"Feature","geometry":{"type":"Polygon","coordinates":[[[-72.96738,-41.28545],[-72.87622,-41.29385],[-72.72695,-41.19961],[-72.62944,-41.21445],[-72.59902,-41.18359],[-72.6394,-41.09961],[-72.70322,-41.02578],[-72.77627,-40.98936],[-72.84873,-40.97441],[-72.91206,-41.02061],[-72.97383,-41.0875],[-72.9938,-41.1501],[-72.98911,-41.22764],[-72.96738,-41.28545]]]},"properties":{"name":"Lago Llanquihue"}},
{"type":"Feature","geometry":{"type":"Polygon","coordinates":[[[118.60469,33.17207],[118.65293,33.17383],[118.67842,33.12417],[118.68086,33.07651],[118.71553,33.08931],[118.77822,33.17637],[118.83379,33.30444],[118.86055,33.33867],[118.86055,33.35654],[118.77432,33.44277],[118.66357,33.46309],[118.6084,33.51489],[118.57119,33.61982],[118.54424,33.64463],[118.49307,33.62266],[118.4877,33.53984],[118.54697,33.43691],[118.60713,33.37603],[118.57002,33.37187],[118.49004,33.40146],[118.44648,33.40684],[118.3917,33.33804],[118.31836,33.26836],[118.27305,33.26729],[118.23291,33.28809],[118.24922,33.22114],[118.32217,33.18247],[118.45449,33.16016],[118.47012,33.12778],[118.45986,33.09863],[118.43965,33.06792],[118.4166,33.03818],[118.40723,33.00986],[118.34023,32.99424],[118.2749,33.04478],[118.22656,33.14287],[118.1749,33.21021],[118.11426,33.2147],[117.9915,33.18721],[117.91162,33.18101],[117.88633,33.15718],[117.87441,33.09321],[117.85137,33.06216],[117.80898,33.0481],[117.83818,33.03838],[117.8916,33.06455],[117.91465,33.12598],[117.97852,33.14233],[118.10205,33.1438],[118.18232,33.13936],[118.23428,33.04629],[118.24033,33.00845],[118.22578,32.99058],[118.13018,33.02778],[118.08418,33.00547],[118.0499,32.96382],[118.06621,32.93555],[118.08818,32.95835],[118.14209,32.98613],[118.18086,32.97129],[118.19189,32.94126],[118.17119,32.90615],[118.1832,32.88477],[118.22705,32.89663],[118.2666,32.9248],[118.43076,32.97275],[118.4917,32.99805],[118.51865,33.03633],[118.57354,33.14082],[118.60469,33.17207]]]},"properties":{"name":"Hongze Hu"}},
{"type":"Feature","geometry":{"type":"Polygon","coordinates":[[[100.78682,51.39697],[100.75205,51.44678],[100.55928,51.61025],[100.525,51.59688],[100.49121,51.55576],[100.37969,51.46606],[100.38789,51.44058],[100.40215,51.39209],[100.35605,51.35161],[100.28398,51.25039],[100.29619,51.10859],[100.24775,50.74277],[100.22813,50.65386],[100.19385,50.59404],[100.17949,50.5313],[100.19336,50.4938],[100.37002,50.53833],[100.44434,50.56812],[100.47256,50.60322],[100.47344,50.6251],[100.44521,50.65894],[100.47158,50.73906],[100.50723,50.80869],[100.68818,50.98301],[100.68467,51.01934],[100.73027,51.13818],[100.74854,51.22227],[100.77041,51.29321],[100.78682,51.39697]]]},"properties":{"name":"Khövsgöl Nuur"}},
{"type":"Feature","geometry":{"type":"Polygon","coordinates":[[[92.31641,50.30166],[92.33652,50.22759],[92.38174,50.14189],[92.49834,50.05317],[92.60137,50.00522],[92.72168,50.00996],[92.91279,50.05591],[93.01836,50.14502],[93.09521,50.19834],[93.21582,50.25112],[93.30059,50.25542],[93.36182,50.28159],[93.32539,50.30835],[93.2542,50.32734],[93.25918,50.3582],[93.22744,50.36406],[93.07588,50.42769],[92.97773,50.53955],[92.99023,50.60796],[92.96465,50.63823],[92.89277,50.65825],[92.78945,50.61694],[92.5459,50.54033],[92.34824,50.47505],[92.23545,50.41299],[92.31641,50.30166]]]},"properties":{"name":"Uvs Nuur"}},
{"type":"Feature","geometry":{"type":"Polygon","coordinates":[[[29.12842,-8.66172],[29.07773,-8.60029],[28.95371,-8.52061],[28.86709,-8.51289],[28.64346,-8.76758],[28.36738,-9.10078],[28.32598,-9.23691],[28.32422,-9.36396],[28.3335,-9.44971],[28.37744,-9.50273],[28.47422,-9.50527],[28.50977,-9.48477],[28.50391,-9.44131],[28.5208,-9.40439],[28.5917,-9.40684],[28.6959,-9.39639],[28.76914,-9.27246],[28.89141,-9.0915],[29.02051,-8.92227],[29.10723,-8.74023],[29.12842,-8.66172]]]},"properties":{"name":"Lac Moeru"}},
{"type":"Feature","geometry":{"type":"Polygon","coordinates":[[[132.80977,45.05156],[132.8082,45.14878],[132.7252,45.23008],[132.57949,45.29624],[132.40195,45.32896],[132.23018,45.32842],[132.07109,45.28682],[132.00498,45.21401],[132.01719,45.12661],[132.01514,45.07427],[132.10869,44.96865],[132.08438,44.85137],[132.06904,44.74253],[132.16855,44.67397],[132.24121,44.62998],[132.23848,44.6061],[132.27588,44.56899],[132.36553,44.52944],[132.45967,44.6126],[132.61357,44.71133],[132.74287,44.94268],[132.80977,45.05156]]]},"properties":{"name":"Lake Khanka"}},
{"type":"Feature","geometry":{"type":"Polygon","coordinates":[[[104.57021,12.42637],[104.59053,12.43154],[104.56523,12.46274],[104.55781,12.48564],[104.55479,12.51436],[104.49844,12.54048],[104.471,12.55869],[104.46777,12.571],[104.46797,12.6396],[104.43984,12.72432],[104.36973,12.74697],[104.26777,12.73862],[104.23477,12.76401],[104.19902,12.84482],[104.09961,13.03555],[103.98066,13.1792],[103.84209,13.23467],[103.73105,13.2499],[103.69912,13.20703],[103.72373,13.12139],[103.75469,13.03901],[103.80645,12.94687],[103.89541,12.86694],[104.00752,12.80396],[104.10459,12.78862],[104.14033,12.67114],[104.25781,12.56387],[104.40137,12.5085],[104.46406,12.50605],[104.53213,12.45811],[104.57021,12.42637]]]},"properties":{"name":"Tonlé Sap"}},
{"type":"Feature","geometry":{"type":"Polygon","coordinates":[[[100.75273,36.81089],[100.58555,36.90264],[100.44785,37.0252],[100.27451,37.15024],[100.1043,37.20156],[99.95625,37.21782],[99.83633,37.18247],[99.78721,37.14902],[99.8043,37.0666],[99.83447,36.98804],[99.81641,36.95537],[99.76162,36.94824],[99.68086,36.94741],[99.6499,36.91128],[99.70039,36.85313],[99.82744,36.7394],[99.9585,36.67871],[100.22773,36.64468],[100.43057,36.64106],[100.52295,36.58018],[100.62754,36.55684],[100.7043,36.58936],[100.72256,36.6728],[100.72266,36.74502],[100.7457,36.7811],[100.75273,36.81089]]]},"properties":{"name":"Qinghai Hu"}},
{"type":"Feature","geometry":{"type":"Polygon","coordinates":[[[71.23857,67.9896],[71.34268,67.9875],[71.38066,67.99731],[71.38066,68.02485],[71.27744,68.05933],[71.09297,68.10342],[70.96445,68.09834],[70.92979,68.06465],[70.97061,68.01162],[71.06494,67.9957],[71.13262,68.0002],[71.23857,67.9896]]]},"properties":{"name":"Ozero Yarroto Vtoroye"}},
{"type":"Feature","geometry":{"type":"Polygon","coordinates":[[[43.26123,33.72773],[43.33184,33.71709],[43.41963,33.70625],[43.47832,33.7291],[43.47646,33.80693],[43.49277,33.88804],[43.46748,33.95044],[43.3623,34.04268],[43.23877,34.14141],[43.11582,34.32915],[43.08359,34.31475],[43.06602,34.25806],[43.07363,34.11299],[43.10615,33.91519],[43.19629,33.79209],[43.26123,33.72773]]]},"properties":{"name":"Lake Tharthar"}},
{"type":"Feature","geometry":{"type":"Polygon","coordinates":[[[43.87842,32.6877],[43.82061,32.73213],[43.71992,32.80845],[43.58271,33.03936],[43.5502,33.07944],[43.50781,33.05986],[43.46855,33.01089],[43.4751,32.91948],[43.45146,32.87925],[43.43242,32.86895],[43.42305,32.81035],[43.4376,32.71494],[43.48213,32.64238],[43.57725,32.59551],[43.62861,32.57993],[43.66807,32.55347],[43.73945,32.53101],[43.79258,32.53516],[43.8626,32.61152],[43.87842,32.6877]]]},"properties":{"name":"Razzaza Lake"}},
{"type":"Feature","geometry":{"type":"Polygon","coordinates":[[[35.58535,31.72417],[35.55898,31.76553],[35.52197,31.75586],[35.4626,31.71035],[35.42139,31.61855],[35.40215,31.49243],[35.40313,31.34824],[35.42285,31.32539],[35.521,31.32725],[35.54512,31.35913],[35.5668,31.57397],[35.58535,31.72417]]]},"properties":{"name":"Dead Sea"}},
{"type":"Feature","geometry":{"type":"Polygon","coordinates":[[[27.49707,58.18413],[27.62383,58.01426],[27.67832,58.01851],[27.80273,57.99023],[27.88164,57.93701],[27.87539,57.92041],[27.91094,57.89575],[27.99209,57.86812],[28.10176,57.85996],[28.16924,57.9145],[28.14922,57.97466],[28.09697,58.04443],[27.97305,58.13262],[27.86514,58.17349],[27.71436,58.16426],[27.5918,58.17461],[27.56855,58.21479],[27.49707,58.18413]]]},"properties":{"name":"Lake Pskov"}},
{"type":"Feature","geometry":{"type":"Polygon","coordinates":[[[-72.05464,48.45366],[-71.92441,48.44375],[-71.82251,48.47515],[-71.78057,48.51821],[-71.77373,48.5606],[-71.77563,48.60991],[-71.8457,48.65942],[-71.90698,48.68145],[-71.99961,48.72363],[-72.15806,48.75527],[-72.29053,48.73315],[-72.33052,48.66855],[-72.30615,48.61934],[-72.24209,48.57485],[-72.16543,48.48101],[-72.13335,48.4689],[-72.05464,48.45366]]]},"properties":{"name":"Lac Saint-Jean"}},
{"type":"Feature","geometry":{"type":"Polygon","coordinates":[[[-77.05757,42.64448],[-77.07749,42.64849],[-77.11338,42.56885],[-77.14814,42.56836],[-77.16992,42.51196],[-77.20303,42.43735],[-77.19102,42.42539],[-77.10737,42.521],[-77.05757,42.64448]]]},"properties":{"name":"Keuka L."}},
{"type":"Feature","geometry":{"type":"Polygon","coordinates":[[[-76.8792,42.41631],[-76.87646,42.44419],[-76.88271,42.53672],[-76.88203,42.68276],[-76.954,42.86963],[-76.96992,42.87759],[-76.954,42.73018],[-76.91758,42.59136],[-76.91016,42.45923],[-76.8792,42.41631]]]},"properties":{"name":"Seneca Lake"}},
{"type":"Feature","geometry":{"type":"Polygon","coordinates":[[[-76.51973,42.50107],[-76.60312,42.5939],[-76.66514,42.66841],[-76.70103,42.75786],[-76.73486,42.94331],[-76.75083,42.92539],[-76.77275,42.77798],[-76.66714,42.60269],[-76.58633,42.54736],[-76.52769,42.48916],[-76.51973,42.50107]]]},"properties":{"name":"Cayuga Lake"}},
{"type":"Feature","geometry":{"type":"Polygon","coordinates":[[[4.68525,10.36548],[4.66719,10.41006],[4.64961,10.51689],[4.68037,10.58477],[4.65615,10.60723],[4.60615,10.61655],[4.56689,10.60278],[4.4915,10.64404],[4.47031,10.62671],[4.45947,10.46006],[4.45098,10.43789],[4.43789,10.41807],[4.39951,10.40337],[4.39961,10.37529],[4.46543,10.30552],[4.48486,10.22881],[4.46387,10.1959],[4.47021,10.18604],[4.50576,10.17368],[4.51006,10.14756],[4.49521,10.12612],[4.46787,10.09849],[4.47373,10.07002],[4.49551,10.06626],[4.53682,10.02827],[4.56572,9.90322],[4.59404,9.8668],[4.62568,9.8645],[4.65859,9.88472],[4.61709,10.00278],[4.5998,10.11294],[4.59824,10.19609],[4.67852,10.34434],[4.68525,10.36548]]]},"properties":{"name":"Kainji Reservoir"}},
{"type":"Feature","geometry":{"type":"Polygon","coordinates":[[[45.66631,37.74189],[45.54609,37.75435],[45.4832,37.75356],[45.43594,37.8062],[45.44746,37.93242],[45.4873,38.07295],[45.4584,38.17344],[45.35693,38.26426],[45.10557,38.26426],[45.02598,38.19272],[45.01543,38.14438],[45.0918,38.14004],[45.17119,38.14385],[45.18818,38.10786],[45.15547,38.04453],[45.08027,37.9876],[45.08701,37.8854],[45.23418,37.76367],[45.25322,37.68496],[45.25713,37.61543],[45.29248,37.43804],[45.36455,37.22661],[45.44854,37.14946],[45.53555,37.13486],[45.6125,37.21172],[45.66279,37.28813],[45.70264,37.30298],[45.83115,37.34053],[45.85771,37.42646],[45.75498,37.57773],[45.74873,37.66255],[45.74668,37.70117],[45.66631,37.74189]]]},"properties":{"name":"Lake Urmia"}},
{"type":"Feature","geometry":{"type":"Polygon","coordinates":[[[-106.25815,57.69634],[-106.28013,57.71299],[-106.31631,57.70522],[-106.42212,57.64873],[-106.65493,57.59746],[-106.83135,57.48979],[-106.92354,57.46216],[-107.01807,57.47695],[-107.06914,57.47568],[-107.06382,57.45728],[-107.02817,57.42622],[-107.0603,57.38599],[-107.08306,57.36069],[-107.07305,57.32559],[-107.09058,57.23569],[-107.07925,57.22422],[-107.0355,57.22896],[-106.96982,57.25356],[-106.93301,57.28652],[-106.88384,57.32051],[-106.80356,57.35557],[-106.76362,57.35557],[-106.73188,57.34199],[-106.69834,57.32715],[-106.60762,57.33701],[-106.54146,57.32627],[-106.37378,57.3689],[-106.25439,57.37422],[-106.19326,57.39819],[-106.13999,57.41392],[-106.09541,57.4646],[-106.09653,57.50693],[-106.08696,57.53516],[-106.10645,57.55996],[-106.11436,57.59546],[-106.1104,57.65464],[-106.18149,57.68096],[-106.25815,57.69634]]]},"properties":{"name":"Cree Lake"}},
{"type":"Feature","geometry":{"type":"Polygon","coordinates":[[[-99.60625,62.95884],[-99.76431,62.8728],[-99.76216,62.848],[-99.72954,62.81948],[-99.5731,62.80747],[-99.38589,62.81694],[-99.24043,62.87271],[-99.14199,62.92876],[-99.15942,62.99053],[-99.23354,63.02461],[-99.30356,63.04756],[-99.33198,63.09951],[-99.30283,63.15498],[-99.29766,63.18706],[-99.3479,63.17266],[-99.55801,63.00356],[-99.60625,62.95884]]]},"properties":{"name":""}},
{"type":"Feature","geometry":{"type":"Polygon","coordinates":[[[-102.54907,60.32227],[-102.60039,60.30879],[-102.58755,60.24565],[-102.47739,60.23613],[-102.38174,60.25024],[-102.27461,60.21094],[-102.0854,60.0187],[-102.02334,59.9293],[-101.98779,59.96528],[-101.98281,60.00986],[-101.88467,59.98276],[-101.87822,60.03706],[-101.84873,60.11157],[-101.88638,60.23833],[-101.9981,60.3751],[-102.10796,60.45679],[-102.15776,60.5124],[-102.17715,60.56113],[-102.21519,60.61538],[-102.26113,60.64854],[-102.35176,60.6335],[-102.43433,60.58467],[-102.43706,60.50044],[-102.36714,60.44263],[-102.31533,60.42397],[-102.37905,60.36763],[-102.48477,60.31445],[-102.54907,60.32227]]]},"properties":{"name":"Kasba Lake"}},
{"type":"Feature","geometry":{"type":"Polygon","coordinates":[[[57.86504,41.77314],[57.84482,41.83784],[57.70029,41.91265],[57.68242,42.0104],[57.63174,42.06553],[57.61309,42.10503],[57.62725,42.14961],[57.5498,42.26069],[57.39229,42.33491],[57.27266,42.30332],[57.18271,42.18535],[57.09375,41.96841],[57.05342,41.77339],[57.06182,41.72485],[57.11592,41.73135],[57.17441,41.73457],[57.24717,41.65254],[57.34561,41.57324],[57.42959,41.57856],[57.52676,41.59448],[57.68486,41.63618],[57.81777,41.69985],[57.86504,41.77314]]]},"properties":{"name":"Sarygamysh Köli"}},
{"type":"Feature","geometry":{"type":"Polygon","coordinates":[[[76.74697,54.83228],[76.75332,54.78711],[76.73418,54.7165],[76.82598,54.70103],[76.94326,54.7146],[77.0165,54.73013],[77.05225,54.73203],[77.24512,54.72314],[77.3542,54.69355],[77.43516,54.68398],[77.52207,54.66475],[77.57354,54.64697],[77.56465,54.62422],[77.5999,54.61382],[77.69414,54.63374],[77.74063,54.66133],[77.72988,54.69209],[77.69297,54.74141],[77.63594,54.76914],[77.64346,54.80273],[77.69443,54.83198],[77.77715,54.85908],[77.80723,54.86304],[77.93789,54.89102],[78.04912,54.92744],[78.03301,54.97549],[77.87793,55.00864],[77.72354,55.0249],[77.69629,55.04722],[77.66689,55.0542],[77.63574,55.05679],[77.57031,55.05327],[77.43037,55.02041],[77.32656,54.96831],[77.30732,54.92515],[77.29404,54.89009],[77.24531,54.85596],[77.16445,54.88677],[77.13438,54.92324],[77.06729,54.91914],[76.86904,54.88257],[76.74697,54.83228]]]},"properties":{"name":"L. Chany"}},
{"type":"Feature","geometry":{"type":"Polygon","coordinates":[[[82.13271,45.76401],[82.06357,45.94385],[82.0377,46.07979],[82.02529,46.18477],[81.97578,46.27856],[81.91221,46.35083],[81.84062,46.3958],[81.76113,46.43086],[81.65,46.45571],[81.52969,46.45181],[81.44316,46.39214],[81.39941,46.30474],[81.40996,46.23486],[81.4041,46.15122],[81.42666,46.05537],[81.55469,45.96479],[81.74863,45.87188],[82.13271,45.76401]]]},"properties":{"name":"Alaköl"}},
{"type":"Feature","geometry":{"type":"Polygon","coordinates":[[[-90.42505,30.27402],[-90.43271,30.32612],[-90.49312,30.34824],[-90.55688,30.28374],[-90.58003,30.23481],[-90.57402,30.19688],[-90.53745,30.17939],[-90.4666,30.19795],[-90.42505,30.27402]]]},"properties":{"name":""}},
{"type":"Feature","geometry":{"type":"Polygon","coordinates":[[[-73.98975,56.02559],[-73.98545,56.09653],[-74.05415,56.13706],[-74.16074,56.14365],[-74.24844,56.16099],[-74.31221,56.26226],[-74.47744,56.31763],[-74.66382,56.33618],[-74.771,56.30801],[-74.81914,56.27344],[-74.8248,56.21382],[-74.80039,56.1373],[-74.73242,56.09136],[-74.56372,56.06709],[-74.33618,56.02407],[-74.23062,55.98477],[-74.27642,55.95146],[-74.24932,55.93804],[-74.22134,55.93545],[-74.22769,55.94609],[-74.18389,55.95737],[-74.07031,55.97476],[-73.98975,56.02559]]]},"properties":{"name":"Lac-à-l'Eau-Claire"}},
{"type":"Feature","geometry":{"type":"Polygon","coordinates":[[[-80.44722,46.28218],[-80.29336,46.225],[-80.0626,46.24404],[-80.01499,46.23213],[-79.99121,46.19883],[-80.00586,46.16577],[-79.98647,46.16079],[-79.87637,46.19297],[-79.77183,46.21294],[-79.57261,46.16592],[-79.48652,46.18423],[-79.43555,46.23545],[-79.49399,46.31064],[-79.65342,46.35825],[-79.77896,46.3479],[-79.85591,46.33955],[-80.05332,46.3458],[-80.12549,46.32363],[-80.14272,46.30171],[-80.11802,46.27749],[-80.14668,46.25752],[-80.25278,46.24932],[-80.31406,46.26372],[-80.346,46.28555],[-80.40913,46.28975],[-80.44722,46.28218]]]},"properties":{"name":"Lake Nipissing"}},
{"type":"Feature","geometry":{"type":"Polygon","coordinates":[[[117.22891,48.58525],[117.30977,48.63604],[117.32764,48.69424],[117.51553,48.84648],[117.71592,48.98604],[117.73281,49.02969],[117.77227,49.05879],[117.82383,49.05918],[117.87539,49.03345],[117.96426,49.03501],[118.03467,49.07148],[118.00723,49.10527],[117.89932,49.11025],[117.81211,49.1252],[117.77637,49.16074],[117.74883,49.17437],[117.71621,49.18008],[117.68613,49.22036],[117.68809,49.27427],[117.70693,49.32188],[117.69014,49.35078],[117.63574,49.34214],[117.529,49.26997],[117.38945,49.13911],[117.2252,49.00254],[117.05879,48.90664],[116.98848,48.84102],[117.01406,48.78643],[117.09551,48.70483],[117.10547,48.62944],[117.08857,48.5791],[117.11426,48.56104],[117.22891,48.58525]]]},"properties":{"name":"Hulun Nuur"}},
{"type":"Feature","geometry":{"type":"Polygon","coordinates":[[[29.99492,-11.09053],[30.01914,-11.01426],[29.99951,-10.9376],[29.92734,-10.87822],[29.84668,-10.88652],[29.77227,-10.9332],[29.74121,-10.93057],[29.56484,-11.15693],[29.51992,-11.17236],[29.496,-11.19473],[29.51094,-11.23047],[29.5501,-11.24805],[29.56162,-11.29766],[29.58809,-11.39355],[29.66934,-11.41465],[29.75244,-11.41611],[29.83721,-11.38008],[29.91738,-11.30068],[29.93662,-11.21602],[29.99492,-11.09053]]]},"properties":{"name":"Lake Bangweulu"}},
{"type":"Feature","geometry":{"type":"Polygon","coordinates":[[[28.44707,69.32598],[28.34453,69.32295],[28.32256,69.30527],[28.30938,69.28438],[28.23242,69.24868],[28.13848,69.23726],[28.11465,69.27139],[28.10098,69.29932],[28.03145,69.28804],[27.99082,69.25376],[28.01064,69.22734],[28.04902,69.20313],[28.08359,69.18994],[28.08809,69.16191],[27.98359,69.16196],[27.94063,69.17842],[27.74531,69.1291],[27.56016,69.06226],[27.52607,69.03135],[27.48447,69.00415],[27.24238,68.94648],[27.16172,68.923],[27.17207,68.90571],[27.2707,68.89102],[27.32764,68.88369],[27.4166,68.84067],[27.42793,68.8022],[27.35908,68.77148],[27.25977,68.73652],[27.28232,68.71484],[27.36641,68.75117],[27.43398,68.75952],[27.46416,68.76089],[27.56602,68.74863],[27.65479,68.73154],[27.69951,68.75918],[27.7791,68.79204],[27.83604,68.78184],[27.84004,68.74941],[27.86982,68.74243],[27.99238,68.78799],[27.97813,68.81641],[27.91865,68.82837],[27.89082,68.86104],[27.98945,68.87979],[28.07852,68.87622],[28.29492,68.85195],[28.33584,68.85708],[28.35615,68.87246],[28.3291,68.89312],[28.26367,68.92207],[28.09238,68.98071],[28.09102,69.00742],[28.25059,69.06382],[28.40039,69.08237],[28.44199,69.11602],[28.44766,69.15269],[28.54004,69.19243],[28.56641,69.22163],[28.53232,69.25698],[28.5542,69.29868],[28.6959,69.36318],[28.74863,69.3939],[28.76035,69.41914],[28.67705,69.39487],[28.63154,69.36436],[28.53027,69.33613],[28.44707,69.32598]]]},"properties":{"name":"Inarijärvi"}},
{"type":"Feature","geometry":{"type":"Polygon","coordinates":[[[26.77988,64.39116],[26.79297,64.36162],[26.9207,64.27778],[26.94248,64.23848],[27.07324,64.20088],[27.2001,64.15791],[27.2585,64.12036],[27.2875,64.13071],[27.28223,64.17339],[27.32285,64.20918],[27.4207,64.22979],[27.48115,64.25049],[27.50645,64.26958],[27.5624,64.27446],[27.65264,64.2248],[27.92891,64.14478],[28.00947,64.12808],[28.07334,64.12119],[28.16445,64.12065],[28.18789,64.13115],[28.18574,64.14229],[28.15723,64.15967],[28.05762,64.17769],[27.94014,64.20488],[27.85918,64.23281],[27.76465,64.24468],[27.73779,64.28174],[27.80059,64.30405],[27.88252,64.30854],[27.92969,64.30674],[27.91309,64.33325],[27.925,64.38135],[27.72695,64.39668],[27.57822,64.38047],[27.46914,64.33906],[27.36543,64.33042],[27.26162,64.36929],[27.21729,64.41392],[27.21367,64.49668],[27.11182,64.52329],[26.86611,64.52998],[26.82676,64.50542],[26.81387,64.46948],[26.83086,64.44038],[26.81465,64.41499],[26.77988,64.39116]]]},"properties":{"name":"Oulujärvi"}},
{"type":"Feature","geometry":{"type":"Polygon","coordinates":[[[27.56855,58.21479],[27.56133,58.25742],[27.58271,58.3064],[27.74785,58.42993],[27.79814,58.44683],[27.82051,58.48491],[27.81367,58.57134],[27.74844,58.91206],[27.68301,58.97964],[27.52373,59.00693],[27.29814,58.99492],[27.10732,58.9542],[26.97412,58.88428],[26.96641,58.80557],[27.15674,58.64795],[27.23662,58.45225],[27.32393,58.4019],[27.42549,58.30308],[27.47266,58.21675],[27.49707,58.18413],[27.56855,58.21479]]]},"properties":{"name":"Lake Peipus"}},
{"type":"Feature","geometry":{"type":"Polygon","coordinates":[[[29.19766,-1.64365],[29.07119,-1.60537],[29.03281,-1.64746],[28.9876,-1.8376],[28.90938,-2.00801],[28.91611,-2.08232],[28.8791,-2.15293],[28.87217,-2.18691],[28.87568,-2.22773],[28.90342,-2.23984],[28.9167,-2.2877],[28.85664,-2.37148],[28.85029,-2.44785],[28.91025,-2.43281],[28.99453,-2.36006],[29.04746,-2.35537],[29.07666,-2.34492],[29.11201,-2.30303],[29.14893,-2.27744],[29.24014,-2.16201],[29.25605,-2.12988],[29.2832,-2.09482],[29.33799,-2.0583],[29.35762,-2.01592],[29.28887,-1.86025],[29.24941,-1.73584],[29.19766,-1.64365]]]},"properties":{"name":"Lake Kivu"}},
{"type":"Feature","geometry":{"type":"Polygon","coordinates":[[[29.41895,-0.62969],[29.45215,-0.60693],[29.51035,-0.61172],[29.64248,-0.50723],[29.86797,-0.30273],[29.88711,-0.17246],[29.78301,-0.12148],[29.64375,-0.11973],[29.59717,-0.13418],[29.49639,-0.18018],[29.41748,-0.33877],[29.35957,-0.45244],[29.32695,-0.52969],[29.33467,-0.57744],[29.36641,-0.63994],[29.41895,-0.62969]]]},"properties":{"name":"Lake Edward"}},
{"type":"Feature","geometry":{"type":"Polygon","coordinates":[[[120.60166,31.08745],[120.53994,31.1271],[120.46074,31.08081],[120.42305,31.08306],[120.39473,31.10039],[120.44023,31.15332],[120.43066,31.2002],[120.39141,31.22705],[120.35713,31.26982],[120.32646,31.31973],[120.33135,31.34951],[120.37227,31.38569],[120.38037,31.42905],[120.325,31.4417],[120.2709,31.44463],[120.25107,31.47549],[120.25596,31.49492],[120.25439,31.50996],[120.21855,31.53184],[120.1082,31.4918],[119.9874,31.3918],[119.93936,31.25298],[119.97803,31.09106],[120.10322,30.97329],[120.23604,30.93599],[120.39443,30.97061],[120.60166,31.08745]]]},"properties":{"name":"Tai Hu"}},
{"type":"Feature","geometry":{"type":"Polygon","coordinates":[[[-76.54678,56.16392],[-76.44609,56.13931],[-76.14678,56.12681],[-75.95342,56.14541],[-75.9354,56.17378],[-75.93906,56.19082],[-76.02476,56.23662],[-76.11636,56.27651],[-76.20469,56.32202],[-76.27544,56.37866],[-76.23369,56.39702],[-76.24512,56.4229],[-76.30518,56.46753],[-76.32954,56.50352],[-76.34131,56.53066],[-76.36582,56.5502],[-76.39141,56.49883],[-76.4251,56.38872],[-76.42026,56.36484],[-76.39722,56.34526],[-76.41719,56.30615],[-76.50439,56.2126],[-76.52461,56.18354],[-76.54678,56.16392]]]},"properties":{"name":""}},
{"type":"Feature","geometry":{"type":"Polygon","coordinates":[[[-62.22979,-30.77617],[-62.23301,-30.67148],[-62.28789,-30.58887],[-62.37373,-30.54814],[-62.41274,-30.54326],[-62.42612,-30.55869],[-62.64385,-30.52061],[-62.68799,-30.54824],[-62.72178,-30.58369],[-62.82661,-30.62354],[-62.93096,-30.64863],[-62.9793,-30.6917],[-62.93145,-30.75078],[-62.8604,-30.80137],[-62.80967,-30.84678],[-62.72686,-30.91719],[-62.57114,-30.86348],[-62.40796,-30.84063],[-62.22979,-30.77617]]]},"properties":{"name":"Laguna Mar Chiquita"}},
{"type":"Feature","geometry":{"type":"Polygon","coordinates":[[[33.16709,49.01929],[33.19395,49.0939],[33.19434,49.11875],[33.1041,49.20015],[33.01543,49.28066],[32.86064,49.40781],[32.75391,49.48477],[32.71201,49.55938],[32.66465,49.53701],[32.65947,49.4644],[32.68242,49.40098],[32.63184,49.38184],[32.46143,49.42607],[32.35,49.46909],[32.18359,49.52095],[32.11445,49.54131],[31.95537,49.56968],[31.88799,49.55444],[31.90049,49.51279],[32.17012,49.40439],[32.29355,49.34619],[32.4082,49.30171],[32.62051,49.19863],[32.71807,49.14014],[32.76953,49.11592],[32.86338,49.08726],[32.98086,49.08257],[33.04346,49.06313],[33.06611,49.02139],[33.07627,49.00435],[33.1625,48.9936],[33.16709,49.01929]]]},"properties":{"name":"Kremenchuk Reservoir"}},
{"type":"Feature","geometry":{"type":"Polygon","coordinates":[[[-76.08838,53.66621],[-76.01797,53.67231],[-75.94502,53.68574],[-75.90679,53.65313],[-75.94502,53.62388],[-76.02417,53.59063],[-76.0644,53.56909],[-76.12446,53.52261],[-76.10166,53.47534],[-75.93447,53.46528],[-75.71606,53.49741],[-75.63242,53.53838],[-75.60107,53.58203],[-75.61367,53.60151],[-75.65767,53.62007],[-75.6334,53.6377],[-75.47798,53.63145],[-75.2376,53.61865],[-75.11973,53.62314],[-75.03394,53.63926],[-74.99839,53.62227],[-75.02676,53.57627],[-74.93535,53.57788],[-74.80718,53.60493],[-74.67866,53.60903],[-74.46094,53.6625],[-74.43335,53.68452],[-74.45601,53.70137],[-74.59341,53.66743],[-74.7708,53.65386],[-74.94292,53.67178],[-75.16157,53.677],[-75.26519,53.68403],[-75.26992,53.70913],[-75.19404,53.72129],[-75.04868,53.75259],[-74.88936,53.79414],[-74.81982,53.83833],[-74.72471,53.85718],[-74.73379,53.89565],[-74.79927,53.89341],[-75.18379,53.82046],[-75.24082,53.84263],[-75.26816,53.87793],[-75.29229,53.89653],[-75.5521,53.89194],[-75.84995,53.85508],[-75.91221,53.81274],[-75.902,53.79106],[-75.93027,53.76582],[-76.03638,53.73701],[-76.10015,53.73696],[-76.08838,53.66621]]]},"properties":{"name":"Rés. de La Grande 3"}},
{"type":"Feature","geometry":{"type":"Polygon","coordinates":[[[-76.10015,53.73696],[-76.14272,53.73691],[-76.55376,53.71216],[-76.69614,53.69941],[-76.74966,53.72295],[-76.70273,53.75015],[-76.59551,53.78828],[-76.48735,53.85146],[-76.43335,53.89756],[-76.37603,53.9272],[-76.34902,53.9459],[-76.304,53.96274],[-76.25537,54.07349],[-76.1834,54.10332],[-76.1397,54.10767],[-76.10532,54.11597],[-76.15029,54.14258],[-76.19087,54.15283],[-76.202,54.13872],[-76.26396,54.13584],[-76.32886,54.16211],[-76.36836,54.18799],[-76.45391,54.17769],[-76.55742,54.15718],[-76.57266,54.14043],[-76.5333,54.1146],[-76.47197,54.08242],[-76.47129,54.05879],[-76.50928,54.04785],[-76.56064,54.05571],[-76.60234,54.05479],[-76.61836,54.03301],[-76.65962,54.02632],[-76.84019,54.08804],[-76.86792,54.07236],[-76.88799,54.05664],[-76.8459,54.03105],[-76.73101,53.97651],[-76.76597,53.90972],[-76.90186,53.84717],[-77.01567,53.82104],[-77.28784,53.79111],[-77.34072,53.81138],[-77.41968,53.7978],[-77.61167,53.72158],[-77.68501,53.6792],[-77.62075,53.65898],[-77.51108,53.65093],[-77.46484,53.63813],[-77.49282,53.60708],[-77.4877,53.5605],[-77.39663,53.5208],[-77.28984,53.52295],[-77.22305,53.51455],[-77.18677,53.49282],[-76.91162,53.50137],[-76.83853,53.49922],[-76.51465,53.55747],[-76.38486,53.59575],[-76.36016,53.63013],[-76.08838,53.66621],[-76.10015,53.73696]]]},"properties":{"name":"Rés. de La Grande 2"}},
{"type":"Feature","geometry":{"type":"Polygon","coordinates":[[[-156.54829,57.76606],[-156.58984,57.78506],[-156.68345,57.75522],[-156.71606,57.72549],[-156.83667,57.65332],[-156.8415,57.61055],[-156.89258,57.57964],[-156.95415,57.56938],[-157.00645,57.56567],[-157.0438,57.54785],[-157.01934,57.5124],[-156.92671,57.47305],[-156.83428,57.44341],[-156.79604,57.46377],[-156.76802,57.50664],[-156.78252,57.53291],[-156.77749,57.56597],[-156.60444,57.69575],[-156.54829,57.76606]]]},"properties":{"name":""}},
{"type":"Feature","geometry":{"type":"Polygon","coordinates":[[[-71.50889,18.46997],[-71.58394,18.51406],[-71.68335,18.55107],[-71.77695,18.5312],[-71.79351,18.49443],[-71.60684,18.421],[-71.53652,18.43398],[-71.50889,18.46997]]]},"properties":{"name":"Lago Enriquillo"}},
{"type":"Feature","geometry":{"type":"Polygon","coordinates":[[[-159.66548,66.47354],[-159.72881,66.51206],[-159.92246,66.53506],[-160.11509,66.5436],[-160.13437,66.51953],[-159.99199,66.46929],[-159.94546,66.44175],[-159.80107,66.43022],[-159.66265,66.43291],[-159.66548,66.47354]]]},"properties":{"name":""}},
{"type":"Feature","geometry":{"type":"Polygon","coordinates":[[[-115.06216,60.32939],[-115.10986,60.34985],[-115.22148,60.33701],[-115.34907,60.29492],[-115.53145,60.26211],[-115.6501,60.25425],[-115.8043,60.2542],[-115.89609,60.20137],[-115.8793,60.16299],[-115.74429,60.16318],[-115.60532,60.1729],[-115.47715,60.13804],[-115.29434,60.10903],[-115.29531,60.13062],[-115.28623,60.15977],[-115.21899,60.18271],[-115.15728,60.19468],[-115.14756,60.21367],[-115.06216,60.32939]]]},"properties":{"name":""}},
{"type":"Feature","geometry":{"type":"Polygon","coordinates":[[[-76.63721,53.26011],[-76.58921,53.28887],[-76.60786,53.30615],[-76.65615,53.298],[-76.67617,53.31392],[-76.67153,53.34009],[-76.63721,53.36084],[-76.52256,53.37949],[-76.49668,53.41396],[-76.51455,53.46753],[-76.56392,53.48486],[-76.61348,53.44727],[-76.66123,53.41685],[-76.70332,53.41943],[-76.70332,53.44424],[-76.71987,53.46885],[-76.84355,53.39424],[-76.8918,53.34487],[-76.8729,53.32412],[-76.89199,53.29087],[-76.88979,53.24404],[-76.88071,53.21592],[-76.90449,53.16465],[-76.93755,53.1188],[-76.89946,52.99478],[-76.85454,52.96753],[-76.79854,52.98086],[-76.83857,53.03398],[-76.84326,53.09497],[-76.78428,53.14678],[-76.68789,53.16973],[-76.68481,53.19009],[-76.69189,53.21152],[-76.66523,53.22085],[-76.64785,53.24219],[-76.63721,53.26011]]]},"properties":{"name":"Lake Sakami"}},
{"type":"Feature","geometry":{"type":"Polygon","coordinates":[[[-71.98169,-50.22373],[-72.03926,-50.16162],[-72.11621,-50.13232],[-72.44033,-50.17324],[-72.73066,-50.18633],[-72.79976,-50.19639],[-72.94722,-50.17959],[-73.06245,-50.13311],[-73.13662,-50.03096],[-73.18774,-49.98242],[-73.20488,-50.00127],[-73.25107,-50.03281],[-73.28643,-50.06963],[-73.27803,-50.12129],[-73.30044,-50.18477],[-73.29141,-50.21113],[-73.23218,-50.16543],[-73.16343,-50.14756],[-73.04424,-50.19863],[-72.98267,-50.22588],[-72.97178,-50.26133],[-73.02798,-50.28926],[-73.2144,-50.26953],[-73.2853,-50.33145],[-73.27417,-50.34551],[-73.22256,-50.33496],[-73.16802,-50.33223],[-73.10864,-50.36514],[-73.00996,-50.51494],[-72.95498,-50.62002],[-72.92148,-50.61182],[-72.85029,-50.53809],[-72.78193,-50.4834],[-72.79453,-50.46035],[-72.85845,-50.47021],[-72.96206,-50.47051],[-73.00449,-50.41943],[-72.97266,-50.35664],[-72.79395,-50.29082],[-72.67187,-50.27773],[-72.59497,-50.29258],[-72.44106,-50.30723],[-72.27388,-50.30234],[-72.1127,-50.26445],[-71.99897,-50.24395],[-71.98169,-50.22373]]]},"properties":{"name":"Lago Argentino"}},
{"type":"Feature","geometry":{"type":"Polygon","coordinates":[[[90.3457,30.52422],[90.59648,30.59644],[90.71396,30.64131],[90.84326,30.71792],[90.93262,30.79341],[91.01426,30.83916],[91.01172,30.88784],[90.975,30.92266],[90.94375,30.92383],[90.86563,30.8854],[90.71201,30.89453],[90.67578,30.87095],[90.65098,30.8397],[90.57852,30.82891],[90.47598,30.85454],[90.35293,30.88018],[90.28887,30.84687],[90.29219,30.69775],[90.31396,30.57319],[90.3457,30.52422]]]},"properties":{"name":"Nam Co"}},
{"type":"Feature","geometry":{"type":"Polygon","coordinates":[[[33.45752,38.85361],[33.44014,38.93818],[33.45449,38.99189],[33.42373,39.05581],[33.35039,39.12036],[33.30537,39.12671],[33.30928,39.05737],[33.29277,38.96724],[33.21875,38.87627],[33.15811,38.77212],[33.23574,38.6667],[33.32559,38.61064],[33.42256,38.55864],[33.53311,38.52275],[33.61709,38.57778],[33.67354,38.7123],[33.59746,38.79893],[33.52451,38.81196],[33.45752,38.85361]]]},"properties":{"name":"Lake Tuz"}},
{"type":"Feature","geometry":{"type":"Polygon","coordinates":[[[-105.95913,59.99761],[-105.87544,60.00625],[-105.88008,60.03818],[-105.93882,60.05938],[-106.04595,60.0499],[-106.06904,60.08306],[-106.02783,60.11113],[-105.91387,60.11704],[-105.77007,60.13057],[-105.70439,60.18369],[-105.80078,60.20322],[-105.82598,60.21392],[-105.87256,60.22827],[-106.01895,60.19219],[-106.12231,60.1437],[-106.15303,60.09678],[-106.18022,60.03491],[-106.19463,60.02139],[-106.22798,60.03506],[-106.26338,60.06094],[-106.27554,60.08691],[-106.30757,60.10078],[-106.37393,60.0874],[-106.40693,60.06357],[-106.39805,60.04346],[-106.33237,60.02207],[-106.32578,59.93452],[-106.375,59.83066],[-106.33838,59.80469],[-106.27837,59.81333],[-106.25913,59.82656],[-106.23667,59.8623],[-106.20596,59.85952],[-106.19458,59.83618],[-106.16694,59.80825],[-106.10361,59.80947],[-106.05527,59.84492],[-106.08125,59.89219],[-106.07339,59.95898],[-106.01875,59.9936],[-105.95913,59.99761]]]},"properties":{"name":"Scott Lake"}},
{"type":"Feature","geometry":{"type":"Polygon","coordinates":[[[27.53535,60.93823],[27.74395,60.94995],[27.84873,60.98423],[27.80977,61.0437],[27.77666,61.06797],[27.72432,61.07793],[27.70352,61.05601],[27.6918,61.01157],[27.5793,60.98403],[27.44844,60.9939],[27.36699,61.0332],[27.33955,61.02144],[27.34229,61.00117],[27.42891,60.9688],[27.53535,60.93823]]]},"properties":{"name":""}},
{"type":"Feature","geometry":{"type":"Polygon","coordinates":[[[29.47227,62.86938],[29.44014,62.89355],[29.42158,62.88315],[29.45801,62.83257],[29.54053,62.77373],[29.62344,62.74014],[29.66641,62.68203],[29.7415,62.69707],[29.81191,62.73193],[29.82246,62.79468],[29.74736,62.87568],[29.59482,62.98149],[29.52197,63.05137],[29.49365,63.0293],[29.53672,62.97612],[29.58301,62.88843],[29.5623,62.83364],[29.52119,62.83306],[29.47227,62.86938]]]},"properties":{"name":"Rikkavesi"}},
{"type":"Feature","geometry":{"type":"Polygon","coordinates":[[[29.22949,62.70532],[29.1875,62.68384],[29.21855,62.6501],[29.33857,62.65835],[29.4541,62.64097],[29.52207,62.70591],[29.46484,62.73442],[29.38965,62.72119],[29.34502,62.74541],[29.29297,62.80469],[29.21934,62.77246],[29.22949,62.70532]]]},"properties":{"name":""}},
{"type":"Feature","geometry":{"type":"Polygon","coordinates":[[[160.48018,69.24985],[160.3248,69.296],[160.16953,69.32705],[159.99766,69.35732],[159.84355,69.37822],[159.80771,69.34746],[159.96494,69.28198],[160.25576,69.2376],[160.43271,69.22778],[160.48018,69.24985]]]},"properties":{"name":"Ozero Nerpich'ye"}},
{"type":"Feature","geometry":{"type":"Polygon","coordinates":[[[71.35947,67.86978],[71.65039,67.89536],[71.77617,67.9502],[71.78613,67.99277],[71.7085,68.03726],[71.55186,68.00381],[71.36992,67.94707],[71.30264,67.90645],[71.29824,67.88936],[71.35947,67.86978]]]},"properties":{"name":"Ozero Yarroto Pervoye"}},
{"type":"Feature","geometry":{"type":"Polygon","coordinates":[[[70.48877,70.0915],[70.36797,70.1165],[70.17393,70.13604],[70.12754,70.07559],[70.23125,70.01055],[70.37129,70.0147],[70.51172,70.05547],[70.48877,70.0915]]]},"properties":{"name":"Ozero Neyto"}},
{"type":"Feature","geometry":{"type":"Polygon","coordinates":[[[70.85098,69.9687],[71.02607,69.95322],[71.05781,69.98789],[70.94307,70.0541],[70.93936,70.1001],[70.94082,70.13911],[70.83711,70.13604],[70.79043,70.0957],[70.7543,70.06714],[70.74893,70.03335],[70.85098,69.9687]]]},"properties":{"name":"Ozero Yambuto"}},
{"type":"Feature","geometry":{"type":"Polygon","coordinates":[[[70.56309,70.123],[70.69648,70.13628],[70.79336,70.16587],[70.8208,70.19082],[70.77041,70.2166],[70.34434,70.19956],[70.37227,70.15303],[70.56309,70.123]]]},"properties":{"name":""}},
{"type":"Feature","geometry":{"type":"Polygon","coordinates":[[[35.01279,63.50557],[34.95254,63.54023],[34.98408,63.56411],[34.98955,63.58511],[34.86143,63.68818],[34.85674,63.72085],[34.61582,63.76621],[34.64404,63.78916],[34.5626,63.81636],[34.42842,63.84824],[34.34727,63.85117],[34.28438,63.777],[34.21436,63.67603],[34.21543,63.61304],[34.26641,63.6562],[34.30781,63.69189],[34.35811,63.69668],[34.45332,63.62339],[34.52539,63.50244],[34.5168,63.48394],[34.55215,63.45898],[34.70195,63.39883],[34.804,63.32563],[34.83535,63.27637],[34.85293,63.22524],[34.8585,63.17231],[34.89072,63.10654],[34.89863,63.05469],[34.87344,63.04033],[34.86396,63.0104],[34.86748,62.97607],[34.86104,62.94116],[34.86309,62.91904],[34.91045,62.95083],[34.9459,63.03325],[34.95732,63.11899],[34.95303,63.18105],[34.88506,63.2939],[34.82881,63.43369],[34.87158,63.46377],[34.97686,63.4291],[35.04941,63.39888],[35.09941,63.38311],[35.17236,63.38052],[35.19277,63.40396],[35.38174,63.43408],[35.41318,63.44795],[35.37363,63.49229],[35.24922,63.49175],[35.14463,63.48232],[35.01279,63.50557]]]},"properties":{"name":"Lake Vygozero"}},
{"type":"Feature","geometry":{"type":"Polygon","coordinates":[[[33.44141,63.44375],[33.35527,63.42397],[33.25742,63.42344],[33.28291,63.38169],[33.27383,63.34136],[33.27383,63.31636],[33.30684,63.28369],[33.49922,63.21626],[33.57217,63.20269],[33.70332,63.19019],[33.89688,63.18857],[34.01709,63.20068],[34.06602,63.22876],[33.99121,63.29683],[33.93281,63.41812],[33.84707,63.43848],[33.69688,63.40928],[33.65664,63.4332],[33.63711,63.47627],[33.58623,63.4874],[33.44141,63.44375]]]},"properties":{"name":"Lake Segozerskoye"}},
{"type":"Feature","geometry":{"type":"Polygon","coordinates":[[[30.604,62.87627],[30.53887,62.81982],[30.48076,62.78774],[30.50195,62.77905],[30.63447,62.77466],[30.65898,62.76689],[30.66748,62.78384],[30.65898,62.80801],[30.68945,62.84736],[30.74199,62.86411],[30.84678,62.95444],[30.83086,63.02666],[30.75488,63.04976],[30.70352,63.0124],[30.67646,62.97344],[30.61465,62.96567],[30.58691,62.93711],[30.604,62.87627]]]},"properties":{"name":"Koitere"}},
{"type":"Feature","geometry":{"type":"Polygon","coordinates":[[[29.99365,63.29272],[29.91514,63.31509],[29.83076,63.29121],[29.78428,63.29434],[29.72197,63.31543],[29.52734,63.37671],[29.37188,63.44009],[29.30928,63.46064],[29.18672,63.51431],[29.09199,63.57339],[29.07734,63.56392],[29.07148,63.50825],[29.04248,63.47456],[29.12314,63.40684],[29.2375,63.32339],[29.29854,63.25571],[29.39297,63.18257],[29.52803,63.17891],[29.59365,63.15752],[29.81406,63.14521],[29.8542,63.0873],[30.03311,62.95942],[30.06465,62.94355],[30.13682,62.92881],[30.21602,62.86846],[30.15527,62.78965],[30.09023,62.72915],[30.14258,62.72173],[30.22861,62.80439],[30.3167,62.80898],[30.32979,62.82915],[30.13848,62.97349],[29.99443,63.1397],[29.95879,63.22666],[29.96582,63.2646],[30.00371,63.2707],[29.99365,63.29272]]]},"properties":{"name":"Pielinen"}},
{"type":"Feature","geometry":{"type":"Polygon","coordinates":[[[31.16973,66.10659],[31.17441,66.13784],[31.10332,66.24536],[31.0332,66.26958],[30.89863,66.26289],[30.78867,66.22993],[30.72236,66.18628],[30.70361,66.13477],[30.65146,66.05176],[30.95029,65.96445],[31.15508,65.91421],[31.29463,65.90503],[31.33486,65.91826],[31.27656,65.95527],[31.23975,66.00439],[31.21113,66.05947],[31.16973,66.10659]]]},"properties":{"name":"Pääjärvi"}},
{"type":"Feature","geometry":{"type":"Polygon","coordinates":[[[32.51738,65.53232],[32.4252,65.54185],[32.37705,65.57744],[32.36348,65.62856],[32.35996,65.66704],[32.32852,65.70049],[32.20449,65.76362],[32.13945,65.78389],[32.11846,65.83354],[32.05146,65.87588],[31.9833,65.8896],[31.69297,65.85635],[31.50742,65.79546],[31.57363,65.73491],[31.7334,65.67007],[31.84512,65.6437],[31.89482,65.63608],[31.94268,65.62153],[31.9457,65.59868],[31.99629,65.5686],[32.10898,65.546],[32.27354,65.50571],[32.48125,65.46909],[32.63477,65.41816],[32.66816,65.38872],[32.70635,65.38838],[32.7123,65.41597],[32.6875,65.45195],[32.66416,65.47739],[32.51738,65.53232]]]},"properties":{"name":"Lake Topozero"}},
{"type":"Feature","geometry":{"type":"Polygon","coordinates":[[[-72.84121,81.68042],[-72.73579,81.677],[-72.71387,81.66953],[-72.22041,81.69771],[-70.01611,81.84023],[-69.47588,81.88657],[-68.96826,81.94033],[-69.28516,81.93345],[-69.58237,81.91807],[-72.34658,81.72778],[-72.61836,81.70503],[-72.84121,81.68042]]]},"properties":{"name":""}},
{"type":"Feature","geometry":{"type":"Polygon","coordinates":[[[-89.52231,52.88267],[-89.47783,52.86836],[-89.3623,52.86621],[-89.15098,52.85386],[-89.0438,52.87021],[-88.98301,52.94004],[-88.952,52.98774],[-89.00371,52.98535],[-89.12285,52.96592],[-89.19897,52.98848],[-89.2832,53.00571],[-89.42207,52.94824],[-89.43408,52.91768],[-89.47104,52.89702],[-89.52231,52.88267]]]},"properties":{"name":""}},
{"type":"Feature","geometry":{"type":"Polygon","coordinates":[[[87.3752,41.85103],[87.3752,41.90771],[87.31533,42.01675],[87.00771,42.08447],[86.88896,42.10811],[86.82861,42.07251],[86.79492,41.97476],[86.73506,41.90278],[86.72803,41.85034],[86.75342,41.82549],[86.89395,41.86987],[87.10215,41.90088],[87.25918,41.89365],[87.3752,41.85103]]]},"properties":{"name":"Bosten Hu"}},
{"type":"Feature","geometry":{"type":"Polygon","coordinates":[[[30.86816,61.97397],[30.88525,61.94067],[30.93887,61.92144],[31.01982,61.92876],[31.05264,61.97012],[30.97119,62.06499],[30.92559,62.08291],[30.84961,62.08286],[30.85273,62.04878],[30.86846,62.00947],[30.86816,61.97397]]]},"properties":{"name":""}},
{"type":"Feature","geometry":{"type":"Polygon","coordinates":[[[31.53096,58.23018],[31.63057,58.20728],[31.68828,58.20229],[31.64697,58.3084],[31.6457,58.35142],[31.65342,58.36875],[31.63711,58.38799],[31.51816,58.37256],[31.51074,58.38887],[31.43018,58.41655],[31.37432,58.42925],[31.29834,58.47656],[31.25166,58.42544],[31.17021,58.35947],[31.07998,58.33159],[31.01943,58.31973],[30.95488,58.28438],[30.85703,58.23911],[30.87617,58.21411],[31.15625,58.17134],[31.39404,58.14199],[31.44648,58.20591],[31.53096,58.23018]]]},"properties":{"name":"Lake Il'Men'"}},
{"type":"Feature","geometry":{"type":"Polygon","coordinates":[[[116.70576,29.13623],[116.67354,29.15869],[116.66084,29.19023],[116.66367,29.22612],[116.64014,29.23667],[116.60391,29.23667],[116.54033,29.24023],[116.46865,29.2501],[116.43994,29.23613],[116.40684,29.17622],[116.36191,29.15376],[116.35801,29.18564],[116.36846,29.22251],[116.34336,29.23374],[116.31045,29.23154],[116.15293,29.25259],[116.13662,29.30933],[116.15283,29.33418],[116.19609,29.36157],[116.18789,29.38203],[116.14277,29.38647],[116.11514,29.40186],[116.10977,29.42661],[116.14453,29.45356],[116.15898,29.51885],[116.18066,29.57266],[116.19893,29.60352],[116.20742,29.64502],[116.23477,29.66587],[116.22969,29.69839],[116.19756,29.75137],[116.18047,29.75122],[116.11309,29.72588],[116.08232,29.70254],[116.09961,29.68799],[116.11748,29.65312],[116.09062,29.55527],[116.02598,29.45293],[116.00195,29.39434],[115.96504,29.31138],[115.98184,29.2792],[116.04727,29.19023],[116.06387,29.14888],[116.09727,29.10591],[116.3291,28.96094],[116.34775,28.90571],[116.40918,28.90527],[116.41807,28.87969],[116.44141,28.85952],[116.46846,28.80518],[116.51152,28.80381],[116.53662,28.84546],[116.53008,28.89448],[116.50322,28.95303],[116.47725,29.04302],[116.49551,29.12241],[116.52109,29.14326],[116.58105,29.12827],[116.61777,29.11523],[116.63467,29.1019],[116.67236,29.09761],[116.70859,29.10239],[116.70576,29.13623]]]},"properties":{"name":"Poyang Hu"}},
{"type":"Feature","geometry":{"type":"Polygon","coordinates":[[[116.46084,30.05454],[116.4417,30.07725],[116.38604,30.06929],[116.32705,30.08682],[116.29766,30.08613],[116.28105,30.07925],[116.25693,30.09351],[116.25879,30.0481],[116.28994,29.9936],[116.38809,29.96597],[116.49795,29.9644],[116.51992,29.98823],[116.49619,30.02017],[116.46084,30.05454]]]},"properties":{"name":"Daguan Hu"}},
{"type":"Feature","geometry":{"type":"Polygon","coordinates":[[[116.19512,30.0375],[116.15039,30.06104],[116.12891,30.02617],[116.11826,30.00039],[116.07324,30.00039],[115.98535,30.01606],[115.97744,29.95166],[116.04414,29.8811],[116.13096,29.89756],[116.21113,29.90762],[116.25361,29.93506],[116.25977,29.97637],[116.25254,30.0104],[116.2417,30.03213],[116.19512,30.0375]]]},"properties":{"name":"Long Hu"}},
{"type":"Feature","geometry":{"type":"Polygon","coordinates":[[[114.35049,30.196],[114.36523,30.16514],[114.4084,30.10645],[114.44521,30.08467],[114.47383,30.1585],[114.50918,30.1939],[114.54248,30.18818],[114.58115,30.13721],[114.62344,30.0959],[114.6417,30.13291],[114.62334,30.25767],[114.60283,30.29951],[114.53945,30.34502],[114.50117,30.36621],[114.45801,30.3644],[114.47441,30.33325],[114.50117,30.31055],[114.4958,30.2894],[114.44355,30.28516],[114.40586,30.26782],[114.39492,30.23623],[114.37109,30.2106],[114.35049,30.196]]]},"properties":{"name":"Liangzi Hu"}},
{"type":"Feature","geometry":{"type":"Polygon","coordinates":[[[89.31758,31.79419],[89.32334,31.82339],[89.26631,31.87231],[89.12021,31.91274],[88.96846,31.91802],[88.86426,31.8874],[88.81367,31.84106],[88.78926,31.82856],[88.75908,31.83384],[88.704,31.86665],[88.60781,31.88008],[88.56631,31.84399],[88.60801,31.79624],[88.68457,31.72949],[88.76367,31.71162],[88.8498,31.72588],[88.92695,31.72803],[88.94824,31.70039],[88.9373,31.65752],[88.94551,31.62451],[88.98906,31.60869],[89.05752,31.59561],[89.13809,31.60156],[89.21133,31.67871],[89.25322,31.74912],[89.28652,31.78755],[89.31758,31.79419]]]},"properties":{"name":"Siling Co"}},
{"type":"Feature","geometry":{"type":"Polygon","coordinates":[[[92.78662,48.17817],[92.80195,48.25293],[92.73281,48.31045],[92.63828,48.32998],[92.64541,48.2709],[92.64336,48.19312],[92.54365,48.13838],[92.47969,48.13813],[92.40469,48.1564],[92.40186,48.2374],[92.4832,48.33892],[92.4249,48.36011],[92.36289,48.36079],[92.28701,48.3522],[92.25,48.26338],[92.24863,48.13008],[92.10508,48.05439],[91.97617,48.00967],[91.99082,47.93301],[92.08418,47.81572],[92.20029,47.76865],[92.27998,47.85063],[92.35352,47.96421],[92.44219,48.03022],[92.62178,48.0978],[92.78662,48.17817]]]},"properties":{"name":"Har Us Nuur"}},
{"type":"Feature","geometry":{"type":"Polygon","coordinates":[[[176.06553,-38.81201],[176.08271,-38.75801],[176.05742,-38.72129],[175.94355,-38.67695],[175.80918,-38.67695],[175.7627,-38.72656],[175.74912,-38.77256],[175.78184,-38.79658],[175.79961,-38.84541],[175.75537,-38.94316],[175.79521,-38.94785],[175.85088,-38.93145],[175.92695,-38.90186],[176.00264,-38.86523],[176.06553,-38.81201]]]},"properties":{"name":"Lake Taupo"}},
{"type":"Feature","geometry":{"type":"Polygon","coordinates":[[[6.87363,46.43223],[6.81885,46.46563],[6.58818,46.52881],[6.34395,46.45762],[6.1584,46.30244],[6.1333,46.20459],[6.15703,46.20508],[6.33643,46.36094],[6.46885,46.38857],[6.66533,46.40244],[6.84502,46.38481],[6.86641,46.40259],[6.87363,46.43223]]]},"properties":{"name":"Lake Geneva"}},
{"type":"Feature","geometry":{"type":"Polygon","coordinates":[[[-6.48838,54.7228],[-6.51143,54.69839],[-6.54126,54.62329],[-6.58472,54.56001],[-6.5624,54.51465],[-6.42739,54.49941],[-6.3543,54.5022],[-6.34883,54.52471],[-6.28232,54.60376],[-6.27187,54.66001],[-6.31792,54.70884],[-6.45859,54.71538],[-6.48838,54.7228]]]},"properties":{"name":"Lough Neagh"}},
{"type":"Feature","geometry":{"type":"Polygon","coordinates":[[[14.93301,58.78389],[14.96211,58.8355],[14.96807,58.84883],[14.93213,58.8541],[14.81689,58.79111],[14.72568,58.73135],[14.63164,58.67983],[14.50664,58.56074],[14.39053,58.4063],[14.21318,58.1502],[14.12109,57.92451],[14.15928,57.79629],[14.24502,57.80947],[14.33926,57.9333],[14.49941,58.0855],[14.54346,58.13813],[14.58242,58.20166],[14.62246,58.29888],[14.68643,58.39468],[14.82734,58.46152],[14.94619,58.51089],[14.9625,58.53926],[14.89141,58.59165],[14.89971,58.63496],[14.929,58.6999],[14.94092,58.75615],[14.93301,58.78389]]]},"properties":{"name":"Vättern"}},
{"type":"Feature","geometry":{"type":"Polygon","coordinates":[[[42.98867,38.34561],[43.0877,38.32607],[43.14766,38.33662],[43.23457,38.40723],[43.31836,38.48872],[43.28711,38.548],[43.18643,38.60313],[43.20996,38.71592],[43.29189,38.81279],[43.38281,38.83608],[43.53105,38.89751],[43.61074,38.94702],[43.56016,38.97764],[43.43594,38.98784],[43.28496,38.96357],[43.15215,38.94756],[43.0752,38.91611],[43.0876,38.8814],[43.12646,38.88184],[43.15879,38.86899],[43.16279,38.84619],[43.07939,38.80933],[42.93477,38.79419],[42.84502,38.79399],[42.72285,38.78208],[42.52598,38.74517],[42.45801,38.69219],[42.4584,38.64277],[42.43398,38.6105],[42.36455,38.54854],[42.35313,38.4998],[42.53848,38.4897],[42.58613,38.48159],[42.6833,38.45654],[42.78096,38.45859],[42.85645,38.48374],[42.88223,38.47681],[42.91162,38.42612],[42.92275,38.39004],[42.98867,38.34561]]]},"properties":{"name":"Lake Van"}},
{"type":"Feature","geometry":{"type":"Polygon","coordinates":[[[-110.19902,44.3354],[-110.20229,44.39053],[-110.26406,44.44673],[-110.27178,44.54375],[-110.32686,44.56689],[-110.38091,44.55591],[-110.41758,44.50308],[-110.45034,44.47983],[-110.49028,44.47314],[-110.52861,44.471],[-110.55508,44.44673],[-110.53081,44.41367],[-110.48853,44.43657],[-110.42607,44.44673],[-110.3897,44.42471],[-110.39443,44.39141],[-110.34121,44.38281],[-110.32798,44.35635],[-110.2916,44.33647],[-110.27285,44.31885],[-110.2354,44.32217],[-110.19902,44.3354]]]},"properties":{"name":"Yellowstone Lake"}},
{"type":"Feature","geometry":{"type":"Polygon","coordinates":[[[-152.93984,70.5686],[-153.01445,70.60347],[-153.61143,70.73677],[-153.81152,70.72476],[-153.93818,70.69766],[-153.97549,70.67949],[-154.03545,70.68442],[-154.16123,70.67798],[-154.25718,70.66055],[-154.23706,70.63877],[-154.17397,70.63374],[-154.10059,70.59839],[-154.01943,70.54307],[-153.92583,70.5123],[-153.79351,70.48711],[-153.71899,70.49419],[-153.65552,70.47979],[-153.27476,70.51826],[-152.93984,70.5686]]]},"properties":{"name":"Teshekpuk Lake"}},
{"type":"Feature","geometry":{"type":"Polygon","coordinates":[[[-114.15562,47.93262],[-114.19419,47.89072],[-114.254,47.85786],[-114.24961,47.83662],[-114.19312,47.82568],[-114.1479,47.81245],[-114.12583,47.78379],[-114.16328,47.73984],[-114.1501,47.71436],[-114.11812,47.71768],[-114.0564,47.71104],[-114.02114,47.75625],[-114.00459,47.78491],[-114.02437,47.93423],[-114.04648,48.01533],[-114.13359,48.09136],[-114.19312,48.06934],[-114.19858,48.03955],[-114.18018,48.02212],[-114.15562,47.93262]]]},"properties":{"name":"Flathead Lake"}},
{"type":"Feature","geometry":{"type":"Polygon","coordinates":[[[-113.63569,35.83086],[-113.63286,35.85947],[-113.69883,35.95776],[-113.77749,36.04814],[-113.85791,36.11558],[-113.92388,36.17637],[-113.99634,36.24365],[-114.02988,36.24468],[-114.09722,36.15156],[-114.15933,36.07681],[-114.22588,36.04971],[-114.29512,36.1104],[-114.37031,36.20923],[-114.35874,36.33462],[-114.33457,36.44385],[-114.33643,36.51924],[-114.36367,36.5145],[-114.38682,36.48271],[-114.41304,36.34834],[-114.43154,36.23716],[-114.51196,36.1939],[-114.65337,36.15425],[-114.81616,36.12148],[-114.81191,36.07456],[-114.76855,36.01987],[-114.74136,36.01353],[-114.71421,36.02373],[-114.64038,36.10601],[-114.50386,36.10615],[-114.45088,36.0793],[-114.4063,36.09067],[-114.37271,36.1001],[-114.32114,36.07646],[-114.29404,36.02988],[-114.20845,36.00566],[-114.1104,36.03203],[-114.03901,36.16348],[-113.98857,36.16475],[-113.95234,36.12979],[-113.89458,36.0793],[-113.79453,36.00952],[-113.72598,35.92158],[-113.67036,35.84268],[-113.63569,35.83086]]]},"properties":{"name":"Lake Mead"}},
{"type":"Feature","geometry":{"type":"Polygon","coordinates":[[[-111.8167,58.56006],[-111.7167,58.65947],[-111.73135,58.68584],[-111.76562,58.68452],[-111.802,58.69658],[-111.8438,58.72109],[-111.9021,58.72568],[-111.98467,58.71348],[-112.11904,58.73628],[-112.11313,58.77759],[-112.03706,58.78652],[-112.04092,58.81885],[-112.15352,58.82461],[-112.3373,58.77759],[-112.4313,58.68262],[-112.44727,58.61777],[-112.39321,58.57788],[-112.31489,58.5627],[-112.25508,58.57632],[-112.21108,58.54985],[-112.20786,58.49868],[-112.23682,58.45977],[-112.18877,58.41265],[-112.08042,58.34692],[-111.89829,58.30591],[-111.80889,58.30259],[-111.78892,58.3313],[-111.83145,58.3937],[-111.84341,58.42515],[-111.83828,58.46001],[-111.83091,58.48384],[-111.80854,58.51719],[-111.8167,58.56006]]]},"properties":{"name":"Lake Claire"}},
{"type":"Feature","geometry":{"type":"Polygon","coordinates":[[[-63.17559,54.12949],[-63.22817,54.13745],[-63.31895,54.14272],[-63.37305,54.14023],[-63.46538,54.09795],[-63.58359,54.07773],[-63.74756,54.09634],[-63.87036,54.16885],[-63.94658,54.24312],[-64.02949,54.28481],[-64.13789,54.35044],[-64.20156,54.40605],[-64.32021,54.51743],[-64.32944,54.56602],[-64.296,54.65854],[-64.32021,54.69604],[-64.39727,54.74341],[-64.41631,54.73735],[-64.37759,54.67852],[-64.36631,54.61533],[-64.4,54.51084],[-64.42471,54.33174],[-64.47988,54.27329],[-64.46357,54.25288],[-64.40703,54.25649],[-64.32466,54.27266],[-64.28447,54.25596],[-64.27417,54.2312],[-64.23398,54.21113],[-64.21909,54.17813],[-64.33315,54.16602],[-64.4314,54.18657],[-64.50986,54.18892],[-64.58345,54.1856],[-64.61719,54.17515],[-64.67964,54.14258],[-64.76309,54.14404],[-64.85547,54.16733],[-64.87871,54.16006],[-64.8834,54.14839],[-64.91978,54.17075],[-64.97021,54.23599],[-64.98027,54.28853],[-64.96016,54.30259],[-65.05908,54.39619],[-65.10337,54.47324],[-65.13965,54.51128],[-65.18711,54.52798],[-65.21777,54.55664],[-65.13545,54.6377],[-65.15698,54.65591],[-65.22354,54.65024],[-65.27119,54.60767],[-65.27925,54.52334],[-65.30181,54.4751],[-65.30488,54.45962],[-65.16489,54.43516],[-65.07231,54.34033],[-65.01108,54.22427],[-64.94111,54.15239],[-64.81631,54.07646],[-64.86411,54.05288],[-65.13047,54.0833],[-65.17773,54.0748],[-65.10337,54.01191],[-65.19209,53.99302],[-65.34541,54.04331],[-65.40029,54.00664],[-65.50337,54.05537],[-65.68223,54.17554],[-65.71309,54.16309],[-65.79146,54.2021],[-65.87158,54.28052],[-65.90869,54.28511],[-65.93765,54.27065],[-65.99385,54.34004],[-66.02266,54.34619],[-66.19102,54.47637],[-66.19102,54.5251],[-66.20015,54.57656],[-66.35425,54.68721],[-66.35967,54.71484],[-66.42915,54.81348],[-66.42324,54.83335],[-66.41216,54.83765],[-66.39932,54.85269],[-66.42754,54.88057],[-66.43203,54.89297],[-66.42031,54.90132],[-66.37979,54.90439],[-66.35146,54.91377],[-66.35225,54.93726],[-66.34912,54.95161],[-66.34487,54.97881],[-66.44893,55.05234],[-66.53242,55.1001],[-66.55605,55.10156],[-66.54121,55.0731],[-66.55264,55.05391],[-66.58408,55.04927],[-66.5979,55.02861],[-66.57412,54.99058],[-66.56748,54.95845],[-66.59478,54.94941],[-66.60034,54.92246],[-66.55547,54.8835],[-66.50884,54.80239],[-66.5293,54.76978],[-66.50786,54.65352],[-66.53506,54.62822],[-66.62114,54.6231],[-66.61455,54.58154],[-66.61646,54.52056],[-66.60771,54.48774],[-66.57676,54.42354],[-66.54575,54.36338],[-66.49146,54.27334],[-66.38184,54.16372],[-66.32354,54.15425],[-66.33135,54.17876],[-66.3873,54.2627],[-66.4062,54.33833],[-66.3772,54.37539],[-66.34932,54.42354],[-66.42876,54.50845],[-66.44009,54.56221],[-66.36382,54.54121],[-66.27637,54.47832],[-66.2542,54.42554],[-66.11235,54.34673],[-65.82554,54.1353],[-65.72812,54.08657],[-65.58257,54.06079],[-65.51694,53.99727],[-65.50708,53.94971],[-65.45342,53.91411],[-65.40732,53.90386],[-65.33779,53.87915],[-65.32788,53.82124],[-65.36299,53.75562],[-65.38105,53.71504],[-65.3644,53.67476],[-65.32598,53.63594],[-65.3168,53.60488],[-65.33462,53.58652],[-65.38813,53.55923],[-65.47988,53.54854],[-65.58252,53.54248],[-65.5291,53.4897],[-65.23369,53.45522],[-65.02031,53.42109],[-64.9731,53.45513],[-65.12778,53.50044],[-65.16353,53.54009],[-65.14756,53.56421],[-65.18955,53.63906],[-65.19102,53.67417],[-65.29512,53.72412],[-65.29756,53.75962],[-65.26338,53.79609],[-65.1769,53.81841],[-65.12334,53.83965],[-65.01392,53.88848],[-64.92197,53.91621],[-64.83647,53.93062],[-64.75127,53.93423],[-64.69404,53.96055],[-64.6584,53.99575],[-64.64165,54.0311],[-64.68848,54.08091],[-64.65181,54.11387],[-64.56416,54.12451],[-64.52524,54.1103],[-64.49492,54.07935],[-64.17607,54.01221],[-64.13833,53.96016],[-64.12393,53.89648],[-64.00947,53.86157],[-63.82666,53.85801],[-63.76416,53.87861],[-63.76963,53.90156],[-63.70312,53.91763],[-63.65176,53.92461],[-63.5292,53.92944],[-63.52871,53.95522],[-63.56836,53.98169],[-63.55518,54.00591],[-63.4894,54.01211],[-63.4165,54.00635],[-63.30483,53.99023],[-63.24687,53.96616],[-63.19995,53.95566],[-63.13691,53.97339],[-63.10361,54.00361],[-63.20332,54.07383],[-63.18369,54.10942],[-63.17559,54.12949]]]},"properties":{"name":"Smallwood Reservoir"}},
{"type":"Feature","geometry":{"type":"Polygon","coordinates":[[[101.02266,73.8604],[101.1252,73.84902],[101.37656,73.84355],[101.43477,73.83809],[101.53262,73.84131],[101.55254,73.87803],[101.52891,73.95313],[101.43906,74.04287],[101.27705,74.14297],[101.15625,74.2458],[101.09971,74.33013],[101.10283,74.38696],[100.98135,74.41235],[100.88232,74.425],[100.85586,74.46338],[101.04922,74.48428],[101.21309,74.49097],[101.36563,74.47886],[101.33135,74.43872],[101.31289,74.404],[101.42646,74.35591],[101.69141,74.28975],[101.84756,74.2583],[101.97881,74.23608],[102.05889,74.23101],[102.16123,74.23262],[102.18965,74.24009],[102.07324,74.32231],[101.98555,74.41323],[102.04092,74.50195],[102.46416,74.51553],[102.8334,74.53994],[103.20391,74.56797],[103.56855,74.59263],[103.7415,74.63257],[103.84287,74.62925],[103.92002,74.63267],[103.99863,74.65132],[104.50811,74.73984],[104.97285,74.77246],[105.23242,74.78452],[105.33311,74.8144],[105.30654,74.85493],[104.86436,74.91455],[104.62783,75.01177],[104.46719,75.09297],[104.26377,75.12124],[104.1459,75.11245],[104.12939,75.08823],[104.11709,75.05513],[104.04688,75.0208],[103.99072,75.00923],[103.91221,74.98535],[103.87764,74.92754],[104.02754,74.88496],[104.20938,74.85879],[104.23398,74.8144],[104.03242,74.79526],[103.76172,74.7625],[103.49316,74.71045],[103.25313,74.67598],[102.48398,74.64131],[101.80615,74.64106],[101.05889,74.68066],[100.84082,74.72046],[100.70664,74.75742],[100.57266,74.82256],[100.53379,74.87334],[100.54385,74.93198],[100.61553,74.98228],[100.61191,75.03618],[100.5373,75.07251],[100.43516,75.08716],[100.30107,75.12656],[100.19238,75.1502],[100.10908,75.16011],[100.0335,75.1478],[100.02695,75.12549],[100.04189,75.10293],[100.28535,75.07861],[100.46338,75.00664],[100.41904,74.94751],[100.26621,74.93599],[100.13242,74.89551],[100.09736,74.86094],[100.31836,74.80039],[100.43418,74.72178],[100.50078,74.63071],[100.49473,74.57725],[100.35137,74.52866],[100.23193,74.48208],[100.17148,74.43989],[99.97188,74.40894],[99.83037,74.40728],[99.60742,74.41953],[99.50723,74.40039],[99.58516,74.36011],[99.70957,74.3397],[99.95664,74.33101],[100.0792,74.34268],[100.21758,74.34653],[100.41182,74.33687],[100.50039,74.30796],[100.60713,74.29595],[100.76777,74.2915],[100.8999,74.25601],[100.96797,74.19561],[101.06221,74.09512],[101.104,73.99219],[101.02588,73.93647],[100.94902,73.89385],[101.02266,73.8604]]]},"properties":{"name":"Lake Taymyr"}},
{"type":"Feature","geometry":{"type":"Polygon","coordinates":[[[-88.87769,15.71187],[-88.85215,15.74146],[-88.84277,15.76533],[-88.86177,15.7644],[-88.97061,15.6876],[-89.10537,15.6021],[-89.18301,15.575],[-89.24658,15.54854],[-89.31743,15.52187],[-89.37153,15.50547],[-89.38809,15.48799],[-89.36553,15.45972],[-89.32622,15.41162],[-89.30132,15.38169],[-89.27773,15.39507],[-89.23804,15.41016],[-89.18242,15.41729],[-89.07861,15.4436],[-89.02236,15.48931],[-88.99736,15.5728],[-88.97041,15.63638],[-88.92456,15.67778],[-88.87769,15.71187]]]},"properties":{"name":"Lago de Izabal"}},
{"type":"Feature","geometry":{"type":"Polygon","coordinates":[[[149.31807,72.03667],[149.28281,72.08232],[149.22363,72.12676],[149.15479,72.15146],[149.07852,72.16201],[149.0207,72.1625],[148.9873,72.15293],[148.96113,72.12915],[148.92979,72.08086],[148.91582,72.03359],[148.9418,71.97871],[149.00977,71.92485],[149.11309,71.90625],[149.1874,71.92114],[149.25146,71.96909],[149.31123,72.00825],[149.31807,72.03667]]]},"properties":{"name":"Ozero Mogotoyevo"}},
{"type":"Feature","geometry":{"type":"Polygon","coordinates":[[[89.61094,37.49517],[89.64521,37.50991],[89.64004,37.52686],[89.63906,37.55278],[89.64492,37.57534],[89.61846,37.59434],[89.56504,37.61304],[89.48691,37.62773],[89.39648,37.63252],[89.27666,37.61489],[89.14668,37.59785],[89.08203,37.58657],[89.09746,37.56035],[89.14473,37.53848],[89.22842,37.52754],[89.36514,37.5042],[89.51387,37.48535],[89.61094,37.49517]]]},"properties":{"name":"Ayakkum Hu"}},
{"type":"Feature","geometry":{"type":"Polygon","coordinates":[[[14.08447,63.25869],[14.08252,63.24204],[14.06133,63.23569],[14.00469,63.25923],[13.97188,63.2627],[13.98115,63.24595],[14.05703,63.19414],[14.11377,63.17847],[14.20752,63.1521],[14.35723,63.08711],[14.39844,63.02778],[14.42979,62.97988],[14.41299,62.95405],[14.38965,62.95347],[14.36816,62.95635],[14.34102,62.95303],[14.34531,62.9251],[14.38984,62.87446],[14.42695,62.82622],[14.44443,62.82729],[14.46055,62.83618],[14.47373,62.88711],[14.46875,62.95239],[14.44365,63.02778],[14.42217,63.08975],[14.42734,63.12656],[14.45488,63.15332],[14.50439,63.16484],[14.56914,63.1624],[14.67148,63.13921],[14.61182,63.20503],[14.51016,63.26523],[14.4457,63.26357],[14.39365,63.26157],[14.21982,63.30464],[14.06348,63.32524],[14.02588,63.31885],[14.054,63.29585],[14.08447,63.25869]]]},"properties":{"name":"Storsjön"}},
{"type":"Feature","geometry":{"type":"Polygon","coordinates":[[[-91.34531,50.96885],[-91.36709,50.93047],[-91.31797,50.91846],[-91.23818,50.93374],[-91.11982,50.94556],[-90.93652,50.95444],[-90.74702,51.01411],[-90.52778,51.06807],[-90.4269,51.11919],[-90.43081,51.13955],[-90.47241,51.16982],[-90.52017,51.1915],[-90.6041,51.2145],[-90.6627,51.17622],[-90.74531,51.12041],[-90.79463,51.09429],[-90.84434,51.07251],[-90.91133,51.03745],[-90.97622,51.01113],[-91.09106,51.03765],[-91.21387,51.06631],[-91.27437,51.06899],[-91.30215,51.0355],[-91.34531,50.96885]]]},"properties":{"name":"Lake St. Joseph"}},
{"type":"Feature","geometry":{"type":"Polygon","coordinates":[[[32.51387,-8.03896],[32.44814,-7.98906],[32.25439,-7.82607],[32.02646,-7.6335],[31.89727,-7.58496],[31.83408,-7.61904],[31.79951,-7.65322],[31.79414,-7.70117],[31.82324,-7.7835],[31.87344,-7.88379],[31.92051,-7.95859],[31.96016,-7.98594],[32.05156,-7.97148],[32.171,-7.96338],[32.36289,-8.03301],[32.52129,-8.09043],[32.53047,-8.06953],[32.51387,-8.03896]]]},"properties":{"name":"Lake Rukwa"}},
{"type":"Feature","geometry":{"type":"Polygon","coordinates":[[[102.87852,18.52666],[102.89414,18.54126],[102.88467,18.54404],[102.85137,18.55049],[102.79121,18.56865],[102.75332,18.59878],[102.74668,18.65034],[102.70361,18.65698],[102.65938,18.66226],[102.63848,18.67324],[102.62207,18.68066],[102.58184,18.696],[102.56064,18.73516],[102.52695,18.75869],[102.50586,18.7457],[102.52666,18.66904],[102.54551,18.61538],[102.5709,18.55981],[102.61455,18.47646],[102.64648,18.4499],[102.67549,18.46538],[102.71943,18.49727],[102.82588,18.52661],[102.87852,18.52666]]]},"properties":{"name":"Nam Ngum Reservoir"}},
{"type":"Feature","geometry":{"type":"Polygon","coordinates":[[[-74.53096,48.46084],[-74.51025,48.47974],[-74.46255,48.47065],[-74.39541,48.44023],[-74.31206,48.37686],[-74.2375,48.34683],[-74.15107,48.36011],[-74.1002,48.37222],[-74.11758,48.38843],[-74.17378,48.39819],[-74.22275,48.42622],[-74.26289,48.43857],[-74.31431,48.44917],[-74.36968,48.48574],[-74.40566,48.54717],[-74.39658,48.5793],[-74.41172,48.58853],[-74.45576,48.5812],[-74.48521,48.58003],[-74.50723,48.59399],[-74.55479,48.6083],[-74.57998,48.6396],[-74.5437,48.70376],[-74.52236,48.7561],[-74.54307,48.77827],[-74.55786,48.80239],[-74.63008,48.80107],[-74.72266,48.78477],[-74.76245,48.77339],[-74.81206,48.75718],[-74.92139,48.70972],[-74.96953,48.69355],[-75.04219,48.71167],[-75.06099,48.7063],[-75.10933,48.67495],[-75.14644,48.63647],[-75.18076,48.60181],[-75.2189,48.59204],[-75.24971,48.59819],[-75.28184,48.59727],[-75.30156,48.57979],[-75.34976,48.53159],[-75.38936,48.48345],[-75.41445,48.43784],[-75.38711,48.4437],[-75.3626,48.429],[-75.33604,48.43696],[-75.30044,48.42427],[-75.26875,48.4082],[-75.21348,48.40586],[-75.17388,48.4144],[-75.18101,48.43848],[-75.18198,48.47905],[-75.16484,48.52603],[-75.12876,48.55527],[-75.09453,48.57651],[-75.06997,48.59648],[-75.01816,48.61221],[-75.00801,48.56416],[-75.04248,48.51372],[-75.07334,48.49536],[-75.09922,48.47817],[-75.1145,48.41396],[-75.12998,48.32983],[-75.1395,48.28872],[-75.12979,48.2875],[-75.08174,48.34072],[-75.05933,48.34663],[-75.02344,48.35908],[-74.98628,48.36475],[-74.9603,48.36431],[-74.95405,48.37974],[-74.94497,48.45391],[-74.94199,48.48711],[-74.9603,48.49868],[-74.96855,48.51875],[-74.96426,48.5563],[-74.94546,48.57563],[-74.91113,48.57495],[-74.86655,48.55996],[-74.81641,48.5123],[-74.75552,48.44868],[-74.72217,48.43394],[-74.70566,48.41973],[-74.69165,48.38169],[-74.68604,48.35708],[-74.67666,48.36353],[-74.65142,48.39971],[-74.63848,48.41382],[-74.62139,48.42012],[-74.59609,48.41841],[-74.57451,48.4252],[-74.54531,48.43857],[-74.53096,48.46084]]]},"properties":{"name":"Réservoir Gouin"}},
{"type":"Feature","geometry":{"type":"Polygon","coordinates":[[[119.40684,32.79355],[119.39697,32.91582],[119.37227,33.00039],[119.3457,33.02363],[119.34902,33.07778],[119.30371,33.16401],[119.2541,33.20078],[119.22617,33.1999],[119.16992,33.18608],[119.13457,33.14409],[119.10225,33.06899],[119.05937,33.05791],[118.95723,33.07109],[118.88184,33.07734],[118.90654,33.05815],[118.96562,33.0377],[119.03477,33.03096],[119.09922,33.02695],[119.15381,33.0645],[119.16426,33.08984],[119.16777,33.11758],[119.17969,33.14824],[119.21523,33.15625],[119.23691,33.1543],[119.26855,33.12085],[119.30313,33.08516],[119.31445,33.05439],[119.29648,33.04131],[119.26396,33.03398],[119.24492,33.01318],[119.25117,32.97803],[119.25313,32.94312],[119.24072,32.9186],[119.24189,32.89644],[119.22852,32.88218],[119.1877,32.87793],[119.13027,32.8772],[119.08418,32.86597],[119.07939,32.85454],[119.09219,32.83638],[119.12539,32.79805],[119.14697,32.75312],[119.16484,32.70562],[119.17344,32.68574],[119.20098,32.69097],[119.25342,32.73618],[119.2998,32.74795],[119.35,32.74946],[119.3915,32.75127],[119.40684,32.79355]]]},"properties":{"name":"Gaoyou Hu"}},
{"type":"Feature","geometry":{"type":"Polygon","coordinates":[[[88.16074,69.4981],[88.11416,69.52876],[88.03857,69.56279],[88.01465,69.5895],[88.02529,69.61387],[87.9958,69.68711],[87.92988,69.75625],[87.88115,69.78428],[87.78496,69.84111],[87.71025,69.87813],[87.68154,69.89521],[87.65996,69.92124],[87.65664,69.95986],[87.77109,69.98203],[87.93867,70.02544],[87.96914,70.06108],[87.92471,70.09028],[87.80957,70.09712],[87.64678,70.07148],[87.49424,70.02446],[87.41035,70.00352],[87.39512,69.95347],[87.37197,69.92046],[87.34912,69.88926],[87.37324,69.87563],[87.47188,69.87051],[87.60879,69.80898],[87.68457,69.70488],[87.72109,69.62407],[87.70479,69.58721],[87.69473,69.54067],[87.72813,69.5126],[87.81406,69.49307],[87.87461,69.48301],[87.93701,69.47778],[88.03975,69.47881],[88.10762,69.48193],[88.14629,69.48286],[88.16074,69.4981]]]},"properties":{"name":"Ozero Pyasino"}},
{"type":"Feature","geometry":{"type":"Polygon","coordinates":[[[27.03711,61.66235],[27.04453,61.67124],[27.04277,61.68833],[27.02764,61.704],[26.98262,61.71221],[26.92666,61.73003],[26.9,61.75298],[26.89434,61.79653],[26.87676,61.85483],[26.88086,61.87148],[26.87295,61.90176],[26.81924,61.94824],[26.75479,61.97515],[26.70469,61.99302],[26.63994,62.01147],[26.58828,62.03726],[26.59131,62.02178],[26.64414,61.96831],[26.69756,61.93071],[26.76406,61.91274],[26.80938,61.90249],[26.80957,61.8873],[26.79609,61.87056],[26.77422,61.86089],[26.74404,61.87075],[26.71328,61.88564],[26.69199,61.88799],[26.68604,61.88145],[26.68389,61.87153],[26.66777,61.86777],[26.63145,61.88584],[26.60273,61.9168],[26.57539,61.93745],[26.53135,61.93911],[26.52734,61.92847],[26.54033,61.91523],[26.52441,61.89951],[26.49072,61.89028],[26.46367,61.87471],[26.41846,61.86289],[26.37607,61.87026],[26.39063,61.90532],[26.42783,61.94507],[26.4415,61.96226],[26.41191,61.97603],[26.35117,61.93481],[26.30547,61.89995],[26.27637,61.86616],[26.29023,61.85405],[26.35,61.83433],[26.40586,61.80918],[26.46826,61.79082],[26.55381,61.75811],[26.66465,61.68096],[26.75811,61.61187],[26.77822,61.57598],[26.79619,61.55811],[26.81055,61.5707],[26.83379,61.57349],[26.86963,61.56357],[26.88984,61.56895],[26.88623,61.58076],[26.88428,61.59351],[26.87939,61.62612],[26.83711,61.64771],[26.77021,61.66636],[26.74326,61.69424],[26.79502,61.70322],[26.8625,61.69551],[26.9375,61.66987],[26.99824,61.66367],[27.03711,61.66235]]]},"properties":{"name":""}},
{"type":"Feature","geometry":{"type":"Polygon","coordinates":[[[16.40381,59.30869],[16.33379,59.30327],[16.27061,59.29961],[16.1874,59.28765],[15.99023,59.28638],[15.85693,59.30376],[15.82158,59.29512],[15.72773,59.29819],[15.61309,59.31665],[15.49961,59.30171],[15.35352,59.28325],[15.34404,59.26953],[15.48066,59.26123],[15.51963,59.25513],[15.54512,59.24575],[15.58955,59.2248],[15.62041,59.19194],[15.62412,59.16743],[15.70127,59.15063],[15.81582,59.14893],[15.88096,59.16235],[15.89219,59.17598],[15.921,59.19399],[16.13047,59.23989],[16.31016,59.27461],[16.35596,59.2876],[16.40605,59.30547],[16.40381,59.30869]]]},"properties":{"name":"Hjälmaren"}},
{"type":"Feature","geometry":{"type":"Polygon","coordinates":[[[26.62969,63.11357],[26.64385,63.13823],[26.66289,63.16377],[26.71377,63.19116],[26.74141,63.22681],[26.73291,63.25688],[26.6915,63.27783],[26.64922,63.29321],[26.68496,63.30352],[26.71699,63.31426],[26.69746,63.32168],[26.62285,63.3207],[26.52422,63.34053],[26.45938,63.3645],[26.42334,63.3543],[26.41963,63.32949],[26.44902,63.30249],[26.51113,63.27622],[26.58604,63.23433],[26.56484,63.19585],[26.49063,63.16982],[26.42891,63.16392],[26.36006,63.18652],[26.3043,63.22632],[26.25693,63.26045],[26.23164,63.26426],[26.23486,63.24761],[26.27188,63.21616],[26.35303,63.16841],[26.42676,63.12344],[26.45361,63.09453],[26.46211,63.06514],[26.46934,63.03926],[26.46816,63.02393],[26.46152,63.01489],[26.5375,62.98145],[26.6292,62.95186],[26.6498,62.96108],[26.64834,62.98228],[26.60283,63.03496],[26.5917,63.08896],[26.62969,63.11357]]]},"properties":{"name":""}},
{"type":"Feature","geometry":{"type":"Polygon","coordinates":[[[-73.18213,55.09824],[-73.20576,55.08911],[-73.27187,55.07002],[-73.36484,55.04785],[-73.43398,55.05098],[-73.49102,55.05562],[-73.51128,55.0479],[-73.51357,55.03418],[-73.4853,55.02192],[-73.43335,55.0064],[-73.40923,54.98652],[-73.42769,54.96953],[-73.51118,54.94204],[-73.60439,54.92744],[-73.55537,54.90283],[-73.41284,54.92124],[-73.31299,54.94697],[-73.21348,54.96787],[-73.14927,54.96445],[-73.10981,54.94678],[-73.04512,54.94639],[-72.91821,54.97388],[-72.7894,54.9978],[-72.70566,55.01021],[-72.62861,55.04912],[-72.473,55.08315],[-72.35781,55.12578],[-72.28979,55.16641],[-72.28574,55.19307],[-72.2812,55.22632],[-72.25,55.26182],[-72.22539,55.28145],[-72.30479,55.27168],[-72.41841,55.24087],[-72.51694,55.22104],[-72.58882,55.21616],[-72.64663,55.21328],[-72.73213,55.20039],[-72.83223,55.19053],[-72.92324,55.17954],[-73.06699,55.14707],[-73.1541,55.12505],[-73.15361,55.11279],[-73.18213,55.09824]]]},"properties":{"name":"Lake Bienville"}},
{"type":"Feature","geometry":{"type":"Polygon","coordinates":[[[37.23203,60.16445],[37.27988,60.1312],[37.39668,60.098],[37.46904,60.08784],[37.71504,60.07744],[37.82324,60.07871],[37.96836,60.08574],[37.99902,60.10332],[38.0042,60.16064],[37.98115,60.23921],[37.89844,60.30078],[37.73701,60.32944],[37.54219,60.3187],[37.3999,60.28887],[37.28633,60.23345],[37.23105,60.18574],[37.23203,60.16445]]]},"properties":{"name":"Lake Beloye"}},
{"type":"Feature","geometry":{"type":"Polygon","coordinates":[[[-54.89355,4.78257],[-54.86157,4.78652],[-54.83848,4.78867],[-54.81426,4.83564],[-54.79629,4.88071],[-54.80674,4.90786],[-54.84023,4.9124],[-54.88516,4.90752],[-54.9376,4.90381],[-54.96787,4.91787],[-55.01987,4.97056],[-55.09346,4.99902],[-55.12651,4.99902],[-55.15049,4.96431],[-55.17266,4.87876],[-55.23521,4.77949],[-55.28447,4.69912],[-55.27329,4.66313],[-55.27944,4.62119],[-55.30259,4.60864],[-55.32939,4.57388],[-55.33486,4.52793],[-55.29863,4.52422],[-55.25967,4.52495],[-55.23008,4.51387],[-55.21982,4.49229],[-55.19028,4.48413],[-55.14863,4.47061],[-55.12251,4.46235],[-55.0873,4.48926],[-55.06372,4.53301],[-55.04775,4.56997],[-55.01289,4.59902],[-54.9833,4.60889],[-54.95151,4.59609],[-54.93184,4.58135],[-54.90049,4.59414],[-54.87378,4.60068],[-54.86396,4.62573],[-54.86475,4.65508],[-54.8915,4.66519],[-54.92412,4.67275],[-54.93789,4.69854],[-54.94102,4.72544],[-54.9249,4.74653],[-54.89355,4.78257]]]},"properties":{"name":"Van Blommestein Meer"}},
{"type":"Feature","geometry":{"type":"Polygon","coordinates":[[[35.74424,-3.63613],[35.74219,-3.70742],[35.75313,-3.75],[35.77461,-3.75713],[35.80625,-3.73682],[35.83809,-3.70137],[35.86855,-3.57617],[35.88174,-3.45166],[35.86914,-3.42363],[35.84824,-3.41592],[35.82246,-3.43242],[35.7916,-3.47998],[35.7623,-3.55283],[35.74424,-3.63613]]]},"properties":{"name":"Lake Manyara"}},
{"type":"Feature","geometry":{"type":"Polygon","coordinates":[[[38.05508,6.57769],[38.01719,6.58926],[37.93594,6.54761],[37.86885,6.49077],[37.86309,6.45527],[37.8752,6.36045],[37.88672,6.26328],[37.86523,6.22046],[37.82607,6.18857],[37.79043,6.17192],[37.74473,6.13594],[37.70908,6.08848],[37.69551,6.04385],[37.70068,6.0146],[37.73867,6.01362],[37.80195,6.04946],[37.84277,6.07314],[37.8748,6.1085],[37.94365,6.20181],[38.01426,6.30708],[38.05811,6.38047],[38.0874,6.42285],[38.10654,6.44902],[38.11641,6.4731],[38.12949,6.51909],[38.14346,6.55991],[38.1377,6.57725],[38.10195,6.57588],[38.05508,6.57769]]]},"properties":{"name":"Lake Äbaya"}},
{"type":"Feature","geometry":{"type":"Polygon","coordinates":[[[18.18398,67.47803],[18.42793,67.41909],[18.3958,67.46196],[18.20313,67.53291],[18.11602,67.56094],[17.43525,67.71401],[17.30254,67.75313],[17.13076,67.79248],[17.1543,67.7355],[17.22021,67.68677],[17.2457,67.67373],[17.33945,67.65405],[17.4752,67.64443],[17.57529,67.62017],[17.63164,67.61216],[17.83828,67.58599],[18.18398,67.47803]]]},"properties":{"name":"Akkajaure"}},
{"type":"Feature","geometry":{"type":"Polygon","coordinates":[[[17.58564,46.76567],[17.67217,46.79053],[17.88086,46.86646],[18.14268,46.96309],[18.16367,47.01055],[18.13047,47.03926],[18.07754,47.05469],[18.03906,47.03711],[17.95459,46.98726],[17.88105,46.94321],[17.82363,46.91118],[17.66543,46.85234],[17.47871,46.80005],[17.3835,46.779],[17.30859,46.76348],[17.27061,46.75996],[17.26934,46.74219],[17.27725,46.72129],[17.47588,46.72354],[17.58564,46.76567]]]},"properties":{"name":"Lake Balaton"}},
{"type":"Feature","geometry":{"type":"Polygon","coordinates":[[[-77.26221,42.8146],[-77.24487,42.87578],[-77.27051,42.89478],[-77.29111,42.83647],[-77.33418,42.78481],[-77.36064,42.73354],[-77.36392,42.70381],[-77.354,42.68892],[-77.30937,42.76831],[-77.26221,42.8146]]]},"properties":{"name":"Canandaigua Lake"}},
{"type":"Feature","geometry":{"type":"Polygon","coordinates":[[[-76.4792,42.76997],[-76.46846,42.76914],[-76.46934,42.78071],[-76.53628,42.92207],[-76.54868,42.89727],[-76.5272,42.83608],[-76.4792,42.76997]]]},"properties":{"name":"Owasco Lake"}},
{"type":"Feature","geometry":{"type":"Polygon","coordinates":[[[-76.27217,42.78721],[-76.29316,42.83276],[-76.37222,42.8873],[-76.42549,42.96011],[-76.42798,42.9105],[-76.36182,42.85015],[-76.27217,42.78721]]]},"properties":{"name":"Skaneateles Lake"}},
{"type":"Feature","geometry":{"type":"Polygon","coordinates":[[[-163.46797,60.41357],[-163.49902,60.42485],[-163.66021,60.43262],[-163.7209,60.43931],[-163.73398,60.43115],[-163.79687,60.41631],[-163.85225,60.43335],[-163.86621,60.43027],[-163.89346,60.40767],[-163.93853,60.38896],[-163.88105,60.36899],[-163.84956,60.35132],[-163.90127,60.33286],[-164.01768,60.30244],[-164.05356,60.29458],[-164.0418,60.2751],[-163.93716,60.2855],[-163.83599,60.29668],[-163.79302,60.29824],[-163.77451,60.28608],[-163.78438,60.25859],[-163.79521,60.21079],[-163.77466,60.17803],[-163.77041,60.1668],[-163.6292,60.21406],[-163.55664,60.27002],[-163.57656,60.34194],[-163.55664,60.36206],[-163.52905,60.39272],[-163.46797,60.41357]]]},"properties":{"name":""}},
{"type":"Feature","geometry":{"type":"Polygon","coordinates":[[[-111.28823,42.03281],[-111.28247,42.05874],[-111.28535,42.10918],[-111.31274,42.1481],[-111.34443,42.15239],[-111.39341,42.13081],[-111.40273,42.06162],[-111.40737,41.9876],[-111.39414,41.9374],[-111.3729,41.88315],[-111.34873,41.87144],[-111.32656,41.88921],[-111.30771,41.94912],[-111.28823,42.03281]]]},"properties":{"name":"Bear Lake"}},
{"type":"Feature","geometry":{"type":"Polygon","coordinates":[[[-111.74185,40.19028],[-111.6895,40.20596],[-111.68008,40.22539],[-111.70059,40.23774],[-111.73267,40.28452],[-111.76318,40.33735],[-111.79282,40.36885],[-111.8813,40.3771],[-111.86016,40.32261],[-111.85234,40.25229],[-111.91436,40.17622],[-111.89946,40.1542],[-111.89048,40.11704],[-111.89443,40.0814],[-111.89189,40.06367],[-111.86724,40.07036],[-111.84824,40.09517],[-111.82676,40.15801],[-111.74185,40.19028]]]},"properties":{"name":"Utah Lake"}},
{"type":"Feature","geometry":{"type":"Polygon","coordinates":[[[-126.4144,66.93809],[-126.4083,66.85718],[-126.36899,66.78428],[-126.31406,66.7604],[-126.27466,66.7543],[-126.23564,66.77544],[-126.18936,66.79561],[-126.17729,66.81694],[-126.19058,66.85464],[-126.1835,66.88262],[-126.14907,66.90874],[-126.12866,66.94082],[-126.1584,66.97861],[-126.21777,67.00957],[-126.29004,67.02056],[-126.35615,67.01118],[-126.39922,66.98291],[-126.4144,66.93809]]]},"properties":{"name":""}},
{"type":"Feature","geometry":{"type":"Polygon","coordinates":[[[-94.24531,47.19146],[-94.27793,47.18618],[-94.30811,47.18281],[-94.29692,47.2209],[-94.28149,47.27017],[-94.29648,47.28462],[-94.3793,47.24111],[-94.43696,47.23218],[-94.50225,47.22139],[-94.58906,47.20181],[-94.61084,47.20596],[-94.6208,47.16567],[-94.60464,47.12295],[-94.58584,47.07939],[-94.57808,47.06182],[-94.56973,47.07476],[-94.56567,47.11973],[-94.51938,47.14292],[-94.46094,47.10923],[-94.43301,47.077],[-94.39463,47.06699],[-94.34629,47.07471],[-94.30151,47.09668],[-94.26035,47.15005],[-94.24531,47.19146]]]},"properties":{"name":"Leech Lake"}},
{"type":"Feature","geometry":{"type":"Polygon","coordinates":[[[-90.2918,48.93496],[-90.32446,48.91577],[-90.36079,48.89253],[-90.40034,48.88584],[-90.47959,48.88457],[-90.54648,48.89517],[-90.56113,48.92617],[-90.59106,48.96025],[-90.62622,48.97383],[-90.66582,48.96689],[-90.68818,48.94414],[-90.68428,48.92036],[-90.65015,48.91665],[-90.63169,48.86709],[-90.63433,48.83276],[-90.60093,48.81138],[-90.52466,48.8061],[-90.45815,48.79795],[-90.44038,48.78467],[-90.37515,48.78594],[-90.33965,48.82148],[-90.31396,48.87832],[-90.28774,48.91563],[-90.2918,48.93496]]]},"properties":{"name":"Lac des Mille Lacs"}},
{"type":"Feature","geometry":{"type":"Polygon","coordinates":[[[-75.69429,46.89663],[-75.72715,46.97407],[-75.73652,46.99707],[-75.77886,46.96372],[-75.83062,46.90161],[-75.89014,46.88867],[-75.95498,46.87485],[-75.95815,46.85898],[-75.97148,46.81909],[-76.00962,46.77773],[-76.0335,46.75947],[-76.01748,46.74673],[-75.94326,46.75864],[-75.86436,46.75493],[-75.79487,46.71494],[-75.75142,46.71763],[-75.73164,46.76812],[-75.69839,46.82485],[-75.68779,46.87207],[-75.69429,46.89663]]]},"properties":{"name":"Réservoir Baskatong"}},
{"type":"Feature","geometry":{"type":"Polygon","coordinates":[[[-72.26519,-40.26025],[-72.26953,-40.22148],[-72.26665,-40.1916],[-72.27329,-40.16631],[-72.29902,-40.14971],[-72.33008,-40.12764],[-72.42539,-40.13535],[-72.52861,-40.17168],[-72.55229,-40.20117],[-72.55801,-40.23457],[-72.54741,-40.27207],[-72.45728,-40.29287],[-72.33096,-40.29932],[-72.27285,-40.30215],[-72.26289,-40.29219],[-72.26519,-40.26025]]]},"properties":{"name":"Lago Ranco"}},
{"type":"Feature","geometry":{"type":"Polygon","coordinates":[[[-121.25581,60.44756],[-121.14868,60.51343],[-121.09131,60.59155],[-121.10825,60.66455],[-121.17627,60.72236],[-121.27588,60.76187],[-121.33608,60.77061],[-121.31396,60.70049],[-121.30063,60.62324],[-121.31553,60.58833],[-121.38906,60.55991],[-121.48437,60.51743],[-121.56641,60.46353],[-121.58599,60.43789],[-121.49653,60.45859],[-121.45615,60.44277],[-121.42881,60.41416],[-121.40781,60.39966],[-121.35498,60.4083],[-121.25581,60.44756]]]},"properties":{"name":"Trout Lake"}},
{"type":"Feature","geometry":{"type":"Polygon","coordinates":[[[-72.30625,-49.76074],[-72.18359,-49.78408],[-72.13633,-49.7749],[-72.11377,-49.75918],[-72.10142,-49.73584],[-72.10142,-49.70859],[-72.13242,-49.66807],[-72.21094,-49.62598],[-72.26133,-49.61064],[-72.52002,-49.55225],[-72.81387,-49.47832],[-72.87764,-49.43994],[-72.93027,-49.43975],[-72.98452,-49.48057],[-73.01807,-49.5084],[-72.99062,-49.55156],[-72.96919,-49.58809],[-72.973,-49.61602],[-73.00225,-49.63896],[-73.03008,-49.66172],[-73.02939,-49.67295],[-72.94331,-49.66777],[-72.82485,-49.65938],[-72.75303,-49.65674],[-72.70977,-49.63896],[-72.62056,-49.64102],[-72.48984,-49.69141],[-72.30625,-49.76074]]]},"properties":{"name":"Lago Viedma"}},
{"type":"Feature","geometry":{"type":"Polygon","coordinates":[[[18.03555,-0.95684],[18.05723,-0.95566],[18.07725,-0.97061],[18.10225,-0.98877],[18.12891,-0.98086],[18.12637,-0.93076],[18.11709,-0.85977],[18.10742,-0.79941],[18.11084,-0.78164],[18.12061,-0.73076],[18.11406,-0.70791],[18.08926,-0.67959],[18.04473,-0.65693],[17.9833,-0.65166],[17.90088,-0.66504],[17.83262,-0.66895],[17.81133,-0.67217],[17.81719,-0.69473],[17.84297,-0.71348],[17.90137,-0.73604],[17.91758,-0.7709],[17.9168,-0.81553],[17.94063,-0.85215],[17.98223,-0.89248],[18.01367,-0.93135],[18.03555,-0.95684]]]},"properties":{"name":"Lac Tumba"}},
{"type":"Feature","geometry":{"type":"Polygon","coordinates":[[[30.76846,63.83359],[30.72715,63.82529],[30.74883,63.80464],[30.88271,63.7897],[30.91631,63.76733],[30.91914,63.73794],[30.91211,63.70811],[30.94912,63.68276],[30.99902,63.66768],[31.06768,63.64004],[31.12861,63.61304],[31.14385,63.62915],[31.12197,63.65435],[31.11387,63.68101],[31.13428,63.69775],[31.13789,63.70898],[31.121,63.7334],[31.0877,63.75444],[31.08027,63.78008],[31.0998,63.79023],[31.14043,63.78262],[31.16953,63.77124],[31.19102,63.775],[31.19941,63.78618],[31.1668,63.81479],[31.02275,63.83579],[30.8957,63.86787],[30.88164,63.88652],[30.87275,63.90283],[30.83252,63.91758],[30.79707,63.92227],[30.79502,63.879],[30.76846,63.83359]]]},"properties":{"name":""}},
{"type":"Feature","geometry":{"type":"Polygon","coordinates":[[[116.42383,30.10825],[116.46836,30.10376],[116.49375,30.08516],[116.50625,30.07817],[116.52559,30.08931],[116.52529,30.11577],[116.52695,30.14912],[116.54043,30.18003],[116.53906,30.20679],[116.51377,30.2084],[116.47197,30.2042],[116.44336,30.20693],[116.39023,30.22368],[116.37148,30.24414],[116.35693,30.24531],[116.33506,30.23447],[116.31445,30.23027],[116.31699,30.20322],[116.35088,30.17456],[116.37344,30.16064],[116.38662,30.14258],[116.40078,30.11763],[116.42383,30.10825]]]},"properties":{"name":"Po Hu"}},
{"type":"Feature","geometry":{"type":"Polygon","coordinates":[[[117.58105,47.68564],[117.58584,47.67114],[117.60615,47.66602],[117.65488,47.67998],[117.7292,47.71826],[117.80605,47.77241],[117.85586,47.82544],[117.86855,47.86484],[117.84082,47.9105],[117.80107,47.95005],[117.76445,47.96118],[117.70918,47.94751],[117.6375,47.90127],[117.56953,47.8355],[117.53076,47.77642],[117.529,47.73867],[117.5584,47.70986],[117.58105,47.68564]]]},"properties":{"name":"Buyr Nuur"}},
{"type":"Feature","geometry":{"type":"Polygon","coordinates":[[[83.23027,31.46353],[83.29609,31.44624],[83.3332,31.44512],[83.34082,31.46162],[83.29004,31.5083],[83.20879,31.55669],[83.1415,31.59668],[83.1001,31.65166],[83.05957,31.64111],[82.97383,31.62744],[82.93389,31.61245],[82.92783,31.59609],[82.89443,31.57476],[82.8373,31.56436],[82.85713,31.54097],[82.9126,31.51709],[82.99082,31.51509],[83.09434,31.49199],[83.20107,31.46426],[83.23027,31.46353]]]},"properties":{"name":"Ngangla Ringeo"}},
{"type":"Feature","geometry":{"type":"Polygon","coordinates":[[[86.77734,31.16616],[86.76523,31.25635],[86.74189,31.34189],[86.65391,31.36665],[86.60703,31.22114],[86.51602,31.05752],[86.44512,30.95156],[86.41221,30.8939],[86.39629,30.87095],[86.39717,30.84028],[86.41943,30.80703],[86.45664,30.79521],[86.49395,30.81104],[86.52266,30.85776],[86.56504,30.94321],[86.60732,31.03408],[86.62803,31.08437],[86.70439,31.12285],[86.76396,31.1356],[86.77734,31.16616]]]},"properties":{"name":"Tangra Yumco"}},
{"type":"Feature","geometry":{"type":"Polygon","coordinates":[[[79.76973,52.96714],[79.80937,52.99609],[79.79063,53.01226],[79.7666,53.04834],[79.73779,53.09204],[79.69541,53.11846],[79.6375,53.1373],[79.59434,53.14346],[79.47227,53.10195],[79.42695,53.07559],[79.39932,53.04136],[79.38652,53.00664],[79.38672,52.97417],[79.4,52.94399],[79.45107,52.89912],[79.5166,52.8582],[79.60313,52.83721],[79.69141,52.82983],[79.73359,52.84189],[79.7502,52.85957],[79.73564,52.87295],[79.73125,52.89951],[79.74443,52.93247],[79.76973,52.96714]]]},"properties":{"name":"Ozero Kulundinskoye"}},
{"type":"Feature","geometry":{"type":"Polygon","coordinates":[[[73.38652,53.06958],[73.40654,53.07168],[73.40313,53.0875],[73.40801,53.10825],[73.41855,53.15391],[73.42129,53.25474],[73.42393,53.33701],[73.40498,53.36099],[73.32109,53.38218],[73.20361,53.39761],[73.10879,53.39521],[73.03105,53.38418],[72.98691,53.36826],[72.98076,53.34385],[72.95732,53.30908],[72.92266,53.28081],[72.93291,53.25986],[72.9585,53.24966],[73.01387,53.27095],[73.08779,53.26895],[73.19727,53.20527],[73.3251,53.11338],[73.38652,53.06958]]]},"properties":{"name":"Siletitengiz Köli"}},
{"type":"Feature","geometry":{"type":"Polygon","coordinates":[[[80.32793,55.53994],[80.30479,55.56299],[80.26855,55.56069],[80.18555,55.56372],[80.08555,55.54995],[79.98398,55.51563],[79.88125,55.4791],[79.82295,55.452],[79.82324,55.42256],[79.84727,55.39683],[79.89805,55.38506],[79.98652,55.38999],[80.09961,55.41274],[80.2082,55.452],[80.30811,55.49375],[80.32793,55.53994]]]},"properties":{"name":"Ubinskoye Lake"}},
{"type":"Feature","geometry":{"type":"Polygon","coordinates":[[[38.65059,61.34443],[38.64746,61.27339],[38.66318,61.2165],[38.69707,61.19854],[38.76133,61.19546],[38.83652,61.20664],[38.88564,61.22876],[38.89492,61.25483],[38.8749,61.28901],[38.85762,61.32314],[38.88418,61.38115],[38.9167,61.44473],[38.89414,61.46694],[38.79727,61.45244],[38.7082,61.42104],[38.67471,61.3896],[38.65059,61.34443]]]},"properties":{"name":""}},
{"type":"Feature","geometry":{"type":"Polygon","coordinates":[[[28.86865,66.31128],[28.80742,66.33516],[28.75469,66.33828],[28.72715,66.33086],[28.77988,66.30034],[28.83545,66.2624],[28.83594,66.24233],[28.83311,66.23306],[28.70254,66.21201],[28.56113,66.18589],[28.54004,66.1667],[28.50596,66.13647],[28.43262,66.12471],[28.31973,66.09966],[28.17656,66.07183],[28.1377,66.07432],[28.12842,66.09727],[28.11846,66.12524],[28.08604,66.14497],[28.03008,66.16206],[27.94004,66.17207],[27.88564,66.16812],[27.95156,66.14365],[28.02461,66.11904],[28.03379,66.10752],[28.04668,66.0897],[28.04902,66.06587],[28.04277,66.04849],[28.06982,66.03438],[28.36436,66.03374],[28.52295,66.04902],[28.62578,66.06299],[28.70088,66.10591],[28.79121,66.16152],[28.94072,66.21997],[29.00713,66.24263],[29.02979,66.27036],[29.05293,66.28359],[29.08926,66.29878],[29.03027,66.3104],[28.94941,66.30581],[28.86865,66.31128]]]},"properties":{"name":""}},
{"type":"Feature","geometry":{"type":"Polygon","coordinates":[[[34.19355,67.87095],[34.21797,67.83643],[34.24795,67.79341],[34.23672,67.77144],[34.25449,67.7498],[34.30107,67.72412],[34.31865,67.70103],[34.31455,67.65508],[34.31279,67.60015],[34.31699,67.57158],[34.31836,67.54487],[34.40859,67.54307],[34.53418,67.55229],[34.58232,67.59277],[34.55137,67.64453],[34.44902,67.73364],[34.36328,67.80454],[34.33486,67.85811],[34.28018,67.88701],[34.21621,67.88213],[34.19355,67.87095]]]},"properties":{"name":"Umbozero Lake"}},
{"type":"Feature","geometry":{"type":"Polygon","coordinates":[[[32.31533,66.50186],[32.30596,66.5251],[32.2416,66.56587],[32.22021,66.60142],[32.25508,66.62417],[32.31094,66.65181],[32.33896,66.67407],[32.32852,66.68989],[32.31016,66.7064],[32.24902,66.73081],[32.19648,66.74502],[32.17969,66.76147],[32.20293,66.77939],[32.23867,66.81558],[32.21777,66.83521],[32.08701,66.84487],[31.94814,66.84053],[31.86055,66.88574],[31.7457,66.91211],[31.68027,66.88481],[31.70107,66.87251],[31.76543,66.8584],[31.76367,66.8377],[31.70781,66.8231],[31.62109,66.82241],[31.60859,66.81328],[31.57559,66.79902],[31.5542,66.78311],[31.56133,66.76885],[31.57676,66.75796],[31.73555,66.7502],[31.90098,66.74072],[31.96318,66.70029],[32.02754,66.63408],[32.11943,66.56392],[32.13457,66.53833],[32.10723,66.51948],[31.98271,66.49912],[31.97832,66.49033],[31.99141,66.47148],[32.12012,66.47061],[32.22393,66.45347],[32.35488,66.42534],[32.39004,66.4375],[32.39746,66.44517],[32.38086,66.45366],[32.36582,66.45801],[32.32461,66.46592],[32.304,66.48091],[32.3,66.48618],[32.31533,66.50186]]]},"properties":{"name":"Lake Kovdozero"}},
{"type":"Feature","geometry":{"type":"Polygon","coordinates":[[[170.65615,-43.65811],[170.63164,-43.67754],[170.6,-43.71201],[170.579,-43.71768],[170.55869,-43.70703],[170.54287,-43.6752],[170.53115,-43.57852],[170.51934,-43.53438],[170.5001,-43.59639],[170.52998,-43.81602],[170.51162,-43.85322],[170.50938,-43.8958],[170.50781,-43.96738],[170.51045,-44.00264],[170.575,-43.93506],[170.57588,-43.85059],[170.61758,-43.73652],[170.65313,-43.68057],[170.65615,-43.65811]]]},"properties":{"name":"Lake Tekapo"}},
{"type":"Feature","geometry":{"type":"Polygon","coordinates":[[[142.19385,72.56211],[142.12744,72.59458],[141.96494,72.60835],[141.79395,72.59292],[141.62217,72.5792],[141.58594,72.56958],[141.60732,72.54121],[141.62266,72.521],[141.63721,72.49995],[141.63916,72.47588],[141.68965,72.4645],[141.82881,72.46631],[141.96025,72.48423],[142.05723,72.51768],[142.15303,72.54858],[142.19385,72.56211]]]},"properties":{"name":"Ozero Bustakh"}},
{"type":"Feature","geometry":{"type":"Polygon","coordinates":[[[90.93086,28.92329],[90.95566,28.91182],[90.99277,28.89229],[91.00254,28.90435],[90.98818,28.95054],[90.99248,28.97798],[90.96309,29.00303],[90.91895,29.02085],[90.87617,29.02378],[90.84443,29.01279],[90.82881,28.98936],[90.78818,28.99077],[90.76807,29.0123],[90.73047,29.05166],[90.721,29.07231],[90.71875,29.09355],[90.72568,29.10854],[90.7293,29.12993],[90.6916,29.16138],[90.63262,29.19238],[90.56201,29.21113],[90.50293,29.18809],[90.42422,29.1377],[90.38633,29.10742],[90.38809,29.09316],[90.42363,29.11133],[90.47715,29.14502],[90.53447,29.16494],[90.58975,29.16714],[90.63018,29.15088],[90.65352,29.12603],[90.65918,29.08867],[90.66406,29.04658],[90.67246,29.01084],[90.64697,28.97461],[90.62109,28.93906],[90.59355,28.90264],[90.56055,28.87397],[90.53027,28.86099],[90.51025,28.85928],[90.4918,28.86982],[90.47383,28.88486],[90.45586,28.88711],[90.44736,28.87754],[90.45352,28.85962],[90.47871,28.83496],[90.5082,28.80449],[90.53467,28.78623],[90.56611,28.78721],[90.59033,28.79712],[90.63145,28.83804],[90.67002,28.86387],[90.71514,28.88252],[90.73926,28.86562],[90.75156,28.87485],[90.76807,28.91431],[90.8084,28.93823],[90.83467,28.93286],[90.85586,28.92778],[90.8667,28.9271],[90.88975,28.93354],[90.93086,28.92329]]]},"properties":{"name":"Yamzho Yumco"}},
{"type":"Feature","geometry":{"type":"Polygon","coordinates":[[[72.00264,56.202],[71.94121,56.21123],[71.88008,56.20591],[71.8623,56.19204],[71.81973,56.18945],[71.72148,56.19702],[71.64248,56.19141],[71.62461,56.17764],[71.66221,56.11489],[71.67588,56.06689],[71.71758,56.05796],[71.75049,56.06401],[71.77773,56.08677],[71.81729,56.09502],[71.86904,56.10645],[71.94746,56.10913],[71.98867,56.14277],[72.00918,56.17705],[72.00264,56.202]]]},"properties":{"name":"Ozero Tenis"}},
{"type":"Feature","geometry":{"type":"Polygon","coordinates":[[[67.67852,55.80068],[67.66826,55.81724],[67.59512,55.82134],[67.53633,55.80605],[67.48301,55.80645],[67.43311,55.83516],[67.38174,55.86919],[67.35068,55.86753],[67.34785,55.85088],[67.32051,55.81484],[67.29648,55.77734],[67.29785,55.74526],[67.39619,55.71802],[67.50371,55.71304],[67.59414,55.74976],[67.6084,55.76479],[67.62109,55.78003],[67.64004,55.7918],[67.67852,55.80068]]]},"properties":{"name":"Ozero Chërnoye"}},
{"type":"Feature","geometry":{"type":"Polygon","coordinates":[[[32.91045,65.97476],[32.87051,65.98335],[32.86309,65.99756],[32.89121,66.0231],[32.89785,66.04302],[32.83564,66.04355],[32.81113,66.03311],[32.79648,66.00718],[32.75059,65.97451],[32.74521,65.9478],[32.79492,65.92925],[32.8376,65.9125],[32.84873,65.89351],[32.84209,65.87646],[32.77813,65.85806],[32.70361,65.83047],[32.73438,65.80542],[32.73594,65.78682],[32.74277,65.76934],[32.79951,65.76245],[32.9459,65.79395],[33.07207,65.83271],[33.07559,65.85195],[33.08105,65.87939],[33.08652,65.90938],[33.05508,65.92988],[32.97441,65.9396],[32.93115,65.95723],[32.91045,65.97476]]]},"properties":{"name":""}},
{"type":"Feature","geometry":{"type":"Polygon","coordinates":[[[158.93379,70.09233],[158.92471,70.11875],[158.8543,70.12197],[158.70938,70.13823],[158.60977,70.1375],[158.55762,70.12412],[158.5459,70.09902],[158.57275,70.06587],[158.64238,70.02896],[158.75176,69.99414],[158.79238,69.98979],[158.81934,69.99976],[158.84512,70.03608],[158.88301,70.07305],[158.91309,70.08403],[158.93379,70.09233]]]},"properties":{"name":"Ozero Bol'šoe Morskoe"}},
{"type":"Feature","geometry":{"type":"Polygon","coordinates":[[[160.02549,69.45649],[160.04395,69.446],[160.04688,69.42842],[160.0332,69.41045],[160.05625,69.39399],[160.15215,69.36885],[160.24795,69.35195],[160.27773,69.35947],[160.24854,69.3856],[160.20596,69.41069],[160.30029,69.41685],[160.42393,69.42012],[160.44531,69.43047],[160.41318,69.44141],[160.3665,69.46226],[160.3251,69.48936],[160.22012,69.51885],[160.10361,69.53911],[160.05547,69.53784],[160.06758,69.51445],[160.09941,69.48481],[160.06592,69.46768],[160.02549,69.45649]]]},"properties":{"name":"Ozero Chukochye"}},
{"type":"Feature","geometry":{"type":"Polygon","coordinates":[[[118.77998,31.40937],[118.81465,31.40195],[118.85,31.39258],[118.91523,31.43506],[118.96016,31.46479],[118.96396,31.50337],[118.94121,31.5541],[118.86738,31.54561],[118.75791,31.54512],[118.72295,31.5417],[118.72354,31.52222],[118.74277,31.49224],[118.74736,31.45889],[118.76846,31.4188],[118.77998,31.40937]]]},"properties":{"name":"Shijiu Hu"}},
{"type":"Feature","geometry":{"type":"Polygon","coordinates":[[[113.45127,29.94023],[113.40615,29.95283],[113.36191,29.94932],[113.33125,29.89365],[113.30225,29.88828],[113.24863,29.90405],[113.23027,29.89277],[113.2373,29.8478],[113.2751,29.77979],[113.31221,29.74922],[113.34043,29.75986],[113.36875,29.78521],[113.39121,29.82588],[113.42568,29.87607],[113.454,29.9144],[113.45127,29.94023]]]},"properties":{"name":"Hong Hu"}},
{"type":"Feature","geometry":{"type":"Polygon","coordinates":[[[26.14277,58.32734],[26.12148,58.37368],[26.07744,58.39116],[26.01904,58.39624],[25.96611,58.38164],[25.94092,58.34497],[25.92793,58.30513],[26.00371,58.21948],[26.05098,58.14585],[26.08477,58.14346],[26.11025,58.20981],[26.14063,58.2688],[26.14277,58.32734]]]},"properties":{"name":"Võrtsjärv"}},
{"type":"Feature","geometry":{"type":"Polygon","coordinates":[[[117.94121,31.52051],[117.91865,31.55059],[117.80977,31.6208],[117.7333,31.65967],[117.65156,31.6543],[117.59395,31.60942],[117.54307,31.59092],[117.48691,31.59316],[117.44805,31.61006],[117.43379,31.65142],[117.41279,31.69414],[117.36631,31.70879],[117.31543,31.69746],[117.29717,31.6498],[117.31719,31.59165],[117.38193,31.53604],[117.46787,31.4666],[117.56309,31.44512],[117.62344,31.45454],[117.70625,31.52446],[117.78447,31.57915],[117.82988,31.56982],[117.91172,31.52158],[117.94121,31.52051]]]},"properties":{"name":"Chao Hu"}},
{"type":"Feature","geometry":{"type":"Polygon","coordinates":[[[12.89932,63.65244],[12.93623,63.6001],[13.01006,63.54419],[13.11309,63.49722],[13.17939,63.47104],[13.24258,63.45151],[13.33486,63.42725],[13.3582,63.45059],[13.21299,63.48618],[13.11914,63.55435],[13.09717,63.60781],[13.08535,63.65029],[13.10977,63.67075],[13.16006,63.6896],[13.27637,63.68643],[13.29951,63.69541],[13.27344,63.71079],[13.20918,63.72437],[13.1165,63.72559],[13.0124,63.71196],[12.92988,63.68569],[12.89932,63.65244]]]},"properties":{"name":""}},
{"type":"Feature","geometry":{"type":"Polygon","coordinates":[[[-64.96572,44.25244],[-65.00967,44.23027],[-65.05254,44.22407],[-65.07954,44.22764],[-65.09502,44.24707],[-65.10391,44.27178],[-65.13447,44.27017],[-65.16689,44.25654],[-65.18867,44.23467],[-65.19937,44.20791],[-65.19849,44.1814],[-65.17622,44.15513],[-65.09946,44.14873],[-65.02456,44.16382],[-65.00107,44.18174],[-64.96426,44.23848],[-64.96572,44.25244]]]},"properties":{"name":"Lake Rossignol"}},
{"type":"Feature","geometry":{"type":"Polygon","coordinates":[[[-66.10635,45.87134],[-66.04131,45.90361],[-65.98857,45.94219],[-65.97861,45.96934],[-65.94961,46.00645],[-65.92979,46.03423],[-65.91987,46.06401],[-65.91958,46.09287],[-65.94214,46.09868],[-65.95762,46.09146],[-65.96992,46.08193],[-66.00176,46.06621],[-66.02686,46.04966],[-66.048,46.00991],[-66.07729,45.95288],[-66.13091,45.90981],[-66.18965,45.88076],[-66.1502,45.8561],[-66.10635,45.87134]]]},"properties":{"name":"Grand Lake"}},
{"type":"Feature","geometry":{"type":"Polygon","coordinates":[[[-120.32417,41.98691],[-120.32329,42.04043],[-120.34399,42.06646],[-120.3749,42.0897],[-120.41069,42.10732],[-120.44941,42.0875],[-120.47515,42.06479],[-120.48945,41.98809],[-120.48389,41.86924],[-120.46582,41.80312],[-120.44282,41.78525],[-120.39556,41.79243],[-120.37847,41.83223],[-120.34995,41.92266],[-120.32417,41.98691]]]},"properties":{"name":"Goose Lake"}},
{"type":"Feature","geometry":{"type":"Polygon","coordinates":[[[-119.43218,39.90273],[-119.4543,39.9335],[-119.48296,39.97378],[-119.51514,40.08203],[-119.53359,40.18071],[-119.57729,40.20928],[-119.64116,40.19082],[-119.68359,40.15039],[-119.69614,40.12349],[-119.63584,40.02827],[-119.54707,39.92656],[-119.48652,39.87812],[-119.44619,39.86807],[-119.43301,39.88594],[-119.43218,39.90273]]]},"properties":{"name":"Pyramid Lake"}},
{"type":"Feature","geometry":{"type":"Polygon","coordinates":[[[44.98965,40.51499],[45.03984,40.49048],[45.09531,40.46108],[45.12461,40.42817],[45.15332,40.40356],[45.1835,40.38525],[45.21826,40.2959],[45.24844,40.19746],[45.27588,40.16382],[45.3127,40.14883],[45.38877,40.15142],[45.48066,40.15596],[45.54316,40.15552],[45.60762,40.17217],[45.65137,40.19497],[45.65918,40.21543],[45.65576,40.24268],[45.63623,40.27871],[45.60195,40.31826],[45.53672,40.3647],[45.43701,40.43516],[45.37295,40.47915],[45.31084,40.48828],[45.2417,40.51021],[45.09531,40.59033],[45.01455,40.61436],[44.98623,40.61157],[44.98887,40.58232],[44.97227,40.54233],[44.98965,40.51499]]]},"properties":{"name":"Lake Sevan"}},
{"type":"Feature","geometry":{"type":"Polygon","coordinates":[[[114.83887,30.28667],[114.84609,30.30239],[114.83379,30.32715],[114.80566,30.34541],[114.78418,30.34414],[114.76377,30.34507],[114.71289,30.32964],[114.67373,30.30044],[114.68008,30.27729],[114.679,30.25],[114.67891,30.22808],[114.7043,30.2124],[114.73457,30.21201],[114.7623,30.21123],[114.77803,30.21509],[114.78086,30.22065],[114.75996,30.23799],[114.74316,30.26338],[114.73926,30.27944],[114.75254,30.28301],[114.78271,30.27773],[114.8123,30.28252],[114.83887,30.28667]]]},"properties":{"name":""}},
{"type":"Feature","geometry":{"type":"Polygon","coordinates":[[[114.60078,30.66152],[114.58574,30.66318],[114.58379,30.65049],[114.62187,30.60835],[114.69648,30.61274],[114.75605,30.6501],[114.78633,30.6625],[114.78135,30.70063],[114.7459,30.7376],[114.71943,30.75107],[114.70332,30.7354],[114.67393,30.72363],[114.646,30.71484],[114.64941,30.67388],[114.63994,30.65952],[114.62187,30.65649],[114.60078,30.66152]]]},"properties":{"name":""}},
{"type":"Feature","geometry":{"type":"Polygon","coordinates":[[[117.32617,34.58735],[117.31777,34.62144],[117.26641,34.66543],[117.17891,34.71934],[117.13945,34.72539],[117.12832,34.6625],[117.14121,34.61201],[117.17383,34.54336],[117.20986,34.4981],[117.24971,34.50161],[117.29473,34.54858],[117.32617,34.58735]]]},"properties":{"name":"Weishan Hu"}},
{"type":"Feature","geometry":{"type":"Polygon","coordinates":[[[114.60078,30.34365],[114.62285,30.33862],[114.65508,30.34561],[114.68301,30.39707],[114.72715,30.41982],[114.75254,30.429],[114.74756,30.44312],[114.75244,30.46318],[114.75645,30.47725],[114.73867,30.49443],[114.70107,30.51216],[114.67773,30.49707],[114.66602,30.49004],[114.64004,30.48647],[114.60859,30.49561],[114.60703,30.48315],[114.6292,30.45596],[114.63291,30.43989],[114.63057,30.42017],[114.60098,30.39878],[114.57549,30.40493],[114.5332,30.43496],[114.49492,30.43872],[114.48223,30.43096],[114.49932,30.41763],[114.55293,30.38428],[114.60078,30.34365]]]},"properties":{"name":""}},
{"type":"Feature","geometry":{"type":"Polygon","coordinates":[[[114.30078,30.0249],[114.29414,30.04297],[114.27344,30.0438],[114.25273,30.04487],[114.2373,30.08359],[114.246,30.11523],[114.24883,30.14058],[114.21816,30.14082],[114.17695,30.11387],[114.14668,30.08252],[114.14336,29.9875],[114.1707,29.92095],[114.21768,29.90132],[114.25508,29.90615],[114.26426,29.91523],[114.24375,29.93774],[114.25215,29.97217],[114.28926,30.00249],[114.30078,30.0249]]]},"properties":{"name":"Huangtang Hu"}},
{"type":"Feature","geometry":{"type":"Polygon","coordinates":[[[114.15762,29.87183],[114.15215,29.89038],[114.13027,29.93535],[114.10088,30.02246],[114.07363,30.02681],[114.01855,30.00107],[113.94063,29.98101],[113.94365,29.96646],[113.96963,29.96279],[113.99619,29.95918],[114.00322,29.94238],[113.98379,29.91621],[113.96289,29.89238],[113.96865,29.88018],[113.99023,29.87866],[114.02949,29.89805],[114.0626,29.92749],[114.08721,29.93374],[114.11387,29.8832],[114.13682,29.8624],[114.15762,29.87183]]]},"properties":{"name":""}},
{"type":"Feature","geometry":{"type":"Polygon","coordinates":[[[-119.60303,37.05742],[-119.62285,37.04585],[-119.67163,37.02764],[-119.69312,36.99956],[-119.64102,37.00781],[-119.60303,37.03096],[-119.59805,37.05083],[-119.60303,37.05742]]]},"properties":{"name":"Millerton Lake"}},
{"type":"Feature","geometry":{"type":"Polygon","coordinates":[[[-119.87466,68.5585],[-119.85947,68.52856],[-119.8355,68.48428],[-119.83311,68.42124],[-119.84424,68.32124],[-119.84775,68.25371],[-119.81655,68.24565],[-119.73384,68.25537],[-119.64595,68.28901],[-119.52549,68.33174],[-119.51138,68.36147],[-119.59009,68.39634],[-119.64185,68.4396],[-119.64956,68.471],[-119.6209,68.53169],[-119.59453,68.57446],[-119.55195,68.59419],[-119.48662,68.59502],[-119.46978,68.60825],[-119.48564,68.63262],[-119.52588,68.65835],[-119.57246,68.67202],[-119.61289,68.69761],[-119.62549,68.71504],[-119.66294,68.74424],[-119.66504,68.754],[-119.69053,68.75474],[-119.71968,68.74619],[-119.74399,68.71899],[-119.78647,68.68394],[-119.82549,68.66099],[-119.80937,68.64155],[-119.80605,68.61904],[-119.84839,68.5834],[-119.87466,68.5585]]]},"properties":{"name":"Bluenose Lake"}},
{"type":"Feature","geometry":{"type":"Polygon","coordinates":[[[-70.08047,49.43989],[-70.06943,49.45879],[-70.06367,49.4748],[-70.02935,49.49775],[-69.98242,49.51689],[-69.94634,49.51763],[-69.91738,49.5041],[-69.90225,49.48091],[-69.90381,49.45068],[-69.88862,49.40669],[-69.86602,49.36562],[-69.85581,49.34248],[-69.8249,49.33315],[-69.78311,49.33862],[-69.78677,49.37036],[-69.84429,49.47222],[-69.89854,49.54512],[-69.95068,49.55488],[-70.0168,49.59673],[-70.07295,49.64272],[-70.09976,49.68979],[-70.13535,49.70825],[-70.17129,49.68398],[-70.20562,49.68193],[-70.23574,49.69854],[-70.25913,49.74971],[-70.28901,49.81323],[-70.31719,49.86357],[-70.33931,49.88359],[-70.3769,49.88696],[-70.35835,49.83193],[-70.30742,49.74814],[-70.30459,49.70054],[-70.34023,49.67021],[-70.41094,49.68174],[-70.44224,49.68354],[-70.47109,49.67207],[-70.51431,49.62983],[-70.58525,49.57227],[-70.66738,49.53115],[-70.71562,49.5248],[-70.74438,49.55986],[-70.7917,49.59595],[-70.82568,49.61616],[-70.83428,49.62544],[-70.85933,49.59922],[-70.9208,49.49717],[-70.96309,49.40596],[-70.94048,49.40815],[-70.89229,49.45664],[-70.85469,49.52524],[-70.83447,49.54175],[-70.81587,49.54346],[-70.78853,49.53594],[-70.75649,49.4875],[-70.73613,49.4417],[-70.70078,49.42739],[-70.67681,49.44849],[-70.63872,49.46616],[-70.57134,49.47271],[-70.53872,49.43882],[-70.51553,49.41084],[-70.50806,49.42666],[-70.50459,49.46104],[-70.48662,49.49927],[-70.46748,49.53154],[-70.44961,49.53667],[-70.43105,49.53203],[-70.40557,49.51909],[-70.35391,49.50386],[-70.3292,49.5231],[-70.33535,49.53965],[-70.35093,49.59033],[-70.32422,49.62378],[-70.28296,49.64102],[-70.2418,49.63491],[-70.19512,49.61743],[-70.15718,49.5917],[-70.13735,49.56523],[-70.13975,49.52954],[-70.1375,49.49077],[-70.08047,49.43989]]]},"properties":{"name":"Réservoir Pipmuacan"}},
{"type":"Feature","geometry":{"type":"Polygon","coordinates":[[[-57.03486,49.26489],[-57.11494,49.23691],[-57.2209,49.18931],[-57.26172,49.18105],[-57.26206,49.14717],[-57.26997,49.09863],[-57.37134,49.01089],[-57.5625,48.89424],[-57.66504,48.85889],[-57.78037,48.77407],[-57.96514,48.68511],[-58.01328,48.66313],[-57.94736,48.6584],[-57.85889,48.64321],[-57.75957,48.67227],[-57.57778,48.78618],[-57.51318,48.85815],[-57.43535,48.90713],[-57.24009,49.05645],[-57.12998,49.16563],[-57.05264,49.21509],[-57.02529,49.21265],[-56.96958,49.2272],[-56.92837,49.26357],[-56.9439,49.3043],[-56.96294,49.33647],[-56.98994,49.33169],[-57.01055,49.29688],[-57.03486,49.26489]]]},"properties":{"name":"Grand Lake"}},
{"type":"Feature","geometry":{"type":"Polygon","coordinates":[[[-126.35732,67.27129],[-126.20645,67.30371],[-126.19141,67.33018],[-126.2085,67.35801],[-126.2085,67.38198],[-126.1981,67.40283],[-126.20527,67.41948],[-126.23062,67.43379],[-126.29795,67.44419],[-126.39839,67.48765],[-126.49365,67.55225],[-126.61362,67.57832],[-126.73042,67.573],[-126.76245,67.56021],[-126.69146,67.53457],[-126.6126,67.52207],[-126.59995,67.49541],[-126.58359,67.4708],[-126.54771,67.44224],[-126.53604,67.39751],[-126.51436,67.31958],[-126.49473,67.26333],[-126.41914,67.25605],[-126.35732,67.27129]]]},"properties":{"name":""}},
{"type":"Feature","geometry":{"type":"Polygon","coordinates":[[[-125.75127,67.31309],[-125.79331,67.30547],[-126.03296,67.25415],[-126.23516,67.21523],[-126.24136,67.19912],[-126.21582,67.18184],[-126.19121,67.16943],[-126.18437,67.13755],[-126.1959,67.11509],[-126.22397,67.10444],[-126.22163,67.08516],[-126.16572,67.06489],[-126.06138,67.05933],[-125.91846,67.0793],[-125.82842,67.12378],[-125.79287,67.17681],[-125.75571,67.23765],[-125.72954,67.29722],[-125.75127,67.31309]]]},"properties":{"name":"Colville Lake"}},
{"type":"Feature","geometry":{"type":"Polygon","coordinates":[[[-118.66641,64.99946],[-118.66431,64.96958],[-118.63623,64.92842],[-118.57827,64.88433],[-118.48848,64.84141],[-118.33286,64.78052],[-118.17627,64.78569],[-118.1457,64.79463],[-118.14858,64.84297],[-118.15571,64.85181],[-118.23945,64.84541],[-118.31934,64.8731],[-118.325,64.90317],[-118.27612,64.92949],[-118.2479,64.95581],[-118.23667,64.98589],[-118.2479,65.01406],[-118.275,65.04302],[-118.28179,65.06855],[-118.2792,65.09033],[-118.24604,65.13623],[-118.2646,65.19912],[-118.30308,65.22676],[-118.3646,65.24497],[-118.39521,65.26118],[-118.42339,65.28081],[-118.44453,65.29072],[-118.55234,65.27886],[-118.65933,65.26221],[-118.73281,65.24463],[-118.82534,65.21748],[-118.83159,65.19165],[-118.76689,65.1585],[-118.69775,65.10898],[-118.67739,65.08052],[-118.6812,65.06074],[-118.68232,65.02988],[-118.66641,64.99946]]]},"properties":{"name":"Hottah Lake"}},
{"type":"Feature","geometry":{"type":"Polygon","coordinates":[[[-90.35718,53.76606],[-90.27456,53.75654],[-90.16689,53.74663],[-90.10303,53.71665],[-90.03379,53.68521],[-89.93867,53.67876],[-89.81392,53.68994],[-89.67793,53.73306],[-89.60859,53.77153],[-89.7291,53.79131],[-89.84673,53.81489],[-89.86187,53.83354],[-89.92764,53.86323],[-90.00186,53.88633],[-90.04624,53.8812],[-90.10068,53.8708],[-90.14492,53.85391],[-90.17129,53.83789],[-90.20083,53.84063],[-90.22695,53.85625],[-90.25176,53.87007],[-90.28989,53.86797],[-90.32109,53.83491],[-90.34365,53.78901],[-90.35718,53.76606]]]},"properties":{"name":"Big Trout Lake"}},
{"type":"Feature","geometry":{"type":"Polygon","coordinates":[[[-93.1645,51.07119],[-93.1373,51.1228],[-93.07363,51.15903],[-93.07163,51.17334],[-93.10146,51.20732],[-93.12324,51.24077],[-93.14106,51.27295],[-93.17456,51.29473],[-93.21514,51.29893],[-93.2833,51.27949],[-93.34355,51.28613],[-93.37002,51.30151],[-93.40576,51.29204],[-93.45527,51.26401],[-93.48018,51.23657],[-93.4813,51.20815],[-93.4293,51.15361],[-93.31958,51.07461],[-93.2354,51.0335],[-93.19961,51.03857],[-93.18179,51.05493],[-93.1645,51.07119]]]},"properties":{"name":"Trout Lake"}},
{"type":"Feature","geometry":{"type":"Polygon","coordinates":[[[-94.23628,53.73442],[-94.17964,53.7417],[-94.10273,53.75879],[-94.01396,53.79849],[-94.00215,53.84663],[-94.04775,53.88223],[-94.13076,53.89214],[-94.22935,53.88257],[-94.34595,53.87437],[-94.47661,53.86411],[-94.59014,53.85845],[-94.65425,53.87598],[-94.68926,53.89692],[-94.6856,53.91528],[-94.62075,53.94531],[-94.60142,53.97168],[-94.63408,53.98623],[-94.75376,53.98901],[-94.82241,53.97549],[-94.85146,53.95596],[-94.88936,53.94551],[-94.93335,53.93311],[-94.93794,53.90239],[-94.94863,53.85928],[-94.93335,53.82666],[-94.85518,53.78569],[-94.68193,53.73345],[-94.55264,53.71318],[-94.51763,53.70962],[-94.4457,53.71958],[-94.35083,53.73013],[-94.23628,53.73442]]]},"properties":{"name":"Island Lake"}},
{"type":"Feature","geometry":{"type":"Polygon","coordinates":[[[-70.50933,52.99585],[-70.52676,53.00664],[-70.54814,53.00664],[-70.59873,52.98784],[-70.65195,52.99009],[-70.69141,52.9978],[-70.7498,53.03799],[-70.82031,53.06025],[-70.8333,53.04312],[-70.83125,53.02764],[-70.82847,53.0145],[-70.77148,53.0084],[-70.74849,52.99585],[-70.74131,52.98145],[-70.74995,52.9627],[-70.76846,52.95591],[-70.83828,52.94282],[-70.89927,52.94048],[-70.92363,52.9377],[-70.95215,52.90713],[-70.98242,52.87236],[-70.98105,52.84087],[-70.96465,52.81904],[-70.94004,52.81685],[-70.89927,52.84814],[-70.84668,52.87847],[-70.81689,52.90859],[-70.78306,52.89932],[-70.7769,52.86255],[-70.77988,52.80889],[-70.7624,52.7874],[-70.70283,52.77461],[-70.65649,52.75088],[-70.64023,52.73579],[-70.60254,52.75908],[-70.5918,52.7894],[-70.5772,52.80303],[-70.53804,52.79966],[-70.52139,52.78535],[-70.52158,52.76128],[-70.51943,52.72456],[-70.52173,52.68247],[-70.48701,52.62988],[-70.4334,52.60991],[-70.42158,52.63857],[-70.44355,52.6772],[-70.46768,52.7458],[-70.47446,52.81328],[-70.46719,52.84141],[-70.46372,52.8626],[-70.48389,52.87183],[-70.47617,52.90073],[-70.44248,52.94063],[-70.39702,52.97388],[-70.43726,52.97642],[-70.48623,52.98286],[-70.50933,52.99585]]]},"properties":{"name":"Lake Naococane"}},
{"type":"Feature","geometry":{"type":"Polygon","coordinates":[[[-104.39609,55.16001],[-104.36895,55.18242],[-104.40024,55.24736],[-104.41826,55.2542],[-104.51909,55.25659],[-104.57373,55.28145],[-104.59019,55.30195],[-104.6209,55.30684],[-104.67422,55.29116],[-104.71436,55.29551],[-104.75537,55.3021],[-104.79766,55.29194],[-104.80806,55.30059],[-104.8332,55.3063],[-104.95483,55.27954],[-105.0605,55.29785],[-105.08145,55.30195],[-105.13848,55.28257],[-105.20518,55.24844],[-105.23677,55.21855],[-105.22915,55.20024],[-105.22422,55.17915],[-105.21758,55.15596],[-105.2334,55.11729],[-105.25771,55.07402],[-105.24712,55.04839],[-105.24492,55.00186],[-105.23677,54.95664],[-105.1939,54.93613],[-105.12803,54.92495],[-105.02603,54.94678],[-104.90088,54.97715],[-104.82222,54.99395],[-104.79028,55.03364],[-104.73525,55.09038],[-104.68984,55.12593],[-104.63687,55.14795],[-104.59097,55.15371],[-104.50718,55.13262],[-104.45474,55.13833],[-104.39609,55.16001]]]},"properties":{"name":"Lac la Ronge"}},
{"type":"Feature","geometry":{"type":"Polygon","coordinates":[[[-93.53428,46.24873],[-93.53809,46.26855],[-93.54155,46.30034],[-93.55176,46.34116],[-93.56943,46.35659],[-93.60723,46.36021],[-93.67881,46.34458],[-93.75835,46.30796],[-93.79546,46.25537],[-93.775,46.20044],[-93.72593,46.15791],[-93.66787,46.13682],[-93.5998,46.1356],[-93.53965,46.15015],[-93.51362,46.17661],[-93.52104,46.2103],[-93.53428,46.24873]]]},"properties":{"name":"Mille Lacs Lake"}},
{"type":"Feature","geometry":{"type":"Polygon","coordinates":[[[-71.29258,43.63467],[-71.30557,43.66694],[-71.33066,43.69961],[-71.37383,43.72227],[-71.39927,43.72456],[-71.39448,43.71123],[-71.40894,43.69453],[-71.42998,43.67861],[-71.43584,43.65586],[-71.44346,43.62773],[-71.37051,43.59751],[-71.27729,43.53203],[-71.23247,43.5397],[-71.21411,43.5687],[-71.21636,43.58652],[-71.26201,43.60933],[-71.29258,43.63467]]]},"properties":{"name":"Lake Winnipesaukee"}},
{"type":"Feature","geometry":{"type":"Polygon","coordinates":[[[-79.44824,44.30962],[-79.34243,44.34297],[-79.20156,44.38438],[-79.17178,44.4189],[-79.1627,44.44951],[-79.17671,44.49136],[-79.21104,44.53525],[-79.26509,44.56279],[-79.34087,44.63643],[-79.35439,44.68989],[-79.37271,44.6981],[-79.38672,44.64067],[-79.39263,44.60264],[-79.41289,44.56216],[-79.44531,44.51001],[-79.50293,44.46289],[-79.56748,44.4313],[-79.58418,44.40508],[-79.57368,44.39307],[-79.53687,44.35283],[-79.51938,44.27432],[-79.49888,44.22686],[-79.48008,44.23579],[-79.47896,44.26978],[-79.44824,44.30962]]]},"properties":{"name":"Lake Simcoe"}},
{"type":"Feature","geometry":{"type":"Polygon","coordinates":[[[-93.92271,54.83472],[-94.01196,54.84658],[-94.10986,54.8499],[-94.27187,54.84243],[-94.36914,54.8186],[-94.43721,54.80542],[-94.477,54.80078],[-94.47627,54.78555],[-94.48906,54.72378],[-94.50806,54.6689],[-94.55781,54.62324],[-94.6501,54.54077],[-94.7355,54.49966],[-94.75815,54.47612],[-94.76807,54.45376],[-94.76714,54.42661],[-94.76338,54.41167],[-94.67476,54.43989],[-94.55137,54.47959],[-94.49521,54.50161],[-94.46533,54.52134],[-94.45005,54.54199],[-94.41436,54.58579],[-94.33965,54.60698],[-94.29126,54.61782],[-94.15742,54.63555],[-93.98896,54.6708],[-93.93369,54.70908],[-93.91201,54.74375],[-93.83496,54.75835],[-93.70239,54.75835],[-93.64736,54.77905],[-93.64546,54.7876],[-93.69033,54.79238],[-93.77749,54.80791],[-93.92271,54.83472]]]},"properties":{"name":"Gods Lake"}},
{"type":"Feature","geometry":{"type":"Polygon","coordinates":[[[91.31582,35.59512],[91.27129,35.62935],[91.22188,35.64551],[91.19922,35.63403],[91.11484,35.63657],[91.03262,35.6502],[90.99297,35.65347],[90.95273,35.64541],[90.95039,35.63359],[90.9792,35.60928],[91.04336,35.56504],[91.16504,35.54688],[91.26797,35.52837],[91.28613,35.54443],[91.30293,35.57373],[91.31582,35.59512]]]},"properties":{"name":"Hoh Xil Hu"}},
{"type":"Feature","geometry":{"type":"Polygon","coordinates":[[[47.6085,30.68945],[47.59004,30.71255],[47.53018,30.76777],[47.50391,30.79678],[47.4998,30.80894],[47.47197,30.81396],[47.4292,30.81187],[47.35742,30.78232],[47.28975,30.77153],[47.19443,30.80024],[47.1459,30.81353],[47.10332,30.82578],[47.06279,30.82808],[46.98301,30.85674],[46.92598,30.8916],[46.89668,30.89961],[46.86074,30.91665],[46.81826,30.9146],[46.80088,30.91294],[46.74844,30.90254],[46.71172,30.86685],[46.71865,30.83682],[46.75049,30.82324],[46.76533,30.81655],[46.7916,30.80254],[46.80176,30.78599],[46.8042,30.76367],[46.80723,30.7375],[46.82217,30.72534],[46.85205,30.72173],[46.87881,30.72734],[46.95303,30.73306],[47.03975,30.74238],[47.10371,30.74019],[47.24531,30.71064],[47.40693,30.67788],[47.49131,30.66313],[47.57314,30.66362],[47.6085,30.68945]]]},"properties":{"name":"Lake Hammar"}},
{"type":"Feature","geometry":{"type":"Polygon","coordinates":[[[-118.67979,43.29023],[-118.65352,43.28384],[-118.64312,43.28076],[-118.62314,43.28184],[-118.61245,43.29814],[-118.63335,43.34438],[-118.66396,43.40508],[-118.79111,43.42549],[-118.92871,43.41406],[-118.94761,43.39395],[-118.9354,43.35366],[-118.90332,43.30322],[-118.86411,43.26328],[-118.82095,43.24019],[-118.76606,43.25825],[-118.72061,43.29067],[-118.67979,43.29023]]]},"properties":{"name":"Malheur Lake"}},
{"type":"Feature","geometry":{"type":"Polygon","coordinates":[[[-56.48276,48.29971],[-56.46621,48.3291],[-56.49385,48.34609],[-56.52373,48.36323],[-56.56035,48.35181],[-56.5873,48.32119],[-56.60361,48.29995],[-56.63906,48.26611],[-56.68857,48.21914],[-56.7125,48.18193],[-56.58564,48.23213],[-56.48276,48.29971]]]},"properties":{"name":""}},
{"type":"Feature","geometry":{"type":"Polygon","coordinates":[[[-95.59951,55.6145],[-95.69854,55.59614],[-95.79517,55.56855],[-95.81729,55.52617],[-95.89561,55.48652],[-95.90581,55.46104],[-95.91313,55.43579],[-95.91792,55.41855],[-95.8606,55.42085],[-95.76909,55.44185],[-95.71396,55.47676],[-95.68311,55.52007],[-95.63467,55.57612],[-95.59951,55.6145]]]},"properties":{"name":""}},
{"type":"Feature","geometry":{"type":"Polygon","coordinates":[[[-165.38188,65.20522],[-165.45464,65.19629],[-165.65459,65.18809],[-165.81982,65.19053],[-165.85186,65.18218],[-165.89849,65.16528],[-165.8877,65.13774],[-165.79229,65.09126],[-165.70845,65.08037],[-165.59702,65.09707],[-165.48174,65.13413],[-165.40283,65.17056],[-165.37578,65.19326],[-165.38188,65.20522]]]},"properties":{"name":""}},
{"type":"Feature","geometry":{"type":"Polygon","coordinates":[[[-163.7979,61.14404],[-163.70874,61.17363],[-163.62822,61.19756],[-163.59131,61.21074],[-163.54697,61.2313],[-163.63252,61.22622],[-163.75972,61.21934],[-163.82622,61.21729],[-163.88872,61.1957],[-163.9311,61.16909],[-163.93594,61.14521],[-163.89658,61.11465],[-163.85825,61.07729],[-163.84243,61.05513],[-163.81582,61.05503],[-163.80078,61.07588],[-163.78145,61.10635],[-163.7834,61.12925],[-163.7979,61.14404]]]},"properties":{"name":""}},
{"type":"Feature","geometry":{"type":"Polygon","coordinates":[[[-162.50811,60.79463],[-162.57256,60.82578],[-162.65518,60.84263],[-162.71401,60.84204],[-162.75479,60.83247],[-162.76841,60.81792],[-162.7498,60.80146],[-162.66597,60.77676],[-162.57251,60.75981],[-162.52739,60.7627],[-162.50234,60.77246],[-162.50811,60.79463]]]},"properties":{"name":""}},
{"type":"Feature","geometry":{"type":"Polygon","coordinates":[[[-158.86255,59.20142],[-158.86504,59.22148],[-158.87759,59.25161],[-158.94536,59.31436],[-159.0584,59.33696],[-158.99819,59.29248],[-158.95874,59.24624],[-158.95142,59.20806],[-158.94106,59.18013],[-158.91274,59.16372],[-158.8751,59.16626],[-158.86255,59.20142]]]},"properties":{"name":"Tikchik Lakes"}},
{"type":"Feature","geometry":{"type":"Polygon","coordinates":[[[-158.22271,59.94277],[-158.24175,59.96255],[-158.30674,59.97998],[-158.42324,59.9834],[-158.48628,60.01235],[-158.54185,60.01563],[-158.75928,59.98003],[-158.99995,59.94766],[-159.1001,59.95229],[-159.13179,59.95098],[-159.11968,59.93398],[-159.10757,59.91348],[-159.09185,59.89995],[-159.02358,59.896],[-158.97139,59.89639],[-158.82627,59.91099],[-158.70537,59.93408],[-158.53496,59.96104],[-158.3813,59.94917],[-158.25654,59.93452],[-158.22271,59.94277]]]},"properties":{"name":"Tikchik Lakes"}},
{"type":"Feature","geometry":{"type":"Polygon","coordinates":[[[-159.15859,60.19556],[-159.14854,60.19585],[-159.0832,60.21162],[-158.91274,60.20117],[-158.78076,60.18975],[-158.77397,60.20083],[-158.77397,60.21631],[-158.77764,60.22998],[-158.8313,60.24585],[-158.87417,60.26387],[-158.85332,60.2833],[-158.91904,60.27251],[-159.05752,60.24185],[-159.13247,60.22012],[-159.15859,60.19556]]]},"properties":{"name":"Tikchik Lakes"}},
{"type":"Feature","geometry":{"type":"Polygon","coordinates":[[[-158.70786,59.56411],[-158.64663,59.59556],[-158.79404,59.60303],[-158.8916,59.59033],[-158.94458,59.58584],[-159.09351,59.65327],[-159.13262,59.65107],[-159.0833,59.59438],[-159.04629,59.54712],[-158.99175,59.51587],[-158.8687,59.48101],[-158.80537,59.44473],[-158.75688,59.43799],[-158.63276,59.4271],[-158.58232,59.42461],[-158.60483,59.44292],[-158.66265,59.46514],[-158.80356,59.49102],[-158.83491,59.51772],[-158.8249,59.54282],[-158.70786,59.56411]]]},"properties":{"name":"Tikchik Lakes"}},
{"type":"Feature","geometry":{"type":"Polygon","coordinates":[[[93.79941,49.129],[93.78594,49.1585],[93.72305,49.19028],[93.65449,49.21489],[93.56016,49.20591],[93.51592,49.21265],[93.47061,49.20498],[93.42148,49.22627],[93.25957,49.29219],[93.05928,49.32236],[92.94023,49.31538],[92.86387,49.3062],[92.83457,49.28228],[92.83232,49.25317],[92.86494,49.22544],[92.9749,49.18716],[93.10391,49.13892],[93.1793,49.11182],[93.24082,49.09702],[93.32217,49.03652],[93.39746,48.99053],[93.45039,49.00864],[93.53643,49.03374],[93.67773,49.06953],[93.77939,49.10337],[93.79941,49.129]]]},"properties":{"name":"Khyargas Nuur"}},
{"type":"Feature","geometry":{"type":"Polygon","coordinates":[[[85.88809,30.92881],[85.88896,30.95225],[85.87539,30.97822],[85.81035,31.00454],[85.7252,31.02793],[85.64668,31.02505],[85.56074,31.02842],[85.47627,31.04546],[85.40176,31.03501],[85.36084,30.99224],[85.35234,30.94409],[85.37725,30.90566],[85.43799,30.87129],[85.5126,30.84575],[85.56768,30.8415],[85.60039,30.85493],[85.64043,30.86855],[85.69229,30.87017],[85.75703,30.83989],[85.78613,30.78896],[85.78252,30.75928],[85.80156,30.75903],[85.82656,30.7835],[85.84541,30.82656],[85.85117,30.88608],[85.88809,30.92881]]]},"properties":{"name":""}},
{"type":"Feature","geometry":{"type":"Polygon","coordinates":[[[42.44688,11.67725],[42.43613,11.69712],[42.41133,11.71201],[42.39863,11.69336],[42.3959,11.67173],[42.39893,11.64502],[42.41709,11.6293],[42.44102,11.64004],[42.44688,11.67725]]]},"properties":{"name":"Lake Assal"}},
{"type":"Feature","geometry":{"type":"Polygon","coordinates":[[[-92.91782,48.43296],[-92.76396,48.43032],[-92.60039,48.42417],[-92.51982,48.39863],[-92.47822,48.36606],[-92.45586,48.35068],[-92.44116,48.35723],[-92.43457,48.39067],[-92.44868,48.42412],[-92.46968,48.43975],[-92.49062,48.45625],[-92.56748,48.46802],[-92.5999,48.48457],[-92.56968,48.5002],[-92.58252,48.50957],[-92.58535,48.53374],[-92.60322,48.56499],[-92.64082,48.5874],[-92.65464,48.59966],[-92.68506,48.59111],[-92.73184,48.58843],[-92.80757,48.60439],[-92.86631,48.61523],[-92.86836,48.62451],[-92.86992,48.63477],[-92.85342,48.64609],[-92.779,48.67803],[-92.79341,48.69531],[-92.89648,48.68301],[-92.94883,48.6813],[-92.97949,48.6876],[-93.01479,48.6832],[-93.11851,48.66797],[-93.14922,48.67476],[-93.13506,48.70615],[-93.12368,48.72832],[-93.17119,48.70073],[-93.2229,48.67026],[-93.24541,48.66704],[-93.26089,48.67373],[-93.26484,48.68638],[-93.22905,48.71807],[-93.1998,48.74565],[-93.20146,48.7668],[-93.20259,48.79082],[-93.2269,48.80522],[-93.26157,48.8251],[-93.29385,48.88477],[-93.32246,48.93442],[-93.34521,48.929],[-93.40845,48.91499],[-93.46279,48.90283],[-93.44976,48.8873],[-93.43887,48.86929],[-93.43389,48.84634],[-93.49136,48.83906],[-93.5833,48.84268],[-93.61279,48.83359],[-93.57896,48.82588],[-93.49614,48.81299],[-93.41694,48.78521],[-93.3645,48.74805],[-93.35239,48.71689],[-93.37773,48.71025],[-93.40332,48.70527],[-93.40088,48.68149],[-93.37031,48.65688],[-93.37007,48.63843],[-93.38159,48.61616],[-93.33931,48.6],[-93.27925,48.60684],[-93.19648,48.57891],[-93.16235,48.55757],[-93.11699,48.55317],[-93.09985,48.56421],[-93.10908,48.58052],[-93.07949,48.59058],[-93.00103,48.59312],[-92.94785,48.58647],[-92.94995,48.57642],[-92.93638,48.56455],[-92.81299,48.54048],[-92.69761,48.51704],[-92.70371,48.50454],[-92.74526,48.47686],[-92.7876,48.45493],[-92.86504,48.46196],[-92.98242,48.49067],[-93.05576,48.51284],[-93.07114,48.50444],[-93.05049,48.47954],[-92.99526,48.45059],[-92.91782,48.43296]]]},"properties":{"name":"Rainy Lake"}},
{"type":"Feature","geometry":{"type":"Polygon","coordinates":[[[-122.50151,56.08374],[-122.43486,56.05479],[-122.34502,56.02871],[-122.29287,56.0229],[-122.22173,56.02124],[-122.22329,56.05767],[-122.26392,56.08379],[-122.42251,56.12778],[-122.56597,56.15801],[-122.63774,56.15908],[-122.75654,56.13882],[-122.83188,56.13013],[-122.971,56.11563],[-123.09116,56.07568],[-123.11782,56.04761],[-123.2376,56.02871],[-123.45786,56.04897],[-123.60566,56.06055],[-123.78823,56.07217],[-123.96953,56.0606],[-124.03828,56.0999],[-124.07266,56.15356],[-124.05278,56.22261],[-124.07349,56.25479],[-124.14155,56.23657],[-124.19355,56.23999],[-124.24893,56.26323],[-124.31182,56.30977],[-124.35903,56.34541],[-124.37505,56.36836],[-124.39727,56.40078],[-124.45903,56.47144],[-124.56201,56.56636],[-124.66055,56.65757],[-124.75908,56.7416],[-124.83564,56.75693],[-124.83442,56.71265],[-124.48091,56.36147],[-124.34541,56.20957],[-124.23809,56.14619],[-124.15752,56.08706],[-124.16577,56.06733],[-124.21455,56.05283],[-124.35396,56.08105],[-124.48154,56.11533],[-124.50762,56.11445],[-124.38496,56.06357],[-124.20972,56.01372],[-124.10005,56.01392],[-124.03291,56.00049],[-124.02661,55.97168],[-124.04258,55.94287],[-124.04883,55.92231],[-124.03994,55.9127],[-124.02822,55.90635],[-123.99561,55.89316],[-123.92119,55.82852],[-123.88335,55.81318],[-123.80923,55.79365],[-123.63818,55.68379],[-123.50596,55.61313],[-123.41475,55.53403],[-123.32529,55.43398],[-123.23716,55.29951],[-123.17192,55.19873],[-123.14404,55.17622],[-123.14731,55.19097],[-123.15937,55.23452],[-123.16943,55.29053],[-123.17266,55.32979],[-123.16899,55.35845],[-123.16914,55.39263],[-123.17725,55.40225],[-123.23242,55.42534],[-123.30347,55.4895],[-123.38706,55.57222],[-123.44868,55.62295],[-123.53638,55.67754],[-123.61406,55.72773],[-123.65718,55.75166],[-123.6875,55.80244],[-123.71499,55.84785],[-123.74194,55.85425],[-123.75972,55.8627],[-123.77358,55.88682],[-123.7895,55.94209],[-123.78169,55.99521],[-123.71558,56.01494],[-123.42891,55.98521],[-123.13911,55.97363],[-123.01157,56.04028],[-122.92461,56.05767],[-122.81855,56.06118],[-122.70024,56.07666],[-122.60293,56.08955],[-122.50151,56.08374]]]},"properties":{"name":"Williston Lake"}},
{"type":"Feature","geometry":{"type":"Polygon","coordinates":[[[-96.04941,56.13574],[-96.04351,56.1563],[-96.07524,56.18169],[-96.10547,56.20303],[-96.03599,56.22192],[-95.93271,56.24575],[-95.86519,56.26479],[-95.84204,56.29077],[-95.90596,56.30229],[-96.05386,56.27285],[-96.20542,56.21997],[-96.27852,56.17695],[-96.37129,56.16528],[-96.50405,56.15029],[-96.57187,56.08618],[-96.55269,56.06279],[-96.45171,56.08657],[-96.35781,56.0939],[-96.24463,56.09219],[-96.17271,56.08511],[-96.08633,56.0791],[-96.07261,56.08491],[-96.08818,56.09985],[-96.08071,56.11807],[-96.04941,56.13574]]]},"properties":{"name":"Split Lake"}},
{"type":"Feature","geometry":{"type":"Polygon","coordinates":[[[-106.21719,47.58545],[-106.2167,47.62837],[-106.23188,47.69102],[-106.24097,47.73896],[-106.25293,47.76934],[-106.26729,47.79346],[-106.25332,47.81475],[-106.28491,47.8373],[-106.34473,47.87881],[-106.35791,47.92524],[-106.3312,47.94956],[-106.32524,47.98506],[-106.36641,48.0147],[-106.40581,48.02075],[-106.43281,48.02715],[-106.53789,47.98286],[-106.58994,47.95815],[-106.57446,47.93633],[-106.56582,47.90747],[-106.58223,47.87881],[-106.59619,47.85952],[-106.65479,47.84087],[-106.70879,47.82207],[-106.73765,47.80557],[-106.76924,47.78828],[-106.821,47.78311],[-106.88052,47.77788],[-106.93311,47.76387],[-106.93823,47.74634],[-106.92954,47.725],[-106.98979,47.71636],[-107.12065,47.725],[-107.23086,47.72412],[-107.29453,47.72153],[-107.33579,47.72798],[-107.38018,47.71577],[-107.42183,47.67998],[-107.45508,47.6624],[-107.60459,47.67607],[-107.71382,47.6876],[-107.68789,47.67139],[-107.68501,47.64619],[-107.71211,47.61318],[-107.77881,47.56953],[-107.84121,47.52612],[-107.8894,47.5377],[-107.93096,47.58765],[-107.95937,47.60142],[-108.04521,47.61396],[-108.17266,47.61309],[-108.19634,47.60161],[-108.17007,47.58379],[-108.04438,47.58037],[-107.98242,47.56919],[-107.94883,47.55796],[-107.92988,47.54248],[-107.91611,47.50889],[-107.90913,47.47109],[-107.92378,47.40703],[-107.91138,47.39043],[-107.84614,47.46777],[-107.71895,47.56313],[-107.61221,47.62339],[-107.50718,47.62427],[-107.42886,47.63462],[-107.38579,47.65356],[-107.33271,47.68462],[-107.30615,47.68496],[-107.18262,47.68452],[-107.02959,47.66567],[-107.01543,47.64487],[-106.99268,47.6439],[-106.94404,47.66675],[-106.90566,47.67183],[-106.87896,47.64878],[-106.8625,47.6313],[-106.84966,47.64941],[-106.83779,47.69355],[-106.81333,47.71553],[-106.76768,47.72427],[-106.6835,47.73853],[-106.59932,47.75254],[-106.55581,47.74951],[-106.5502,47.78501],[-106.52051,47.82783],[-106.48008,47.85825],[-106.45396,47.8792],[-106.41982,47.87583],[-106.38437,47.8479],[-106.36021,47.81313],[-106.33589,47.78486],[-106.31792,47.75508],[-106.28535,47.69736],[-106.25132,47.64399],[-106.25156,47.59961],[-106.26855,47.54814],[-106.25127,47.55],[-106.21719,47.58545]]]},"properties":{"name":"Ft. Peck Lake"}},
{"type":"Feature","geometry":{"type":"Polygon","coordinates":[[[-102.14692,47.56772],[-102.09565,47.55254],[-102.03223,47.5293],[-101.95137,47.48813],[-101.91729,47.46387],[-101.88257,47.46733],[-101.77187,47.48765],[-101.67925,47.4981],[-101.5896,47.51465],[-101.39966,47.5062],[-101.32832,47.53276],[-101.24731,47.56689],[-101.18408,47.58477],[-101.14048,47.6064],[-101.16274,47.63374],[-101.20293,47.64482],[-101.27627,47.62783],[-101.45278,47.60781],[-101.58857,47.59854],[-101.60078,47.58594],[-101.62544,47.57969],[-101.71758,47.56729],[-101.88364,47.56133],[-102.02056,47.58501],[-102.09316,47.60449],[-102.1605,47.62397],[-102.21196,47.67725],[-102.16948,47.72935],[-102.18667,47.74756],[-102.23979,47.76606],[-102.25264,47.79277],[-102.27603,47.85566],[-102.29448,47.91182],[-102.2873,47.92534],[-102.2791,47.93818],[-102.26538,47.96128],[-102.2583,47.97769],[-102.27334,47.97837],[-102.31138,47.9644],[-102.37466,47.95249],[-102.41533,47.93828],[-102.4,47.87686],[-102.38447,47.81958],[-102.40845,47.80562],[-102.46172,47.81357],[-102.52729,47.82241],[-102.5751,47.8437],[-102.5769,47.8667],[-102.57866,47.91104],[-102.55742,47.96772],[-102.59844,48.05298],[-102.67471,48.10527],[-102.79023,48.14478],[-102.91631,48.1709],[-103.02959,48.18022],[-103.11772,48.1708],[-103.21123,48.14487],[-103.35269,48.07559],[-103.45044,48.06694],[-103.48232,48.0811],[-103.52432,48.10771],[-103.57505,48.15308],[-103.66636,48.14189],[-103.72148,48.10239],[-103.75869,48.07402],[-103.77231,48.02729],[-103.74985,48.01733],[-103.66479,48.06338],[-103.58252,48.09668],[-103.55132,48.07246],[-103.52017,48.02749],[-103.45928,48.01558],[-103.33877,48.02974],[-103.23779,48.06338],[-103.18643,48.09707],[-103.05884,48.12539],[-102.90132,48.12002],[-102.76128,48.08408],[-102.65669,48.0353],[-102.61392,47.99199],[-102.62227,47.95576],[-102.65312,47.91631],[-102.61587,47.8189],[-102.56094,47.78521],[-102.42451,47.76396],[-102.33594,47.75688],[-102.30757,47.70547],[-102.29922,47.65693],[-102.36064,47.62505],[-102.41982,47.58994],[-102.42939,47.5623],[-102.40937,47.56436],[-102.33325,47.58618],[-102.23691,47.58901],[-102.14692,47.56772]]]},"properties":{"name":"Lake Sakakawea"}},
{"type":"Feature","geometry":{"type":"Polygon","coordinates":[[[-132.09541,59.60713],[-132.08887,59.64375],[-132.12324,59.69399],[-132.20234,59.76987],[-132.21445,59.81558],[-132.22529,59.83804],[-132.22998,59.84873],[-132.27656,59.90151],[-132.32319,59.95083],[-132.36362,59.98589],[-132.46099,60.05454],[-132.52173,60.09824],[-132.58931,60.12256],[-132.70181,60.15342],[-132.7978,60.19229],[-132.97983,60.29736],[-133.13784,60.42739],[-133.24482,60.44854],[-133.18726,60.38179],[-133.01196,60.25093],[-132.95786,60.20068],[-132.83423,60.13496],[-132.61011,60.05],[-132.39917,59.92178],[-132.31611,59.83491],[-132.21348,59.68828],[-132.15913,59.62554],[-132.12476,59.60381],[-132.09541,59.60713]]]},"properties":{"name":"Teslin Lake"}},
{"type":"Feature","geometry":{"type":"Polygon","coordinates":[[[-117.90713,49.3416],[-117.91133,49.37461],[-117.97583,49.40601],[-118.0478,49.45669],[-118.0875,49.51509],[-118.10874,49.58315],[-118.08413,49.77397],[-118.09248,49.80151],[-118.12793,49.75166],[-118.1376,49.70308],[-118.15566,49.60137],[-118.13945,49.52129],[-118.09595,49.45049],[-118.06265,49.41182],[-117.95679,49.33574],[-117.90713,49.3416]]]},"properties":{"name":"Lower Arrow Lake"}},
{"type":"Feature","geometry":{"type":"Polygon","coordinates":[[[-116.2146,48.15991],[-116.23486,48.18311],[-116.30249,48.23608],[-116.36187,48.28369],[-116.4333,48.30186],[-116.49937,48.30146],[-116.53008,48.28423],[-116.56948,48.24976],[-116.52539,48.24219],[-116.46895,48.26328],[-116.4311,48.25391],[-116.40044,48.24727],[-116.38076,48.22876],[-116.37412,48.20825],[-116.40796,48.19063],[-116.45752,48.16821],[-116.498,48.11475],[-116.52246,48.0438],[-116.54087,47.99453],[-116.55327,47.9707],[-116.5291,47.96421],[-116.48892,47.96953],[-116.45601,47.98413],[-116.446,48.02573],[-116.44092,48.07505],[-116.40977,48.10698],[-116.30562,48.13853],[-116.2146,48.15991]]]},"properties":{"name":"Lake Pend Oreille"}},
{"type":"Feature","geometry":{"type":"Polygon","coordinates":[[[-120.01064,47.85161],[-120.06885,47.88389],[-120.16279,47.9583],[-120.32031,48.06431],[-120.53472,48.20371],[-120.62827,48.27939],[-120.62505,48.25693],[-120.53037,48.1624],[-120.3334,48.04014],[-120.20479,47.96182],[-120.17217,47.91396],[-120.11841,47.88047],[-120.04961,47.85688],[-120.01064,47.85161]]]},"properties":{"name":"Lake Chelan"}},
{"type":"Feature","geometry":{"type":"Polygon","coordinates":[[[-105.39424,59.12759],[-105.30264,59.13818],[-105.21602,59.14585],[-105.01235,59.17319],[-104.975,59.20044],[-104.9481,59.23677],[-105.0125,59.26255],[-105.11948,59.28569],[-105.21514,59.29609],[-105.5498,59.15029],[-105.80605,59.03105],[-105.85483,58.97798],[-105.86797,58.93931],[-105.8353,58.9188],[-105.78481,58.92202],[-105.73291,58.98032],[-105.66045,59.05469],[-105.55376,59.09858],[-105.39424,59.12759]]]},"properties":{"name":"Black Lake"}},
{"type":"Feature","geometry":{"type":"Polygon","coordinates":[[[-146.47305,62.33208],[-146.54019,62.36309],[-146.60996,62.41396],[-146.63374,62.45962],[-146.64785,62.48374],[-146.66079,62.50786],[-146.68408,62.50449],[-146.68979,62.47729],[-146.70322,62.44458],[-146.70391,62.41084],[-146.65308,62.36152],[-146.56426,62.29297],[-146.51528,62.28184],[-146.47793,62.31226],[-146.47305,62.33208]]]},"properties":{"name":"Lake Louise"}},
{"type":"Feature","geometry":{"type":"Polygon","coordinates":[[[-94.97021,48.03203],[-95.01079,48.05972],[-95.08643,48.06514],[-95.18711,48.0334],[-95.25132,47.98887],[-95.2709,47.94238],[-95.24819,47.90732],[-95.11084,47.88926],[-94.89692,47.89209],[-94.79185,47.90967],[-94.77715,47.93628],[-94.7832,47.96963],[-94.87075,48.004],[-94.97021,48.03203]]]},"properties":{"name":"Lower Red Lake"}},
{"type":"Feature","geometry":{"type":"Polygon","coordinates":[[[-95.02041,48.12476],[-95.03071,48.09429],[-95.00806,48.07246],[-94.8939,48.06431],[-94.74971,48.06636],[-94.66284,48.08301],[-94.60024,48.10645],[-94.5582,48.14058],[-94.56104,48.17817],[-94.61211,48.19907],[-94.69023,48.20332],[-94.83989,48.18408],[-94.97476,48.15156],[-95.02041,48.12476]]]},"properties":{"name":"Upper Red Lake"}},
{"type":"Feature","geometry":{"type":"Polygon","coordinates":[[[-97.9687,62.54849],[-98.01606,62.53711],[-98.04814,62.527],[-98.02266,62.50425],[-97.96479,62.47422],[-97.91328,62.45889],[-97.88916,62.46992],[-97.87563,62.48809],[-97.84243,62.50005],[-97.77964,62.50869],[-97.70249,62.50698],[-97.62578,62.49175],[-97.52788,62.45347],[-97.44492,62.42153],[-97.37715,62.43232],[-97.31826,62.46123],[-97.30864,62.48501],[-97.32612,62.50117],[-97.34873,62.50801],[-97.36025,62.50659],[-97.35806,62.49565],[-97.36016,62.48438],[-97.38437,62.48535],[-97.4272,62.50244],[-97.47495,62.53359],[-97.50859,62.56812],[-97.51807,62.60327],[-97.56084,62.63789],[-97.6127,62.66265],[-97.63066,62.71626],[-97.63477,62.78105],[-97.64707,62.82803],[-97.66226,62.86396],[-97.63799,62.89063],[-97.61787,62.92412],[-97.61694,62.96709],[-97.63018,62.9793],[-97.67998,62.94717],[-97.71377,62.89053],[-97.76416,62.86401],[-97.87446,62.86675],[-97.98286,62.8644],[-98.05488,62.84937],[-98.09868,62.84214],[-98.14517,62.85479],[-98.19355,62.85063],[-98.20239,62.82905],[-98.20747,62.80981],[-98.26279,62.81167],[-98.35581,62.81128],[-98.40869,62.81572],[-98.43242,62.82813],[-98.4583,62.82852],[-98.44697,62.80405],[-98.41875,62.76216],[-98.3873,62.73042],[-98.3564,62.70762],[-98.34761,62.66538],[-98.34966,62.61562],[-98.3147,62.61821],[-98.227,62.67007],[-98.20576,62.6897],[-98.13164,62.66382],[-98.05117,62.60679],[-97.99487,62.56563],[-97.9687,62.54849]]]},"properties":{"name":"Yathkyed Lake"}},
{"type":"Feature","geometry":{"type":"Polygon","coordinates":[[[-70.64736,64.68618],[-70.66851,64.671],[-70.68174,64.66079],[-70.729,64.63916],[-70.72051,64.62192],[-70.62729,64.61855],[-70.50859,64.60029],[-70.41631,64.58145],[-70.38501,64.58975],[-70.41865,64.60508],[-70.46709,64.62144],[-70.47251,64.63979],[-70.47676,64.65454],[-70.48032,64.66411],[-70.429,64.68604],[-70.37783,64.70747],[-70.38408,64.71719],[-70.41377,64.74429],[-70.53184,64.83228],[-70.6334,64.90762],[-70.63555,64.93359],[-70.6481,64.95903],[-70.6668,64.98462],[-70.69453,65.02397],[-70.77109,65.07017],[-70.8748,65.10083],[-70.90923,65.1106],[-70.93667,65.12446],[-71.09346,65.1627],[-71.23149,65.21089],[-71.27036,65.23359],[-71.28301,65.25137],[-71.29971,65.26626],[-71.35693,65.28042],[-71.42896,65.28643],[-71.48271,65.28931],[-71.54233,65.3105],[-71.64507,65.36675],[-71.73711,65.40771],[-71.76494,65.39678],[-71.71748,65.35332],[-71.66533,65.30811],[-71.67627,65.27773],[-71.69067,65.24204],[-71.64248,65.18921],[-71.57031,65.12896],[-71.546,65.08159],[-71.55464,65.05112],[-71.58315,65.04009],[-71.62422,65.01646],[-71.63848,64.98491],[-71.53428,64.94668],[-71.504,64.92095],[-71.51172,64.90557],[-71.58369,64.88403],[-71.7502,64.8606],[-71.72471,64.84492],[-71.70845,64.82891],[-71.74766,64.81943],[-71.81797,64.82397],[-71.87314,64.84375],[-71.87231,64.87339],[-71.81851,64.90957],[-71.85078,64.91807],[-71.93755,64.90737],[-71.96265,64.91279],[-71.95947,64.93091],[-71.95615,64.94751],[-71.99468,64.9418],[-72.03945,64.92485],[-72.05322,64.9103],[-72.03555,64.9001],[-72.01875,64.88887],[-72.00112,64.8667],[-71.98169,64.83496],[-71.92773,64.80596],[-71.8981,64.77773],[-71.91855,64.75127],[-71.89893,64.72822],[-71.79712,64.68081],[-71.65703,64.63228],[-71.56289,64.61265],[-71.49902,64.60918],[-71.44648,64.62627],[-71.37295,64.63555],[-71.22451,64.64312],[-71.09668,64.70674],[-71.05239,64.76777],[-70.99946,64.78662],[-70.91709,64.79243],[-70.8041,64.77378],[-70.69443,64.73892],[-70.63691,64.71074],[-70.64736,64.68618]]]},"properties":{"name":"Amadjuak Lake"}},
{"type":"Feature","geometry":{"type":"Polygon","coordinates":[[[-100.91821,29.50229],[-100.93267,29.50718],[-100.95132,29.529],[-100.95591,29.56489],[-100.94385,29.60566],[-100.95068,29.6104],[-100.97651,29.55723],[-100.99258,29.53516],[-101.00444,29.54805],[-101.03481,29.52588],[-101.07212,29.51006],[-101.10752,29.52837],[-101.14155,29.5585],[-101.18081,29.57944],[-101.21357,29.60303],[-101.27515,29.64756],[-101.30527,29.63447],[-101.31006,29.62202],[-101.31157,29.60264],[-101.30195,29.58398],[-101.28037,29.58467],[-101.2686,29.57813],[-101.26074,29.56245],[-101.27524,29.52607],[-101.28662,29.50596],[-101.27202,29.4979],[-101.23296,29.50254],[-101.18979,29.49175],[-101.15063,29.4668],[-101.09976,29.45835],[-101.03862,29.4603],[-100.97769,29.48008],[-100.93589,29.48589],[-100.92012,29.49507],[-100.91821,29.50229]]]},"properties":{"name":"Amistad Reservoir"}},
{"type":"Feature","geometry":{"type":"Polygon","coordinates":[[[-76.47896,47.13843],[-76.51152,47.17051],[-76.5168,47.20083],[-76.50151,47.22188],[-76.49399,47.25024],[-76.48877,47.28359],[-76.47495,47.3314],[-76.42246,47.4002],[-76.40776,47.44604],[-76.45898,47.47554],[-76.55645,47.49771],[-76.6334,47.51021],[-76.61831,47.54287],[-76.60518,47.57222],[-76.65552,47.55171],[-76.71484,47.52417],[-76.72163,47.53965],[-76.69902,47.57036],[-76.59463,47.62393],[-76.51616,47.67305],[-76.52231,47.69082],[-76.5625,47.66743],[-76.65815,47.61064],[-76.74795,47.55825],[-76.81934,47.51738],[-76.82275,47.49771],[-76.77905,47.47637],[-76.76738,47.44941],[-76.77764,47.41621],[-76.78867,47.38506],[-76.7814,47.35737],[-76.74141,47.35459],[-76.7146,47.31089],[-76.70723,47.24214],[-76.66885,47.19985],[-76.63857,47.18491],[-76.6543,47.22227],[-76.66802,47.26621],[-76.65073,47.27837],[-76.62471,47.2689],[-76.60273,47.24141],[-76.58184,47.17832],[-76.55264,47.121],[-76.5353,47.10913],[-76.50464,47.09194],[-76.44268,47.06387],[-76.39253,47.05596],[-76.36299,47.06782],[-76.33145,47.08315],[-76.32686,47.10229],[-76.35894,47.11924],[-76.39409,47.12178],[-76.43521,47.12222],[-76.47896,47.13843]]]},"properties":{"name":"Cabonga Reservoir"}},
{"type":"Feature","geometry":{"type":"Polygon","coordinates":[[[-102.7106,20.1937],[-102.74355,20.19785],[-102.76963,20.19839],[-102.89385,20.31855],[-103.00205,20.32856],[-103.10518,20.30752],[-103.27178,20.28062],[-103.37212,20.26016],[-103.34038,20.23135],[-103.25547,20.19956],[-103.17041,20.17891],[-103.08926,20.18062],[-103.00781,20.1835],[-102.93418,20.16831],[-102.85171,20.13896],[-102.78574,20.12388],[-102.74438,20.13901],[-102.71265,20.16182],[-102.70029,20.18164],[-102.7106,20.1937]]]},"properties":{"name":"Lago de Chapala"}},
{"type":"Feature","geometry":{"type":"Polygon","coordinates":[[[-86.10352,12.3123],[-86.1189,12.32861],[-86.16123,12.31538],[-86.23555,12.38276],[-86.29424,12.47383],[-86.33872,12.47998],[-86.3998,12.46353],[-86.46821,12.42808],[-86.54595,12.41016],[-86.58896,12.40532],[-86.58862,12.37988],[-86.57163,12.34321],[-86.52876,12.30337],[-86.46963,12.27373],[-86.38657,12.27407],[-86.32266,12.27979],[-86.30381,12.26504],[-86.29687,12.24199],[-86.30664,12.2062],[-86.3146,12.17749],[-86.26104,12.17197],[-86.1749,12.18486],[-86.10474,12.20762],[-86.10195,12.27129],[-86.10352,12.3123]]]},"properties":{"name":"Lago de Managua"}},
{"type":"Feature","geometry":{"type":"Polygon","coordinates":[[[-54.18281,-24.7084],[-54.21572,-24.68633],[-54.25903,-24.64229],[-54.2583,-24.46807],[-54.25181,-24.28613],[-54.2707,-24.2251],[-54.28345,-24.14375],[-54.26689,-24.06582],[-54.32285,-24.0917],[-54.35015,-24.12236],[-54.35742,-24.16484],[-54.36802,-24.21143],[-54.3478,-24.26406],[-54.31323,-24.32217],[-54.31221,-24.36768],[-54.33228,-24.40381],[-54.38193,-24.41641],[-54.39951,-24.45352],[-54.38809,-24.50918],[-54.41982,-24.54219],[-54.41929,-24.579],[-54.38672,-24.62002],[-54.38643,-24.65908],[-54.39966,-24.69043],[-54.49023,-24.71182],[-54.52432,-24.75049],[-54.46567,-24.804],[-54.47383,-24.84824],[-54.53096,-24.87734],[-54.61162,-24.88438],[-54.69971,-24.87305],[-54.76963,-24.86768],[-54.79492,-24.87979],[-54.67036,-24.90498],[-54.52637,-24.93457],[-54.50615,-24.96533],[-54.51016,-25.01641],[-54.52764,-25.05254],[-54.61025,-25.04512],[-54.71196,-25.04277],[-54.75381,-25.06309],[-54.72148,-25.0877],[-54.62363,-25.10146],[-54.57568,-25.1125],[-54.57954,-25.12813],[-54.55947,-25.13818],[-54.52734,-25.15469],[-54.51904,-25.18984],[-54.54722,-25.23486],[-54.60806,-25.26699],[-54.63437,-25.30195],[-54.63379,-25.4168],[-54.61055,-25.43271],[-54.58232,-25.44033],[-54.55396,-25.41924],[-54.52676,-25.39648],[-54.49062,-25.38691],[-54.42393,-25.38857],[-54.40151,-25.37129],[-54.43164,-25.33457],[-54.43257,-25.30938],[-54.38296,-25.30273],[-54.34038,-25.29053],[-54.26826,-25.26143],[-54.20059,-25.23994],[-54.28848,-25.21621],[-54.37734,-25.18008],[-54.37656,-25.15117],[-54.34819,-25.13926],[-54.33242,-25.11514],[-54.31821,-25.07871],[-54.33735,-25.03291],[-54.38701,-24.98164],[-54.39326,-24.94551],[-54.3752,-24.91982],[-54.35732,-24.8917],[-54.31357,-24.8918],[-54.25083,-24.91611],[-54.22051,-24.92012],[-54.25718,-24.87793],[-54.30811,-24.81943],[-54.31172,-24.78291],[-54.29219,-24.75137],[-54.22734,-24.72627],[-54.18281,-24.7084]]]},"properties":{"name":"Itaipú Reservoir"}},
{"type":"Feature","geometry":{"type":"Polygon","coordinates":[[[-79.67085,9.14404],[-79.68623,9.13447],[-79.71709,9.12651],[-79.7394,9.12983],[-79.77578,9.14805],[-79.80786,9.17241],[-79.81582,9.18481],[-79.83818,9.20654],[-79.84355,9.22246],[-79.82178,9.23818],[-79.79893,9.25391],[-79.80532,9.28535],[-79.80923,9.31592],[-79.82236,9.32021],[-79.85728,9.2936],[-79.92329,9.26743],[-79.95308,9.19224],[-80.01348,9.09741],[-80.06763,9.04082],[-80.07646,9.01621],[-80.05815,9.02129],[-80.02964,9.02563],[-80.01929,9.03706],[-80.0209,9.05649],[-80.01162,9.06011],[-79.99272,9.03945],[-79.97344,9.02402],[-79.96011,9.02256],[-79.95347,9.04292],[-79.94658,9.06777],[-79.92559,9.07827],[-79.91221,9.12104],[-79.90039,9.15405],[-79.87505,9.13931],[-79.83599,9.11802],[-79.81084,9.10513],[-79.83364,9.08003],[-79.85537,9.05474],[-79.84746,9.04507],[-79.82983,9.0457],[-79.79971,9.0731],[-79.69053,9.10356],[-79.68794,9.12358],[-79.67085,9.14404]]]},"properties":{"name":"Lago Gatun"}},
{"type":"Feature","geometry":{"type":"Polygon","coordinates":[[[28.9876,-16.61094],[28.9668,-16.59746],[28.94277,-16.57607],[28.89863,-16.56924],[28.8541,-16.57158],[28.76055,-16.53213],[28.68145,-16.5084],[28.62324,-16.49492],[28.57861,-16.50557],[28.55967,-16.52148],[28.55156,-16.53643],[28.52998,-16.54551],[28.49697,-16.54014],[28.44141,-16.55811],[28.39297,-16.58555],[28.37266,-16.57334],[28.35039,-16.55986],[28.31426,-16.54932],[28.29004,-16.54297],[28.29805,-16.56768],[28.2835,-16.60059],[28.2457,-16.62988],[28.20586,-16.64688],[28.17451,-16.65518],[28.17949,-16.67861],[28.16797,-16.70732],[28.13623,-16.73584],[28.10625,-16.75508],[28.07344,-16.79004],[28.04199,-16.81758],[28.00889,-16.82412],[27.9748,-16.81885],[27.9418,-16.79707],[27.91729,-16.78203],[27.89893,-16.76943],[27.87695,-16.77295],[27.85811,-16.79316],[27.82578,-16.81074],[27.79355,-16.81904],[27.78936,-16.83613],[27.81748,-16.86895],[27.83125,-16.90146],[27.8,-16.91748],[27.75332,-16.92324],[27.71816,-16.92813],[27.70547,-16.93984],[27.7168,-16.95898],[27.704,-16.99805],[27.68594,-17.0417],[27.68818,-17.06621],[27.66924,-17.075],[27.64141,-17.06816],[27.60898,-17.07285],[27.5498,-17.15225],[27.47197,-17.24658],[27.43086,-17.2998],[27.37148,-17.38887],[27.34395,-17.45996],[27.37246,-17.4792],[27.371,-17.5041],[27.354,-17.52852],[27.33789,-17.55049],[27.31846,-17.56367],[27.29219,-17.58125],[27.25547,-17.60986],[27.17168,-17.68926],[27.10664,-17.77119],[27.09561,-17.80732],[27.09443,-17.84775],[27.06465,-17.87422],[27.03984,-17.904],[27.01836,-17.92715],[27.0208,-17.9584],[27.05137,-17.96348],[27.07715,-17.95625],[27.11592,-17.91221],[27.16387,-17.84443],[27.19531,-17.80146],[27.22793,-17.75352],[27.28652,-17.67285],[27.33623,-17.61777],[27.35293,-17.60234],[27.40732,-17.58027],[27.45332,-17.56797],[27.46211,-17.55889],[27.44971,-17.5584],[27.43955,-17.55303],[27.45469,-17.53311],[27.50176,-17.5083],[27.54902,-17.47383],[27.56523,-17.45508],[27.57617,-17.45137],[27.61123,-17.38145],[27.65361,-17.29395],[27.66836,-17.254],[27.6832,-17.22969],[27.70488,-17.20713],[27.75,-17.17461],[27.81348,-17.15645],[27.84072,-17.1458],[27.8709,-17.11807],[27.91367,-17.0793],[27.94277,-17.05098],[27.95859,-17.03994],[27.99902,-17.05107],[28.04707,-17.06475],[28.07627,-17.04639],[28.09639,-17.0165],[28.10244,-16.99277],[28.08877,-16.97832],[28.08408,-16.94678],[28.10137,-16.89629],[28.1166,-16.86104],[28.15039,-16.83887],[28.2416,-16.81758],[28.34111,-16.78838],[28.38203,-16.79531],[28.41855,-16.83652],[28.45439,-16.86465],[28.46133,-16.86563],[28.45879,-16.83418],[28.47422,-16.79326],[28.50869,-16.75859],[28.55459,-16.73945],[28.58555,-16.72793],[28.61328,-16.71602],[28.65488,-16.7],[28.68994,-16.70967],[28.69971,-16.74668],[28.69727,-16.77422],[28.72461,-16.79795],[28.76152,-16.8084],[28.78975,-16.79033],[28.8291,-16.77012],[28.85391,-16.72432],[28.8666,-16.67578],[28.90137,-16.68242],[28.93145,-16.68867],[28.94326,-16.6583],[28.96758,-16.62559],[28.9876,-16.61094]]]},"properties":{"name":"Lake Kariba"}},
{"type":"Feature","geometry":{"type":"Polygon","coordinates":[[[33.48682,1.64287],[33.48252,1.65322],[33.471,1.6707],[33.45684,1.68408],[33.44551,1.72793],[33.41406,1.73105],[33.35742,1.6772],[33.31045,1.65571],[33.26924,1.66401],[33.23691,1.66968],[33.20566,1.6604],[33.16299,1.63862],[33.12861,1.61567],[33.11289,1.62422],[33.10137,1.63369],[33.0666,1.60112],[33.02246,1.55957],[32.99883,1.54736],[32.98164,1.55347],[32.93779,1.56289],[32.86211,1.55571],[32.81104,1.54932],[32.79746,1.55645],[32.80293,1.57197],[32.80098,1.58076],[32.73555,1.54502],[32.61074,1.51377],[32.54473,1.52183],[32.53682,1.49687],[32.5541,1.43687],[32.58047,1.41108],[32.66064,1.37563],[32.74219,1.3395],[32.75195,1.35742],[32.76396,1.39429],[32.78604,1.4021],[32.82363,1.38784],[32.86006,1.33203],[32.89316,1.31143],[32.89189,1.38066],[32.86777,1.40469],[32.86367,1.41851],[32.86855,1.43188],[32.89883,1.43032],[33.01924,1.38164],[33.12324,1.31289],[33.16699,1.28877],[33.22988,1.25415],[33.26025,1.2228],[33.27061,1.25269],[33.30469,1.30522],[33.32637,1.35557],[33.32148,1.39819],[33.31719,1.41963],[33.30303,1.41919],[33.28193,1.4022],[33.24287,1.38594],[33.19688,1.39932],[33.2082,1.42964],[33.25098,1.45396],[33.2582,1.47036],[33.20586,1.47695],[33.13975,1.48252],[33.12598,1.50322],[33.16113,1.54175],[33.22744,1.58486],[33.33398,1.62319],[33.44287,1.64063],[33.48682,1.64287]]]},"properties":{"name":"Lake Kyoga"}},
{"type":"Feature","geometry":{"type":"Polygon","coordinates":[[[39.26699,59.78252],[39.22959,59.79443],[39.19199,59.80933],[39.13887,59.84165],[39.09336,59.86934],[39.05352,59.86846],[39.05254,59.83872],[39.19395,59.74688],[39.40215,59.62427],[39.55254,59.54595],[39.73438,59.47983],[39.79814,59.5252],[39.76406,59.54595],[39.72148,59.57827],[39.74424,59.60972],[39.77979,59.63779],[39.70713,59.63379],[39.58174,59.66519],[39.51094,59.70718],[39.45371,59.71143],[39.34844,59.76553],[39.30547,59.77358],[39.26699,59.78252]]]},"properties":{"name":"Ozero Kubenskoye"}},
{"type":"Feature","geometry":{"type":"Polygon","coordinates":[[[9.73066,47.5269],[9.64424,47.56636],[9.51396,47.62476],[9.37285,47.67666],[9.23076,47.7333],[9.13203,47.78218],[9.11318,47.77212],[9.18281,47.6707],[9.25029,47.59795],[9.45234,47.51396],[9.55439,47.51113],[9.68545,47.5064],[9.71855,47.51489],[9.73066,47.5269]]]},"properties":{"name":"Bodensee"}},
{"type":"Feature","geometry":{"type":"Polygon","coordinates":[[[23.24063,61.41714],[23.24385,61.42417],[23.24873,61.43311],[23.29258,61.45205],[23.25986,61.46045],[23.13672,61.44551],[23.05342,61.42881],[22.9748,61.39517],[22.84063,61.34072],[22.71787,61.30039],[22.66309,61.26807],[22.63154,61.23398],[22.5791,61.21099],[22.61289,61.20166],[22.65859,61.21904],[22.70195,61.2625],[22.84658,61.32407],[22.98652,61.36934],[23.0457,61.38574],[23.0998,61.39204],[23.18535,61.40664],[23.24063,61.41714]]]},"properties":{"name":""}},
{"type":"Feature","geometry":{"type":"Polygon","coordinates":[[[35.52246,31.17705],[35.49355,31.20503],[35.44561,31.23174],[35.40068,31.23052],[35.38184,31.21562],[35.37676,31.17793],[35.39141,31.13516],[35.4165,31.10439],[35.45928,31.09634],[35.49795,31.10493],[35.5084,31.12524],[35.51689,31.15444],[35.52246,31.17705]]]},"properties":{"name":"Dead Sea"}},
{"type":"Feature","geometry":{"type":"Polygon","coordinates":[[[35.63164,32.78164],[35.63584,32.83384],[35.62285,32.87837],[35.59893,32.89971],[35.56504,32.8916],[35.53916,32.85562],[35.53389,32.80342],[35.55127,32.74961],[35.57686,32.72031],[35.61592,32.74917],[35.63164,32.78164]]]},"properties":{"name":"Sea of Galilee"}},
{"type":"Feature","geometry":{"type":"Polygon","coordinates":[[[129.03164,-16.14316],[129.02236,-16.12793],[128.99072,-16.11729],[128.94551,-16.11748],[128.89063,-16.13926],[128.84395,-16.1583],[128.8124,-16.17129],[128.79111,-16.17109],[128.78418,-16.14932],[128.77842,-16.12568],[128.80869,-16.08691],[128.80479,-16.07578],[128.77383,-16.08701],[128.73701,-16.13359],[128.69404,-16.13662],[128.6585,-16.14385],[128.64492,-16.15947],[128.6707,-16.19541],[128.67793,-16.22334],[128.65879,-16.23584],[128.63535,-16.25029],[128.61992,-16.31377],[128.56787,-16.44443],[128.53018,-16.50781],[128.53701,-16.53555],[128.58369,-16.54248],[128.59141,-16.57246],[128.58682,-16.60186],[128.5835,-16.61484],[128.59717,-16.6335],[128.61133,-16.64521],[128.62617,-16.66025],[128.66289,-16.68076],[128.69609,-16.71748],[128.72002,-16.75879],[128.73408,-16.78848],[128.75723,-16.77783],[128.78398,-16.69385],[128.78809,-16.63711],[128.79375,-16.59287],[128.79805,-16.5543],[128.79199,-16.5083],[128.80234,-16.45039],[128.82695,-16.42197],[128.85059,-16.42207],[128.86426,-16.42764],[128.87764,-16.43643],[128.89463,-16.42422],[128.90938,-16.39355],[128.92813,-16.36953],[128.93818,-16.34883],[128.95117,-16.31904],[128.95752,-16.30176],[128.94395,-16.27148],[128.97012,-16.22773],[129.00059,-16.19004],[129.01533,-16.16113],[129.03164,-16.14316]]]},"properties":{"name":"Lake Argyle"}},
{"type":"Feature","geometry":{"type":"Polygon","coordinates":[[[97.88701,34.83818],[97.84668,34.88218],[97.80146,34.93223],[97.79707,34.98184],[97.79404,35.03301],[97.76289,35.08809],[97.73486,35.08047],[97.68672,35.05293],[97.65059,35.02754],[97.63613,35.00283],[97.64395,34.97847],[97.6249,34.95317],[97.58262,34.92939],[97.55459,34.9019],[97.54707,34.87598],[97.5752,34.8249],[97.60264,34.79775],[97.64766,34.78794],[97.6832,34.79155],[97.68896,34.81201],[97.69473,34.83096],[97.71709,34.82637],[97.75127,34.82817],[97.80137,34.82651],[97.86133,34.82295],[97.88701,34.83818]]]},"properties":{"name":"Ngoring Hu"}},
{"type":"Feature","geometry":{"type":"Polygon","coordinates":[[[97.46768,34.97573],[97.41924,34.99746],[97.35098,35.01968],[97.23125,35.02251],[97.11807,35.00781],[97.08467,34.9999],[97.0665,34.99727],[97.0624,34.97861],[97.07207,34.93062],[97.08418,34.90684],[97.23047,34.82583],[97.28828,34.83545],[97.35996,34.86548],[97.4125,34.91597],[97.46016,34.96133],[97.46768,34.97573]]]},"properties":{"name":"Gyaring Hu"}},
{"type":"Feature","geometry":{"type":"Polygon","coordinates":[[[73.29102,41.75913],[73.30029,41.77622],[73.23975,41.80112],[73.08555,41.82817],[73.01113,41.85547],[72.94004,41.87832],[72.81719,41.8978],[72.68545,41.89956],[72.6584,41.87422],[72.68789,41.82236],[72.70859,41.76743],[72.68926,41.72817],[72.65771,41.70132],[72.63535,41.6873],[72.65371,41.66743],[72.6791,41.66309],[72.83945,41.73984],[72.97246,41.75518],[73.10703,41.75713],[73.20225,41.74541],[73.26641,41.75469],[73.29102,41.75913]]]},"properties":{"name":"Toktogul Res."}},
{"type":"Feature","geometry":{"type":"Polygon","coordinates":[[[81.30908,30.63555],[81.30869,30.66182],[81.27852,30.70898],[81.25225,30.75327],[81.29648,30.78926],[81.29443,30.81729],[81.275,30.83882],[81.23398,30.86255],[81.19932,30.8521],[81.18437,30.8043],[81.18477,30.72051],[81.15029,30.68755],[81.12559,30.66216],[81.15801,30.63359],[81.21172,30.61079],[81.25479,30.60825],[81.28975,30.61694],[81.30908,30.63555]]]},"properties":{"name":"Langa Co"}},
{"type":"Feature","geometry":{"type":"Polygon","coordinates":[[[81.58408,30.7],[81.57363,30.73262],[81.52441,30.75718],[81.45967,30.77383],[81.40918,30.77783],[81.37578,30.75815],[81.37305,30.65918],[81.39199,30.60972],[81.43369,30.59087],[81.49404,30.60986],[81.55244,30.65444],[81.58408,30.7]]]},"properties":{"name":"Mapam Yumco"}},
{"type":"Feature","geometry":{"type":"Polygon","coordinates":[[[0.27188,6.67451],[0.25391,6.6729],[0.23711,6.76831],[0.24004,6.89634],[0.26348,6.94834],[0.27285,7.00117],[0.28125,7.04736],[0.2998,7.07129],[0.30518,7.09897],[0.28857,7.10635],[0.27139,7.13755],[0.27578,7.17231],[0.2793,7.18218],[0.28066,7.20059],[0.27939,7.21787],[0.27158,7.23433],[0.27568,7.25791],[0.29375,7.27793],[0.29248,7.30312],[0.27734,7.32979],[0.27676,7.33931],[0.27637,7.35308],[0.28721,7.38169],[0.29531,7.41572],[0.29697,7.45264],[0.30186,7.47021],[0.31348,7.50562],[0.32012,7.54248],[0.28525,7.51465],[0.2498,7.49077],[0.24219,7.51069],[0.22891,7.53638],[0.22832,7.5564],[0.24043,7.57788],[0.25898,7.58145],[0.28174,7.57539],[0.28096,7.6165],[0.2792,7.69902],[0.27754,7.76235],[0.24785,7.80293],[0.23701,7.83354],[0.24775,7.84927],[0.25215,7.86274],[0.25117,7.87559],[0.25752,7.90498],[0.22119,7.88252],[0.16777,7.86328],[0.1458,7.89419],[0.12393,7.91318],[0.1085,7.93872],[0.12119,7.97202],[0.14551,8.02065],[0.16104,8.05957],[0.19785,8.07935],[0.24023,8.08804],[0.2668,8.09434],[0.26777,8.10615],[0.23105,8.12544],[0.20098,8.16577],[0.18359,8.20562],[0.19004,8.25103],[0.21709,8.296],[0.21426,8.31421],[0.24238,8.32197],[0.28408,8.32686],[0.29355,8.33442],[0.27979,8.34072],[0.26055,8.35518],[0.24209,8.3791],[0.17813,8.39927],[0.11465,8.41567],[0.10264,8.43379],[0.11289,8.45737],[0.12148,8.51836],[0.12754,8.57432],[0.15225,8.59243],[0.16836,8.6252],[0.18467,8.68984],[0.19766,8.73823],[0.18389,8.7417],[0.16006,8.70039],[0.14951,8.63301],[0.13535,8.59761],[0.10566,8.58301],[0.0855,8.548],[0.09063,8.49995],[0.09268,8.46055],[0.08057,8.4291],[0.09199,8.40312],[0.16074,8.38096],[0.21738,8.36328],[0.19805,8.33818],[0.16924,8.28911],[0.13672,8.25361],[0.10527,8.24199],[0.12334,8.20996],[0.15176,8.16104],[0.16514,8.11523],[0.17031,8.08633],[0.15381,8.07803],[0.1293,8.08643],[0.09902,8.09297],[0.07002,8.08096],[0.06157,8.04082],[0.07871,8.00327],[0.07344,7.96938],[0.05918,7.91968],[0.05615,7.88564],[0.05791,7.86255],[0.07017,7.82114],[0.05464,7.79219],[0.01899,7.78867],[0.00166,7.79302],[-0.02402,7.79258],[-0.05234,7.81147],[-0.08184,7.87637],[-0.10322,7.97573],[-0.12788,8.01118],[-0.19019,8.05259],[-0.26255,8.1084],[-0.3084,8.14248],[-0.33037,8.15781],[-0.32085,8.17725],[-0.25659,8.18491],[-0.19253,8.18618],[-0.20195,8.21309],[-0.24536,8.24512],[-0.28555,8.25312],[-0.31787,8.24404],[-0.35513,8.24272],[-0.3936,8.22148],[-0.44854,8.20947],[-0.48467,8.20947],[-0.52661,8.23237],[-0.55439,8.25083],[-0.56572,8.2748],[-0.59434,8.28838],[-0.62656,8.32925],[-0.65996,8.35664],[-0.72109,8.40215],[-0.78184,8.46855],[-0.79702,8.49707],[-0.80464,8.51992],[-0.75703,8.57754],[-0.70684,8.6249],[-0.70542,8.64307],[-0.72241,8.63853],[-0.76968,8.65557],[-0.80605,8.68867],[-0.79536,8.72104],[-0.78232,8.75605],[-0.79082,8.76138],[-0.80889,8.74312],[-0.82344,8.70688],[-0.81758,8.65049],[-0.81665,8.59951],[-0.84258,8.579],[-0.87339,8.58555],[-0.93115,8.65312],[-0.99653,8.77529],[-1.02559,8.84375],[-1.04453,8.84307],[-1.07529,8.85303],[-1.10557,8.89702],[-1.1208,8.92939],[-1.1248,8.98076],[-1.12651,9.02842],[-1.13032,9.07607],[-1.15171,9.1166],[-1.17412,9.07417],[-1.17793,9.02651],[-1.17871,8.97905],[-1.17441,8.94458],[-1.14517,8.87363],[-1.13369,8.81299],[-1.09609,8.78374],[-1.06748,8.75039],[-1.06177,8.72183],[-1.12612,8.70469],[-1.26934,8.72563],[-1.29409,8.75039],[-1.35547,8.79233],[-1.37646,8.80459],[-1.41201,8.78081],[-1.46621,8.76099],[-1.51885,8.73135],[-1.59121,8.69517],[-1.66338,8.67324],[-1.71499,8.63042],[-1.66357,8.62852],[-1.60454,8.64375],[-1.54492,8.66357],[-1.48838,8.69707],[-1.44268,8.73135],[-1.40459,8.73896],[-1.35127,8.72373],[-1.30386,8.69658],[-1.25376,8.66763],[-1.2189,8.65825],[-1.18008,8.60361],[-1.15278,8.55132],[-1.14092,8.59463],[-1.12842,8.63232],[-1.08652,8.63989],[-1.04082,8.64561],[-0.99893,8.63042],[-0.9646,8.60376],[-0.91216,8.55513],[-0.83784,8.44727],[-0.78364,8.36572],[-0.80137,8.33437],[-0.79512,8.31548],[-0.75352,8.29688],[-0.72427,8.28027],[-0.67559,8.23867],[-0.62139,8.19106],[-0.6,8.17295],[-0.60381,8.15859],[-0.65537,8.14209],[-0.72104,8.13462],[-0.74775,8.13452],[-0.76055,8.11816],[-0.75562,8.10195],[-0.69292,8.10957],[-0.64287,8.10615],[-0.64277,8.08682],[-0.62437,8.08491],[-0.59087,8.10029],[-0.56143,8.13413],[-0.54287,8.15356],[-0.52568,8.12788],[-0.52656,8.0624],[-0.49824,8.05688],[-0.4458,8.09106],[-0.41543,8.07881],[-0.37939,8.04814],[-0.39443,7.9999],[-0.4168,7.97227],[-0.38447,7.97983],[-0.35054,8.00195],[-0.34375,8.03813],[-0.31519,8.03999],[-0.28472,8.01523],[-0.22378,7.97715],[-0.19238,7.95522],[-0.18613,7.92695],[-0.16982,7.88955],[-0.15244,7.84087],[-0.15215,7.81328],[-0.15937,7.79443],[-0.15728,7.77856],[-0.13398,7.76709],[-0.10034,7.75547],[-0.09766,7.74644],[-0.12549,7.74009],[-0.16147,7.72139],[-0.2104,7.71406],[-0.25381,7.72012],[-0.25571,7.70601],[-0.26196,7.68423],[-0.29438,7.66719],[-0.35664,7.66436],[-0.42153,7.64883],[-0.48267,7.62456],[-0.54346,7.5999],[-0.61133,7.56704],[-0.65371,7.55127],[-0.60332,7.55361],[-0.53115,7.57622],[-0.49805,7.59663],[-0.47456,7.58911],[-0.43184,7.59365],[-0.33584,7.61758],[-0.24229,7.63857],[-0.18198,7.64658],[-0.10996,7.64458],[-0.06377,7.64141],[-0.01777,7.59189],[0.01182,7.54258],[-0.02686,7.5459],[-0.07139,7.54873],[-0.10493,7.55117],[-0.13408,7.55337],[-0.16855,7.5499],[-0.20791,7.54639],[-0.23223,7.53193],[-0.24243,7.51655],[-0.20684,7.51235],[-0.15703,7.50986],[-0.13643,7.49556],[-0.12812,7.47153],[-0.10654,7.45806],[-0.06582,7.44434],[-0.05835,7.46562],[-0.06294,7.50762],[-0.00239,7.50034],[0.04561,7.47754],[0.04736,7.46006],[0.05059,7.44883],[0.05015,7.43232],[0.06753,7.39277],[0.10205,7.34277],[0.13467,7.31343],[0.15605,7.30889],[0.17246,7.30386],[0.18389,7.28667],[0.18389,7.26616],[0.17393,7.25239],[0.16045,7.25181],[0.15303,7.24121],[0.1415,7.22246],[0.11816,7.20317],[0.09868,7.19282],[0.08325,7.1937],[0.06323,7.19536],[0.03477,7.20024],[0.01465,7.21069],[0.00732,7.20937],[0.01021,7.18682],[0.02764,7.17632],[0.04512,7.16392],[0.06592,7.15122],[0.08457,7.14707],[0.08555,7.12124],[0.09756,7.07998],[0.10098,7.05293],[0.09297,7.03701],[0.08794,7.0228],[0.09888,7.00415],[0.12324,6.98315],[0.12031,6.97124],[0.08662,6.97393],[0.04165,6.94648],[0.05898,6.91401],[0.10371,6.90962],[0.11172,6.89663],[0.07671,6.86968],[0.03042,6.84966],[0.0123,6.84482],[-0.01147,6.85293],[-0.04194,6.84727],[-0.06631,6.82524],[-0.07134,6.80942],[-0.06714,6.78896],[-0.04937,6.76885],[-0.02285,6.74805],[-0.01748,6.73271],[-0.02554,6.72031],[-0.04131,6.67686],[-0.05693,6.62998],[-0.09648,6.62861],[-0.14365,6.64805],[-0.16333,6.68564],[-0.1751,6.72412],[-0.19404,6.74126],[-0.22847,6.73398],[-0.27075,6.72246],[-0.30542,6.71719],[-0.3353,6.71621],[-0.36777,6.77271],[-0.39336,6.82813],[-0.40596,6.81646],[-0.40928,6.76563],[-0.41865,6.73101],[-0.44219,6.72666],[-0.46665,6.72266],[-0.49058,6.73672],[-0.51782,6.7938],[-0.55083,6.81084],[-0.57959,6.78472],[-0.61597,6.80732],[-0.65986,6.83584],[-0.68374,6.83442],[-0.67373,6.80151],[-0.63364,6.75332],[-0.55029,6.71729],[-0.42764,6.66792],[-0.32378,6.62187],[-0.25527,6.5855],[-0.1748,6.53271],[-0.09932,6.48994],[-0.05991,6.45166],[-0.03345,6.4082],[-0.01099,6.37939],[0.04111,6.40518],[0.07329,6.40405],[0.08096,6.35264],[0.10332,6.33818],[0.13809,6.36597],[0.13291,6.44956],[0.14043,6.50532],[0.14668,6.53828],[0.15078,6.57021],[0.15371,6.59702],[0.15205,6.61064],[0.15996,6.61807],[0.17188,6.61465],[0.19199,6.60747],[0.22969,6.61587],[0.27598,6.64834],[0.30859,6.69785],[0.31699,6.73833],[0.29873,6.7186],[0.27188,6.67451]],[[0.13037,6.6791],[0.08955,6.65864],[0.04873,6.69468],[0.01147,6.71753],[0.01748,6.77876],[0.06191,6.80762],[0.11475,6.79561],[0.15918,6.76675],[0.18076,6.72593],[0.13037,6.6791]]]},"properties":{"name":"Lake Volta"}},
{"type":"Feature","geometry":{"type":"Polygon","coordinates":[[[58.31208,45.06201],[58.22101,44.84671],[58.32114,44.60302],[58.23678,44.52446],[58.235,44.46093],[58.26003,44.43148],[58.36427,44.42472],[58.48311,44.50437],[58.52434,44.56915],[58.56262,44.77235],[58.62446,44.818],[58.56704,44.91518],[58.58802,44.9899],[58.54679,45.00757],[58.68225,45.12979],[58.62925,45.26378],[58.67195,45.45961],[58.76618,45.56268],[58.86944,45.5961],[58.91416,45.79478],[59.10485,45.89675],[59.24399,45.89233],[59.30289,46.00239],[59.24031,45.99393],[59.1792,45.92583],[59.07908,45.9435],[59.05994,45.89454],[58.84938,45.9181],[58.81367,45.88165],[58.83833,45.83417],[58.7117,45.8349],[58.65271,45.72198],[58.63836,45.5902],[58.57403,45.53213],[58.54937,45.40771],[58.41701,45.29068],[58.37249,45.13052],[58.31208,45.06201]]]},"properties":{"name":"South Aral Sea"}},
{"type":"Feature","geometry":{"type":"Polygon","coordinates":[[[60.78288,46.08595],[60.86248,46.09],[60.97669,46.16988],[61.21706,46.23688],[61.30026,46.38486],[61.28346,46.44751],[61.36981,46.5275],[61.45045,46.58438],[61.52849,46.67714],[61.31498,46.64769],[61.29658,46.61088],[61.20256,46.5775],[61.26528,46.5125],[61.26392,46.49978],[61.25574,46.49251],[61.13387,46.44965],[60.89239,46.47321],[60.77607,46.58143],[60.81077,46.74715],[60.58005,46.78389],[60.52483,46.77727],[60.52557,46.75076],[60.74535,46.65339],[60.74581,46.63885],[60.74081,46.62703],[60.58005,46.56303],[60.47062,46.62249],[60.45926,46.6234],[60.45335,46.61795],[60.42017,46.50841],[60.4104,46.5041],[60.40108,46.50932],[60.36765,46.61695],[60.28666,46.70015],[60.00166,46.57186],[59.9884,46.43787],[60.13344,46.35652],[60.34842,46.4029],[60.57959,46.2932],[60.72242,46.37418],[60.82481,46.20105],[60.75234,46.11772],[60.78288,46.08595]]]},"properties":{"name":"North Aral Sea"}},
{"type":"Feature","geometry":{"type":"Polygon","coordinates":[[[59.72865,46.08284],[59.81327,46.12369],[59.78456,46.28418],[59.73082,46.32167],[59.50406,46.31878],[59.59167,46.20909],[59.72865,46.08284]]]},"properties":{"name":"Barsakelmes Lake"}},
{"type":"Feature","geometry":{"type":"Polygon","coordinates":[[[78.99082,46.74863],[78.92959,46.78833],[78.86816,46.79873],[78.82295,46.79482],[78.79307,46.78003],[78.7873,46.75498],[78.78389,46.73491],[78.76094,46.72383],[78.63027,46.74697],[78.58057,46.7231],[78.55137,46.70737],[78.50391,46.6647],[78.47646,46.62461],[78.45195,46.61807],[78.4332,46.65249],[78.39707,46.65767],[78.36777,46.64292],[78.35879,46.62344],[78.34785,46.51206],[78.32432,46.48223],[78.29707,46.46855],[78.16934,46.58018],[78.13633,46.59492],[77.85996,46.64785],[77.69004,46.65864],[77.64473,46.65605],[77.60156,46.64004],[77.37031,46.62275],[77.26602,46.61138],[77.22637,46.5667],[77.1748,46.55596],[77.08242,46.62461],[76.85928,46.64385],[76.79307,46.63066],[76.69961,46.66748],[76.66836,46.67339],[76.6,46.6646],[76.49629,46.63555],[76.45049,46.64072],[76.40518,46.66226],[76.33594,46.72861],[76.29766,46.75288],[76.20313,46.78003],[75.95059,46.79512],[75.82588,46.81807],[75.42676,46.7375],[75.33848,46.72993],[75.20059,46.75879],[75.1627,46.77456],[75.08867,46.81362],[74.97402,46.81406],[74.93936,46.8168],[74.8043,46.78057],[74.62539,46.7521],[74.55313,46.69023],[74.52422,46.62295],[74.42998,46.57827],[74.37461,46.51802],[74.27979,46.47021],[74.09434,46.42783],[74.02324,46.36934],[73.94951,46.28838],[74.02695,46.22246],[74.0207,46.20488],[73.98184,46.18638],[73.89756,46.20786],[73.82939,46.18511],[73.7749,46.20649],[73.75195,46.20264],[73.6793,46.18306],[73.64551,46.15],[73.654,46.09268],[73.6627,46.06235],[73.73711,46.01274],[73.71514,45.98252],[73.63252,45.90674],[73.55986,45.81636],[73.48828,45.8311],[73.46348,45.82627],[73.44004,45.80586],[73.45107,45.77959],[73.51885,45.76304],[73.53184,45.73418],[73.49434,45.68657],[73.44365,45.65703],[73.43672,45.60947],[73.46523,45.58247],[73.61475,45.51333],[73.6627,45.43564],[73.83975,45.26387],[73.87676,45.23926],[73.98066,45.2042],[73.99932,45.18872],[74.00771,45.14653],[73.99336,45.11235],[74.01563,45.05649],[74.00957,45.03379],[74.01719,45.01294],[74.05605,44.99443],[74.1,44.98892],[74.11953,44.99971],[74.09424,45.04009],[74.10098,45.05859],[74.13564,45.07017],[74.14336,45.10293],[74.15566,45.27056],[74.15098,45.31729],[74.12832,45.33687],[74.08652,45.34351],[74.08281,45.35205],[74.08936,45.50908],[74.10059,45.53687],[74.23076,45.61533],[74.28945,45.65063],[74.3127,45.67095],[74.31094,45.69546],[74.24531,45.7395],[74.24287,45.75166],[74.25078,45.76104],[74.28926,45.7647],[74.30332,45.78979],[74.25313,45.94165],[74.2582,45.97671],[74.27803,46.00405],[74.36992,46.02007],[74.5499,46.00591],[74.59922,46.02222],[74.77139,46.10781],[74.79385,46.13027],[74.81523,46.21563],[74.85664,46.29395],[74.88809,46.37656],[74.91123,46.40464],[75.0125,46.41709],[75.0667,46.45098],[75.09316,46.46089],[75.12109,46.44644],[75.15186,46.4375],[75.21221,46.42661],[75.24082,46.44766],[75.25586,46.47417],[75.27773,46.51489],[75.304,46.51938],[75.33008,46.5127],[75.3501,46.46987],[75.40566,46.4708],[75.44805,46.49834],[75.43213,46.54189],[75.404,46.60972],[75.41719,46.64111],[75.46328,46.67061],[75.50918,46.67803],[75.55283,46.67256],[75.55977,46.65298],[75.5624,46.646],[75.54805,46.63447],[75.5082,46.63618],[75.49023,46.63101],[75.4916,46.59648],[75.51484,46.5667],[75.55781,46.53032],[75.61133,46.50718],[75.71455,46.51646],[75.86699,46.53564],[75.90938,46.53574],[76.0333,46.51167],[76.17627,46.53198],[76.23848,46.55488],[76.46396,46.54189],[76.7418,46.53198],[76.85264,46.49229],[77.00361,46.46367],[77.10391,46.45425],[77.16514,46.48901],[77.28203,46.47295],[77.35527,46.50225],[77.4293,46.49966],[77.5626,46.43545],[77.65215,46.41543],[77.72578,46.40713],[77.78115,46.42285],[77.81748,46.4394],[77.86543,46.42866],[78.01758,46.34263],[78.0752,46.32827],[78.12754,46.31865],[78.16064,46.31865],[78.2334,46.33687],[78.31729,46.34985],[78.36738,46.33853],[78.40869,46.29883],[78.44512,46.29717],[78.46211,46.31279],[78.43516,46.35176],[78.43838,46.37686],[78.46543,46.39243],[78.54434,46.40137],[78.62529,46.37983],[78.71133,46.39639],[78.7874,46.38481],[78.88984,46.36992],[78.97109,46.40601],[79.02275,46.44746],[79.06797,46.52583],[79.09492,46.58159],[79.15742,46.60278],[79.21729,46.60972],[79.23555,46.63354],[79.24512,46.64517],[79.24473,46.67969],[79.22197,46.72041],[79.17676,46.76387],[79.12187,46.79883],[79.08418,46.81011],[79.05186,46.80771],[79.02217,46.79492],[79.01885,46.76846],[78.99082,46.74863]]]},"properties":{"name":"Lake Balkhash"}},
{"type":"Feature","geometry":{"type":"Polygon","coordinates":[[[30.80605,-8.57832],[30.97148,-8.74531],[31.02207,-8.78652],[31.04492,-8.79131],[31.08418,-8.77617],[31.11348,-8.75391],[31.13311,-8.72461],[31.15049,-8.71953],[31.16563,-8.73857],[31.17852,-8.74199],[31.18906,-8.72988],[31.19844,-8.65195],[31.18379,-8.60234],[31.15137,-8.55107],[31.13779,-8.50059],[31.14277,-8.45078],[31.10166,-8.38496],[31.01455,-8.30303],[30.96396,-8.23809],[30.9498,-8.19004],[30.94824,-8.16152],[30.96221,-8.13896],[30.95723,-8.12051],[30.92539,-8.09814],[30.9125,-8.075],[30.90596,-8.0376],[30.82539,-7.91055],[30.725,-7.70117],[30.64541,-7.60996],[30.6041,-7.54189],[30.58867,-7.46387],[30.59902,-7.37578],[30.57666,-7.27637],[30.52158,-7.16553],[30.5125,-7.11563],[30.5207,-7.10732],[30.54346,-7.10391],[30.56104,-7.06543],[30.56348,-6.99268],[30.52803,-6.92275],[30.45498,-6.85557],[30.39775,-6.77813],[30.35645,-6.69033],[30.29932,-6.61582],[30.18223,-6.50996],[30.16641,-6.48262],[30.13701,-6.46494],[30.09375,-6.45713],[30.02305,-6.46904],[29.96514,-6.50039],[29.9498,-6.49805],[29.94346,-6.4793],[29.82041,-6.37002],[29.74795,-6.2877],[29.72207,-6.24414],[29.71738,-6.19619],[29.72871,-6.09541],[29.74805,-6.03027],[29.77539,-6.00068],[29.79844,-5.98955],[29.81719,-5.99668],[29.85645,-5.97959],[29.91621,-5.93838],[29.94785,-5.89883],[29.95117,-5.86094],[29.92363,-5.77148],[29.86523,-5.63047],[29.8124,-5.52773],[29.7584,-5.46689],[29.75195,-5.40547],[29.77354,-5.35439],[29.78789,-5.26338],[29.80039,-5.25684],[29.80264,-5.16885],[29.81631,-5.15205],[29.8127,-5.10937],[29.79199,-5.04092],[29.74912,-4.98408],[29.68438,-4.93906],[29.63721,-4.91348],[29.60781,-4.90732],[29.6001,-4.89639],[29.61396,-4.88066],[29.60713,-4.78877],[29.64141,-4.48945],[29.65254,-4.42012],[29.6292,-4.36592],[29.57891,-4.29951],[29.52324,-4.20303],[29.43281,-4.00088],[29.43408,-3.97695],[29.36426,-3.85615],[29.34609,-3.79395],[29.33496,-3.6626],[29.33105,-3.4623],[29.33184,-3.38994],[29.29844,-3.35518],[29.196,-3.33848],[29.17549,-3.34648],[29.15752,-3.36963],[29.14219,-3.40791],[29.13867,-3.49043],[29.14727,-3.61689],[29.1377,-3.70342],[29.11016,-3.75],[29.10332,-3.7876],[29.11719,-3.81621],[29.11719,-3.85225],[29.10332,-3.89551],[29.08613,-4.0918],[29.08828,-4.16855],[29.09932,-4.20566],[29.08906,-4.24492],[29.05762,-4.28633],[29.06299,-4.31719],[29.13291,-4.34346],[29.14541,-4.33486],[29.21816,-4.11787],[29.22764,-4.07119],[29.24512,-4.06504],[29.25449,-4.10117],[29.20156,-4.43682],[29.20264,-4.51104],[29.16924,-4.5041],[29.14707,-4.52881],[29.12422,-4.58604],[29.11406,-4.71406],[29.1123,-5.02588],[29.10176,-5.054],[29.1166,-5.12402],[29.15693,-5.23604],[29.22607,-5.37139],[29.37197,-5.61641],[29.37061,-5.63027],[29.3416,-5.63467],[29.33301,-5.66191],[29.34072,-5.74639],[29.34004,-5.76621],[29.32959,-5.79854],[29.21436,-5.89229],[29.18955,-5.91504],[29.18369,-5.95781],[29.19316,-6.03799],[29.21523,-6.08848],[29.24961,-6.10898],[29.26973,-6.13145],[29.28945,-6.17559],[29.31133,-6.19111],[29.42402,-6.49131],[29.43633,-6.50908],[29.45371,-6.51689],[29.47617,-6.51465],[29.48389,-6.5376],[29.47988,-6.63301],[29.51123,-6.71992],[29.53652,-6.7542],[29.61592,-6.82227],[29.75176,-6.99531],[29.83584,-7.06328],[29.92832,-7.09492],[30.01299,-7.14521],[30.08965,-7.21416],[30.14707,-7.29922],[30.20762,-7.47393],[30.21367,-7.55752],[30.2043,-7.58652],[30.22148,-7.66953],[30.26504,-7.76787],[30.27734,-7.84834],[30.29443,-7.87256],[30.36748,-7.90283],[30.39609,-7.92842],[30.44199,-7.99658],[30.46816,-8.021],[30.49941,-8.03301],[30.53223,-8.06436],[30.5668,-8.11504],[30.58057,-8.18096],[30.57344,-8.2623],[30.54912,-8.3126],[30.50771,-8.33174],[30.47813,-8.35498],[30.46055,-8.38232],[30.44766,-8.44912],[30.46445,-8.49814],[30.49453,-8.50703],[30.54277,-8.50391],[30.56768,-8.51387],[30.56914,-8.53721],[30.55977,-8.55615],[30.53418,-8.57891],[30.55488,-8.57979],[30.62031,-8.54365],[30.6543,-8.50684],[30.67168,-8.50273],[30.68145,-8.51406],[30.71113,-8.53369],[30.79863,-8.56592],[30.80605,-8.57832]]]},"properties":{"name":"Lake Tanganyika"}},
{"type":"Feature","geometry":{"type":"Polygon","coordinates":[[[-52.59834,-32.58535],[-52.59141,-32.53984],[-52.59326,-32.49912],[-52.62549,-32.45361],[-52.65327,-32.39404],[-52.69004,-32.34814],[-52.69004,-32.2374],[-52.70127,-32.204],[-52.72031,-32.19854],[-52.74473,-32.21738],[-52.77964,-32.26328],[-52.79219,-32.31074],[-52.80381,-32.34766],[-52.8103,-32.39062],[-52.87715,-32.43203],[-52.95884,-32.46836],[-52.99111,-32.53398],[-53.02954,-32.59805],[-53.09155,-32.61992],[-53.13887,-32.64902],[-53.17773,-32.67881],[-53.21704,-32.70723],[-53.26509,-32.73311],[-53.30156,-32.76074],[-53.31279,-32.79316],[-53.31309,-32.83428],[-53.32314,-32.88271],[-53.35449,-32.92588],[-53.40615,-32.9541],[-53.4728,-32.95879],[-53.54609,-33.02441],[-53.59951,-33.07871],[-53.62422,-33.13574],[-53.62017,-33.19121],[-53.60425,-33.24219],[-53.58638,-33.29873],[-53.57749,-33.36758],[-53.57349,-33.4333],[-53.56729,-33.48252],[-53.55718,-33.51465],[-53.5438,-33.53945],[-53.52695,-33.55273],[-53.5085,-33.55723],[-53.49053,-33.54678],[-53.45396,-33.53174],[-53.4374,-33.47275],[-53.45269,-33.35059],[-53.43652,-33.23545],[-53.40859,-33.15869],[-53.37695,-33.11953],[-53.35176,-33.09512],[-53.32559,-33.08525],[-53.2916,-33.08135],[-53.22759,-33.05547],[-53.17334,-32.95645],[-53.13096,-32.84561],[-53.06758,-32.8082],[-53.01523,-32.79873],[-52.97573,-32.82227],[-52.93857,-32.86113],[-52.89492,-32.90977],[-52.84722,-32.91709],[-52.80791,-32.90693],[-52.77261,-32.87578],[-52.73125,-32.81172],[-52.69355,-32.75693],[-52.65933,-32.69766],[-52.61699,-32.63818],[-52.59834,-32.58535]]]},"properties":{"name":"Lagoa Mirim"}},
{"type":"Feature","geometry":{"type":"Polygon","coordinates":[[[-97.95918,50.35723],[-97.95078,50.41992],[-97.97119,50.47007],[-98.07144,50.55156],[-98.17354,50.6604],[-98.24385,50.71899],[-98.41011,50.82334],[-98.5002,50.85996],[-98.72021,50.91167],[-98.74038,50.93467],[-98.7605,50.99497],[-98.75386,51.01626],[-98.72363,51.05918],[-98.71821,51.08784],[-98.66909,51.10371],[-98.63296,51.16504],[-98.58296,51.21807],[-98.57183,51.24326],[-98.59146,51.26904],[-98.70488,51.32593],[-98.75386,51.36279],[-98.77754,51.41006],[-98.77939,51.46567],[-98.7522,51.55215],[-98.75752,51.58779],[-98.7896,51.63867],[-98.83276,51.68433],[-98.86484,51.70747],[-98.89375,51.70894],[-98.9292,51.7022],[-98.97168,51.67549],[-98.91055,51.51274],[-98.90127,51.42803],[-98.90698,51.40391],[-98.91821,51.39526],[-98.95605,51.43262],[-98.99897,51.5106],[-99.06396,51.68643],[-99.10537,51.73613],[-99.16626,51.77666],[-99.17729,51.76245],[-99.16592,51.67539],[-99.18062,51.65273],[-99.21733,51.63618],[-99.23892,51.64634],[-99.2915,51.71563],[-99.33774,51.75884],[-99.39004,51.78115],[-99.44297,51.77734],[-99.49102,51.75762],[-99.54536,51.71372],[-99.54907,51.69927],[-99.53809,51.6604],[-99.54155,51.57813],[-99.52661,51.54624],[-99.42554,51.62705],[-99.36978,51.63535],[-99.31953,51.61699],[-99.25757,51.5626],[-99.16255,51.54346],[-99.13755,51.50308],[-99.07725,51.3394],[-99.02603,51.26719],[-98.97881,51.2229],[-98.95288,51.20205],[-98.89687,51.18813],[-98.8564,51.10913],[-98.83608,51.09976],[-98.82944,51.07192],[-98.84722,51.03911],[-98.86724,51.02793],[-98.8812,51.03687],[-98.94097,51.11543],[-98.98828,51.15229],[-99.0082,51.1395],[-99.00649,51.11392],[-98.99092,51.07627],[-98.94087,51.00762],[-98.85322,50.94551],[-98.81475,50.86401],[-98.71597,50.7374],[-98.60796,50.56758],[-98.56812,50.48843],[-98.54858,50.42129],[-98.55146,50.28711],[-98.51929,50.24204],[-98.45459,50.21099],[-98.40186,50.20352],[-98.33008,50.20176],[-98.24219,50.21392],[-98.15059,50.24033],[-98.07207,50.27412],[-98.01582,50.30415],[-97.95918,50.35723]]]},"properties":{"name":"Lake Manitoba"}},
{"type":"Feature","geometry":{"type":"Polygon","coordinates":[[[-99.67412,51.61313],[-99.64453,51.6166],[-99.62412,51.62852],[-99.62002,51.65098],[-99.64243,51.72012],[-99.64692,51.84248],[-99.66592,51.85366],[-99.74604,51.75215],[-99.7812,51.76108],[-99.80273,51.83018],[-99.79756,51.87578],[-99.75557,51.93857],[-99.74438,51.9729],[-99.74443,52.00469],[-99.74927,52.02773],[-99.80894,52.09458],[-99.8269,52.15151],[-99.83892,52.24302],[-99.71338,52.40737],[-99.67549,52.47295],[-99.66099,52.53853],[-99.66187,52.60981],[-99.70493,52.81191],[-99.67808,52.8998],[-99.68486,52.9103],[-99.69922,52.91514],[-99.75679,52.91343],[-99.79048,52.94541],[-99.84351,52.97461],[-100.10522,53.05425],[-100.33462,53.10708],[-100.51499,53.17114],[-100.54346,53.17046],[-100.5897,53.13818],[-100.64399,53.11514],[-100.72554,53.0978],[-100.81992,53.09058],[-100.89517,53.09849],[-100.96372,53.14731],[-101.05059,53.12354],[-101.09072,53.10015],[-101.10176,53.08081],[-101.00679,53.0083],[-100.99395,52.98672],[-100.98398,52.93076],[-100.99253,52.88037],[-100.94102,52.84453],[-100.9146,52.8144],[-100.83311,52.81255],[-100.82539,52.79854],[-100.83936,52.7668],[-100.82344,52.75298],[-100.74624,52.75166],[-100.67798,52.77842],[-100.62114,52.88599],[-100.6668,52.95938],[-100.66543,52.98018],[-100.59951,52.99805],[-100.56392,52.99624],[-100.52261,52.96748],[-100.45317,52.95303],[-100.4395,52.92437],[-100.41753,52.77295],[-100.35825,52.71299],[-100.33921,52.67163],[-100.30073,52.65083],[-100.27515,52.62329],[-100.26079,52.62119],[-100.24219,52.63984],[-100.27866,52.78179],[-100.32573,52.79365],[-100.34287,52.80703],[-100.32568,52.83315],[-100.2917,52.85898],[-100.26831,52.87173],[-100.24126,52.86484],[-100.09565,52.79551],[-100.0624,52.76279],[-100.04526,52.64854],[-99.99233,52.5665],[-100.02676,52.46387],[-100.13628,52.35127],[-100.15571,52.30571],[-100.16504,52.25425],[-100.15923,52.11592],[-100.11343,51.89072],[-100.04917,51.75552],[-100.02544,51.72729],[-100.01099,51.73076],[-99.99868,51.74409],[-99.98437,51.8123],[-100.00542,52.01572],[-99.99976,52.04438],[-99.98413,52.04033],[-99.95342,51.99932],[-99.89878,51.84087],[-99.95044,51.76294],[-99.93511,51.71748],[-99.85757,51.64307],[-99.7748,51.58955],[-99.67412,51.61313]]]},"properties":{"name":"Lake Winnipegosis"}},
{"type":"Feature","geometry":{"type":"Polygon","coordinates":[[[-68.25513,51.39854],[-68.25127,51.46548],[-68.28574,51.50713],[-68.29092,51.53662],[-68.26733,51.57236],[-68.26899,51.61514],[-68.19658,51.69214],[-68.20649,51.70693],[-68.25176,51.68594],[-68.31875,51.64175],[-68.46113,51.67236],[-68.4834,51.702],[-68.44307,51.81777],[-68.42876,51.85884],[-68.43677,51.87397],[-68.45688,51.88281],[-68.50068,51.81079],[-68.53496,51.75522],[-68.59609,51.75645],[-68.63599,51.70981],[-68.69961,51.69141],[-68.76777,51.68374],[-68.80752,51.68301],[-68.85596,51.72061],[-68.93481,51.64839],[-68.97871,51.63066],[-69.01045,51.6333],[-69.04268,51.67549],[-69.06299,51.83804],[-69.09155,51.81328],[-69.09902,51.70884],[-69.11787,51.66055],[-69.13828,51.6563],[-69.20186,51.68442],[-69.23247,51.69951],[-69.2498,51.68223],[-69.15479,51.58013],[-69.13359,51.51831],[-69.16055,51.39087],[-69.17563,51.32373],[-69.14844,51.27432],[-68.99517,51.18037],[-68.86812,51.0939],[-68.78218,51.00386],[-68.74277,50.92158],[-68.73506,50.8418],[-68.74414,50.77627],[-68.73979,50.71597],[-68.64219,50.99072],[-68.52866,51.07461],[-68.44717,51.12021],[-68.35229,51.14897],[-68.31328,51.19199],[-68.22275,51.26504],[-68.20444,51.30581],[-68.2165,51.34507],[-68.25513,51.39854]],[[-68.53833,51.39287],[-68.49199,51.34863],[-68.40342,51.28496],[-68.39951,51.25649],[-68.4272,51.23218],[-68.46792,51.21367],[-68.53711,51.19985],[-68.59624,51.16782],[-68.68311,51.15625],[-68.75757,51.16484],[-68.8647,51.1981],[-68.92441,51.2415],[-69.01465,51.27959],[-69.04634,51.30229],[-69.06274,51.33213],[-69.09155,51.36826],[-69.10146,51.41025],[-69.05449,51.47207],[-68.95937,51.53555],[-68.84414,51.60005],[-68.78286,51.62017],[-68.72148,51.63223],[-68.60547,51.63057],[-68.48647,51.59106],[-68.40454,51.53188],[-68.39648,51.50327],[-68.40732,51.4418],[-68.39136,51.36763],[-68.43633,51.37632],[-68.47295,51.40156],[-68.5394,51.47324],[-68.56235,51.48042],[-68.58003,51.45679],[-68.53833,51.39287]]]},"properties":{"name":"Réservoir Manicouagan"}},
{"type":"Feature","geometry":{"type":"Polygon","coordinates":[[[35.39902,45.25537],[35.43906,45.27544],[35.42617,45.29497],[35.3,45.36377],[35.18203,45.47222],[35.03184,45.63818],[34.90898,45.79263],[34.84043,45.84297],[34.81621,45.95947],[34.78887,46.02446],[34.73984,46.03496],[34.71289,46.05283],[34.71768,46.09048],[34.75459,46.1127],[34.75371,46.13125],[34.71641,46.16465],[34.6667,46.17349],[34.64023,46.15303],[34.58848,46.0207],[34.52324,45.98813],[34.47871,45.98325],[34.44336,45.99883],[34.42852,46.02236],[34.46914,46.10112],[34.49248,46.11333],[34.54824,46.11489],[34.55488,46.13779],[34.54424,46.16118],[34.32861,46.18979],[34.31152,46.18008],[34.29766,46.1814],[34.26953,46.19136],[34.23643,46.21387],[34.17461,46.26602],[34.15859,46.2666],[34.15801,46.24849],[34.16377,46.20293],[34.14717,46.19136],[34.12959,46.19019],[34.11172,46.19277],[34.10332,46.18218],[34.10684,46.14434],[34.07764,46.1415],[34.02959,46.15732],[33.92227,46.21333],[33.84824,46.23071],[33.77813,46.23398],[33.72803,46.22813],[33.70391,46.21484],[33.69619,46.20029],[33.70762,46.18179],[33.77051,46.1333],[33.81523,46.14233],[33.83135,46.14341],[33.88506,46.05991],[33.92432,46.03911],[33.96016,46.04004],[33.97773,46.05181],[33.99834,46.07227],[34.07236,46.05928],[34.12148,46.02583],[34.13281,46.00972],[34.14033,45.9626],[34.16445,45.94438],[34.18662,45.95625],[34.18711,45.97656],[34.18193,46.01606],[34.18975,46.02959],[34.22695,46.02144],[34.27148,46.02686],[34.3625,46.00034],[34.38184,45.9792],[34.38789,45.95039],[34.37998,45.90132],[34.39004,45.88789],[34.41172,45.88979],[34.45977,45.91709],[34.49668,45.89922],[34.5252,45.90654],[34.56777,45.95239],[34.60762,45.9438],[34.61924,45.93496],[34.61826,45.91484],[34.49512,45.80283],[34.49521,45.7853],[34.64492,45.83745],[34.67627,45.81914],[34.68301,45.80361],[34.74268,45.78647],[34.7623,45.74297],[34.83389,45.72456],[34.88203,45.6873],[35.00029,45.63071],[35.02422,45.60386],[35.05166,45.56514],[35.08027,45.49932],[35.04023,45.42852],[35.04258,45.40249],[35.06191,45.37871],[35.08945,45.35786],[35.27637,45.30215],[35.39902,45.25537]]]},"properties":{"name":"Syvash"}},
{"type":"Feature","geometry":{"type":"Polygon","coordinates":[[[29.51777,62.1231],[29.60664,62.14478],[29.6876,62.13804],[29.7083,62.15107],[29.91113,62.11519],[29.98154,62.13281],[29.96045,62.16377],[29.87373,62.18506],[29.79072,62.19951],[29.72744,62.19932],[29.64785,62.22339],[29.59902,62.26978],[29.62021,62.29429],[29.64063,62.30991],[29.6876,62.31587],[29.76846,62.31299],[29.79258,62.33477],[29.80186,62.36177],[29.83496,62.38872],[29.92617,62.43359],[29.88535,62.46274],[29.825,62.51812],[29.77568,62.57729],[29.69727,62.60933],[29.63271,62.59717],[29.61631,62.55938],[29.59287,62.52676],[29.58887,62.50029],[29.61172,62.46177],[29.65029,62.42744],[29.62646,62.41851],[29.50889,62.46699],[29.42158,62.52256],[29.36387,62.53037],[29.35176,62.57056],[29.33457,62.60029],[29.2792,62.59873],[29.26133,62.55083],[29.3,62.47583],[29.29668,62.42627],[29.26455,62.39355],[29.27803,62.34888],[29.29844,62.3127],[29.29844,62.2748],[29.31904,62.24238],[29.35273,62.21855],[29.34531,62.18589],[29.33047,62.16582],[29.19785,62.17715],[29.13936,62.16919],[28.97578,62.14243],[28.82578,62.13413],[28.78633,62.17725],[28.8373,62.1854],[28.85225,62.2124],[28.87041,62.23501],[28.83506,62.26748],[28.76504,62.34844],[28.69258,62.3833],[28.66582,62.38696],[28.66758,62.36802],[28.69902,62.32847],[28.67031,62.30586],[28.62988,62.29434],[28.6085,62.27891],[28.56582,62.22158],[28.50596,62.21987],[28.40625,62.23696],[28.35791,62.26973],[28.32373,62.2873],[28.27715,62.27607],[28.27646,62.25615],[28.14395,62.25249],[28.06729,62.24375],[27.97002,62.25889],[27.9626,62.29785],[27.99111,62.33735],[28.04199,62.37886],[28.03965,62.40889],[27.91543,62.43027],[27.8458,62.52363],[27.75811,62.58315],[27.80146,62.62739],[27.75508,62.65239],[27.76563,62.67954],[27.84932,62.71938],[27.97939,62.73213],[28.05674,62.69038],[28.13838,62.53809],[28.10566,62.47598],[28.10264,62.44189],[28.16934,62.43369],[28.19092,62.44761],[28.21143,62.50776],[28.27432,62.56519],[28.34004,62.57715],[28.36709,62.58711],[28.42422,62.57529],[28.48174,62.55518],[28.55537,62.52261],[28.56514,62.49858],[28.49648,62.50142],[28.52891,62.47412],[28.65928,62.41997],[28.80977,62.38174],[28.89805,62.39033],[28.79902,62.45576],[28.65313,62.52725],[28.26436,62.66279],[28.26826,62.68921],[28.23887,62.70596],[28.21133,62.73003],[28.18066,62.77178],[28.14941,62.80371],[28.14395,62.82524],[28.18682,62.85737],[28.15449,62.93296],[28.19219,62.96353],[28.2623,62.98359],[28.3084,63.00293],[28.34971,63.02583],[28.35195,63.03975],[28.2792,63.0314],[28.10645,63.00894],[28.00557,63.04033],[27.88818,63.0189],[27.85107,63.03208],[27.84844,63.0707],[27.80977,63.09229],[27.76738,63.09985],[27.73604,63.05854],[27.77402,62.9957],[27.76973,62.94561],[27.72275,62.95435],[27.67656,62.97939],[27.60527,63.01465],[27.55879,63.00122],[27.43965,63.02344],[27.3585,63.06792],[27.26387,63.14565],[27.3373,63.21333],[27.34697,63.27939],[27.36279,63.31582],[27.33818,63.34604],[27.29697,63.35571],[27.2502,63.37617],[27.21055,63.41665],[27.23438,63.4271],[27.23379,63.45654],[27.18301,63.51787],[27.11279,63.54629],[26.89863,63.58398],[26.89941,63.56602],[26.95889,63.52427],[27.02031,63.50103],[27.03818,63.5166],[27.06797,63.52319],[27.13477,63.49614],[27.1748,63.43848],[27.19023,63.38755],[27.23926,63.33203],[27.24648,63.3084],[27.21348,63.30908],[27.19316,63.28931],[27.19658,63.22925],[27.19316,63.16938],[27.20684,63.12163],[27.19482,63.09932],[27.17607,63.08359],[27.33008,63.00132],[27.39121,62.94053],[27.41465,62.90156],[27.49414,62.86309],[27.55986,62.85068],[27.56367,62.87734],[27.5875,62.89966],[27.62148,62.91602],[27.65195,62.92471],[27.68379,62.91157],[27.6668,62.87383],[27.64951,62.81597],[27.66621,62.75952],[27.64834,62.73496],[27.61855,62.70981],[27.60801,62.60078],[27.66904,62.52847],[27.66992,62.51284],[27.64668,62.49844],[27.6,62.49414],[27.39805,62.57568],[27.37275,62.5624],[27.35205,62.54355],[27.33945,62.51914],[27.29541,62.51802],[27.19111,62.57178],[27.15889,62.57729],[27.17773,62.55342],[27.23584,62.50723],[27.29717,62.47676],[27.3666,62.48232],[27.41943,62.49609],[27.45908,62.47944],[27.48945,62.44307],[27.54697,62.41196],[27.59688,62.41782],[27.67891,62.41196],[27.75537,62.42861],[27.79961,62.42939],[27.84404,62.37563],[27.85205,62.35396],[27.87656,62.32925],[27.88486,62.3061],[27.90244,62.24448],[27.89922,62.15723],[27.92568,62.13335],[28.03193,62.10835],[28.08623,62.10044],[28.16816,62.09609],[28.29668,62.09678],[28.40283,62.06914],[28.42686,62.05244],[28.5792,61.99277],[28.69697,61.9207],[28.73711,61.89102],[28.83838,61.86348],[28.83975,61.84629],[28.80674,61.82778],[28.67217,61.82559],[28.53906,61.84087],[28.44209,61.76792],[28.36875,61.75078],[28.33936,61.74927],[28.30557,61.75552],[28.26172,61.74448],[28.24795,61.71563],[28.23438,61.62129],[28.18457,61.54395],[28.14727,61.55073],[28.12891,61.54897],[28.10391,61.52241],[28.05381,61.51055],[27.99961,61.54932],[27.946,61.60137],[27.921,61.62686],[27.91777,61.65703],[27.86582,61.69644],[27.81631,61.72788],[27.62637,61.80098],[27.60479,61.78081],[27.62256,61.76416],[27.70508,61.73066],[27.77305,61.68525],[27.75752,61.65625],[27.67813,61.63638],[27.66465,61.60684],[27.59316,61.58135],[27.51504,61.5771],[27.49873,61.6],[27.48799,61.61821],[27.4709,61.59941],[27.47246,61.5499],[27.47637,61.53882],[27.45918,61.52349],[27.35898,61.53057],[27.33916,61.59673],[27.32744,61.63179],[27.3292,61.69263],[27.27627,61.65293],[27.29609,61.55703],[27.29775,61.48364],[27.27373,61.46812],[27.30059,61.43335],[27.26455,61.37871],[27.27031,61.32427],[27.30283,61.32939],[27.36797,61.32598],[27.43535,61.29551],[27.43242,61.27012],[27.40625,61.25947],[27.51934,61.22959],[27.62529,61.21392],[27.67754,61.23232],[27.86191,61.25229],[28.07246,61.23315],[28.17373,61.18813],[28.19736,61.16343],[28.17236,61.15288],[28.08242,61.17852],[27.96553,61.18804],[27.88164,61.15723],[27.89189,61.11406],[27.91865,61.08032],[27.94678,61.06768],[27.9875,61.07974],[28.2916,61.07998],[28.35879,61.09336],[28.60996,61.16157],[28.78789,61.20415],[28.86699,61.24731],[28.82041,61.29731],[28.71416,61.35176],[28.6626,61.36777],[28.64082,61.35156],[28.47695,61.33208],[28.35957,61.33135],[28.34512,61.34937],[28.40625,61.37002],[28.46367,61.39927],[28.56797,61.44121],[28.58223,61.473],[28.64551,61.47617],[28.69287,61.48389],[28.67949,61.52437],[28.67988,61.55811],[28.72246,61.58066],[28.78965,61.58994],[28.76045,61.60991],[28.6084,61.61738],[28.6291,61.64155],[28.73018,61.67124],[28.94102,61.62578],[29.09844,61.57837],[29.11514,61.6002],[29.26572,61.61484],[29.28994,61.64868],[29.42617,61.73438],[29.47676,61.74214],[29.53105,61.77817],[29.60986,61.80205],[29.66006,61.82607],[29.69434,61.83428],[29.72705,61.84795],[29.73262,61.87407],[29.77695,61.8894],[29.77539,61.90645],[29.75654,61.94946],[29.68545,62.00371],[29.63809,62.00454],[29.61484,61.98306],[29.55244,62.00283],[29.49219,62.04575],[29.46973,62.07998],[29.49209,62.08887],[29.51777,62.1231]],[[27.84941,62.95142],[27.90342,62.97285],[27.98594,62.97725],[27.99063,62.97754],[28.06211,62.97598],[28.0748,62.93516],[28.09941,62.85156],[28.10879,62.78779],[28.10879,62.75513],[28.07158,62.74575],[28.01074,62.77529],[27.88633,62.83442],[27.84199,62.91104],[27.84941,62.95142]],[[27.63711,61.27319],[27.58789,61.26631],[27.47539,61.31514],[27.36758,61.36904],[27.32803,61.4002],[27.36035,61.42173],[27.41787,61.4373],[27.50889,61.40854],[27.55566,61.39658],[27.62871,61.3834],[27.65859,61.35464],[27.67656,61.31035],[27.63711,61.27319]],[[27.95928,61.48042],[27.91367,61.44209],[27.79756,61.40493],[27.74961,61.40137],[27.71221,61.40278],[27.66221,61.43491],[27.56396,61.45645],[27.51963,61.48521],[27.54844,61.49121],[27.59033,61.48643],[27.66582,61.48281],[27.70049,61.4876],[27.71221,61.53379],[27.73164,61.54746],[27.79395,61.53789],[27.85859,61.51875],[27.92324,61.52593],[27.94629,61.52749],[27.96885,61.50317],[27.95928,61.48042]],[[28.49561,61.47817],[28.49453,61.44404],[28.41621,61.41646],[28.30703,61.40762],[28.24014,61.39424],[28.22559,61.44292],[28.24541,61.47271],[28.25527,61.49692],[28.23984,61.52339],[28.24258,61.53906],[28.3082,61.58184],[28.28613,61.62261],[28.28066,61.6645],[28.27734,61.70967],[28.32813,61.72954],[28.3876,61.71191],[28.47559,61.7229],[28.51543,61.69868],[28.53643,61.62153],[28.49346,61.60166],[28.45918,61.55845],[28.44492,61.51567],[28.49561,61.47817]],[[29.47695,61.9668],[29.47422,61.95073],[29.44482,61.9481],[29.40332,61.97485],[29.3418,61.9708],[29.32705,61.94404],[29.30928,61.86953],[29.25459,61.80747],[29.13691,61.77539],[28.98975,61.80215],[28.94424,61.87314],[28.82773,61.96279],[28.71406,61.99492],[28.69121,62.03643],[28.70332,62.08193],[28.80908,62.08193],[28.93887,62.10464],[29.01914,62.12476],[29.10244,62.11772],[29.18652,62.12207],[29.23203,62.12607],[29.32227,62.12959],[29.36318,62.10464],[29.44219,62.0377],[29.47695,61.9668]]]},"properties":{"name":"Lake Saimaa"}},
{"type":"Feature","geometry":{"type":"Polygon","coordinates":[[[84.51563,47.92988],[84.46836,47.96938],[84.33389,48.0231],[84.16709,48.05596],[84.05146,48.0835],[83.88066,48.1519],[83.74004,48.19766],[83.63359,48.2415],[83.58125,48.26748],[83.59619,48.30303],[83.68193,48.35342],[83.90713,48.37354],[83.91943,48.39722],[83.77393,48.41045],[83.61338,48.43726],[83.5168,48.61685],[83.48691,48.71826],[83.51406,48.81333],[83.60918,48.9104],[83.77676,48.97539],[83.86406,48.99438],[84.14902,49.08604],[84.32861,49.12485],[84.36064,49.16055],[84.28779,49.2377],[83.82314,49.48394],[83.72949,49.53521],[83.75654,49.56436],[83.79668,49.59712],[83.81826,49.63364],[83.96123,49.70264],[83.96357,49.72637],[83.88984,49.72041],[83.73984,49.63096],[83.6082,49.60625],[83.39121,49.65239],[83.36367,49.64385],[83.36484,49.62607],[83.42646,49.57339],[83.47891,49.53823],[83.53896,49.53188],[83.60801,49.48623],[83.66035,49.44292],[83.72441,49.43955],[83.84854,49.41709],[83.97246,49.32881],[84.0998,49.23804],[84.12061,49.15908],[84.03613,49.1106],[83.87168,49.0627],[83.74727,49.03926],[83.58945,48.9624],[83.47119,48.8582],[83.42266,48.74321],[83.41738,48.59746],[83.38701,48.554],[83.39219,48.49985],[83.46074,48.43228],[83.53262,48.37515],[83.49756,48.30454],[83.43525,48.26997],[83.2751,48.26133],[83.18213,48.24937],[83.03857,48.24961],[83.02676,48.21187],[83.08262,48.17822],[83.25898,48.09463],[83.44453,48.04883],[83.62461,48.01279],[83.76563,47.95117],[83.99434,47.84326],[84.2418,47.70645],[84.296,47.69912],[84.35684,47.73213],[84.39434,47.81616],[84.42666,47.85688],[84.51563,47.92988]]]},"properties":{"name":"Lake Zaysan"}},
{"type":"Feature","geometry":{"type":"Polygon","coordinates":[[[-108.56118,56.50967],[-108.53027,56.47876],[-108.53447,56.42832],[-108.53936,56.36616],[-108.48872,56.32891],[-108.37637,56.28501],[-108.34453,56.28354],[-108.31455,56.29033],[-108.26846,56.24438],[-108.2728,56.19063],[-108.35195,56.15596],[-108.43271,56.10415],[-108.46685,56.03291],[-108.46699,55.93584],[-108.51963,55.87886],[-108.59951,55.84824],[-108.61777,55.88726],[-108.67148,55.97876],[-108.87476,56.07954],[-109.08643,56.12207],[-109.13711,56.10811],[-109.15786,56.06802],[-109.1002,55.98081],[-109.03359,55.93008],[-108.91802,55.93311],[-108.75913,55.90322],[-108.71631,55.8416],[-108.68813,55.74922],[-108.67773,55.69478],[-108.68652,55.62847],[-108.66475,55.56851],[-108.62656,55.55215],[-108.59751,55.58486],[-108.60479,55.64844],[-108.57207,55.69751],[-108.48638,55.7645],[-108.29966,55.85791],[-108.24658,55.91494],[-108.21924,55.96553],[-108.17822,56.01494],[-108.13545,56.03784],[-108.12217,56.06279],[-108.17935,56.14297],[-108.17422,56.23374],[-108.19053,56.25347],[-108.1894,56.27104],[-108.11064,56.30786],[-108.07437,56.38228],[-108.13398,56.42617],[-108.21836,56.43535],[-108.32402,56.44058],[-108.41152,56.4644],[-108.42471,56.62905],[-108.49453,56.69263],[-108.52959,56.70366],[-108.5708,56.69629],[-108.63447,56.71489],[-108.70278,56.7915],[-108.76465,56.81309],[-108.83735,56.78403],[-108.87007,56.74766],[-108.85898,56.70879],[-108.78657,56.69009],[-108.7356,56.66772],[-108.72144,56.61055],[-108.71499,56.52134],[-108.69199,56.4897],[-108.63428,56.48774],[-108.56118,56.50967]]]},"properties":{"name":"Churchill Lake"}},
{"type":"Feature","geometry":{"type":"Polygon","coordinates":[[[-71.16602,-46.52686],[-71.22061,-46.48203],[-71.31313,-46.43633],[-71.44243,-46.40752],[-71.57812,-46.36055],[-71.60508,-46.31318],[-71.62603,-46.29687],[-71.75527,-46.32988],[-71.84687,-46.31563],[-71.87241,-46.32383],[-71.88027,-46.34102],[-71.87241,-46.38242],[-71.98818,-46.43711],[-72.2375,-46.51318],[-72.47827,-46.5959],[-72.58477,-46.60518],[-72.64526,-46.56436],[-72.69199,-46.49883],[-72.72383,-46.51211],[-72.69487,-46.59248],[-72.66055,-46.66396],[-72.70654,-46.72676],[-72.78887,-46.78545],[-72.87002,-46.91133],[-72.90396,-47.01143],[-72.85967,-46.99707],[-72.82578,-46.95078],[-72.81533,-46.90938],[-72.77422,-46.87344],[-72.55381,-46.74424],[-72.25801,-46.58574],[-71.9981,-46.52061],[-71.78169,-46.49941],[-71.62803,-46.53848],[-71.37603,-46.57549],[-71.20684,-46.5627],[-71.16602,-46.52686]]]},"properties":{"name":"Lago Buenos Aires"}},
{"type":"Feature","geometry":{"type":"Polygon","coordinates":[[[26.9499,62.85166],[26.92725,62.85874],[26.88867,62.89458],[26.89414,62.91685],[26.92988,62.91274],[26.94766,62.91563],[26.93125,62.94077],[26.97793,62.99839],[27.0335,63.01943],[26.99648,63.03081],[26.9167,63.00659],[26.76504,62.97959],[26.76152,62.95898],[26.7291,62.95713],[26.71328,62.92896],[26.74336,62.86562],[26.73018,62.83589],[26.68018,62.84604],[26.58975,62.90088],[26.56836,62.9],[26.59492,62.87178],[26.6707,62.81689],[26.68906,62.78721],[26.75,62.74238],[26.82188,62.69727],[26.82676,62.65864],[26.81318,62.62329],[26.78545,62.60869],[26.69043,62.63652],[26.56289,62.70635],[26.50234,62.74995],[26.44658,62.79692],[26.35947,62.85356],[26.35762,62.82627],[26.38711,62.78926],[26.46904,62.70381],[26.45098,62.6332],[26.35898,62.6333],[26.34229,62.60781],[26.2168,62.57222],[26.17813,62.55029],[26.18496,62.46035],[26.16006,62.38828],[26.08379,62.4208],[26.06914,62.45361],[26.10293,62.48818],[26.09629,62.51885],[26.05625,62.52104],[26.02441,62.47676],[25.93809,62.46226],[25.83389,62.53496],[25.82051,62.61333],[25.91289,62.64795],[26.0293,62.63203],[26.02041,62.66548],[25.97969,62.70615],[26.00684,62.70967],[26.01289,62.75156],[26.0375,62.79644],[26.0666,62.81924],[26.10322,62.82642],[26.20322,62.78076],[26.30205,62.72891],[26.3707,62.72549],[26.36406,62.76758],[26.21973,62.85405],[26.07715,62.92974],[26.01406,62.97192],[26.01523,62.99097],[26.079,62.9814],[26.08359,62.99346],[25.99092,63.04258],[25.93242,63.08218],[25.90342,63.11074],[25.83682,63.12983],[25.82168,63.10347],[25.79199,63.0915],[25.68125,63.13745],[25.62148,63.18203],[25.62285,63.21577],[25.58877,63.21064],[25.50537,63.14536],[25.44033,63.12827],[25.44854,63.09795],[25.44424,63.052],[25.38389,63.02759],[25.36787,63.00684],[25.43633,62.97451],[25.49541,62.95728],[25.52207,62.96611],[25.54102,63.03013],[25.61748,63.0707],[25.7374,63.04556],[25.83232,63.01353],[25.87031,62.98682],[25.93408,62.9126],[25.86582,62.8749],[25.85664,62.82505],[25.81836,62.79414],[25.83115,62.78301],[25.8877,62.75605],[25.89365,62.71958],[25.82705,62.72505],[25.79492,62.70474],[25.78105,62.65151],[25.63223,62.62744],[25.64375,62.58906],[25.68955,62.54277],[25.76318,62.53423],[25.81484,62.49126],[25.825,62.44834],[25.84053,62.43301],[25.86465,62.44287],[25.89707,62.44077],[25.92246,62.3854],[25.90713,62.32998],[25.88115,62.29175],[25.82402,62.252],[25.76074,62.23457],[25.73525,62.21919],[25.71641,62.19424],[25.71289,62.16167],[25.66787,62.1356],[25.54951,62.14268],[25.47207,62.14214],[25.49844,62.11118],[25.58555,62.10127],[25.67148,62.05879],[25.62451,62.00527],[25.54277,61.98916],[25.50615,61.9499],[25.51035,61.93071],[25.42344,61.92065],[25.31748,61.902],[25.31387,61.87783],[25.39297,61.87168],[25.44355,61.84409],[25.38867,61.79351],[25.30625,61.7772],[25.2373,61.79619],[25.20928,61.79365],[25.22803,61.75938],[25.35762,61.69717],[25.40303,61.66997],[25.41816,61.62593],[25.39814,61.58379],[25.33848,61.58037],[25.26992,61.56826],[25.23262,61.546],[25.18789,61.53179],[25.19385,61.47451],[25.26289,61.38823],[25.25459,61.36616],[25.27051,61.35225],[25.30254,61.33369],[25.35557,61.31455],[25.39355,61.28389],[25.40596,61.25063],[25.43076,61.25],[25.4418,61.27251],[25.46543,61.28037],[25.49951,61.22891],[25.45898,61.15625],[25.39746,61.11592],[25.35557,61.07559],[25.40537,61.05845],[25.454,61.07275],[25.48008,61.08774],[25.51816,61.06172],[25.54873,61.02656],[25.5918,61.02388],[25.60322,61.05479],[25.56387,61.07954],[25.53145,61.11494],[25.58262,61.16646],[25.65664,61.20586],[25.64531,61.23501],[25.62148,61.26279],[25.67031,61.27271],[25.7875,61.21514],[25.871,61.16841],[25.9125,61.18354],[25.96084,61.19019],[26.02617,61.16973],[26.10176,61.10132],[26.0707,61.00391],[26.02529,60.96143],[26.09512,60.96382],[26.1501,61.00303],[26.17529,61.04092],[26.17842,61.05923],[26.21621,61.08076],[26.24111,61.10166],[26.18428,61.1478],[26.19697,61.1751],[26.17539,61.21812],[26.14785,61.25615],[26.17256,61.27109],[26.21191,61.26338],[26.23369,61.24204],[26.25693,61.24727],[26.25498,61.28447],[26.23789,61.3167],[26.27842,61.3603],[26.2751,61.37412],[26.1625,61.3104],[26.10566,61.24561],[26.11816,61.21055],[26.08154,61.19551],[26.02715,61.21187],[26.0125,61.23491],[25.97744,61.25503],[25.75928,61.27847],[25.58027,61.30781],[25.54727,61.33496],[25.55703,61.39253],[25.54316,61.42295],[25.60664,61.44209],[25.64092,61.4668],[25.57324,61.49443],[25.58262,61.54058],[25.58574,61.59111],[25.62998,61.6021],[25.70566,61.60098],[25.68203,61.63794],[25.68037,61.71191],[25.72305,61.77847],[25.72148,61.81274],[25.68291,61.80181],[25.62168,61.77354],[25.58828,61.79297],[25.61514,61.8416],[25.68203,61.86895],[25.70098,61.88516],[25.65146,61.90322],[25.63242,61.91616],[25.64082,61.95024],[25.70332,61.96416],[25.77422,61.9666],[25.78975,61.99229],[25.85791,62.00142],[25.87832,62.021],[25.821,62.07207],[25.82646,62.14819],[25.87627,62.20557],[25.89824,62.19951],[25.92266,62.14888],[25.95117,62.14463],[25.9459,62.21006],[25.97422,62.25356],[26.00234,62.27686],[25.97852,62.31113],[25.95596,62.35552],[25.99209,62.37251],[26.04961,62.34756],[26.08945,62.29502],[26.12822,62.27983],[26.12773,62.32896],[26.17266,62.35835],[26.27695,62.33994],[26.3123,62.36763],[26.28809,62.40659],[26.2543,62.43745],[26.23809,62.4813],[26.23877,62.52197],[26.27344,62.55103],[26.38281,62.5665],[26.52646,62.53892],[26.55771,62.49004],[26.51025,62.45278],[26.50762,62.42446],[26.46543,62.427],[26.40703,62.41826],[26.38428,62.38086],[26.37939,62.34595],[26.41992,62.31768],[26.43164,62.3292],[26.42598,62.36592],[26.5001,62.39146],[26.58047,62.41206],[26.62939,62.47905],[26.66523,62.55093],[26.6623,62.58276],[26.69023,62.59551],[26.72422,62.55342],[26.73555,62.49443],[26.77832,62.47886],[26.90898,62.45635],[26.93008,62.48188],[26.88633,62.49536],[26.85098,62.49741],[26.82529,62.52642],[26.81865,62.56382],[26.85264,62.60562],[26.8957,62.62397],[26.98369,62.60317],[26.99873,62.61343],[26.95215,62.65239],[26.98262,62.68638],[26.91582,62.74438],[26.88008,62.7959],[26.95713,62.79419],[27.01836,62.8001],[27.01797,62.83193],[27.08428,62.83301],[27.09229,62.84248],[26.98633,62.85767],[26.9499,62.85166]]]},"properties":{"name":"Päijänne"}},
{"type":"Feature","geometry":{"type":"Polygon","coordinates":[[[30.36191,65.14888],[30.40371,65.11245],[30.53311,65.06348],[30.70908,65.0209],[30.7209,64.99473],[30.60586,64.9772],[30.55566,64.94956],[30.54043,64.93149],[30.66113,64.93965],[30.74268,64.9436],[30.81387,64.98232],[30.83945,65.04312],[30.90605,65.07397],[30.98555,65.08237],[31.01934,65.09219],[31.12949,65.07773],[31.18086,65.07808],[31.19141,65.10195],[31.24561,65.11655],[31.37334,65.11567],[31.48184,65.09619],[31.51016,65.0666],[31.50967,65.03975],[31.54541,65.00254],[31.66387,64.94468],[31.75215,64.93462],[31.90547,64.87979],[31.95459,64.86372],[31.94209,64.89692],[31.8291,64.95981],[31.66074,65.03164],[31.62813,65.06479],[31.61563,65.11167],[31.57646,65.1374],[31.34561,65.18115],[30.97432,65.18281],[30.92988,65.15718],[30.90293,65.12178],[30.80352,65.10464],[30.6459,65.07383],[30.46689,65.12402],[30.39746,65.15874],[30.36191,65.14888]]]},"properties":{"name":"Lake Srednye Kuyto"}},
{"type":"Feature","geometry":{"type":"Polygon","coordinates":[[[35.30176,47.4918],[35.24238,47.64727],[35.13027,47.84004],[35.10566,47.8416],[35.08564,47.82432],[35.08779,47.67554],[34.99707,47.5876],[34.73066,47.57754],[34.48662,47.59297],[34.43633,47.5689],[34.38027,47.55752],[34.31582,47.5668],[34.26621,47.58989],[34.24033,47.5749],[34.21074,47.53618],[34.14785,47.54229],[34.06699,47.55835],[33.98398,47.55571],[33.93613,47.54146],[33.94727,47.45142],[33.96455,47.35894],[33.96279,47.33125],[33.9335,47.28242],[33.83477,47.21226],[33.77715,47.1625],[33.76133,47.11904],[33.70469,47.06084],[33.6668,47.04199],[33.65537,47.05029],[33.62979,47.03398],[33.57588,46.88257],[33.53984,46.83125],[33.55938,46.82222],[33.6873,46.86064],[33.69971,46.89873],[33.71816,46.94058],[33.9041,47.15874],[34.09717,47.31606],[34.17285,47.32456],[34.1834,47.34565],[34.17676,47.38931],[34.18984,47.41997],[34.41943,47.48696],[34.59238,47.52012],[34.80771,47.46313],[34.96055,47.40649],[35.04902,47.42817],[35.21318,47.4499],[35.26943,47.45049],[35.30176,47.4918]]]},"properties":{"name":"Kakhovka Reservoir"}},
{"type":"Feature","geometry":{"type":"Polygon","coordinates":[[[-105.04155,21.80117],[-105.06333,21.80864],[-105.04194,21.7958],[-105.04155,21.80117]]]},"properties":{"name":""}},
{"type":"Feature","geometry":{"type":"Polygon","coordinates":[[[48.3873,54.16797],[48.46807,54.12441],[48.5668,54.09751],[48.66123,54.03789],[48.81338,53.93867],[48.88281,53.86592],[48.90313,53.82754],[48.87676,53.7543],[48.86543,53.64766],[48.95586,53.53535],[49.00879,53.45967],[48.99189,53.43979],[49.10645,53.40498],[49.20498,53.36758],[49.20586,53.33755],[49.13652,53.30894],[48.9248,53.30903],[48.75938,53.32378],[48.80078,53.28057],[49.09414,53.26958],[49.22988,53.28423],[49.25771,53.3521],[49.31611,53.40225],[49.49473,53.43599],[49.85186,53.42603],[49.90479,53.45674],[49.88164,53.4856],[49.56084,53.49878],[49.24668,53.5021],[49.08672,53.53403],[49.06299,53.60659],[49.07188,53.71328],[49.09111,53.79395],[49.12676,53.82476],[49.18984,53.80742],[49.2793,53.72813],[49.31035,53.72231],[49.34453,53.69824],[49.36895,53.69482],[49.37178,53.73047],[49.35068,53.77017],[49.32021,53.79131],[49.26973,53.81802],[49.21914,53.87803],[49.21787,53.93442],[49.30879,53.97305],[49.44121,54.0377],[49.53682,54.12666],[49.66641,54.15938],[49.74219,54.19072],[49.72734,54.2251],[49.56328,54.17944],[49.39531,54.11978],[49.2752,54.0707],[49.02031,54.01519],[48.84766,54.04541],[48.80889,54.09868],[48.79805,54.13081],[48.75586,54.15034],[48.65898,54.1709],[48.54941,54.24053],[48.49941,54.33438],[48.52959,54.39424],[48.63125,54.43501],[48.78652,54.44736],[48.86406,54.46226],[48.86299,54.50098],[48.89502,54.52798],[48.90879,54.54956],[48.89551,54.58154],[48.94258,54.61655],[48.97314,54.64121],[48.97607,54.66694],[48.98633,54.72764],[49.08066,54.77573],[49.09785,54.80049],[49.03027,54.80869],[48.96934,54.82813],[48.93984,54.90166],[49.0085,54.97007],[49.13643,54.99785],[49.22441,55.02334],[49.31973,55.01377],[49.39609,55.01606],[49.44551,55.05161],[49.45215,55.07363],[49.46074,55.11411],[49.52324,55.13389],[49.69248,55.19072],[49.81074,55.24365],[49.89199,55.2937],[50.73447,55.40708],[50.76357,55.42886],[50.87715,55.45205],[51.07109,55.41504],[51.12979,55.39302],[51.18428,55.35742],[51.21875,55.40015],[51.19844,55.44116],[51.17422,55.46348],[51.20586,55.48872],[51.41045,55.44102],[51.52373,55.50303],[51.5502,55.5584],[51.61504,55.56538],[51.71445,55.59282],[51.72773,55.64302],[51.74844,55.67529],[51.79961,55.68394],[51.88584,55.67085],[51.93652,55.69907],[51.87471,55.70361],[51.76348,55.72046],[51.63496,55.6459],[51.52148,55.63232],[51.46084,55.70098],[51.47158,55.79502],[51.48027,55.83271],[51.44814,55.8123],[51.41367,55.77446],[51.39805,55.68491],[51.4666,55.58984],[51.46914,55.51128],[51.41387,55.49438],[51.35342,55.49556],[51.33105,55.49893],[51.25498,55.52617],[51.12578,55.50112],[50.83389,55.47954],[50.6752,55.45063],[50.48145,55.45996],[50.3791,55.43052],[50.2248,55.43843],[50.08955,55.46279],[49.9999,55.41504],[49.78828,55.3835],[49.58281,55.39023],[49.45488,55.40361],[49.37129,55.46479],[49.36768,55.52427],[49.36738,55.54438],[49.329,55.51777],[49.33193,55.45156],[49.32813,55.37891],[49.35801,55.33906],[49.30332,55.32339],[49.2335,55.33794],[49.18887,55.3812],[49.11953,55.47593],[49.05898,55.48267],[49.04766,55.44282],[49.10352,55.35288],[49.17227,55.29268],[49.15947,55.16309],[48.97686,55.07397],[48.85947,55.01162],[48.86377,54.8708],[48.83154,54.80366],[48.8082,54.73291],[48.74512,54.67505],[48.55146,54.6522],[48.41582,54.59717],[48.40459,54.45249],[48.39873,54.33667],[48.37803,54.23115],[48.3873,54.16797]]]},"properties":{"name":"Samara Reservoir"}},
{"type":"Feature","geometry":{"type":"Polygon","coordinates":[[[-113.63569,35.83086],[-113.63286,35.85947],[-113.69883,35.95776],[-113.77749,36.04814],[-113.85791,36.11558],[-113.92388,36.17637],[-113.99634,36.24365],[-114.02988,36.24468],[-114.09722,36.15156],[-114.15933,36.07681],[-114.22588,36.04971],[-114.29512,36.1104],[-114.37031,36.20923],[-114.35874,36.33462],[-114.33457,36.44385],[-114.33643,36.51924],[-114.36367,36.5145],[-114.38682,36.48271],[-114.41304,36.34834],[-114.43154,36.23716],[-114.51196,36.1939],[-114.65337,36.15425],[-114.81616,36.12148],[-114.81191,36.07456],[-114.76855,36.01987],[-114.74136,36.01353],[-114.71421,36.02373],[-114.64038,36.10601],[-114.50386,36.10615],[-114.45088,36.0793],[-114.4063,36.09067],[-114.37271,36.1001],[-114.32114,36.07646],[-114.29404,36.02988],[-114.20845,36.00566],[-114.1104,36.03203],[-114.03901,36.16348],[-113.98857,36.16475],[-113.95234,36.12979],[-113.89458,36.0793],[-113.79453,36.00952],[-113.72598,35.92158],[-113.67036,35.84268],[-113.63569,35.83086]]]},"properties":{"name":"Lake Mead"}},
{"type":"Feature","geometry":{"type":"Polygon","coordinates":[[[-110.36758,37.8979],[-110.40376,37.90625],[-110.43521,37.87139],[-110.44712,37.7686],[-110.51533,37.67256],[-110.55488,37.63086],[-110.59619,37.59229],[-110.68145,37.53086],[-110.7335,37.53516],[-110.75542,37.52573],[-110.73623,37.43066],[-110.79888,37.35195],[-110.85845,37.33472],[-110.88711,37.26357],[-110.9626,37.15078],[-111.07261,37.13853],[-111.16333,37.16494],[-111.18311,37.13574],[-111.21084,37.11875],[-111.25586,37.14629],[-111.3041,37.09917],[-111.33921,37.06221],[-111.3856,37.05459],[-111.43857,37.05898],[-111.53008,37.02925],[-111.47344,36.93213],[-111.45547,36.91851],[-111.38184,36.97695],[-111.30698,37.01572],[-111.18853,37.0229],[-111.11211,37.07627],[-110.99556,37.11431],[-110.7918,37.16997],[-110.67622,37.17505],[-110.64985,37.2083],[-110.79224,37.19316],[-110.83564,37.22461],[-110.77573,37.31025],[-110.69663,37.39297],[-110.67349,37.4502],[-110.56094,37.58237],[-110.4334,37.71108],[-110.40586,37.81016],[-110.36641,37.87114],[-110.36758,37.8979]]]},"properties":{"name":"Lake Powell"}},
{"type":"Feature","geometry":{"type":"Polygon","coordinates":[[[-98.29458,57.49321],[-98.27109,57.53013],[-98.22402,57.58018],[-98.20752,57.6249],[-98.20596,57.65352],[-98.29346,57.63784],[-98.39736,57.58906],[-98.47168,57.54883],[-98.52769,57.54302],[-98.54429,57.56631],[-98.5396,57.59604],[-98.55591,57.61104],[-98.59595,57.58535],[-98.59321,57.52881],[-98.53657,57.4564],[-98.51768,57.35049],[-98.50835,57.29932],[-98.54185,57.2749],[-98.63213,57.27573],[-98.66812,57.26177],[-98.65098,57.2189],[-98.66147,57.18042],[-98.69526,57.11724],[-98.77471,57.07256],[-98.85737,57.05972],[-98.88003,57.00391],[-98.87329,56.94609],[-98.90464,56.9248],[-99.0064,56.9269],[-99.03677,56.97451],[-99.01055,57.05029],[-99.01455,57.08472],[-99.0689,57.04917],[-99.12446,57.00464],[-99.15547,56.95576],[-99.22578,56.95137],[-99.32852,56.98765],[-99.37832,56.95977],[-99.40723,56.90269],[-99.54604,56.77588],[-99.66333,56.75337],[-99.68608,56.73042],[-99.64268,56.68096],[-99.5709,56.64136],[-99.54854,56.65391],[-99.54404,56.68335],[-99.55273,56.71084],[-99.47041,56.73301],[-99.3415,56.7335],[-99.21821,56.73569],[-99.06797,56.84614],[-99.0021,56.86245],[-98.93921,56.84077],[-98.85459,56.84082],[-98.77891,56.88701],[-98.68521,56.97852],[-98.56118,57.06079],[-98.3918,57.09419],[-98.2502,57.11191],[-98.22578,57.13613],[-98.1897,57.21528],[-98.10869,57.31709],[-98.02764,57.36235],[-97.99492,57.38716],[-98.02432,57.39868],[-98.09785,57.3916],[-98.20112,57.40547],[-98.29458,57.49321]]]},"properties":{"name":"Southern Indian Lake"}},
{"type":"Feature","geometry":{"type":"Polygon","coordinates":[[[-40.92012,-9.25723],[-40.95254,-9.17363],[-40.93467,-9.05684],[-40.95864,-9.03799],[-40.97583,-9.01758],[-41.02729,-9.00439],[-41.03755,-9.05801],[-41.04063,-9.12529],[-41.04741,-9.14873],[-41.02935,-9.19395],[-41.04248,-9.24209],[-41.06426,-9.28232],[-41.13179,-9.29082],[-41.18437,-9.2834],[-41.19116,-9.30879],[-41.175,-9.35166],[-41.18564,-9.36602],[-41.24478,-9.34609],[-41.26401,-9.36182],[-41.22432,-9.43242],[-41.22373,-9.51104],[-41.26392,-9.59385],[-41.30454,-9.59121],[-41.32764,-9.6082],[-41.36543,-9.62197],[-41.44609,-9.59063],[-41.45728,-9.59629],[-41.50347,-9.58564],[-41.59189,-9.59102],[-41.74033,-9.56475],[-41.92358,-9.61797],[-41.97856,-9.57295],[-41.99839,-9.5166],[-42.04819,-9.51143],[-42.07695,-9.54551],[-42.09023,-9.5918],[-42.14053,-9.60684],[-42.19521,-9.61348],[-42.22104,-9.69629],[-42.31768,-9.6959],[-42.35435,-9.70801],[-42.30503,-9.77188],[-42.28745,-9.83447],[-42.30342,-9.87217],[-42.3333,-9.90576],[-42.34102,-9.94854],[-42.36055,-9.98467],[-42.41914,-9.99502],[-42.47227,-9.95938],[-42.50977,-9.94834],[-42.51938,-9.9833],[-42.48154,-10.04424],[-42.50845,-10.06875],[-42.54673,-10.07842],[-42.56714,-10.0709],[-42.59346,-10.03096],[-42.60596,-9.99902],[-42.6394,-9.97275],[-42.67529,-9.95488],[-42.69126,-9.96748],[-42.71016,-9.9543],[-42.73442,-9.91553],[-42.75293,-9.95645],[-42.79131,-9.94512],[-42.81562,-9.96172],[-42.79053,-9.99834],[-42.5959,-10.09277],[-42.52959,-10.2125],[-42.4936,-10.2668],[-42.49687,-10.33125],[-42.5582,-10.35166],[-42.64248,-10.30088],[-42.67256,-10.28818],[-42.68545,-10.35439],[-42.67896,-10.39805],[-42.61392,-10.47959],[-42.62637,-10.50859],[-42.66782,-10.53779],[-42.73311,-10.51699],[-42.81602,-10.4625],[-42.84819,-10.46201],[-42.85146,-10.49795],[-42.79048,-10.56113],[-42.74814,-10.61484],[-42.74536,-10.70625],[-42.77993,-10.74395],[-42.83887,-10.74111],[-42.90444,-10.65068],[-42.95464,-10.59434],[-42.99146,-10.62314],[-42.99355,-10.66406],[-42.94731,-10.69023],[-42.92432,-10.71309],[-42.89307,-10.77354],[-42.96768,-10.83184],[-43.05146,-10.91631],[-43.08696,-10.94033],[-43.10688,-10.99551],[-43.1603,-11.11494],[-43.14995,-11.14297],[-43.07227,-11.10869],[-43.01704,-11.13838],[-42.97793,-11.17383],[-42.93374,-11.24375],[-42.90205,-11.25742],[-42.86299,-11.24863],[-42.82539,-11.25098],[-42.81177,-11.18711],[-42.76357,-11.14229],[-42.74033,-11.04355],[-42.73389,-10.875],[-42.72529,-10.84219],[-42.61118,-10.67529],[-42.53789,-10.54961],[-42.48159,-10.4666],[-42.41494,-10.41465],[-42.36953,-10.42656],[-42.31704,-10.49541],[-42.25918,-10.54844],[-42.23682,-10.66035],[-42.29473,-10.83965],[-42.35137,-10.99854],[-42.33618,-11.00078],[-42.30039,-10.94912],[-42.26929,-10.93105],[-42.24004,-10.8958],[-42.19551,-10.746],[-42.15693,-10.66846],[-42.25166,-10.4624],[-42.36323,-10.19219],[-42.3353,-10.09824],[-42.27773,-10.10684],[-42.24297,-10.11367],[-42.20103,-10.14453],[-42.11895,-10.15098],[-41.99492,-10.1957],[-41.93779,-10.25342],[-41.91748,-10.29043],[-41.87402,-10.3002],[-41.91641,-10.23662],[-41.98604,-10.15234],[-42.07124,-10.11523],[-42.1666,-10.08105],[-42.17109,-10.02432],[-42.075,-9.88779],[-41.99917,-9.83291],[-41.93521,-9.78691],[-41.86646,-9.76982],[-41.81826,-9.82012],[-41.64917,-9.81895],[-41.56147,-9.78926],[-41.54136,-9.80068],[-41.46367,-9.79355],[-41.34961,-9.73584],[-41.26631,-9.71035],[-41.18755,-9.70244],[-41.14678,-9.66377],[-41.1376,-9.57686],[-41.09697,-9.50039],[-40.84038,-9.45518],[-40.81816,-9.43828],[-40.81787,-9.40615],[-40.92012,-9.25723]],[[-42.80254,-10.96094],[-42.80737,-11.08262],[-42.84893,-11.14336],[-42.87939,-11.14824],[-42.90977,-11.11143],[-42.93057,-11.07939],[-42.91777,-11.03779],[-42.87939,-10.97539],[-42.89854,-10.94502],[-42.99619,-10.96094],[-42.99136,-10.94346],[-42.89053,-10.90186],[-42.84736,-10.8458],[-42.78335,-10.83135],[-42.77217,-10.84258],[-42.80415,-10.86973],[-42.83936,-10.90498],[-42.84893,-10.93545],[-42.80254,-10.96094]]]},"properties":{"name":"Represa de Sobradinho"}},
{"type":"Feature","geometry":{"type":"Polygon","coordinates":[[[99.14297,2.41196],[99.10215,2.43696],[99.0415,2.48252],[98.9791,2.57529],[98.91836,2.66465],[98.87012,2.73066],[98.7918,2.79917],[98.70742,2.85376],[98.64023,2.87271],[98.57188,2.87637],[98.53047,2.85859],[98.52617,2.82412],[98.58125,2.73237],[98.64053,2.65029],[98.66211,2.64385],[98.68965,2.68765],[98.72275,2.72373],[98.75996,2.72939],[98.82617,2.67114],[98.91904,2.5582],[98.94883,2.50444],[98.92676,2.48252],[98.88467,2.47578],[98.78428,2.51455],[98.71094,2.57695],[98.68887,2.55513],[98.75391,2.46748],[98.81797,2.38027],[98.84629,2.35254],[98.90801,2.34443],[98.99902,2.34883],[99.09307,2.37026],[99.14346,2.39663],[99.14297,2.41196]]]},"properties":{"name":"Danau Toba"}},
{"type":"Feature","geometry":{"type":"Polygon","coordinates":[[[26.57021,61.62314],[26.56338,61.64824],[26.54346,61.68755],[26.50703,61.71816],[26.46602,61.73535],[26.43799,61.73491],[26.40635,61.7168],[26.3543,61.71484],[26.32871,61.71382],[26.29463,61.71611],[26.2791,61.73281],[26.27842,61.75059],[26.26523,61.78467],[26.24609,61.82241],[26.2374,61.84097],[26.21943,61.84121],[26.17637,61.79814],[26.12646,61.76748],[26.03232,61.77217],[25.94395,61.796],[25.93555,61.78574],[25.95273,61.76685],[25.96602,61.74326],[25.95469,61.7166],[25.93086,61.69146],[25.89141,61.67539],[25.9,61.64697],[25.9584,61.6187],[26.00664,61.58955],[26.05918,61.55469],[26.11367,61.54165],[26.14824,61.54575],[26.15811,61.56494],[26.17246,61.60039],[26.1832,61.62935],[26.1668,61.65293],[26.14355,61.66904],[26.12305,61.65718],[26.10332,61.648],[26.08525,61.65732],[26.07246,61.67896],[26.07666,61.70396],[26.12129,61.71621],[26.18271,61.72974],[26.24043,61.71782],[26.34629,61.65518],[26.47324,61.61157],[26.54492,61.60928],[26.56719,61.61621],[26.57021,61.62314]]]},"properties":{"name":""}},
{"type":"Feature","geometry":{"type":"Polygon","coordinates":[[[170.24766,-44.11738],[170.24277,-44.0751],[170.21348,-43.96816],[170.18418,-43.83086],[170.2,-43.78232],[170.21025,-43.71416],[170.19834,-43.70449],[170.17578,-43.72275],[170.15225,-43.7457],[170.13604,-43.76562],[170.13076,-43.80928],[170.15273,-43.91357],[170.17813,-44.06465],[170.17773,-44.16953],[170.2041,-44.17109],[170.22979,-44.17275],[170.24766,-44.11738]]]},"properties":{"name":"Lake Pukaki"}},
{"type":"Feature","geometry":{"type":"Polygon","coordinates":[[[169.99531,-44.28672],[169.96221,-44.26895],[169.94668,-44.25537],[169.92148,-44.2208],[169.91338,-44.17217],[169.92529,-44.09141],[169.98232,-44.0165],[169.97959,-43.97393],[169.94766,-44.00771],[169.9123,-44.05068],[169.89053,-44.03916],[169.88506,-43.99805],[169.88076,-43.97314],[169.86025,-43.98721],[169.87383,-44.08652],[169.87002,-44.18135],[169.86494,-44.22363],[169.8751,-44.24844],[169.89277,-44.27695],[169.94482,-44.29492],[169.99531,-44.28672]]]},"properties":{"name":"Lake Ohau"}},
{"type":"Feature","geometry":{"type":"Polygon","coordinates":[[[-80.18022,48.81211],[-80.14829,48.7895],[-80.09131,48.77461],[-80.06035,48.78311],[-80.01738,48.74834],[-80.00005,48.73433],[-79.98091,48.71665],[-79.97202,48.69858],[-79.91611,48.65864],[-79.86729,48.63345],[-79.80415,48.63198],[-79.75327,48.6437],[-79.70059,48.64102],[-79.60215,48.62046],[-79.51055,48.61294],[-79.48545,48.61826],[-79.48345,48.62959],[-79.47769,48.64175],[-79.43867,48.64824],[-79.37295,48.64473],[-79.31934,48.6311],[-79.29722,48.6083],[-79.29497,48.57764],[-79.31133,48.53184],[-79.31216,48.49751],[-79.31089,48.4748],[-79.31323,48.45249],[-79.28286,48.44897],[-79.24687,48.4561],[-79.22627,48.47222],[-79.23267,48.50317],[-79.24287,48.54419],[-79.25654,48.59883],[-79.24805,48.66548],[-79.25918,48.68955],[-79.32358,48.70474],[-79.4126,48.71465],[-79.49893,48.76089],[-79.57642,48.79717],[-79.61724,48.77007],[-79.65391,48.73857],[-79.70078,48.72305],[-79.76963,48.71689],[-79.83242,48.72979],[-79.85459,48.7646],[-79.85728,48.80669],[-79.83574,48.85288],[-79.83633,48.87471],[-79.86475,48.89028],[-79.88906,48.92422],[-79.95205,48.93472],[-80.05522,48.91929],[-80.10547,48.91274],[-80.12339,48.877],[-80.15322,48.83467],[-80.18022,48.81211]]]},"properties":{"name":"Lake Abitibi"}},
{"type":"Feature","geometry":{"type":"Polygon","coordinates":[[[-106.21719,47.58545],[-106.2167,47.62837],[-106.23188,47.69102],[-106.24097,47.73896],[-106.25293,47.76934],[-106.26729,47.79346],[-106.25332,47.81475],[-106.28491,47.8373],[-106.34473,47.87881],[-106.35791,47.92524],[-106.3312,47.94956],[-106.32524,47.98506],[-106.36641,48.0147],[-106.40581,48.02075],[-106.43281,48.02715],[-106.53789,47.98286],[-106.58994,47.95815],[-106.57446,47.93633],[-106.56582,47.90747],[-106.58223,47.87881],[-106.59619,47.85952],[-106.65479,47.84087],[-106.70879,47.82207],[-106.73765,47.80557],[-106.76924,47.78828],[-106.821,47.78311],[-106.88052,47.77788],[-106.93311,47.76387],[-106.93823,47.74634],[-106.92954,47.725],[-106.98979,47.71636],[-107.12065,47.725],[-107.23086,47.72412],[-107.29453,47.72153],[-107.33579,47.72798],[-107.38018,47.71577],[-107.42183,47.67998],[-107.45508,47.6624],[-107.60459,47.67607],[-107.71382,47.6876],[-107.68789,47.67139],[-107.68501,47.64619],[-107.71211,47.61318],[-107.77881,47.56953],[-107.84121,47.52612],[-107.8894,47.5377],[-107.93096,47.58765],[-107.95937,47.60142],[-108.04521,47.61396],[-108.17266,47.61309],[-108.19634,47.60161],[-108.17007,47.58379],[-108.04438,47.58037],[-107.98242,47.56919],[-107.94883,47.55796],[-107.92988,47.54248],[-107.91611,47.50889],[-107.90913,47.47109],[-107.92378,47.40703],[-107.91138,47.39043],[-107.84614,47.46777],[-107.71895,47.56313],[-107.61221,47.62339],[-107.50718,47.62427],[-107.42886,47.63462],[-107.38579,47.65356],[-107.33271,47.68462],[-107.30615,47.68496],[-107.18262,47.68452],[-107.02959,47.66567],[-107.01543,47.64487],[-106.99268,47.6439],[-106.94404,47.66675],[-106.90566,47.67183],[-106.87896,47.64878],[-106.8625,47.6313],[-106.84966,47.64941],[-106.83779,47.69355],[-106.81333,47.71553],[-106.76768,47.72427],[-106.6835,47.73853],[-106.59932,47.75254],[-106.55581,47.74951],[-106.5502,47.78501],[-106.52051,47.82783],[-106.48008,47.85825],[-106.45396,47.8792],[-106.41982,47.87583],[-106.38437,47.8479],[-106.36021,47.81313],[-106.33589,47.78486],[-106.31792,47.75508],[-106.28535,47.69736],[-106.25132,47.64399],[-106.25156,47.59961],[-106.26855,47.54814],[-106.25127,47.55],[-106.21719,47.58545]]]},"properties":{"name":"Fort Peck Lake"}},
{"type":"Feature","geometry":{"type":"Polygon","coordinates":[[[-100.28877,45.01704],[-100.26216,45.04434],[-100.26455,45.07075],[-100.28604,45.08774],[-100.2729,45.16021],[-100.25527,45.2418],[-100.271,45.29614],[-100.27935,45.36875],[-100.2811,45.42686],[-100.30693,45.46914],[-100.37607,45.52397],[-100.4083,45.56377],[-100.39756,45.61836],[-100.35376,45.64482],[-100.34458,45.68516],[-100.34155,45.76719],[-100.35044,45.854],[-100.3769,45.89536],[-100.43188,45.923],[-100.49263,45.98794],[-100.53481,46.05903],[-100.55879,46.09624],[-100.55713,46.14009],[-100.57412,46.18735],[-100.55151,46.27939],[-100.52739,46.38647],[-100.54307,46.48486],[-100.56392,46.55942],[-100.58511,46.61724],[-100.6665,46.66934],[-100.71426,46.70532],[-100.77715,46.71377],[-100.78618,46.6957],[-100.76714,46.67256],[-100.71318,46.64082],[-100.63403,46.57993],[-100.6208,46.53696],[-100.60557,46.48853],[-100.59424,46.39165],[-100.59351,46.31372],[-100.61172,46.25005],[-100.64062,46.22275],[-100.66792,46.16167],[-100.65942,46.11958],[-100.57944,46.00776],[-100.47764,45.88955],[-100.41411,45.80771],[-100.39756,45.74653],[-100.39014,45.71011],[-100.4002,45.68711],[-100.4479,45.64448],[-100.53096,45.63647],[-100.60566,45.66436],[-100.6373,45.6623],[-100.627,45.64746],[-100.54336,45.58281],[-100.43398,45.50381],[-100.37773,45.44722],[-100.35459,45.42241],[-100.3438,45.39014],[-100.39971,45.38276],[-100.52817,45.37695],[-100.61221,45.35488],[-100.54297,45.35313],[-100.40703,45.34824],[-100.34521,45.30459],[-100.31675,45.25972],[-100.32266,45.21528],[-100.33457,45.15713],[-100.34687,45.10151],[-100.40078,45.05171],[-100.44678,44.99932],[-100.44341,44.93877],[-100.44141,44.89736],[-100.45708,44.87173],[-100.50049,44.87031],[-100.53989,44.83872],[-100.55879,44.81055],[-100.60361,44.82793],[-100.66982,44.86719],[-100.73721,44.88345],[-100.77788,44.88218],[-100.76685,44.85034],[-100.80547,44.83433],[-100.86143,44.83062],[-100.9084,44.81968],[-100.95952,44.81763],[-100.97593,44.79819],[-100.99517,44.77695],[-101.07148,44.76396],[-101.1582,44.74663],[-101.18818,44.72695],[-101.16274,44.72515],[-101.07227,44.73242],[-100.94551,44.74736],[-100.84785,44.76367],[-100.80322,44.76147],[-100.77354,44.74673],[-100.72422,44.73188],[-100.68184,44.71416],[-100.67627,44.67646],[-100.67139,44.6271],[-100.63325,44.5749],[-100.61978,44.53135],[-100.6374,44.50298],[-100.60977,44.47046],[-100.56704,44.446],[-100.47812,44.44312],[-100.41162,44.41865],[-100.3937,44.43442],[-100.38765,44.45088],[-100.39736,44.47017],[-100.41836,44.49219],[-100.47725,44.49873],[-100.504,44.52217],[-100.48765,44.57349],[-100.51558,44.59263],[-100.55947,44.58398],[-100.59536,44.60098],[-100.61426,44.66855],[-100.63584,44.75015],[-100.62529,44.76699],[-100.57319,44.75273],[-100.53247,44.7625],[-100.47612,44.79399],[-100.42715,44.84707],[-100.3918,44.8957],[-100.38184,44.95112],[-100.37026,44.98833],[-100.34062,45.00635],[-100.28877,45.01704]]]},"properties":{"name":"Lake Oahe"}},
{"type":"Feature","geometry":{"type":"Polygon","coordinates":[[[-132.09541,59.60713],[-132.08887,59.64375],[-132.12324,59.69399],[-132.20234,59.76987],[-132.21445,59.81558],[-132.22529,59.83804],[-132.22998,59.84873],[-132.27656,59.90151],[-132.32319,59.95083],[-132.36362,59.98589],[-132.46099,60.05454],[-132.52173,60.09824],[-132.58931,60.12256],[-132.70181,60.15342],[-132.7978,60.19229],[-132.97983,60.29736],[-133.13784,60.42739],[-133.24482,60.44854],[-133.18726,60.38179],[-133.01196,60.25093],[-132.95786,60.20068],[-132.83423,60.13496],[-132.61011,60.05],[-132.39917,59.92178],[-132.31611,59.83491],[-132.21348,59.68828],[-132.15913,59.62554],[-132.12476,59.60381],[-132.09541,59.60713]]]},"properties":{"name":"Teslin Lake"}},
{"type":"Feature","geometry":{"type":"Polygon","coordinates":[[[-117.90713,49.3416],[-117.91133,49.37461],[-117.97583,49.40601],[-118.0478,49.45669],[-118.0875,49.51509],[-118.10874,49.58315],[-118.08413,49.77397],[-118.09248,49.80151],[-118.12793,49.75166],[-118.1376,49.70308],[-118.15566,49.60137],[-118.13945,49.52129],[-118.09595,49.45049],[-118.06265,49.41182],[-117.95679,49.33574],[-117.90713,49.3416]]]},"properties":{"name":"Lower Arrow Lake"}},
{"type":"Feature","geometry":{"type":"Polygon","coordinates":[[[32.23428,22.67388],[32.23838,22.65864],[32.25625,22.64155],[32.27852,22.62256],[32.2957,22.61162],[32.29883,22.59209],[32.27012,22.56421],[32.24844,22.54702],[32.25449,22.53594],[32.29697,22.5313],[32.32783,22.55015],[32.33193,22.58086],[32.36807,22.6042],[32.42949,22.65098],[32.51631,22.72451],[32.58633,22.78301],[32.60713,22.82295],[32.61084,22.86899],[32.61836,22.89614],[32.63184,22.90596],[32.66006,22.92183],[32.68984,22.93799],[32.70479,22.94697],[32.72207,22.97197],[32.73906,23.00796],[32.74355,23.03252],[32.78496,23.03901],[32.85859,22.97812],[32.97188,22.93481],[32.99014,22.95508],[32.94365,23.00366],[32.90664,23.05093],[32.86904,23.08818],[32.85508,23.11743],[32.85264,23.14219],[32.86494,23.15645],[32.91074,23.16064],[32.92949,23.2043],[32.92129,23.24937],[32.95723,23.24077],[32.99492,23.23066],[33.00742,23.23696],[33.00713,23.26045],[33.00605,23.30034],[32.99531,23.33721],[32.98994,23.37109],[32.979,23.39648],[32.94414,23.42974],[32.92188,23.48452],[32.95059,23.50859],[33.00479,23.50874],[32.98789,23.52974],[32.95117,23.55513],[32.94131,23.56279],[32.92373,23.56748],[32.91094,23.58398],[32.90918,23.60991],[32.9207,23.63408],[32.95098,23.64287],[32.98057,23.65537],[32.98594,23.69546],[32.94502,23.79121],[32.93301,23.94058],[32.87949,23.9877],[32.82295,23.90977],[32.82773,23.873],[32.86328,23.82866],[32.87334,23.7916],[32.87012,23.75957],[32.84844,23.73325],[32.84346,23.70762],[32.85391,23.67651],[32.83438,23.61855],[32.79775,23.58374],[32.73887,23.62412],[32.65488,23.63291],[32.62441,23.58745],[32.64609,23.56738],[32.66113,23.58027],[32.67568,23.59375],[32.69697,23.58735],[32.70674,23.57041],[32.65039,23.53398],[32.59902,23.4958],[32.62178,23.47671],[32.66113,23.47227],[32.70596,23.49341],[32.74336,23.51606],[32.78691,23.50283],[32.84102,23.48286],[32.85293,23.43809],[32.85117,23.38203],[32.85586,23.34238],[32.84316,23.31802],[32.83281,23.29272],[32.81934,23.27759],[32.78799,23.27256],[32.73906,23.22896],[32.7,23.15117],[32.66748,23.07754],[32.63555,23.0042],[32.61387,22.96753],[32.58203,22.9291],[32.56172,22.89917],[32.54219,22.82925],[32.52617,22.79473],[32.50059,22.75806],[32.41289,22.69448],[32.3374,22.69102],[32.29219,22.7229],[32.22246,22.76934],[32.19072,22.77949],[32.16719,22.78828],[32.13223,22.78057],[32.08838,22.76353],[32.06113,22.75244],[32.02422,22.73359],[31.96504,22.69775],[31.91123,22.66089],[31.88438,22.63916],[31.86377,22.61353],[31.84082,22.5834],[31.82422,22.56519],[31.79424,22.56924],[31.7291,22.60283],[31.67568,22.62578],[31.6791,22.6042],[31.75234,22.53486],[31.78457,22.4835],[31.73975,22.46992],[31.7043,22.45288],[31.68408,22.43008],[31.59297,22.33872],[31.44971,22.21006],[31.37236,22.10269],[31.33574,22.01035],[31.30322,21.93164],[31.23613,21.84795],[31.16895,21.74883],[31.11191,21.67109],[31.09063,21.60918],[31.12354,21.61152],[31.15596,21.64922],[31.20322,21.70884],[31.25654,21.76353],[31.29453,21.78481],[31.31934,21.81226],[31.35459,21.88052],[31.39063,21.98447],[31.41211,22.05723],[31.44102,22.10186],[31.48652,22.15928],[31.55234,22.20903],[31.6249,22.24229],[31.64766,22.273],[31.64023,22.29697],[31.64521,22.31172],[31.66367,22.32207],[31.67852,22.32686],[31.69375,22.33398],[31.71357,22.35146],[31.74609,22.3627],[31.79121,22.35806],[31.82568,22.35132],[31.83105,22.38101],[31.85537,22.41475],[31.89746,22.44141],[31.93574,22.4811],[31.95273,22.53521],[31.96191,22.57295],[31.98633,22.59966],[32.02021,22.63413],[32.05557,22.66465],[32.09551,22.68301],[32.12734,22.68838],[32.16729,22.68037],[32.23428,22.67388]]]},"properties":{"name":"Lake Nasser"}},
{"type":"Feature","geometry":{"type":"Polygon","coordinates":[[[24.6084,61.65449],[24.63516,61.65552],[24.65928,61.6561],[24.67363,61.66782],[24.70215,61.70215],[24.69111,61.72139],[24.60361,61.70254],[24.52412,61.68691],[24.49082,61.679],[24.49697,61.66777],[24.48105,61.64741],[24.454,61.62612],[24.42197,61.62085],[24.36768,61.62881],[24.32148,61.63271],[24.30947,61.62124],[24.3332,61.60659],[24.35752,61.58745],[24.30557,61.55273],[24.2541,61.52949],[24.17119,61.48359],[24.04326,61.4231],[24.01748,61.36909],[24.03535,61.31182],[24.021,61.28203],[23.98076,61.25576],[23.95205,61.22402],[23.91885,61.21055],[23.84482,61.22822],[23.80254,61.25991],[23.77305,61.28252],[23.78135,61.21411],[23.8748,61.18325],[24.03018,61.15386],[24.27725,61.09268],[24.35215,61.07314],[24.41396,61.03584],[24.43926,61.0312],[24.3957,61.07056],[24.33691,61.11958],[24.32988,61.13901],[24.3541,61.1418],[24.37207,61.14521],[24.35518,61.16187],[24.29551,61.18696],[24.24189,61.19512],[24.17637,61.18252],[24.0918,61.18511],[24.04072,61.20718],[24.01396,61.23062],[24.02402,61.24678],[24.08047,61.25952],[24.16113,61.28047],[24.24453,61.28872],[24.2793,61.29316],[24.24043,61.31494],[24.1584,61.32754],[24.12842,61.34375],[24.15283,61.37598],[24.16855,61.40352],[24.17188,61.4231],[24.19424,61.45674],[24.26465,61.49644],[24.34189,61.52021],[24.46934,61.52798],[24.50674,61.55249],[24.45566,61.59014],[24.49336,61.61406],[24.55752,61.6396],[24.6084,61.65449]]]},"properties":{"name":""}},
{"type":"Feature","geometry":{"type":"Polygon","coordinates":[[[23.51104,61.41904],[23.61074,61.46025],[23.73047,61.49536],[23.77646,61.521],[23.79082,61.56025],[23.79805,61.59922],[23.78438,61.6123],[23.77178,61.61812],[23.83369,61.63647],[23.81992,61.64595],[23.73945,61.65103],[23.74287,61.67251],[23.76699,61.70322],[23.78574,61.72881],[23.77578,61.75581],[23.7584,61.78569],[23.85176,61.83491],[23.95352,61.88018],[23.96201,61.8938],[24.0043,61.90693],[24.05283,61.92749],[24.10498,61.95107],[24.11934,61.98818],[24.09434,62.02021],[24.18076,62.0103],[24.29395,61.99639],[24.37705,61.98979],[24.41748,61.98735],[24.4168,61.99531],[24.48242,62.00127],[24.54912,61.99307],[24.59912,61.96475],[24.67764,61.92915],[24.70605,61.92148],[24.68389,61.94941],[24.63398,61.98589],[24.63047,62.04272],[24.68594,62.09531],[24.70889,62.13374],[24.72842,62.18071],[24.72227,62.19805],[24.68154,62.1936],[24.67354,62.2293],[24.66152,62.26563],[24.62988,62.26279],[24.61084,62.25107],[24.61328,62.2272],[24.61514,62.20479],[24.60078,62.20107],[24.58525,62.19683],[24.58242,62.18032],[24.59932,62.14565],[24.61133,62.10854],[24.59473,62.09023],[24.53271,62.10635],[24.43789,62.14077],[24.3626,62.15581],[24.34297,62.14556],[24.38398,62.11904],[24.45859,62.09941],[24.52412,62.08091],[24.56514,62.04531],[24.49756,62.02725],[24.3752,62.029],[24.32432,62.03003],[24.30439,62.04238],[24.31895,62.07285],[24.33535,62.10269],[24.3209,62.11479],[24.30078,62.12031],[24.28535,62.11704],[24.25742,62.08027],[24.22012,62.04507],[24.18115,62.04458],[24.12627,62.05742],[24.11719,62.09219],[24.12266,62.12349],[24.14551,62.14258],[24.18096,62.15708],[24.12178,62.15088],[24.03379,62.15405],[23.97988,62.15967],[23.9543,62.15981],[23.95293,62.17759],[23.979,62.2083],[23.99912,62.23193],[23.96787,62.2332],[23.92822,62.22139],[23.91514,62.18789],[23.90586,62.1541],[23.88496,62.14209],[23.85498,62.13965],[23.81045,62.15527],[23.75,62.15869],[23.70117,62.16357],[23.68311,62.19111],[23.69121,62.21348],[23.69902,62.22744],[23.6752,62.22671],[23.64453,62.21548],[23.63799,62.19746],[23.64912,62.16563],[23.67344,62.13662],[23.68428,62.12505],[23.68125,62.11631],[23.73809,62.10288],[23.87266,62.09487],[23.97383,62.09019],[24.00342,62.07598],[24.01455,62.03813],[24.01592,62.00029],[24.02461,61.98672],[24.03164,61.97422],[23.95146,61.94355],[23.86514,61.91113],[23.85938,61.89414],[23.86133,61.87905],[23.83779,61.86982],[23.75088,61.8772],[23.7082,61.86479],[23.72451,61.83574],[23.70332,61.82451],[23.69238,61.80981],[23.67979,61.77686],[23.66748,61.74492],[23.66699,61.72808],[23.62061,61.71152],[23.60283,61.68789],[23.62676,61.66523],[23.63193,61.65166],[23.60293,61.64687],[23.57031,61.64141],[23.59932,61.62339],[23.62676,61.58926],[23.63838,61.5561],[23.67666,61.53057],[23.70859,61.51089],[23.63877,61.49072],[23.50869,61.45073],[23.41553,61.41768],[23.36475,61.40313],[23.34902,61.38955],[23.38037,61.38188],[23.43965,61.37148],[23.48525,61.3313],[23.57227,61.29614],[23.675,61.27583],[23.71748,61.26162],[23.72451,61.27026],[23.71748,61.28687],[23.71182,61.30376],[23.70684,61.31733],[23.64648,61.3314],[23.56758,61.34814],[23.52754,61.36885],[23.50674,61.39082],[23.51104,61.41904]]]},"properties":{"name":"Pyhäjärvi"}},
{"type":"Feature","geometry":{"type":"Polygon","coordinates":[[[0.27188,6.67451],[0.25391,6.6729],[0.23711,6.76831],[0.24004,6.89634],[0.26348,6.94834],[0.27285,7.00117],[0.28125,7.04736],[0.2998,7.07129],[0.30518,7.09897],[0.28857,7.10635],[0.27139,7.13755],[0.27578,7.17231],[0.2793,7.18218],[0.28066,7.20059],[0.27939,7.21787],[0.27158,7.23433],[0.27568,7.25791],[0.29375,7.27793],[0.29248,7.30312],[0.27734,7.32979],[0.27676,7.33931],[0.27637,7.35308],[0.28721,7.38169],[0.29531,7.41572],[0.29697,7.45264],[0.30186,7.47021],[0.31348,7.50562],[0.32012,7.54248],[0.28525,7.51465],[0.2498,7.49077],[0.24219,7.51069],[0.22891,7.53638],[0.22832,7.5564],[0.24043,7.57788],[0.25898,7.58145],[0.28174,7.57539],[0.28096,7.6165],[0.2792,7.69902],[0.27754,7.76235],[0.24785,7.80293],[0.23701,7.83354],[0.24775,7.84927],[0.25215,7.86274],[0.25117,7.87559],[0.25752,7.90498],[0.22119,7.88252],[0.16777,7.86328],[0.1458,7.89419],[0.12393,7.91318],[0.1085,7.93872],[0.12119,7.97202],[0.14551,8.02065],[0.16104,8.05957],[0.19785,8.07935],[0.24023,8.08804],[0.2668,8.09434],[0.26777,8.10615],[0.23105,8.12544],[0.20098,8.16577],[0.18359,8.20562],[0.19004,8.25103],[0.21709,8.296],[0.21426,8.31421],[0.24238,8.32197],[0.28408,8.32686],[0.29355,8.33442],[0.27979,8.34072],[0.26055,8.35518],[0.24209,8.3791],[0.17813,8.39927],[0.11465,8.41567],[0.10264,8.43379],[0.11289,8.45737],[0.12148,8.51836],[0.12754,8.57432],[0.15225,8.59243],[0.16836,8.6252],[0.18467,8.68984],[0.19766,8.73823],[0.18389,8.7417],[0.16006,8.70039],[0.14951,8.63301],[0.13535,8.59761],[0.10566,8.58301],[0.0855,8.548],[0.09063,8.49995],[0.09268,8.46055],[0.08057,8.4291],[0.09199,8.40312],[0.16074,8.38096],[0.21738,8.36328],[0.19805,8.33818],[0.16924,8.28911],[0.13672,8.25361],[0.10527,8.24199],[0.12334,8.20996],[0.15176,8.16104],[0.16514,8.11523],[0.17031,8.08633],[0.15381,8.07803],[0.1293,8.08643],[0.09902,8.09297],[0.07002,8.08096],[0.06157,8.04082],[0.07871,8.00327],[0.07344,7.96938],[0.05918,7.91968],[0.05615,7.88564],[0.05791,7.86255],[0.07017,7.82114],[0.05464,7.79219],[0.01899,7.78867],[0.00166,7.79302],[-0.02402,7.79258],[-0.05234,7.81147],[-0.08184,7.87637],[-0.10322,7.97573],[-0.12788,8.01118],[-0.19019,8.05259],[-0.26255,8.1084],[-0.3084,8.14248],[-0.33037,8.15781],[-0.32085,8.17725],[-0.25659,8.18491],[-0.19253,8.18618],[-0.20195,8.21309],[-0.24536,8.24512],[-0.28555,8.25312],[-0.31787,8.24404],[-0.35513,8.24272],[-0.3936,8.22148],[-0.44854,8.20947],[-0.48467,8.20947],[-0.52661,8.23237],[-0.55439,8.25083],[-0.56572,8.2748],[-0.59434,8.28838],[-0.62656,8.32925],[-0.65996,8.35664],[-0.72109,8.40215],[-0.78184,8.46855],[-0.79702,8.49707],[-0.80464,8.51992],[-0.75703,8.57754],[-0.70684,8.6249],[-0.70542,8.64307],[-0.72241,8.63853],[-0.76968,8.65557],[-0.80605,8.68867],[-0.79536,8.72104],[-0.78232,8.75605],[-0.79082,8.76138],[-0.80889,8.74312],[-0.82344,8.70688],[-0.81758,8.65049],[-0.81665,8.59951],[-0.84258,8.579],[-0.87339,8.58555],[-0.93115,8.65312],[-0.99653,8.77529],[-1.02559,8.84375],[-1.04453,8.84307],[-1.07529,8.85303],[-1.10557,8.89702],[-1.1208,8.92939],[-1.1248,8.98076],[-1.12651,9.02842],[-1.13032,9.07607],[-1.15171,9.1166],[-1.17412,9.07417],[-1.17793,9.02651],[-1.17871,8.97905],[-1.17441,8.94458],[-1.14517,8.87363],[-1.13369,8.81299],[-1.09609,8.78374],[-1.06748,8.75039],[-1.06177,8.72183],[-1.12612,8.70469],[-1.26934,8.72563],[-1.29409,8.75039],[-1.35547,8.79233],[-1.37646,8.80459],[-1.41201,8.78081],[-1.46621,8.76099],[-1.51885,8.73135],[-1.59121,8.69517],[-1.66338,8.67324],[-1.71499,8.63042],[-1.66357,8.62852],[-1.60454,8.64375],[-1.54492,8.66357],[-1.48838,8.69707],[-1.44268,8.73135],[-1.40459,8.73896],[-1.35127,8.72373],[-1.30386,8.69658],[-1.25376,8.66763],[-1.2189,8.65825],[-1.18008,8.60361],[-1.15278,8.55132],[-1.14092,8.59463],[-1.12842,8.63232],[-1.08652,8.63989],[-1.04082,8.64561],[-0.99893,8.63042],[-0.9646,8.60376],[-0.91216,8.55513],[-0.83784,8.44727],[-0.78364,8.36572],[-0.80137,8.33437],[-0.79512,8.31548],[-0.75352,8.29688],[-0.72427,8.28027],[-0.67559,8.23867],[-0.62139,8.19106],[-0.6,8.17295],[-0.60381,8.15859],[-0.65537,8.14209],[-0.72104,8.13462],[-0.74775,8.13452],[-0.76055,8.11816],[-0.75562,8.10195],[-0.69292,8.10957],[-0.64287,8.10615],[-0.64277,8.08682],[-0.62437,8.08491],[-0.59087,8.10029],[-0.56143,8.13413],[-0.54287,8.15356],[-0.52568,8.12788],[-0.52656,8.0624],[-0.49824,8.05688],[-0.4458,8.09106],[-0.41543,8.07881],[-0.37939,8.04814],[-0.39443,7.9999],[-0.4168,7.97227],[-0.38447,7.97983],[-0.35054,8.00195],[-0.34375,8.03813],[-0.31519,8.03999],[-0.28472,8.01523],[-0.22378,7.97715],[-0.19238,7.95522],[-0.18613,7.92695],[-0.16982,7.88955],[-0.15244,7.84087],[-0.15215,7.81328],[-0.15937,7.79443],[-0.15728,7.77856],[-0.13398,7.76709],[-0.10034,7.75547],[-0.09766,7.74644],[-0.12549,7.74009],[-0.16147,7.72139],[-0.2104,7.71406],[-0.25381,7.72012],[-0.25571,7.70601],[-0.26196,7.68423],[-0.29438,7.66719],[-0.35664,7.66436],[-0.42153,7.64883],[-0.48267,7.62456],[-0.54346,7.5999],[-0.61133,7.56704],[-0.65371,7.55127],[-0.60332,7.55361],[-0.53115,7.57622],[-0.49805,7.59663],[-0.47456,7.58911],[-0.43184,7.59365],[-0.33584,7.61758],[-0.24229,7.63857],[-0.18198,7.64658],[-0.10996,7.64458],[-0.06377,7.64141],[-0.01777,7.59189],[0.01182,7.54258],[-0.02686,7.5459],[-0.07139,7.54873],[-0.10493,7.55117],[-0.13408,7.55337],[-0.16855,7.5499],[-0.20791,7.54639],[-0.23223,7.53193],[-0.24243,7.51655],[-0.20684,7.51235],[-0.15703,7.50986],[-0.13643,7.49556],[-0.12812,7.47153],[-0.10654,7.45806],[-0.06582,7.44434],[-0.05835,7.46562],[-0.06294,7.50762],[-0.00239,7.50034],[0.04561,7.47754],[0.04736,7.46006],[0.05059,7.44883],[0.05015,7.43232],[0.06753,7.39277],[0.10205,7.34277],[0.13467,7.31343],[0.15605,7.30889],[0.17246,7.30386],[0.18389,7.28667],[0.18389,7.26616],[0.17393,7.25239],[0.16045,7.25181],[0.15303,7.24121],[0.1415,7.22246],[0.11816,7.20317],[0.09868,7.19282],[0.08325,7.1937],[0.06323,7.19536],[0.03477,7.20024],[0.01465,7.21069],[0.00732,7.20937],[0.01021,7.18682],[0.02764,7.17632],[0.04512,7.16392],[0.06592,7.15122],[0.08457,7.14707],[0.08555,7.12124],[0.09756,7.07998],[0.10098,7.05293],[0.09297,7.03701],[0.08794,7.0228],[0.09888,7.00415],[0.12324,6.98315],[0.12031,6.97124],[0.08662,6.97393],[0.04165,6.94648],[0.05898,6.91401],[0.10371,6.90962],[0.11172,6.89663],[0.07671,6.86968],[0.03042,6.84966],[0.0123,6.84482],[-0.01147,6.85293],[-0.04194,6.84727],[-0.06631,6.82524],[-0.07134,6.80942],[-0.06714,6.78896],[-0.04937,6.76885],[-0.02285,6.74805],[-0.01748,6.73271],[-0.02554,6.72031],[-0.04131,6.67686],[-0.05693,6.62998],[-0.09648,6.62861],[-0.14365,6.64805],[-0.16333,6.68564],[-0.1751,6.72412],[-0.19404,6.74126],[-0.22847,6.73398],[-0.27075,6.72246],[-0.30542,6.71719],[-0.3353,6.71621],[-0.36777,6.77271],[-0.39336,6.82813],[-0.40596,6.81646],[-0.40928,6.76563],[-0.41865,6.73101],[-0.44219,6.72666],[-0.46665,6.72266],[-0.49058,6.73672],[-0.51782,6.7938],[-0.55083,6.81084],[-0.57959,6.78472],[-0.61597,6.80732],[-0.65986,6.83584],[-0.68374,6.83442],[-0.67373,6.80151],[-0.63364,6.75332],[-0.55029,6.71729],[-0.42764,6.66792],[-0.32378,6.62187],[-0.25527,6.5855],[-0.1748,6.53271],[-0.09932,6.48994],[-0.05991,6.45166],[-0.03345,6.4082],[-0.01099,6.37939],[0.04111,6.40518],[0.07329,6.40405],[0.08096,6.35264],[0.10332,6.33818],[0.13809,6.36597],[0.13291,6.44956],[0.14043,6.50532],[0.14668,6.53828],[0.15078,6.57021],[0.15371,6.59702],[0.15205,6.61064],[0.15996,6.61807],[0.17188,6.61465],[0.19199,6.60747],[0.22969,6.61587],[0.27598,6.64834],[0.30859,6.69785],[0.31699,6.73833],[0.29873,6.7186],[0.27188,6.67451]],[[0.13037,6.6791],[0.08955,6.65864],[0.04873,6.69468],[0.01147,6.71753],[0.01748,6.77876],[0.06191,6.80762],[0.11475,6.79561],[0.15918,6.76675],[0.18076,6.72593],[0.13037,6.6791]]]},"properties":{"name":"Lake Volta"}},
{"type":"Feature","geometry":{"type":"Polygon","coordinates":[[[103.53291,53.63579],[103.43535,53.67944],[103.33027,53.77852],[103.29961,53.84141],[103.29805,53.87397],[103.16045,54.00054],[103.10332,54.14731],[103.14414,54.23926],[103.20547,54.31074],[103.26133,54.34214],[103.31787,54.30313],[103.39688,54.17017],[103.4625,54.16006],[103.42451,54.20547],[103.34854,54.32314],[103.28604,54.48193],[103.2791,54.57803],[103.21562,54.71943],[103.15439,54.80117],[103.18506,54.87778],[103.3043,55.02017],[103.34834,55.13213],[103.36387,55.2186],[103.33408,55.35752],[103.22588,55.5583],[103.24932,55.67207],[103.24687,55.71362],[103.14307,55.8085],[103.0625,55.91987],[103.01992,56.04517],[103.00947,56.14351],[103.02334,56.21382],[103.00127,56.22251],[102.94121,56.19697],[102.87197,56.19897],[102.82256,56.23496],[102.79922,56.26221],[102.72656,56.25005],[102.62617,56.25337],[102.5875,56.29785],[102.58184,56.33232],[102.52168,56.34946],[102.47354,56.31069],[102.46191,56.25332],[102.25996,56.25454],[102.25488,56.227],[102.05371,56.15605],[101.94521,56.12451],[101.92188,56.16665],[101.96416,56.22695],[101.93115,56.24233],[101.86738,56.23643],[101.80322,56.29077],[101.76748,56.28662],[101.70957,56.26357],[101.69727,56.21777],[101.70645,56.1749],[101.67188,56.13462],[101.69902,56.09468],[101.73223,56.06963],[101.72969,56.0144],[101.70576,55.97266],[101.63311,55.97671],[101.61289,55.96929],[101.4834,55.96816],[101.35195,55.98706],[101.27451,55.98188],[101.32207,55.94619],[101.41104,55.92349],[101.50439,55.88936],[101.74072,55.80674],[101.78779,55.77212],[101.80586,55.65381],[101.90996,55.58984],[101.97031,55.56255],[101.9792,55.52285],[101.75742,55.46904],[101.76094,55.43643],[101.78877,55.41396],[102.07178,55.45674],[102.21729,55.51406],[102.3002,55.52988],[102.30693,55.49541],[102.26768,55.44526],[102.26006,55.40938],[102.28398,55.34512],[102.31025,55.30093],[102.33008,55.27095],[102.27354,55.22212],[102.25898,55.18345],[102.20752,55.14648],[102.18437,55.11831],[102.14229,55.08032],[102.11846,55.05298],[102.18574,55.06982],[102.2335,55.10098],[102.28477,55.14321],[102.32021,55.19478],[102.34414,55.23242],[102.38975,55.26162],[102.43018,55.2853],[102.39004,55.30186],[102.34238,55.31997],[102.32656,55.35327],[102.31084,55.40059],[102.31533,55.43647],[102.36621,55.48477],[102.38584,55.54395],[102.33223,55.58965],[102.10156,55.62842],[102.05068,55.66279],[102.09355,55.69556],[102.08467,55.71758],[101.99033,55.73091],[101.91309,55.78301],[101.90605,55.83428],[101.97773,55.90332],[102.00029,55.96089],[101.98594,56.02559],[102.18027,56.06807],[102.23594,56.10347],[102.30869,56.1104],[102.39336,56.08843],[102.43887,56.09146],[102.47988,56.1085],[102.49395,56.12661],[102.50605,56.15591],[102.53008,56.15762],[102.59297,56.15645],[102.7168,56.14341],[102.79668,56.10757],[102.85244,56.1042],[102.9207,56.06274],[102.96113,55.95796],[102.99014,55.85361],[103.07441,55.78921],[103.13906,55.68491],[103.14932,55.57764],[103.17861,55.48647],[103.27188,55.30176],[103.28213,55.15874],[103.22598,55.04634],[103.06953,54.92095],[103.03311,54.78203],[103.08936,54.7126],[103.18555,54.62656],[103.21768,54.48652],[103.17266,54.42397],[103.10645,54.41504],[103.0166,54.28262],[102.98672,54.15566],[103.00332,54.06768],[103.11865,53.93789],[103.2085,53.80635],[103.1168,53.77412],[102.92734,53.81963],[102.86797,53.78989],[103.09629,53.74229],[103.27461,53.67739],[103.34287,53.57183],[103.34336,53.22783],[103.37422,53.10728],[103.44043,53.22271],[103.4252,53.473],[103.44043,53.51895],[103.48994,53.56279],[103.60938,53.5519],[103.68604,53.5124],[103.72617,53.48438],[103.74258,53.49575],[103.73691,53.55405],[103.7251,53.60229],[103.53291,53.63579]]]},"properties":{"name":"Bratsk Reservoir"}},
{"type":"Feature","geometry":{"type":"Polygon","coordinates":[[[91.93672,68.48872],[91.4833,68.4396],[91.0916,68.44272],[90.86875,68.40522],[90.65781,68.40723],[90.51523,68.38975],[90.23193,68.36919],[89.52305,68.39927],[89.31484,68.38848],[89.32979,68.35142],[89.31279,68.33506],[89.39912,68.33013],[89.47188,68.31279],[89.55566,68.31021],[89.66738,68.31548],[89.77207,68.30537],[89.80703,68.26279],[89.93506,68.24038],[90.53271,68.28716],[90.91963,68.31104],[91.10537,68.36777],[91.54063,68.39678],[91.89844,68.3981],[92.11367,68.40786],[92.33076,68.42568],[92.22188,68.4604],[92.1042,68.50908],[91.93672,68.48872]]]},"properties":{"name":"Ozero Khantayskoye"}},
{"type":"Feature","geometry":{"type":"Polygon","coordinates":[[[91.30596,68.79307],[91.48408,68.78726],[91.71338,68.86226],[91.45156,68.83599],[91.33516,68.83105],[91.1918,68.83179],[90.91768,68.81563],[90.78701,68.79873],[90.68398,68.7791],[90.44512,68.75776],[90.22266,68.78721],[89.99863,68.83706],[89.73701,68.8561],[89.58154,68.84805],[89.54658,68.81895],[89.98906,68.72661],[90.00605,68.70674],[90.05049,68.70161],[90.35586,68.69976],[90.54395,68.71001],[90.84297,68.75518],[91.30596,68.79307]]]},"properties":{"name":"Ozero Keta"}},
{"type":"Feature","geometry":{"type":"Polygon","coordinates":[[[89.46895,69.37817],[89.58184,69.44395],[89.76113,69.48862],[90.09883,69.53901],[90.4082,69.51934],[90.65957,69.45317],[90.98789,69.45898],[91.55908,69.41787],[91.43555,69.5105],[91.08037,69.48804],[90.52275,69.57661],[90.20527,69.62515],[89.90098,69.60308],[89.54629,69.49492],[89.34609,69.45908],[89.12285,69.42534],[88.84521,69.37119],[88.8251,69.33872],[88.95762,69.32251],[89.22549,69.34927],[89.46895,69.37817]]]},"properties":{"name":"Ozero Lama"}},
{"type":"Feature","geometry":{"type":"Polygon","coordinates":[[[17.96729,65.85229],[18.00088,65.88198],[17.96426,65.91226],[17.94814,65.93418],[17.94922,65.95874],[17.94521,65.99736],[17.96426,66.04829],[18.00947,66.05112],[17.96797,66.1062],[17.83525,66.15513],[17.77656,66.18745],[17.67598,66.20083],[17.6207,66.19341],[17.61494,66.16802],[17.72324,66.11523],[17.73311,66.0834],[17.67227,66.06729],[17.59531,66.08477],[17.54736,66.10825],[17.47129,66.11265],[17.39512,66.10044],[17.34609,66.08008],[17.35996,66.04658],[17.40078,66.05122],[17.45967,66.06616],[17.5168,66.04956],[17.54648,66.01152],[17.57686,66.00454],[17.59121,66.01387],[17.63672,66.01157],[17.72002,65.97881],[17.73623,65.94873],[17.70361,65.93101],[17.69072,65.90493],[17.69277,65.87524],[17.74043,65.85737],[17.81494,65.86592],[17.88223,65.8896],[17.92617,65.88008],[17.95547,65.86401],[17.96729,65.85229]]]},"properties":{"name":"Uddjaure"}},
{"type":"Feature","geometry":{"type":"Polygon","coordinates":[[[18.00088,65.88198],[17.96729,65.85229],[18.03574,65.77368],[18.071,65.71479],[18.08281,65.64858],[18.09326,65.62891],[18.13145,65.61602],[18.16094,65.62119],[18.15107,65.64404],[18.17314,65.66353],[18.25527,65.67676],[18.37813,65.64751],[18.50859,65.65952],[18.42422,65.70015],[18.38076,65.72998],[18.36992,65.75205],[18.28604,65.77622],[18.13965,65.77769],[18.03086,65.85723],[18.00088,65.88198]]]},"properties":{"name":"Storavan"}},
{"type":"Feature","geometry":{"type":"Polygon","coordinates":[[[15.75537,63.75771],[15.82373,63.75415],[15.74463,63.82969],[15.57822,63.86772],[15.4709,63.96675],[15.39541,64.01865],[15.39404,64.05054],[15.41895,64.07544],[15.32207,64.16299],[15.26133,64.2624],[15.20986,64.32178],[15.11143,64.34087],[15.04844,64.33818],[15.01328,64.33442],[14.99111,64.33584],[14.93984,64.34409],[14.85088,64.34707],[14.66416,64.38291],[14.49258,64.41724],[14.35566,64.42021],[14.19473,64.4812],[14.09648,64.55742],[13.80234,64.65977],[13.70977,64.63555],[13.96113,64.56279],[14.09346,64.5187],[14.19199,64.44658],[14.32773,64.38843],[15.03672,64.28457],[15.12539,64.24531],[15.23984,64.15708],[15.31924,64.11006],[15.31641,64.03115],[15.37646,63.99731],[15.41904,63.95884],[15.41738,63.93892],[15.39014,63.92617],[15.2626,63.96099],[15.30322,63.93198],[15.51992,63.85],[15.53574,63.79834],[15.54189,63.76001],[15.57646,63.78354],[15.64189,63.80815],[15.75537,63.75771]]]},"properties":{"name":""}},
{"type":"Feature","geometry":{"type":"Polygon","coordinates":[[[13.28984,64.73828],[13.19785,64.68447],[13.23359,64.67085],[13.36797,64.69287],[13.59951,64.67524],[13.63477,64.68623],[13.52715,64.72681],[13.39893,64.7855],[13.28984,64.73828]]]},"properties":{"name":""}},
{"type":"Feature","geometry":{"type":"Polygon","coordinates":[[[43.59531,33.30615],[43.55391,33.34829],[43.47715,33.33838],[43.42803,33.3895],[43.38203,33.43511],[43.30859,33.34873],[43.3043,33.30942],[43.40244,33.25674],[43.43408,33.19946],[43.48281,33.19038],[43.56641,33.21851],[43.59531,33.30615]]]},"properties":{"name":"Lake Habbaniyah"}},
{"type":"Feature","geometry":{"type":"Polygon","coordinates":[[[19.29326,42.26455],[19.17549,42.27725],[19.09883,42.27759],[19.21641,42.1585],[19.39443,42.08809],[19.46738,42.07881],[19.48057,42.10815],[19.45078,42.15664],[19.3917,42.22754],[19.36357,42.28965],[19.29326,42.26455]]]},"properties":{"name":"Lake Skadar"}},
{"type":"Feature","geometry":{"type":"Polygon","coordinates":[[[-107.93159,64.03643],[-107.94487,64.09385],[-108.10229,64.13691],[-108.18594,64.17695],[-108.25693,64.16021],[-108.2627,64.1418],[-108.33633,64.15562],[-108.35791,64.18135],[-108.33452,64.20947],[-108.26084,64.27666],[-108.24678,64.31567],[-108.2854,64.3168],[-108.36084,64.27754],[-108.41919,64.26665],[-108.43809,64.31362],[-108.43232,64.39771],[-108.46704,64.41348],[-108.54116,64.3875],[-108.60225,64.3313],[-108.62339,64.27637],[-108.60068,64.22666],[-108.59829,64.19458],[-108.63359,64.17012],[-109.02881,64.10337],[-109.15386,64.10415],[-109.36255,64.06582],[-109.63896,64.05122],[-109.57061,64.01816],[-109.39424,64.02036],[-109.11416,64.07554],[-108.85801,64.06514],[-108.74932,64.03594],[-108.66118,63.98848],[-108.45937,63.94541],[-108.37212,63.98252],[-108.25239,64.02197],[-108.16069,64.03779],[-108.08384,64.04492],[-107.93159,64.03643]]]},"properties":{"name":"Aylmer Lake"}},
{"type":"Feature","geometry":{"type":"Polygon","coordinates":[[[-107.94487,64.09385],[-107.93159,64.03643],[-107.83613,63.98296],[-107.80513,63.9562],[-107.78877,63.98096],[-107.66763,63.9853],[-107.62153,63.96968],[-107.61392,63.93706],[-107.63218,63.87676],[-107.55708,63.8334],[-107.5291,63.79844],[-107.50156,63.78926],[-107.27363,63.77573],[-107.20039,63.82393],[-107.10586,63.89385],[-107.08794,63.91235],[-107.10352,63.92446],[-107.22241,63.92559],[-107.2687,63.98291],[-107.23979,64.02236],[-107.2396,64.03667],[-107.23345,64.0667],[-107.23789,64.0998],[-107.32256,64.13066],[-107.46357,64.12822],[-107.58921,64.1123],[-107.67534,64.08086],[-107.75186,64.07051],[-107.83735,64.08911],[-107.94487,64.09385]]]},"properties":{"name":"Clinton-Colden Lake"}},
{"type":"Feature","geometry":{"type":"Polygon","coordinates":[[[-99.14658,43.43306],[-99.24434,43.47651],[-99.35,43.64307],[-99.41055,43.70293],[-99.36963,43.75674],[-99.31523,43.84067],[-99.30288,43.90317],[-99.32227,43.95703],[-99.3644,43.99058],[-99.37397,43.94736],[-99.35244,43.88809],[-99.36533,43.84292],[-99.44067,43.75249],[-99.47085,43.66851],[-99.38257,43.60605],[-99.3438,43.53931],[-99.31523,43.46777],[-99.17803,43.37354],[-99.06914,43.31011],[-98.92993,43.22637],[-98.9002,43.15854],[-98.74683,43.10244],[-98.66562,43.05918],[-98.55967,43.05986],[-98.57085,43.10225],[-98.70649,43.13452],[-98.8314,43.20557],[-98.90459,43.28525],[-99.04023,43.35845],[-99.14658,43.43306]]]},"properties":{"name":"Lake Francis Case"}},
{"type":"Feature","geometry":{"type":"Polygon","coordinates":[[[-99.18359,26.75952],[-99.21772,26.80493],[-99.21797,26.91016],[-99.27739,26.92119],[-99.36851,27.00176],[-99.41465,27.04414],[-99.45654,27.05669],[-99.46362,27.02544],[-99.40078,26.9543],[-99.36802,26.88594],[-99.36377,26.82129],[-99.38574,26.80674],[-99.39409,26.79497],[-99.33076,26.80337],[-99.2832,26.75952],[-99.25493,26.66982],[-99.24326,26.58364],[-99.19995,26.56152],[-99.17207,26.56416],[-99.14951,26.59175],[-99.14941,26.65215],[-99.11299,26.72705],[-99.11909,26.74937],[-99.15034,26.75127],[-99.18359,26.75952]]]},"properties":{"name":"Falcon Lake"}},
{"type":"Feature","geometry":{"type":"Polygon","coordinates":[[[-107.78857,55.21089],[-107.7689,55.26738],[-107.79185,55.36694],[-107.74038,55.40835],[-107.73989,55.47954],[-107.70596,55.58242],[-107.66567,55.74424],[-107.73696,55.92119],[-107.76646,55.89414],[-107.76748,55.80151],[-107.7689,55.69751],[-107.80498,55.66465],[-107.85737,55.66064],[-107.85068,55.61807],[-107.80576,55.55254],[-107.85,55.52793],[-107.98521,55.57466],[-108.03574,55.5542],[-108.04419,55.50825],[-107.99893,55.47109],[-107.96313,55.41963],[-107.84307,55.30347],[-107.78857,55.21089]]]},"properties":{"name":"Lac Île-à-la-Crosse"}},
{"type":"Feature","geometry":{"type":"Polygon","coordinates":[[[-103.83564,60.55352],[-103.73569,60.6418],[-103.74556,60.70098],[-103.81025,60.71045],[-103.85898,60.6772],[-103.87861,60.64116],[-103.93701,60.61387],[-104.04214,60.60176],[-104.12275,60.62446],[-104.13657,60.66753],[-104.08242,60.69282],[-103.96982,60.70718],[-103.81289,60.78491],[-103.66699,60.83486],[-103.64683,60.9022],[-103.71641,60.95181],[-103.74248,60.94507],[-103.75234,60.90854],[-103.76904,60.86592],[-103.85054,60.82378],[-103.98252,60.78516],[-104.01982,60.79277],[-104.0728,60.78145],[-104.12407,60.75171],[-104.21665,60.73848],[-104.21914,60.75713],[-104.13892,60.80459],[-104.14067,60.82583],[-104.21875,60.81377],[-104.22993,60.84634],[-104.21206,60.90322],[-104.21313,60.93794],[-104.2811,60.98125],[-104.29736,61.00498],[-104.33486,61.02627],[-104.41934,61.02202],[-104.44863,61.00122],[-104.4501,60.97275],[-104.50869,60.88311],[-104.52959,60.8603],[-104.64316,60.85557],[-104.63672,60.83462],[-104.58774,60.81348],[-104.50464,60.81836],[-104.44004,60.85195],[-104.42534,60.88496],[-104.37954,60.90127],[-104.34263,60.87051],[-104.39033,60.80903],[-104.49395,60.72612],[-104.46768,60.70313],[-104.39502,60.68481],[-104.33174,60.63306],[-104.22891,60.58677],[-104.13452,60.53335],[-104.15161,60.42534],[-104.1875,60.34121],[-104.1166,60.35537],[-103.94897,60.42148],[-103.93511,60.47686],[-103.90747,60.50454],[-103.83564,60.55352]]]},"properties":{"name":"Wholdaia Lake"}},
{"type":"Feature","geometry":{"type":"Polygon","coordinates":[[[-95.24937,65.00342],[-95.25,65.03423],[-95.50288,65.04238],[-95.63208,65.0394],[-95.72588,65.02183],[-95.85547,65.01113],[-95.93135,65.00313],[-96.00322,64.97441],[-96.03208,64.92314],[-95.99268,64.89087],[-95.88086,64.85088],[-95.86973,64.87144],[-95.85791,64.91455],[-95.79878,64.9228],[-95.71172,64.87354],[-95.63647,64.8458],[-95.62466,64.82637],[-95.62002,64.80615],[-95.59263,64.78242],[-95.54951,64.7624],[-95.48706,64.76597],[-95.45937,64.78892],[-95.45635,64.81406],[-95.46519,64.85874],[-95.46309,64.92114],[-95.39019,64.97227],[-95.24937,65.00342]]]},"properties":{"name":"Tehek Lake"}},
{"type":"Feature","geometry":{"type":"Polygon","coordinates":[[[-69.35117,54.08252],[-69.40635,54.12139],[-69.4334,54.11133],[-69.47686,54.09248],[-69.58779,54.10664],[-69.69731,54.15269],[-69.704,54.17227],[-69.66357,54.21035],[-69.67139,54.22466],[-69.68672,54.2396],[-69.68247,54.26787],[-69.79272,54.28262],[-69.8041,54.31187],[-69.85815,54.36846],[-69.90088,54.3793],[-69.971,54.36489],[-70.04077,54.37192],[-70.08188,54.34263],[-70.0707,54.33672],[-70.0292,54.33721],[-70.00142,54.32539],[-69.97896,54.31777],[-69.92656,54.31963],[-69.88037,54.31074],[-69.86875,54.28926],[-69.87891,54.2606],[-69.92642,54.25186],[-69.98037,54.23662],[-70.01099,54.2231],[-70.08374,54.17847],[-70.14092,54.12896],[-70.129,54.11016],[-70.05542,54.13389],[-69.9834,54.13901],[-69.84683,54.10098],[-69.75801,54.07759],[-69.70679,54.06919],[-69.70342,54.03789],[-69.74087,54.02383],[-69.82734,53.99912],[-69.85557,53.97681],[-69.86865,53.95527],[-69.83447,53.94614],[-69.78203,53.94692],[-69.72217,53.96118],[-69.59546,53.99844],[-69.50215,54.01851],[-69.4124,54.03623],[-69.31978,54.02466],[-69.26895,54.04731],[-69.35117,54.08252]]]},"properties":{"name":"Réservoir de Caniapiscau"}},
{"type":"Feature","geometry":{"type":"Polygon","coordinates":[[[-68.67969,53.79839],[-68.68477,53.81206],[-68.73257,53.83589],[-68.84639,53.91055],[-68.86367,53.952],[-68.90259,53.98525],[-68.94937,53.99985],[-68.9791,54.01143],[-69.00488,54.0417],[-69.02207,54.02822],[-69.06157,54.00742],[-69.11562,54.02266],[-69.14614,54.03955],[-69.15981,54.02314],[-69.15439,53.99985],[-69.17095,53.98994],[-69.2001,53.98921],[-69.23052,53.97905],[-69.24253,53.96108],[-69.225,53.94893],[-69.06084,53.95762],[-69.00762,53.9397],[-68.96699,53.90757],[-68.90723,53.87627],[-68.81367,53.84595],[-68.7666,53.79634],[-68.78066,53.77495],[-68.80547,53.76504],[-68.85039,53.75488],[-68.86572,53.73677],[-68.83691,53.71709],[-68.82695,53.67573],[-68.86758,53.64492],[-68.94673,53.60908],[-68.98379,53.55879],[-69.04517,53.49214],[-69.08496,53.44424],[-69.05518,53.42769],[-68.97578,53.45581],[-68.93496,53.46885],[-68.90039,53.48325],[-68.86909,53.52329],[-68.86943,53.57588],[-68.85317,53.5938],[-68.77725,53.57729],[-68.71553,53.58257],[-68.70698,53.60986],[-68.72612,53.68896],[-68.70459,53.77451],[-68.67969,53.79839]]]},"properties":{"name":""}},
{"type":"Feature","geometry":{"type":"Polygon","coordinates":[[[-70.23267,54.44414],[-70.15498,54.43584],[-70.01528,54.43848],[-69.98818,54.42534],[-69.94868,54.42529],[-69.88203,54.45625],[-69.76562,54.46611],[-69.77422,54.49189],[-69.83945,54.52461],[-69.8396,54.5562],[-69.86001,54.62173],[-69.9002,54.7043],[-69.93491,54.73242],[-69.9834,54.74155],[-70.00801,54.72183],[-70.0292,54.67622],[-69.95972,54.68447],[-69.92012,54.65444],[-69.91191,54.61694],[-69.91191,54.55205],[-69.93164,54.51577],[-69.96953,54.48999],[-70.09531,54.47275],[-70.2144,54.47939],[-70.35737,54.42949],[-70.42441,54.40996],[-70.45957,54.43179],[-70.51714,54.44072],[-70.49746,54.40708],[-70.41943,54.35869],[-70.31211,54.40811],[-70.27441,54.43594],[-70.23267,54.44414]]]},"properties":{"name":""}},
{"type":"Feature","geometry":{"type":"Polygon","coordinates":[[[-88.05693,36.66934],[-88.20664,36.97061],[-88.2833,37.02153],[-88.27178,36.95059],[-88.12646,36.65498],[-88.08389,36.55479],[-88.08594,36.44688],[-88.11909,36.35464],[-88.11611,36.29277],[-88.09189,36.26035],[-88.06636,36.31431],[-88.03882,36.30679],[-87.99121,36.23413],[-87.98271,36.09888],[-88.04131,35.94854],[-87.97539,35.94526],[-87.93359,36.07383],[-87.91025,36.18701],[-87.95635,36.30288],[-88.00688,36.4271],[-88.02251,36.52827],[-88.05693,36.66934]]]},"properties":{"name":"Kentucky Lake"}},
{"type":"Feature","geometry":{"type":"Polygon","coordinates":[[[-82.41064,33.9541],[-82.44121,33.93838],[-82.48472,33.96602],[-82.546,34.00854],[-82.58926,34.01738],[-82.5772,33.9564],[-82.55332,33.9373],[-82.5791,33.86543],[-82.55508,33.87944],[-82.52065,33.89321],[-82.49072,33.8979],[-82.41924,33.8457],[-82.30806,33.77588],[-82.27524,33.72544],[-82.43916,33.67119],[-82.54131,33.66235],[-82.57471,33.64268],[-82.46763,33.64072],[-82.33208,33.67217],[-82.20835,33.66357],[-82.18765,33.6938],[-82.24731,33.77393],[-82.32715,33.84702],[-82.38101,33.92686],[-82.41064,33.9541]]]},"properties":{"name":"J. Strom Thurmond Lake"}},
{"type":"Feature","geometry":{"type":"Polygon","coordinates":[[[-118.40244,52.17236],[-118.56509,52.30278],[-118.67744,52.41128],[-118.93086,52.61826],[-119.05806,52.72744],[-119.12764,52.73857],[-118.89023,52.54878],[-118.75054,52.4041],[-118.6417,52.33188],[-118.55132,52.24126],[-118.52661,52.1021],[-118.49863,52.06929],[-118.44834,52.06016],[-118.39229,52.06929],[-118.36621,52.08999],[-118.32231,52.10298],[-118.21802,52.12939],[-118.18047,52.17808],[-118.28662,52.15854],[-118.40244,52.17236]]]},"properties":{"name":"Kinbasket Lake"}},
{"type":"Feature","geometry":{"type":"Polygon","coordinates":[[[-81.68389,29.36768],[-81.66313,29.31416],[-81.63955,29.25776],[-81.59546,29.19795],[-81.5292,29.22407],[-81.54028,29.28735],[-81.64004,29.41445],[-81.68286,29.50522],[-81.68389,29.36768]]]},"properties":{"name":"Lake George"}},
{"type":"Feature","geometry":{"type":"Polygon","coordinates":[[[-114.35894,34.43809],[-114.26069,34.36826],[-114.18862,34.31802],[-114.16353,34.25337],[-114.13408,34.24165],[-114.08169,34.31802],[-114.22139,34.42065],[-114.32705,34.47773],[-114.3769,34.5397],[-114.40479,34.48828],[-114.35894,34.43809]]]},"properties":{"name":"Lake Havasu"}},
{"type":"Feature","geometry":{"type":"Polygon","coordinates":[[[-122.23169,40.871],[-122.25889,40.86069],[-122.30127,40.80376],[-122.35098,40.78408],[-122.36216,40.81958],[-122.39521,40.8291],[-122.41709,40.76836],[-122.42617,40.74375],[-122.4106,40.72144],[-122.36426,40.72437],[-122.24072,40.75435],[-122.15122,40.7458],[-122.10166,40.76626],[-122.09468,40.7835],[-122.11558,40.7998],[-122.22886,40.79341],[-122.24229,40.80586],[-122.23169,40.871]]]},"properties":{"name":"Shasta Lake"}},
{"type":"Feature","geometry":{"type":"Polygon","coordinates":[[[-114.0981,65.37817],[-114.05474,65.36084],[-113.94985,65.3353],[-113.78706,65.24399],[-113.61763,65.25293],[-113.50747,65.27227],[-113.32363,65.25977],[-113.06299,65.21621],[-112.99722,65.19551],[-112.9394,65.2127],[-112.88359,65.20273],[-112.82227,65.19009],[-112.64985,65.1603],[-112.52793,65.15957],[-112.45679,65.15264],[-112.41729,65.10361],[-112.35024,65.01289],[-112.31782,64.96016],[-112.28779,64.95166],[-112.24194,64.96558],[-112.28984,65.0376],[-112.34556,65.12842],[-112.30654,65.18281],[-112.22207,65.19224],[-112.21738,65.22549],[-112.2937,65.22031],[-112.42666,65.22134],[-112.46157,65.22031],[-112.5498,65.20659],[-112.67812,65.20342],[-112.87119,65.2416],[-113.12471,65.29238],[-113.27217,65.30635],[-113.31206,65.31831],[-113.31597,65.33228],[-113.22368,65.35562],[-113.1248,65.36084],[-113.11274,65.38516],[-113.27051,65.40073],[-113.40063,65.38164],[-113.51699,65.38511],[-113.621,65.41636],[-113.8396,65.36777],[-113.90986,65.402],[-113.92979,65.425],[-113.93696,65.44385],[-114.00068,65.44795],[-114.07725,65.47573],[-114.1689,65.49565],[-114.22178,65.52212],[-114.28721,65.55513],[-114.29814,65.60005],[-114.18286,65.61123],[-114.17334,65.63838],[-114.22871,65.677],[-114.39658,65.65713],[-114.38091,65.61587],[-114.40513,65.56108],[-114.44165,65.4771],[-114.18486,65.44585],[-114.0981,65.37817]]]},"properties":{"name":"Point Lake"}},
{"type":"Feature","geometry":{"type":"Polygon","coordinates":[[[-121.94136,42.60435],[-121.96548,42.58984],[-122.01665,42.52266],[-122.05952,42.47471],[-122.04214,42.42832],[-121.95684,42.39595],[-121.92061,42.3604],[-121.92202,42.33237],[-121.8415,42.2563],[-121.80937,42.25127],[-121.80645,42.28877],[-121.82769,42.40903],[-121.92119,42.47515],[-121.9478,42.49937],[-121.94136,42.60435]]]},"properties":{"name":"Upper Klamath Lake"}},
{"type":"Feature","geometry":{"type":"Polygon","coordinates":[[[-119.19512,43.22935],[-119.16313,43.18418],[-119.0813,43.16021],[-119.02339,43.19741],[-119.00522,43.23877],[-119.01929,43.25859],[-119.13252,43.3082],[-119.18325,43.28188],[-119.20537,43.25557],[-119.19512,43.22935]]]},"properties":{"name":"Harney Lake"}},
{"type":"Feature","geometry":{"type":"Polygon","coordinates":[[[-67.70776,45.69209],[-67.78706,45.75898],[-67.86299,45.7396],[-67.77896,45.67012],[-67.62549,45.60225],[-67.5124,45.58936],[-67.44941,45.60708],[-67.46094,45.64165],[-67.48008,45.68306],[-67.53271,45.64253],[-67.60044,45.6373],[-67.70776,45.69209]]]},"properties":{"name":"Chiputneticook Lakes"}},
{"type":"Feature","geometry":{"type":"Polygon","coordinates":[[[-49.70898,-4.42217],[-49.675,-4.4374],[-49.65259,-4.48398],[-49.67549,-4.5457],[-49.71348,-4.59258],[-49.67676,-4.61748],[-49.59243,-4.65225],[-49.54922,-4.73975],[-49.53184,-4.84609],[-49.41504,-5.04385],[-49.35063,-5.18311],[-49.28125,-5.30117],[-49.17021,-5.38789],[-48.97109,-5.33311],[-48.93721,-5.30293],[-48.96221,-5.27568],[-49.17607,-5.27529],[-49.28125,-5.16484],[-49.33765,-4.94512],[-49.34717,-4.88125],[-49.28984,-4.83594],[-49.28262,-4.8002],[-49.31597,-4.7251],[-49.29766,-4.67852],[-49.34966,-4.60166],[-49.43467,-4.48965],[-49.42871,-4.45352],[-49.44775,-4.36006],[-49.49888,-4.28301],[-49.52412,-4.25664],[-49.52402,-4.22627],[-49.54316,-4.12461],[-49.59238,-3.95762],[-49.62568,-3.84795],[-49.68726,-3.83477],[-49.71494,-3.85547],[-49.71611,-3.9582],[-49.71924,-4.02842],[-49.74854,-4.05811],[-49.75332,-4.11514],[-49.80908,-4.17471],[-49.81562,-4.19443],[-49.81479,-4.26025],[-49.85884,-4.29844],[-49.86504,-4.32129],[-49.82578,-4.39131],[-49.81006,-4.40938],[-49.70898,-4.42217]]]},"properties":{"name":"Represa de Tucuruí"}},
{"type":"Feature","geometry":{"type":"Polygon","coordinates":[[[-44.97202,-18.78203],[-44.98901,-18.76904],[-45.00015,-18.73867],[-45.01689,-18.72266],[-45.03623,-18.75898],[-45.09717,-18.775],[-45.15195,-18.73496],[-45.1562,-18.68643],[-45.13599,-18.64033],[-45.13301,-18.6083],[-45.148,-18.59785],[-45.18086,-18.60684],[-45.18457,-18.56875],[-45.1916,-18.51406],[-45.2124,-18.48926],[-45.25879,-18.47354],[-45.28486,-18.41426],[-45.25322,-18.29609],[-45.23003,-18.23076],[-45.26221,-18.2043],[-45.28701,-18.20117],[-45.35967,-18.23945],[-45.37852,-18.26777],[-45.3292,-18.27285],[-45.32822,-18.30283],[-45.35347,-18.35918],[-45.35498,-18.39473],[-45.43437,-18.43301],[-45.47876,-18.47373],[-45.50674,-18.54541],[-45.51553,-18.58604],[-45.47583,-18.56406],[-45.42861,-18.55645],[-45.39956,-18.52363],[-45.36714,-18.48809],[-45.31841,-18.50078],[-45.29756,-18.54082],[-45.33125,-18.60264],[-45.34888,-18.6207],[-45.37178,-18.63584],[-45.35928,-18.65996],[-45.28276,-18.6252],[-45.25537,-18.62305],[-45.25791,-18.67813],[-45.2897,-18.76436],[-45.3397,-18.80088],[-45.33994,-18.82891],[-45.28145,-18.85303],[-45.24736,-18.83818],[-45.23633,-18.75811],[-45.21357,-18.75313],[-45.19487,-18.83096],[-45.20947,-18.88184],[-45.25073,-18.90928],[-45.38599,-18.92344],[-45.39551,-18.93867],[-45.39668,-19.00703],[-45.30981,-18.97363],[-45.21675,-18.9625],[-45.19927,-18.95723],[-45.1562,-18.94795],[-45.11182,-19.0292],[-45.08872,-19.05088],[-45.07734,-19.00488],[-45.12075,-18.88662],[-45.12876,-18.84883],[-45.11792,-18.82959],[-45.04438,-18.82773],[-44.96714,-18.8498],[-44.91992,-18.85723],[-44.90308,-18.84072],[-44.93237,-18.82383],[-44.9417,-18.79434],[-44.97202,-18.78203]]]},"properties":{"name":"Represa Três Marias"}},
{"type":"Feature","geometry":{"type":"Polygon","coordinates":[[[-51.41606,-20.42578],[-51.39678,-20.44141],[-51.3627,-20.45186],[-51.30454,-20.44092],[-51.19673,-20.49893],[-51.06553,-20.529],[-51.06479,-20.51299],[-51.17729,-20.4582],[-51.24502,-20.39189],[-51.20718,-20.36816],[-51.14834,-20.35078],[-51.1124,-20.3373],[-51.0895,-20.3376],[-51.03643,-20.3291],[-50.98252,-20.30674],[-50.91294,-20.31934],[-50.93447,-20.26475],[-50.97813,-20.23193],[-50.98516,-20.16992],[-50.93555,-20.08955],[-50.84434,-20.03242],[-50.79194,-19.99531],[-50.66855,-19.94736],[-50.58208,-19.82012],[-50.66758,-19.84063],[-50.80747,-19.93164],[-50.94878,-19.98105],[-50.95518,-19.9125],[-50.97021,-19.72676],[-50.99746,-19.66758],[-51.03013,-19.71777],[-51.05107,-19.78066],[-51.04932,-20.01338],[-51.05,-20.0999],[-51.07788,-20.17471],[-51.1043,-20.1791],[-51.14976,-20.14688],[-51.17241,-20.18467],[-51.15562,-20.23965],[-51.18145,-20.25674],[-51.27153,-20.25547],[-51.31426,-20.28086],[-51.38115,-20.27705],[-51.42705,-20.25693],[-51.43809,-20.28359],[-51.3958,-20.35479],[-51.41309,-20.37314],[-51.42324,-20.39688],[-51.41606,-20.42578]]]},"properties":{"name":""}},
{"type":"Feature","geometry":{"type":"Polygon","coordinates":[[[-72.60903,-40.6584],[-72.57036,-40.68975],[-72.46396,-40.7043],[-72.36963,-40.66318],[-72.36479,-40.63896],[-72.39141,-40.62207],[-72.54136,-40.61719],[-72.60903,-40.6584]]]},"properties":{"name":""}},
{"type":"Feature","geometry":{"type":"Polygon","coordinates":[[[-68.67627,-45.42246],[-68.70151,-45.36943],[-68.76646,-45.36523],[-68.8021,-45.41348],[-68.83564,-45.41348],[-68.85869,-45.38828],[-68.87544,-45.29395],[-68.93447,-45.26426],[-68.96982,-45.28213],[-68.97568,-45.32363],[-68.96602,-45.44688],[-68.92256,-45.5291],[-68.84819,-45.64395],[-68.70786,-45.65713],[-68.59922,-45.64482],[-68.56562,-45.60684],[-68.57363,-45.56777],[-68.60107,-45.55],[-68.64077,-45.51162],[-68.66426,-45.46055],[-68.67627,-45.42246]]]},"properties":{"name":"Lago Colhué Huapí"}},
{"type":"Feature","geometry":{"type":"Polygon","coordinates":[[[9.12754,47.6707],[9.09365,47.71606],[8.99873,47.75186],[8.97666,47.72983],[8.98086,47.70229],[8.94834,47.68604],[8.88115,47.6564],[9.12754,47.6707]]]},"properties":{"name":""}},
{"type":"Feature","geometry":{"type":"Polygon","coordinates":[[[36.86738,62.1981],[36.89834,62.17935],[36.98301,62.21118],[37.02549,62.26172],[37.01162,62.29546],[37.03486,62.36841],[37.01533,62.42793],[36.90869,62.46626],[36.84707,62.45894],[36.81299,62.43027],[36.80205,62.36387],[36.78428,62.29126],[36.76797,62.2604],[36.77598,62.23882],[36.82705,62.2229],[36.86738,62.1981]]]},"properties":{"name":""}},
{"type":"Feature","geometry":{"type":"Polygon","coordinates":[[[38.90898,60.58594],[38.9585,60.59458],[39.0083,60.57334],[39.05449,60.5229],[39.06895,60.47461],[39.0415,60.43784],[39.02783,60.41079],[39.03125,60.39531],[39.0957,60.39448],[39.15029,60.44248],[39.1876,60.49609],[39.18506,60.61694],[39.17266,60.67974],[39.08516,60.71816],[38.9377,60.76709],[38.86582,60.77734],[38.84434,60.73433],[38.88984,60.66406],[38.89199,60.58491],[38.90898,60.58594]]]},"properties":{"name":""}},
{"type":"Feature","geometry":{"type":"Polygon","coordinates":[[[31.54531,64.43516],[31.87324,64.41602],[32.00215,64.40503],[32.04395,64.45967],[32.01455,64.49468],[31.89805,64.5147],[31.82109,64.55288],[31.76455,64.55747],[31.7834,64.52417],[31.79004,64.49541],[31.74268,64.47729],[31.64766,64.47476],[31.59424,64.47656],[31.47275,64.48169],[31.36973,64.50049],[31.3457,64.46528],[31.54531,64.43516]]]},"properties":{"name":""}},
{"type":"Feature","geometry":{"type":"Polygon","coordinates":[[[32.40566,67.45728],[32.3417,67.48716],[32.21592,67.53916],[32.07061,67.54346],[31.94434,67.54419],[31.89863,67.51226],[32.12461,67.43447],[32.246,67.41475],[32.34199,67.44248],[32.40566,67.45728]]]},"properties":{"name":""}},
{"type":"Feature","geometry":{"type":"Polygon","coordinates":[[[35.15898,67.8106],[35.22188,67.84487],[35.26035,67.88027],[35.25566,67.92349],[35.24326,67.95586],[35.29697,68.00562],[35.29063,68.07793],[35.24668,68.0999],[35.22148,68.05903],[35.09941,67.97905],[35.0915,67.94033],[35.1377,67.92617],[35.15762,67.90645],[35.12891,67.87466],[35.05547,67.82715],[34.99512,67.80127],[35.07998,67.70698],[35.12646,67.75112],[35.13555,67.78193],[35.15898,67.8106]]]},"properties":{"name":""}},
{"type":"Feature","geometry":{"type":"Polygon","coordinates":[[[67.99082,41.25474],[67.9334,41.22461],[68.02432,41.09878],[68.13535,41.04829],[68.27998,41.05156],[68.40273,41.07793],[68.45586,41.10679],[68.39297,41.16104],[68.24307,41.18911],[68.16172,41.19956],[67.99082,41.25474]]]},"properties":{"name":"Shardara Bögeni"}},
{"type":"Feature","geometry":{"type":"Polygon","coordinates":[[[111.12012,62.61963],[111.08965,62.56958],[111.05117,62.5439],[110.97949,62.54004],[110.85127,62.54556],[110.78418,62.52837],[110.85234,62.49893],[110.85879,62.47798],[110.8751,62.46816],[110.91592,62.48794],[111.0124,62.50435],[111.13662,62.48271],[111.20889,62.43135],[111.23496,62.3749],[111.24287,62.30918],[111.20879,62.25649],[111.11953,62.2208],[111.12344,62.16401],[111.15645,62.11006],[111.08809,62.05059],[110.97285,62.06108],[110.94668,62.08296],[110.93672,62.08613],[110.88652,62.08413],[110.81025,62.11069],[110.75713,62.09868],[110.67441,62.12056],[110.60625,62.13105],[110.4334,62.19395],[110.14521,62.20439],[109.93203,62.10259],[109.81631,62.05537],[109.71406,62.03853],[109.62686,62.05254],[109.63672,62.00718],[109.60391,61.94209],[109.55771,61.89956],[109.56768,61.87793],[109.55986,61.79946],[109.60127,61.78311],[109.63516,61.83623],[109.66523,61.91069],[109.82705,61.99404],[110.01592,62.07832],[110.16045,62.12407],[110.30313,62.13364],[110.35049,62.11001],[110.41699,62.09268],[110.55371,62.079],[110.61768,62.06416],[110.89971,62.01055],[111.04639,61.9896],[111.25078,61.9896],[111.39902,62.05776],[111.29551,62.13066],[111.28564,62.19087],[111.34951,62.22344],[111.42285,62.21875],[111.4834,62.19585],[111.55088,62.18721],[111.60391,62.21362],[111.37187,62.28296],[111.38955,62.32705],[111.5041,62.34873],[111.66279,62.31138],[111.66641,62.33125],[111.63994,62.36133],[111.60479,62.39028],[111.48906,62.40171],[111.32783,62.39746],[111.29307,62.43125],[111.29404,62.46001],[111.3585,62.47168],[111.35898,62.49404],[111.31709,62.54976],[111.39014,62.61084],[111.42441,62.65337],[111.38848,62.72319],[111.37637,62.80513],[111.34492,62.84712],[111.29316,62.88311],[111.19053,62.94009],[111.20664,63.00518],[111.31836,63.02847],[111.41602,63.02847],[111.51836,63.04707],[111.59238,63.07671],[111.64023,63.14316],[111.70918,63.18667],[111.78643,63.1958],[111.84375,63.1605],[111.83936,63.1208],[111.77441,63.07031],[111.65703,63.04087],[111.6334,62.97275],[111.56104,62.96816],[111.52129,62.95313],[111.46963,62.94395],[111.4082,62.93975],[111.39932,62.91851],[111.43516,62.89351],[111.48789,62.8728],[111.58066,62.85752],[111.63076,62.86323],[111.69287,62.86401],[111.7293,62.84604],[111.77676,62.86221],[111.84648,62.87349],[111.91523,62.84912],[112.04941,62.81812],[112.10576,62.78276],[112.175,62.76465],[112.27793,62.78984],[112.36816,62.84199],[112.38018,62.92002],[112.4002,62.99971],[112.48027,63.02031],[112.43975,63.07495],[112.23438,63.12603],[112.14805,63.24868],[112.13477,63.31484],[112.13916,63.38101],[112.1709,63.42402],[112.12549,63.43242],[112.07949,63.40884],[111.90986,63.41182],[111.81563,63.3834],[111.90801,63.36973],[112.04658,63.31484],[112.07754,63.23545],[112.12012,63.12993],[112.1084,63.05391],[112.11514,63.01724],[112.15488,62.97017],[112.12002,62.9168],[112.05977,62.91353],[111.99805,62.90029],[111.92363,62.91265],[111.82871,62.96016],[111.83047,63.00322],[111.98535,63.09712],[111.97656,63.11904],[111.9,63.21919],[111.79766,63.26577],[111.69043,63.28892],[111.65215,63.28345],[111.59619,63.28257],[111.53584,63.28843],[111.58359,63.21777],[111.55752,63.16533],[111.47334,63.12964],[111.33447,63.11592],[111.27344,63.11875],[111.21074,63.13779],[111.16006,63.17642],[111.14395,63.21909],[111.17021,63.29497],[111.1623,63.3083],[111.17031,63.35308],[111.14316,63.42373],[111.10293,63.41504],[111.07637,63.34873],[111.04248,63.31079],[111.04951,63.29282],[111.04395,63.2687],[111.08604,63.09409],[111.01465,63.0458],[110.94414,62.99736],[110.86484,63.01934],[110.77178,63.03589],[110.71924,63.06348],[110.72813,63.08994],[110.88594,63.12471],[110.91396,63.14619],[110.93936,63.15923],[110.91836,63.17793],[110.84307,63.18984],[110.79492,63.21914],[110.74355,63.2394],[110.69092,63.21724],[110.66836,63.19878],[110.5457,63.19795],[110.49951,63.23315],[110.47432,63.24995],[110.56807,63.33618],[110.61035,63.38838],[110.5625,63.42173],[110.48154,63.45957],[110.43066,63.45947],[110.24678,63.48486],[110.12725,63.5356],[110.11279,63.57295],[110.14551,63.60024],[110.13555,63.62134],[110.0957,63.62515],[110.05615,63.59429],[110.03838,63.55767],[109.9459,63.48008],[109.89902,63.45586],[109.74648,63.46553],[109.58682,63.45547],[109.64795,63.42397],[109.75039,63.40532],[109.84805,63.38208],[110.00156,63.42861],[110.1623,63.4394],[110.27354,63.39966],[110.38887,63.35015],[110.39307,63.29219],[110.37422,63.24194],[110.29072,63.21812],[110.20039,63.21685],[110.09424,63.22212],[110.03867,63.20791],[110.10918,63.17236],[110.23027,63.15527],[110.37266,63.13857],[110.48438,63.13594],[110.49434,63.09873],[110.4332,63.04604],[110.43057,62.98867],[110.64834,62.98188],[110.83906,62.91211],[111.13906,62.84849],[111.15449,62.80815],[111.16475,62.79248],[111.15801,62.73979],[111.19355,62.70737],[111.16553,62.67222],[111.12012,62.61963]]]},"properties":{"name":"Vilyuy Reservoir"}},
{"type":"Feature","geometry":{"type":"Polygon","coordinates":[[[139.88105,53.55566],[139.74775,53.52383],[139.6585,53.4562],[139.67168,53.39048],[139.74883,53.34766],[139.81592,53.34014],[139.82266,53.36118],[139.80869,53.39951],[139.85498,53.46001],[139.92197,53.52671],[139.88105,53.55566]]]},"properties":{"name":""}},
{"type":"Feature","geometry":{"type":"Polygon","coordinates":[[[174.4293,64.56948],[174.35176,64.5938],[174.37793,64.66001],[174.37285,64.70151],[174.35205,64.67607],[174.27266,64.6082],[174.20742,64.51299],[174.3375,64.43711],[174.54072,64.4332],[174.6709,64.48101],[174.76582,64.56782],[174.80361,64.64976],[174.71309,64.66909],[174.60703,64.65151],[174.60518,64.6147],[174.5752,64.58057],[174.4293,64.56948]]]},"properties":{"name":"Ozero Krasnoye"}},
{"type":"Feature","geometry":{"type":"Polygon","coordinates":[[[136.05781,35.38726],[136.03223,35.30396],[135.96914,35.20332],[135.8916,35.09287],[135.88926,34.9998],[135.92197,35.02603],[135.98057,35.09785],[136.21426,35.26401],[136.26807,35.34717],[136.22451,35.40742],[136.18223,35.45332],[136.13691,35.46606],[136.08281,35.44297],[136.05781,35.38726]]]},"properties":{"name":"Biwa Ko"}},
{"type":"Feature","geometry":{"type":"Polygon","coordinates":[[[-137.14761,61.50342],[-137.2627,61.57695],[-137.33081,61.61157],[-137.4417,61.65195],[-137.52183,61.63579],[-137.33174,61.54199],[-137.16802,61.4499],[-137.08286,61.29229],[-137.03291,61.26206],[-137.01177,61.23457],[-137.0001,61.2271],[-136.98862,61.2354],[-136.99165,61.27266],[-137.04204,61.31035],[-137.07544,61.38608],[-137.09575,61.45693],[-137.14761,61.50342]]]},"properties":{"name":"Aishihik Lake"}},
{"type":"Feature","geometry":{"type":"Polygon","coordinates":[[[-155.45342,58.63687],[-155.43452,58.6605],[-155.55986,58.66289],[-155.8377,58.68335],[-156.00635,58.68804],[-156.03726,58.69976],[-156.09014,58.71328],[-156.15283,58.7293],[-156.19658,58.72397],[-156.19814,58.71182],[-156.34346,58.70898],[-156.40869,58.69067],[-156.38003,58.66455],[-156.32305,58.6293],[-156.16177,58.60459],[-156.02798,58.60044],[-155.84082,58.59736],[-155.74805,58.55464],[-155.65327,58.51958],[-155.51968,58.5145],[-155.473,58.53047],[-155.49629,58.54775],[-155.64648,58.57646],[-155.65483,58.60156],[-155.57559,58.6168],[-155.45342,58.63687]]]},"properties":{"name":""}},
{"type":"Feature","geometry":{"type":"Polygon","coordinates":[[[-162.83818,61.04063],[-162.7126,61.07705],[-162.80122,61.08091],[-163.0022,61.10947],[-163.03057,61.08315],[-162.83818,61.04063]]]},"properties":{"name":""}},
{"type":"Feature","geometry":{"type":"Polygon","coordinates":[[[-154.473,60.22241],[-154.54146,60.18887],[-154.57285,60.18257],[-154.6416,60.14326],[-154.75215,60.06963],[-154.72021,60.04009],[-154.54922,60.11338],[-154.25991,60.22954],[-154.05576,60.30117],[-153.65928,60.40361],[-153.62656,60.43628],[-153.68872,60.43062],[-154.08882,60.33994],[-154.31182,60.27866],[-154.473,60.22241]]]},"properties":{"name":"Lake Clark"}},
{"type":"Feature","geometry":{"type":"Polygon","coordinates":[[[-151.16582,60.22656],[-151.05967,60.21807],[-151.02148,60.20562],[-150.93701,60.16758],[-150.83096,60.12778],[-150.76699,60.08213],[-150.71602,60.05181],[-150.68145,60.0478],[-150.65366,60.12144],[-150.71748,60.15913],[-150.89434,60.27207],[-151.0646,60.30479],[-151.14932,60.25313],[-151.16582,60.22656]]]},"properties":{"name":""}},
{"type":"Feature","geometry":{"type":"Polygon","coordinates":[[[-160.0022,61.35049],[-159.93394,61.36689],[-159.97051,61.40205],[-160.03799,61.42173],[-160.10269,61.40625],[-160.13081,61.35845],[-160.08867,61.34004],[-160.0022,61.35049]]]},"properties":{"name":""}},
{"type":"Feature","geometry":{"type":"Polygon","coordinates":[[[-162.30742,60.95098],[-162.36216,60.98999],[-162.39668,60.95],[-162.39595,60.89878],[-162.37031,60.82998],[-162.275,60.82119],[-162.24194,60.82695],[-162.20405,60.85283],[-162.26479,60.88989],[-162.29707,60.91802],[-162.30742,60.95098]]]},"properties":{"name":""}},
{"type":"Feature","geometry":{"type":"Polygon","coordinates":[[[-163.70615,61.56191],[-163.78291,61.60244],[-163.93096,61.64839],[-163.97344,61.64526],[-163.95903,61.61865],[-163.87476,61.57803],[-163.72935,61.52266],[-163.69897,61.47202],[-163.63818,61.5186],[-163.70615,61.56191]]]},"properties":{"name":""}},
{"type":"Feature","geometry":{"type":"Polygon","coordinates":[[[-163.45913,62.671],[-163.40986,62.679],[-163.45571,62.71016],[-163.5645,62.6856],[-163.61895,62.67534],[-163.58223,62.60015],[-163.52354,62.57446],[-163.50029,62.65239],[-163.45913,62.671]]]},"properties":{"name":""}},
{"type":"Feature","geometry":{"type":"Polygon","coordinates":[[[-87.66108,34.81362],[-87.70044,34.77339],[-87.63677,34.76499],[-87.5125,34.79204],[-87.3231,34.76665],[-86.95869,34.56509],[-86.89854,34.57476],[-86.93496,34.6104],[-87.00605,34.68252],[-87.26763,34.80762],[-87.38281,34.85146],[-87.54214,34.85063],[-87.66108,34.81362]]]},"properties":{"name":"Wheeler Lake"}},
{"type":"Feature","geometry":{"type":"Polygon","coordinates":[[[91.05205,50.2084],[90.94209,50.21421],[90.89131,50.13569],[90.96055,50.08032],[91.07822,50.09946],[91.13105,50.13018],[91.11719,50.1752],[91.05205,50.2084]]]},"properties":{"name":"Üüreg Nuur"}},
{"type":"Feature","geometry":{"type":"Polygon","coordinates":[[[90.40137,33.52632],[90.31875,33.70176],[90.28867,33.63828],[90.28193,33.5687],[90.28955,33.47471],[90.18643,33.41621],[90.04697,33.44521],[90.00625,33.43662],[90.0333,33.38525],[90.10127,33.37725],[90.24658,33.3251],[90.32178,33.36318],[90.39395,33.4356],[90.40137,33.52632]]]},"properties":{"name":""}},
{"type":"Feature","geometry":{"type":"Polygon","coordinates":[[[89.70996,33.46875],[89.73428,33.44741],[89.78574,33.4168],[89.80566,33.28564],[89.82998,33.25581],[89.88975,33.3293],[89.91875,33.37554],[89.96963,33.47988],[89.93516,33.52285],[89.87617,33.50518],[89.83223,33.48022],[89.77051,33.4687],[89.70996,33.46875]]]},"properties":{"name":""}},
{"type":"Feature","geometry":{"type":"Polygon","coordinates":[[[76.16914,31.9002],[76.17139,31.96191],[76.09463,32.07344],[75.98281,32.15317],[75.93574,32.13921],[75.93828,32.06133],[75.9748,31.97246],[76.08193,31.90884],[76.16914,31.9002]]]},"properties":{"name":""}},
{"type":"Feature","geometry":{"type":"Polygon","coordinates":[[[91.46895,31.94746],[91.51836,31.94302],[91.52949,31.96587],[91.53242,32.07974],[91.51143,32.1332],[91.45469,32.11216],[91.42393,32.06191],[91.43701,31.99102],[91.46895,31.94746]]]},"properties":{"name":""}},
{"type":"Feature","geometry":{"type":"Polygon","coordinates":[[[87.41484,31.85166],[87.53027,31.84707],[87.5958,31.90308],[87.59062,31.94766],[87.54609,31.96875],[87.48955,31.95435],[87.42402,31.91172],[87.41484,31.85166]]]},"properties":{"name":""}},
{"type":"Feature","geometry":{"type":"Polygon","coordinates":[[[78.44297,33.9394],[78.55264,33.85117],[78.73428,33.677],[78.91406,33.69663],[78.97559,33.72349],[78.96055,33.74102],[78.75801,33.74727],[78.65781,33.81646],[78.49043,33.97354],[78.44297,33.9394]]]},"properties":{"name":"Banggong Co"}},
{"type":"Feature","geometry":{"type":"Polygon","coordinates":[[[69.2875,50.68799],[69.22676,50.61621],[69.09082,50.56387],[68.99277,50.56387],[68.86133,50.57104],[68.779,50.51338],[68.75918,50.43799],[68.71895,50.32998],[68.69023,50.26597],[68.77832,50.22842],[68.93779,50.179],[69.07402,50.20054],[69.14814,50.24116],[69.2002,50.25366],[69.25576,50.25435],[69.25908,50.3106],[69.23662,50.35352],[69.05674,50.36387],[69.03584,50.39653],[69.04717,50.42568],[69.10869,50.46011],[69.2749,50.58774],[69.33457,50.60449],[69.39004,50.59902],[69.5001,50.59111],[69.6125,50.6145],[69.6167,50.67617],[69.51631,50.69292],[69.37051,50.71924],[69.2875,50.68799]]]},"properties":{"name":"Tengiz Köli"}},
{"type":"Feature","geometry":{"type":"Polygon","coordinates":[[[64.57363,52.60488],[64.50137,52.53506],[64.51504,52.51572],[64.64873,52.55313],[64.72197,52.59395],[64.76533,52.61279],[64.79404,52.62373],[64.88984,52.67188],[64.96709,52.73115],[64.98232,52.88286],[64.94873,52.90811],[64.88359,52.85596],[64.79004,52.76777],[64.68535,52.6874],[64.57363,52.60488]]]},"properties":{"name":"Qusmuryn Köli"}},
{"type":"Feature","geometry":{"type":"Polygon","coordinates":[[[11.79678,61.93931],[11.77793,62.05244],[11.74229,62.00845],[11.75273,61.92881],[11.79678,61.93931]]]},"properties":{"name":"Femunden"}},
{"type":"Feature","geometry":{"type":"Polygon","coordinates":[[[11.84551,62.21187],[11.76611,62.15352],[11.73604,62.13838],[11.72129,62.10273],[11.84287,62.04614],[11.88271,61.93091],[11.92666,61.93091],[11.90215,62.02612],[11.88506,62.08862],[11.9001,62.1436],[11.92891,62.20513],[11.95,62.30972],[11.9665,62.40664],[11.92246,62.42129],[11.89219,62.39956],[11.89326,62.29985],[11.84551,62.21187]]]},"properties":{"name":"Femunden"}},
{"type":"Feature","geometry":{"type":"Polygon","coordinates":[[[-76.6772,51.37344],[-76.76221,51.39082],[-76.81948,51.41577],[-76.8395,51.40435],[-76.86162,51.37969],[-76.90322,51.35464],[-76.98257,51.34316],[-77.02593,51.32871],[-76.75122,51.28823],[-76.56323,51.34448],[-76.55352,51.36401],[-76.6772,51.37344]]]},"properties":{"name":""}},
{"type":"Feature","geometry":{"type":"Polygon","coordinates":[[[-91.41777,51.11953],[-91.4167,51.14326],[-91.44146,51.16289],[-91.5043,51.16216],[-91.60859,51.16597],[-91.64678,51.15356],[-91.59131,51.11787],[-91.54155,51.0855],[-91.38989,51.07104],[-91.41777,51.11953]]]},"properties":{"name":""}},
{"type":"Feature","geometry":{"type":"Polygon","coordinates":[[[-91.97041,51.95771],[-91.99121,51.93682],[-91.96812,51.92441],[-91.93174,51.89424],[-91.91045,51.91108],[-91.89536,51.9519],[-91.94951,51.98208],[-91.97041,51.95771]]]},"properties":{"name":""}},
{"type":"Feature","geometry":{"type":"Polygon","coordinates":[[[-78.61631,51.07715],[-78.72041,51.10894],[-78.79434,51.1459],[-78.82739,51.15229],[-78.81299,51.09736],[-78.5498,51.03374],[-78.61631,51.07715]]]},"properties":{"name":""}},
{"type":"Feature","geometry":{"type":"Polygon","coordinates":[[[-78.62793,47.59692],[-78.60425,47.6083],[-78.58379,47.62461],[-78.57124,47.65625],[-78.61187,47.68062],[-78.72407,47.68369],[-78.79194,47.69097],[-78.81279,47.6564],[-78.798,47.62563],[-78.78696,47.59492],[-78.76284,47.57026],[-78.69639,47.57666],[-78.62793,47.59692]]]},"properties":{"name":""}},
{"type":"Feature","geometry":{"type":"Polygon","coordinates":[[[-77.27319,47.59126],[-77.28833,47.61372],[-77.30366,47.60693],[-77.32197,47.57349],[-77.30444,47.51318],[-77.27031,47.46289],[-77.28853,47.38599],[-77.25942,47.34673],[-77.18135,47.36899],[-77.16499,47.38936],[-77.17861,47.41152],[-77.18467,47.4562],[-77.11938,47.47729],[-76.96562,47.44233],[-76.93481,47.48755],[-76.96294,47.50234],[-77.06533,47.5085],[-77.10151,47.54512],[-77.12881,47.56084],[-77.17695,47.54697],[-77.23545,47.54951],[-77.27319,47.59126]]]},"properties":{"name":""}},
{"type":"Feature","geometry":{"type":"Polygon","coordinates":[[[-108.08965,64.71538],[-108.06323,64.69653],[-107.9875,64.71011],[-107.97915,64.72036],[-108.01582,64.74517],[-108.0438,64.74897],[-108.08462,64.7373],[-108.08965,64.71538]]]},"properties":{"name":""}},
{"type":"Feature","geometry":{"type":"Polygon","coordinates":[[[-108.18867,64.64634],[-108.18027,64.6856],[-108.24023,64.68398],[-108.3293,64.65381],[-108.49434,64.59751],[-108.5333,64.56206],[-108.48076,64.55864],[-108.23999,64.62471],[-108.20889,64.63442],[-108.18867,64.64634]]]},"properties":{"name":""}},
{"type":"Feature","geometry":{"type":"Polygon","coordinates":[[[-108.9291,64.60029],[-108.854,64.5606],[-108.82095,64.55176],[-108.85195,64.60635],[-108.89282,64.66436],[-108.93027,64.70586],[-109.06177,64.72676],[-109.07065,64.71118],[-109.06128,64.68623],[-109.09785,64.65557],[-109.10044,64.60298],[-109.09033,64.58696],[-109.05591,64.59365],[-108.98853,64.61348],[-108.9291,64.60029]]]},"properties":{"name":""}},
{"type":"Feature","geometry":{"type":"Polygon","coordinates":[[[-109.25088,64.59365],[-109.23545,64.56499],[-109.27295,64.53633],[-109.22441,64.53633],[-109.1605,64.54736],[-109.14946,64.58042],[-109.27202,64.66196],[-109.28398,64.70166],[-109.25649,64.72749],[-109.24033,64.74023],[-109.29146,64.75811],[-109.34707,64.75752],[-109.36011,64.73428],[-109.3623,64.70234],[-109.33979,64.65522],[-109.28198,64.6083],[-109.25088,64.59365]]]},"properties":{"name":""}},
{"type":"Feature","geometry":{"type":"Polygon","coordinates":[[[-78.86636,71.1603],[-78.87964,71.173],[-79.08955,71.17812],[-79.27715,71.17456],[-79.32603,71.16963],[-79.36675,71.14937],[-79.33936,71.12183],[-79.21104,71.09683],[-78.89609,71.08877],[-78.69873,71.10034],[-78.67114,71.11187],[-78.67144,71.12617],[-78.7916,71.14604],[-78.86636,71.1603]]]},"properties":{"name":""}},
{"type":"Feature","geometry":{"type":"Polygon","coordinates":[[[-104.51138,69.71836],[-104.38818,69.75571],[-104.3583,69.81543],[-104.42178,69.83037],[-104.48247,69.8396],[-104.76152,69.85815],[-104.86206,69.85552],[-104.64565,69.73267],[-104.51138,69.71836]]]},"properties":{"name":""}},
{"type":"Feature","geometry":{"type":"Polygon","coordinates":[[[-98.38228,67.38418],[-98.43486,67.41392],[-98.48594,67.4209],[-98.52329,67.35117],[-98.55151,67.27178],[-98.54595,67.24268],[-98.49067,67.20625],[-98.42109,67.19204],[-98.27178,67.28896],[-98.22871,67.33213],[-98.30249,67.35029],[-98.38228,67.38418]]]},"properties":{"name":""}},
{"type":"Feature","geometry":{"type":"Polygon","coordinates":[[[-96.28462,55.2377],[-96.22925,55.21245],[-96.10649,55.21724],[-95.83003,55.28013],[-95.73345,55.30752],[-95.67568,55.36406],[-95.70215,55.40137],[-95.78882,55.4002],[-95.85317,55.3606],[-96.05474,55.28706],[-96.20518,55.27139],[-96.28462,55.2377]]]},"properties":{"name":""}},
{"type":"Feature","geometry":{"type":"Polygon","coordinates":[[[-102.36333,54.57754],[-102.37827,54.51636],[-102.34023,54.47485],[-102.25601,54.44873],[-102.16899,54.45532],[-102.12778,54.49365],[-102.10581,54.59839],[-102.11606,54.70762],[-102.19717,54.73799],[-102.28716,54.71543],[-102.33623,54.65479],[-102.36333,54.57754]]]},"properties":{"name":""}},
{"type":"Feature","geometry":{"type":"Polygon","coordinates":[[[-105.8125,54.23408],[-105.80986,54.16094],[-105.80483,54.07783],[-105.75537,54.05513],[-105.71406,54.08604],[-105.70674,54.1498],[-105.67256,54.22231],[-105.6356,54.26831],[-105.56968,54.32744],[-105.55308,54.39043],[-105.56763,54.45947],[-105.64302,54.48848],[-105.68315,54.50898],[-105.71406,54.49248],[-105.72783,54.41416],[-105.8125,54.23408]]]},"properties":{"name":""}},
{"type":"Feature","geometry":{"type":"Polygon","coordinates":[[[-70.93247,53.51885],[-70.9498,53.56499],[-71.0188,53.59565],[-71.1168,53.59077],[-71.12539,53.56533],[-71.04834,53.50068],[-70.98047,53.43091],[-70.8647,53.40684],[-70.84326,53.427],[-70.86084,53.45156],[-70.9041,53.45801],[-70.9355,53.48301],[-70.93247,53.51885]]]},"properties":{"name":""}},
{"type":"Feature","geometry":{"type":"Polygon","coordinates":[[[-60.90439,52.54961],[-61.13857,52.61924],[-61.29687,52.60342],[-61.1501,52.58936],[-60.96753,52.51621],[-60.91704,52.47681],[-60.7895,52.42422],[-60.73857,52.37837],[-60.64795,52.31538],[-60.60044,52.32007],[-60.60381,52.32852],[-60.65713,52.35771],[-60.7085,52.40918],[-60.72383,52.44395],[-60.90439,52.54961]]]},"properties":{"name":""}},
{"type":"Feature","geometry":{"type":"Polygon","coordinates":[[[-111.99561,64.65977],[-111.96616,64.63779],[-111.9271,64.65869],[-111.88721,64.70059],[-112.1144,64.84805],[-112.34341,64.89883],[-112.32563,64.85996],[-112.15078,64.78027],[-111.98804,64.69023],[-111.99561,64.65977]]]},"properties":{"name":""}},
{"type":"Feature","geometry":{"type":"Polygon","coordinates":[[[-83.61094,48.37832],[-83.46797,48.43369],[-83.42925,48.50601],[-83.57251,48.42441],[-83.61777,48.42593],[-83.63989,48.42749],[-83.72109,48.42075],[-83.8541,48.33682],[-83.92515,48.30713],[-83.83213,48.31489],[-83.78125,48.30454],[-83.68813,48.33916],[-83.61094,48.37832]]]},"properties":{"name":""}},
{"type":"Feature","geometry":{"type":"Polygon","coordinates":[[[-107.06255,55.82002],[-107.00942,55.80557],[-106.97329,55.81504],[-106.98394,55.83208],[-106.88042,55.90835],[-106.89678,55.92739],[-106.94722,55.9208],[-107.01104,55.89014],[-107.05889,55.85508],[-107.06255,55.82002]]]},"properties":{"name":""}},
{"type":"Feature","geometry":{"type":"Polygon","coordinates":[[[-106.47217,55.63091],[-106.38599,55.64829],[-106.34131,55.66191],[-106.35913,55.69082],[-106.33018,55.73979],[-106.34355,55.75986],[-106.44092,55.72813],[-106.53921,55.68882],[-106.55073,55.66763],[-106.52368,55.65708],[-106.51406,55.63921],[-106.47217,55.63091]]]},"properties":{"name":""}},
{"type":"Feature","geometry":{"type":"Polygon","coordinates":[[[-102.59673,62.65747],[-102.66035,62.75957],[-102.69414,62.76216],[-102.77363,62.7042],[-102.76899,62.66914],[-102.69214,62.6019],[-102.67705,62.56021],[-102.73662,62.4103],[-102.67021,62.41797],[-102.57627,62.45005],[-102.55142,62.49868],[-102.5605,62.5522],[-102.58018,62.60493],[-102.59673,62.65747]]]},"properties":{"name":""}},
{"type":"Feature","geometry":{"type":"Polygon","coordinates":[[[-103.44741,61.36562],[-103.39214,61.39487],[-103.29624,61.52056],[-103.19082,61.58818],[-103.14355,61.65303],[-103.2105,61.6769],[-103.2334,61.64204],[-103.3418,61.56182],[-103.45635,61.51313],[-103.47803,61.43115],[-103.46865,61.3853],[-103.44741,61.36562]]]},"properties":{"name":""}},
{"type":"Feature","geometry":{"type":"Polygon","coordinates":[[[-103.83623,58.60913],[-103.81943,58.58286],[-103.77104,58.57388],[-103.66836,58.54502],[-103.62295,58.60698],[-103.59985,58.66113],[-103.62134,58.67764],[-103.66274,58.70166],[-103.78579,58.69102],[-103.79805,58.66904],[-103.83623,58.60913]]]},"properties":{"name":""}},
{"type":"Feature","geometry":{"type":"Polygon","coordinates":[[[-69.15347,56.50693],[-69.13638,56.6064],[-69.12754,56.64985],[-69.2186,56.56304],[-69.27363,56.50371],[-69.19526,56.42749],[-69.18892,56.32588],[-69.12119,56.24751],[-68.79507,56.05483],[-68.80781,56.08867],[-69.07695,56.27178],[-69.12251,56.33218],[-69.15347,56.50693]]]},"properties":{"name":""}},
{"type":"Feature","geometry":{"type":"Polygon","coordinates":[[[-88.92969,66.57686],[-88.81992,66.59556],[-88.79185,66.63296],[-88.96006,66.60723],[-89.07451,66.55586],[-89.08853,66.48345],[-88.92969,66.57686]]]},"properties":{"name":""}},
{"type":"Feature","geometry":{"type":"Polygon","coordinates":[[[-88.20249,66.63267],[-88.34106,66.70532],[-88.46255,66.70068],[-88.56699,66.71416],[-88.61499,66.71079],[-88.65815,66.66475],[-88.71064,66.63232],[-88.71025,66.59688],[-88.68208,66.57925],[-88.54746,66.63979],[-88.39619,66.65679],[-88.28418,66.63403],[-88.2126,66.58149],[-88.09111,66.60488],[-88.20249,66.63267]]]},"properties":{"name":""}},
{"type":"Feature","geometry":{"type":"Polygon","coordinates":[[[122.82308,-23.6847],[122.87568,-23.66243],[122.92638,-23.59091],[122.94674,-23.43376],[122.93191,-23.27749],[122.87899,-23.25455],[122.75817,-23.2637],[122.70298,-23.27398],[122.69683,-23.32204],[122.60753,-23.46916],[122.64143,-23.53784],[122.76763,-23.66135],[122.82308,-23.6847]]]},"properties":{"name":"Lake Disappointment"}},
{"type":"Feature","geometry":{"type":"Polygon","coordinates":[[[128.60117,-22.64756],[128.81977,-22.67763],[128.89852,-22.65402],[129.02595,-22.56286],[129.09871,-22.4977],[129.1583,-22.44767],[129.21519,-22.41708],[129.21881,-22.36639],[129.14233,-22.33502],[129.06047,-22.27084],[129.07153,-22.17358],[129.20098,-22.0847],[129.2155,-22.03519],[129.13535,-22.00238],[129.00027,-22.00884],[128.93356,-22.06377],[128.90849,-22.11999],[128.79434,-22.2204],[128.599,-22.30949],[128.47767,-22.34484],[128.42878,-22.36938],[128.34088,-22.40447],[128.31701,-22.49124],[128.38475,-22.59795],[128.60117,-22.64756]]]},"properties":{"name":"Lake Mackay"}},
{"type":"Feature","geometry":{"type":"Polygon","coordinates":[[[135.89613,-32.32604],[135.91649,-32.31808],[135.97452,-32.22971],[136.05565,-32.20945],[136.12258,-32.23173],[136.18469,-32.25348],[136.23818,-32.23984],[136.25642,-32.21147],[136.25316,-32.14842],[136.31223,-31.92637],[136.27461,-31.84503],[136.20345,-31.57745],[136.14511,-31.50454],[136.10981,-31.41534],[136.10428,-31.35349],[136.10635,-31.30481],[136.07999,-31.25411],[135.95535,-31.22476],[135.88595,-31.22393],[135.77655,-31.23789],[135.60535,-31.18921],[135.493,-31.0841],[135.42887,-31.06337],[135.41823,-31.09619],[135.43931,-31.23205],[135.48975,-31.28047],[135.5222,-31.31494],[135.56209,-31.35421],[135.59522,-31.36568],[135.62359,-31.38191],[135.6378,-31.40217],[135.63377,-31.44475],[135.61062,-31.5143],[135.63723,-31.59016],[135.69072,-31.60624],[135.7149,-31.59688],[135.74937,-31.59285],[135.78792,-31.61719],[135.81221,-31.66835],[135.8522,-31.74287],[135.99158,-31.83501],[136.05162,-31.90157],[136.04522,-31.96596],[135.92052,-32.15013],[135.89034,-32.24124],[135.89613,-32.32604]]]},"properties":{"name":"Lake Gairdner"}},
{"type":"Feature","geometry":{"type":"Polygon","coordinates":[[[137.82976,-31.71713],[138.11124,-31.3925],[138.13258,-31.25882],[138.02571,-31.06038],[138.02008,-31.00271],[138.02985,-30.95134],[138.00153,-30.87429],[137.92805,-30.71683],[137.83963,-30.59663],[137.74615,-30.4939],[137.60155,-30.42672],[137.48218,-30.38347],[137.42131,-30.30699],[137.32307,-30.21733],[137.22685,-30.17883],[137.21166,-30.22296],[137.2562,-30.28823],[137.32824,-30.36507],[137.38338,-30.47127],[137.39459,-30.57286],[137.42653,-30.62929],[137.5952,-30.63286],[137.62574,-30.67255],[137.62145,-30.7651],[137.64233,-30.8315],[137.66191,-30.99914],[137.65933,-31.02679],[137.63184,-31.06343],[137.56466,-31.08172],[137.53107,-31.10616],[137.55665,-31.15577],[137.65173,-31.24088],[137.70294,-31.27318],[137.73261,-31.32599],[137.70336,-31.66375],[137.67152,-31.73212],[137.6013,-31.7779],[137.61349,-31.80845],[137.71002,-31.87743],[137.74785,-31.89702],[137.77524,-31.86436],[137.82976,-31.71713]]]},"properties":{"name":"Lake Torrens"}},
{"type":"Feature","geometry":{"type":"Polygon","coordinates":[[[119.79768,-29.50528],[119.8229,-29.41335],[119.79014,-29.37268],[119.75086,-29.29718],[119.68327,-29.12044],[119.71805,-29.06711],[119.87664,-28.9433],[119.94635,-28.98536],[119.99302,-28.98066],[120.00625,-28.92774],[119.93834,-28.88201],[119.85664,-28.89891],[119.76363,-28.88806],[119.7152,-28.93606],[119.65025,-29.02691],[119.5485,-29.05657],[119.3977,-28.99389],[119.31383,-29.01151],[119.2264,-29.09094],[119.1293,-29.11445],[119.14185,-29.28049],[119.20361,-29.35108],[119.33042,-29.23527],[119.37998,-29.21434],[119.43739,-29.23641],[119.38153,-29.54212],[119.44173,-29.55391],[119.51677,-29.50538],[119.54204,-29.3795],[119.54772,-29.21636],[119.58043,-29.18804],[119.62927,-29.18576],[119.66771,-29.21005],[119.66461,-29.27687],[119.63583,-29.33785],[119.66622,-29.38699],[119.69309,-29.45247],[119.66229,-29.50983],[119.63583,-29.54951],[119.72843,-29.58036],[119.78569,-29.58036],[119.79768,-29.50528]]]},"properties":{"name":"Lake Barlee"}},
{"type":"Feature","geometry":{"type":"Polygon","coordinates":[[[139.938,-30.96447],[139.98193,-30.85372],[140.02611,-30.52439],[140.04399,-30.42259],[140.01112,-30.34058],[139.95139,-30.3212],[139.89599,-30.3736],[139.71874,-30.56578],[139.5496,-30.77357],[139.48836,-30.87682],[139.51927,-30.9253],[139.61316,-31.01108],[139.65947,-31.03252],[139.74416,-31.07965],[139.80049,-31.12384],[139.83501,-31.12637],[139.87645,-31.08405],[139.92048,-31.02674],[139.938,-30.96447]]]},"properties":{"name":"Lake Frome"}},
{"type":"Feature","geometry":{"type":"Polygon","coordinates":[[[137.66057,-29.34823],[137.7201,-29.19672],[137.69798,-29.13057],[137.58946,-29.15884],[137.33118,-29.22168],[137.19972,-29.24519],[137.11947,-29.34648],[137.11058,-29.44947],[137.18918,-29.46776],[137.28049,-29.44942],[137.37423,-29.45376],[137.40746,-29.44363],[137.52166,-29.39516],[137.60481,-29.37144],[137.66057,-29.34823]]]},"properties":{"name":"Lake Eyre South"}},
{"type":"Feature","geometry":{"type":"Polygon","coordinates":[[[137.91409,-29.09972],[138.00995,-29.09094],[138.01419,-29.05078],[137.90531,-28.98505],[137.78625,-28.83953],[137.67597,-28.64549],[137.68041,-28.56172],[137.71235,-28.53722],[137.73333,-28.38974],[137.77353,-28.35036],[137.7201,-28.27951],[137.70687,-28.19569],[137.70186,-28.14273],[137.6723,-28.11952],[137.56569,-28.11632],[137.45262,-28.08681],[137.32798,-27.97436],[137.03337,-27.85851],[136.89142,-27.91085],[136.79985,-27.96723],[136.78455,-28.01855],[136.82972,-28.04351],[136.88883,-28.06366],[136.91312,-28.10309],[136.96878,-28.1989],[136.99002,-28.31409],[136.96604,-28.39413],[136.90708,-28.42622],[136.88258,-28.44979],[136.92227,-28.68889],[136.91731,-28.75582],[136.89436,-28.83209],[136.94867,-28.95301],[137.01844,-29.01482],[137.07492,-29.01368],[137.11993,-28.97751],[137.1251,-28.91808],[137.14572,-28.88697],[137.23941,-28.89245],[137.30059,-28.98826],[137.34395,-29.02505],[137.40694,-29.02913],[137.47753,-29.01151],[137.61861,-29.0512],[137.77736,-29.03797],[137.91409,-29.09972]]]},"properties":{"name":"Lake Eyre North"}}
]}