{"type":"FeatureCollection","features":[{"type":"Feature","properties":{"name":"E\u011firdir","scalerank":9,"beside":1,"from":3.5,"until":24.0,"tmw":4.7},"geometry":{"type":"Point","coordinates":[31.017,38.059]}},{"type":"Feature","properties":{"name":"Bey\u015fehir","scalerank":7,"beside":1,"from":3.5,"until":24.0,"tmw":5.0},"geometry":{"type":"Point","coordinates":[31.766,37.79]}},{"type":"Feature","properties":{"name":"Engozero","scalerank":5,"stack":1,"zfit":6.75,"tmw":5.0},"geometry":{"type":"Point","coordinates":[33.486,65.746]}},{"type":"Feature","properties":{"name":"Engozero","scalerank":5,"beside":1,"from":3.5,"until":6.75,"tmw":5.0},"geometry":{"type":"Point","coordinates":[34.028,65.746]}},{"type":"Feature","properties":{"name":"Pyaozero","scalerank":4,"stack":1,"zfit":6.75,"tmw":5.0},"geometry":{"type":"Point","coordinates":[30.788,66.167]}},{"type":"Feature","properties":{"name":"Pyaozero","scalerank":4,"beside":1,"from":3.5,"until":6.75,"tmw":5.0},"geometry":{"type":"Point","coordinates":[31.898,66.167]}},{"type":"Feature","properties":{"name":"Ozero Pitlyarskiy Sor","scalerank":9,"beside":1,"from":3.5,"until":24.0,"tmw":9.1},"geometry":{"type":"Point","coordinates":[66.26,65.768]}},{"type":"Feature","properties":{"name":"Great Bear","scalerank":0},"geometry":{"type":"LineString","coordinates":[[-124.587,66.031],[-124.313,66.007],[-124.038,65.987],[-123.764,65.969],[-123.489,65.955],[-123.215,65.943],[-122.94,65.934],[-122.666,65.928],[-122.391,65.925],[-122.117,65.925],[-121.842,65.928],[-121.568,65.933],[-121.293,65.942],[-121.019,65.953],[-120.744,65.967],[-120.47,65.984],[-120.195,66.004],[-119.92,66.027],[-119.646,66.053],[-119.371,66.082],[-119.097,66.113],[-118.822,66.148],[-118.548,66.185],[-118.273,66.225],[-117.999,66.269]]}},{"type":"Feature","properties":{"name":"Great Slave","scalerank":0},"geometry":{"type":"LineString","coordinates":[[-117.128,61.237],[-116.841,61.263],[-116.554,61.291],[-116.268,61.322],[-115.981,61.355],[-115.694,61.391],[-115.407,61.43],[-115.12,61.471],[-114.833,61.515],[-114.547,61.561],[-114.26,61.61],[-113.973,61.661],[-113.686,61.715],[-113.399,61.772],[-113.113,61.831],[-112.826,61.893],[-112.539,61.957],[-112.252,62.024],[-111.965,62.094],[-111.678,62.166],[-111.392,62.241],[-111.105,62.318],[-110.818,62.398],[-110.531,62.481],[-110.244,62.566]]}},{"type":"Feature","properties":{"name":"McLeod Bay","scalerank":0,"beside":1,"from":3.5,"until":24.0,"tmw":5.7},"geometry":{"type":"Point","coordinates":[-108.722,62.669]}},{"type":"Feature","properties":{"name":"Winnipeg","scalerank":0,"stack":1,"zfit":5.25,"tmw":5.0},"geometry":{"type":"Point","coordinates":[-97.481,52.401]}},{"type":"Feature","properties":{"name":"Winnipeg","scalerank":0,"beside":1,"from":3.5,"until":5.25,"tmw":5.0},"geometry":{"type":"Point","coordinates":[-96.071,52.401]}},{"type":"Feature","properties":{"name":"Erie","scalerank":0},"geometry":{"type":"LineString","coordinates":[[-83.144,41.701],[-82.98,41.733],[-82.815,41.766],[-82.65,41.8],[-82.485,41.835],[-82.32,41.871],[-82.156,41.909],[-81.991,41.947],[-81.826,41.986],[-81.661,42.027],[-81.496,42.068],[-81.332,42.11],[-81.167,42.154],[-81.002,42.198],[-80.837,42.244],[-80.672,42.29],[-80.508,42.338],[-80.343,42.387],[-80.178,42.436],[-80.013,42.487],[-79.849,42.539],[-79.684,42.591],[-79.519,42.645],[-79.354,42.7],[-79.189,42.756]]}},{"type":"Feature","properties":{"name":"Ontario","scalerank":0},"geometry":{"type":"LineString","coordinates":[[-79.494,43.51],[-79.351,43.519],[-79.207,43.528],[-79.064,43.539],[-78.92,43.549],[-78.777,43.561],[-78.633,43.572],[-78.49,43.585],[-78.346,43.598],[-78.203,43.612],[-78.059,43.626],[-77.916,43.641],[-77.772,43.656],[-77.629,43.672],[-77.485,43.689],[-77.342,43.706],[-77.198,43.724],[-77.055,43.742],[-76.911,43.761],[-76.768,43.781],[-76.624,43.801],[-76.481,43.822],[-76.338,43.843],[-76.194,43.865],[-76.051,43.888]]}},{"type":"Feature","properties":{"name":"Ontario","scalerank":0,"beside":1,"from":3.5,"until":3.75,"tmw":4.7},"geometry":{"type":"Point","coordinates":[-75.53,43.849]}},{"type":"Feature","properties":{"name":"Saint Clair","scalerank":0,"stack":1,"zfit":6.75,"tmw":6.0},"geometry":{"type":"Point","coordinates":[-82.684,42.504]}},{"type":"Feature","properties":{"name":"Saint Clair","scalerank":0,"beside":1,"from":3.5,"until":6.75,"tmw":6.0},"geometry":{"type":"Point","coordinates":[-82.334,42.504]}},{"type":"Feature","properties":{"name":"Okeechobee","scalerank":1,"stack":1,"zfit":6.5,"tmw":5.7},"geometry":{"type":"Point","coordinates":[-80.846,26.942]}},{"type":"Feature","properties":{"name":"Okeechobee","scalerank":1,"beside":1,"from":3.5,"until":6.5,"tmw":5.7},"geometry":{"type":"Point","coordinates":[-80.55,26.942]}},{"type":"Feature","properties":{"name":"Nicaragua","scalerank":1,"stack":1,"zfit":6.25,"tmw":5.3},"geometry":{"type":"Point","coordinates":[-85.308,11.572]}},{"type":"Feature","properties":{"name":"Nicaragua","scalerank":1,"beside":1,"from":3.5,"until":6.25,"tmw":5.3},"geometry":{"type":"Point","coordinates":[-84.668,11.572]}},{"type":"Feature","properties":{"name":"Wollaston","scalerank":2,"stack":1,"zfit":6.75,"tmw":5.3},"geometry":{"type":"Point","coordinates":[-103.34,58.119]}},{"type":"Feature","properties":{"name":"Wollaston","scalerank":2,"beside":1,"from":3.5,"until":6.75,"tmw":5.3},"geometry":{"type":"Point","coordinates":[-102.672,58.119]}},{"type":"Feature","properties":{"name":"Reindeer","scalerank":2,"stack":1,"zfit":5.75,"tmw":5.0},"geometry":{"type":"Point","coordinates":[-102.344,57.22]}},{"type":"Feature","properties":{"name":"Reindeer","scalerank":2,"beside":1,"from":3.5,"until":5.75,"tmw":5.0},"geometry":{"type":"Point","coordinates":[-101.385,57.22]}},{"type":"Feature","properties":{"name":"Woods","scalerank":2,"stack":1,"zfit":7.0,"tmw":4.1},"geometry":{"type":"Point","coordinates":[-94.822,49.424]}},{"type":"Feature","properties":{"name":"Woods","scalerank":2,"beside":1,"from":3.5,"until":7.0,"tmw":4.1},"geometry":{"type":"Point","coordinates":[-93.907,49.424]}},{"type":"Feature","properties":{"name":"Nipigon","scalerank":2,"stack":1,"zfit":6.0,"tmw":4.7},"geometry":{"type":"Point","coordinates":[-88.349,49.833]}},{"type":"Feature","properties":{"name":"Nipigon","scalerank":2,"beside":1,"from":3.5,"until":6.0,"tmw":4.7},"geometry":{"type":"Point","coordinates":[-87.916,49.833]}},{"type":"Feature","properties":{"name":"Manitoba","scalerank":2,"beside":1,"from":3.5,"until":24.0,"tmw":5.0},"geometry":{"type":"Point","coordinates":[-97.81,50.997]}},{"type":"Feature","properties":{"name":"Winnipegosis","scalerank":2,"beside":1,"from":3.5,"until":24.0,"tmw":6.3},"geometry":{"type":"Point","coordinates":[-99.489,52.38]}},{"type":"Feature","properties":{"name":"Athabasca","scalerank":2},"geometry":{"type":"LineString","coordinates":[[-110.958,58.72],[-110.767,58.812],[-110.577,58.897],[-110.387,58.976],[-110.196,59.047],[-110.006,59.111],[-109.816,59.169],[-109.625,59.219],[-109.435,59.263],[-109.245,59.299],[-109.055,59.329],[-108.864,59.352],[-108.674,59.368],[-108.484,59.377],[-108.293,59.379],[-108.103,59.374],[-107.913,59.362],[-107.722,59.344],[-107.532,59.318],[-107.342,59.286],[-107.151,59.246],[-106.961,59.2],[-106.771,59.146],[-106.58,59.086],[-106.39,59.019]]}},{"type":"Feature","properties":{"name":"Mistassini","scalerank":2,"beside":1,"from":3.5,"until":24.0,"tmw":5.7},"geometry":{"type":"Point","coordinates":[-72.497,50.715]}},{"type":"Feature","properties":{"name":"Oneida","scalerank":3},"geometry":{"type":"LineString","coordinates":[[-76.059,43.219],[-75.902,43.219],[-75.746,43.219]]}},{"type":"Feature","properties":{"name":"Oneida","scalerank":3,"beside":1,"from":3.5,"until":7.75,"tmw":4.4},"geometry":{"type":"Point","coordinates":[-75.672,43.219]}},{"type":"Feature","properties":{"name":"Iliamna","scalerank":3},"geometry":{"type":"LineString","coordinates":[[-155.786,59.456],[-155.713,59.464],[-155.64,59.472],[-155.566,59.48],[-155.493,59.49],[-155.42,59.499],[-155.346,59.51],[-155.273,59.521],[-155.2,59.532],[-155.127,59.544],[-155.053,59.556],[-154.98,59.57],[-154.907,59.583],[-154.834,59.597],[-154.76,59.612],[-154.687,59.627],[-154.614,59.643],[-154.541,59.66],[-154.467,59.677],[-154.394,59.694],[-154.321,59.712],[-154.248,59.731],[-154.174,59.75],[-154.101,59.769],[-154.028,59.79]]}},{"type":"Feature","properties":{"name":"Iliamna","scalerank":3,"beside":1,"from":3.5,"until":5.0,"tmw":4.7},"geometry":{"type":"Point","coordinates":[-153.742,59.56]}},{"type":"Feature","properties":{"name":"Tahoe","scalerank":3,"stack":1,"zfit":7.0,"tmw":4.1},"geometry":{"type":"Point","coordinates":[-120.046,39.099]}},{"type":"Feature","properties":{"name":"Tahoe","scalerank":3,"beside":1,"from":3.5,"until":7.0,"tmw":4.1},"geometry":{"type":"Point","coordinates":[-119.871,39.099]}},{"type":"Feature","properties":{"name":"Winnebago","scalerank":3,"beside":1,"from":3.5,"until":24.0,"tmw":5.3},"geometry":{"type":"Point","coordinates":[-88.253,44.028]}},{"type":"Feature","properties":{"name":"Nettilling","scalerank":3},"geometry":{"type":"LineString","coordinates":[[-71.314,66.557],[-71.23,66.556],[-71.147,66.555],[-71.064,66.553],[-70.981,66.55],[-70.898,66.546],[-70.814,66.542],[-70.731,66.538],[-70.648,66.533],[-70.565,66.527],[-70.481,66.521],[-70.398,66.514],[-70.315,66.506],[-70.232,66.498],[-70.149,66.489],[-70.065,66.479],[-69.982,66.469],[-69.899,66.459],[-69.816,66.448],[-69.733,66.436],[-69.649,66.423],[-69.566,66.41],[-69.483,66.396],[-69.4,66.382],[-69.316,66.367]]}},{"type":"Feature","properties":{"name":"Nettilling","scalerank":3,"beside":1,"from":3.5,"until":5.25,"tmw":5.7},"geometry":{"type":"Point","coordinates":[-68.998,66.498]}},{"type":"Feature","properties":{"name":"Dubawnt","scalerank":3},"geometry":{"type":"LineString","coordinates":[[-102.087,63.138],[-102.03,63.118],[-101.973,63.101],[-101.917,63.087],[-101.86,63.075],[-101.803,63.065],[-101.746,63.058],[-101.689,63.054],[-101.632,63.052],[-101.575,63.053],[-101.519,63.056],[-101.462,63.061],[-101.405,63.069],[-101.348,63.08],[-101.291,63.093],[-101.234,63.109],[-101.177,63.127],[-101.12,63.148],[-101.064,63.171],[-101.007,63.196],[-100.95,63.225],[-100.893,63.255],[-100.836,63.288],[-100.779,63.324],[-100.722,63.362]]}},{"type":"Feature","properties":{"name":"Dubawnt","scalerank":3,"beside":1,"from":3.5,"until":5.25,"tmw":4.7},"geometry":{"type":"Point","coordinates":[-100.492,63.12]}},{"type":"Feature","properties":{"name":"Baker","scalerank":3},"geometry":{"type":"LineString","coordinates":[[-96.172,64.203],[-96.096,64.204],[-96.02,64.203],[-95.944,64.202],[-95.868,64.201],[-95.792,64.199],[-95.716,64.196],[-95.64,64.193],[-95.563,64.19],[-95.487,64.186],[-95.411,64.181],[-95.335,64.176],[-95.259,64.171],[-95.183,64.165],[-95.107,64.158],[-95.031,64.151],[-94.954,64.143],[-94.878,64.135],[-94.802,64.126],[-94.726,64.117],[-94.65,64.108],[-94.574,64.097],[-94.498,64.087],[-94.422,64.075],[-94.345,64.064]]}},{"type":"Feature","properties":{"name":"Baker","scalerank":3,"beside":1,"from":3.5,"until":4.75,"tmw":4.1},"geometry":{"type":"Point","coordinates":[-94.05,64.127]}},{"type":"Feature","properties":{"name":"Champlain","scalerank":3,"beside":1,"from":3.5,"until":24.0,"tmw":5.3},"geometry":{"type":"Point","coordinates":[-73.02,44.416]}},{"type":"Feature","properties":{"name":"Churchill","scalerank":3,"beside":1,"from":3.5,"until":24.0,"tmw":5.3},"geometry":{"type":"Point","coordinates":[-107.942,56.169]}},{"type":"Feature","properties":{"name":"Martre","scalerank":3},"geometry":{"type":"LineString","coordinates":[[-118.569,63.415],[-118.519,63.415],[-118.468,63.413],[-118.417,63.411],[-118.367,63.407],[-118.316,63.403],[-118.266,63.398],[-118.215,63.392],[-118.164,63.384],[-118.114,63.377],[-118.063,63.368],[-118.013,63.358],[-117.962,63.347],[-117.912,63.335],[-117.861,63.323],[-117.81,63.309],[-117.76,63.295],[-117.709,63.28],[-117.659,63.264],[-117.608,63.246],[-117.558,63.228],[-117.507,63.209],[-117.456,63.19],[-117.406,63.169],[-117.355,63.147]]}},{"type":"Feature","properties":{"name":"Martre","scalerank":3,"beside":1,"from":3.5,"until":5.25,"tmw":4.4},"geometry":{"type":"Point","coordinates":[-117.146,63.343]}},{"type":"Feature","properties":{"name":"Keuka","scalerank":4,"beside":1,"from":3.5,"until":24.0,"tmw":4.1},"geometry":{"type":"Point","coordinates":[-77.019,42.543]}},{"type":"Feature","properties":{"name":"Seneca","scalerank":4,"beside":1,"from":3.5,"until":24.0,"tmw":4.4},"geometry":{"type":"Point","coordinates":[-76.814,42.634]}},{"type":"Feature","properties":{"name":"Cayuga","scalerank":4,"beside":1,"from":3.5,"until":24.0,"tmw":4.4},"geometry":{"type":"Point","coordinates":[-76.455,42.715]}},{"type":"Feature","properties":{"name":"Cree","scalerank":4,"stack":1,"zfit":6.0,"tmw":3.8},"geometry":{"type":"Point","coordinates":[-106.357,57.47]}},{"type":"Feature","properties":{"name":"Cree","scalerank":4,"beside":1,"from":3.5,"until":6.0,"tmw":3.8},"geometry":{"type":"Point","coordinates":[-105.946,57.47]}},{"type":"Feature","properties":{"name":"Kasba","scalerank":4,"stack":1,"zfit":5.5,"tmw":4.1},"geometry":{"type":"Point","coordinates":[-102.211,60.287]}},{"type":"Feature","properties":{"name":"Kasba","scalerank":4,"beside":1,"from":3.5,"until":5.5,"tmw":4.1},"geometry":{"type":"Point","coordinates":[-101.744,60.287]}},{"type":"Feature","properties":{"name":"Wiy\u00e2sh\u00e2kim\u00ee","scalerank":4},"geometry":{"type":"LineString","coordinates":[[-74.789,56.216],[-74.757,56.216],[-74.725,56.215],[-74.692,56.214],[-74.66,56.211],[-74.628,56.208],[-74.596,56.204],[-74.564,56.2],[-74.531,56.195],[-74.499,56.189],[-74.467,56.182],[-74.435,56.174],[-74.402,56.166],[-74.37,56.157],[-74.338,56.147],[-74.306,56.137],[-74.273,56.126],[-74.241,56.114],[-74.209,56.101],[-74.177,56.088],[-74.144,56.074],[-74.112,56.059],[-74.08,56.043],[-74.048,56.027],[-74.015,56.01]]}},{"type":"Feature","properties":{"name":"Wiy\u00e2sh\u00e2kim\u00ee","scalerank":4,"beside":1,"from":3.5,"until":6.5,"tmw":6.0},"geometry":{"type":"Point","coordinates":[-73.867,56.137]}},{"type":"Feature","properties":{"name":"Nipissing","scalerank":4},"geometry":{"type":"LineString","coordinates":[[-80.393,46.256],[-80.353,46.261],[-80.314,46.265],[-80.274,46.269],[-80.234,46.272],[-80.194,46.275],[-80.154,46.277],[-80.115,46.279],[-80.075,46.28],[-80.035,46.281],[-79.995,46.282],[-79.955,46.282],[-79.916,46.281],[-79.876,46.281],[-79.836,46.279],[-79.796,46.278],[-79.756,46.275],[-79.716,46.273],[-79.677,46.27],[-79.637,46.266],[-79.597,46.262],[-79.557,46.258],[-79.517,46.253],[-79.478,46.248],[-79.438,46.242]]}},{"type":"Feature","properties":{"name":"Nipissing","scalerank":4,"beside":1,"from":3.5,"until":6.25,"tmw":5.3},"geometry":{"type":"Point","coordinates":[-79.265,46.253]}},{"type":"Feature","properties":{"name":"Sakami","scalerank":4,"beside":1,"from":3.5,"until":24.0,"tmw":4.4},"geometry":{"type":"Point","coordinates":[-76.404,53.225]}},{"type":"Feature","properties":{"name":"Scott","scalerank":4},"geometry":{"type":"LineString","coordinates":[[-106.163,60.022],[-106.015,60.022],[-105.867,60.022]]}},{"type":"Feature","properties":{"name":"Scott","scalerank":4,"beside":1,"from":3.5,"until":7.75,"tmw":4.1},"geometry":{"type":"Point","coordinates":[-105.526,60.022]}},{"type":"Feature","properties":{"name":"Yellowstone","scalerank":4,"beside":1,"from":3.5,"until":24.0,"tmw":6.0},"geometry":{"type":"Point","coordinates":[-110.133,44.432]}},{"type":"Feature","properties":{"name":"Teshekpuk","scalerank":4},"geometry":{"type":"LineString","coordinates":[[-154.174,70.628],[-154.126,70.626],[-154.078,70.624],[-154.03,70.622],[-153.982,70.62],[-153.934,70.619],[-153.886,70.617],[-153.838,70.615],[-153.79,70.613],[-153.742,70.612],[-153.694,70.61],[-153.646,70.608],[-153.598,70.607],[-153.55,70.605],[-153.502,70.604],[-153.454,70.602],[-153.406,70.601],[-153.357,70.599],[-153.309,70.598],[-153.261,70.596],[-153.213,70.595],[-153.165,70.594],[-153.117,70.592],[-153.069,70.591],[-153.021,70.59]]}},{"type":"Feature","properties":{"name":"Teshekpuk","scalerank":4,"beside":1,"from":3.5,"until":6.0,"tmw":5.3},"geometry":{"type":"Point","coordinates":[-152.82,70.603]}},{"type":"Feature","properties":{"name":"Flathead","scalerank":4,"beside":1,"from":3.5,"until":24.0,"tmw":5.0},"geometry":{"type":"Point","coordinates":[-113.946,47.902]}},{"type":"Feature","properties":{"name":"Claire","scalerank":4,"stack":1,"zfit":6.25,"tmw":4.4},"geometry":{"type":"Point","coordinates":[-112.028,58.564]}},{"type":"Feature","properties":{"name":"Claire","scalerank":4,"beside":1,"from":3.5,"until":6.25,"tmw":4.4},"geometry":{"type":"Point","coordinates":[-111.621,58.564]}},{"type":"Feature","properties":{"name":"Izabal","scalerank":5,"beside":1,"from":3.5,"until":24.0,"tmw":4.4},"geometry":{"type":"Point","coordinates":[-88.761,15.58]}},{"type":"Feature","properties":{"name":"Chapala","scalerank":5},"geometry":{"type":"LineString","coordinates":[[-103.376,20.234],[-103.35,20.237],[-103.323,20.24],[-103.296,20.243],[-103.27,20.245],[-103.243,20.247],[-103.217,20.248],[-103.19,20.249],[-103.163,20.25],[-103.137,20.25],[-103.11,20.25],[-103.084,20.25],[-103.057,20.249],[-103.03,20.248],[-103.004,20.246],[-102.977,20.244],[-102.95,20.242],[-102.924,20.24],[-102.897,20.236],[-102.871,20.233],[-102.844,20.229],[-102.817,20.225],[-102.791,20.221],[-102.764,20.216],[-102.738,20.211]]}},{"type":"Feature","properties":{"name":"Chapala","scalerank":5,"beside":1,"from":3.5,"until":6.75,"tmw":4.7},"geometry":{"type":"Point","coordinates":[-102.609,20.217]}},{"type":"Feature","properties":{"name":"Lake Managua","scalerank":5,"stack":1,"zfit":7.0,"tmw":6.3},"geometry":{"type":"Point","coordinates":[-86.399,12.337]}},{"type":"Feature","properties":{"name":"Lake Managua","scalerank":5,"beside":1,"from":3.5,"until":7.0,"tmw":6.3},"geometry":{"type":"Point","coordinates":[-86.025,12.337]}},{"type":"Feature","properties":{"name":"Rainy","scalerank":5},"geometry":{"type":"LineString","coordinates":[[-93.335,48.614],[-93.12,48.614],[-92.906,48.614]]}},{"type":"Feature","properties":{"name":"Rainy","scalerank":5,"beside":1,"from":3.5,"until":7.0,"tmw":4.1},"geometry":{"type":"Point","coordinates":[-92.321,48.645]}},{"type":"Feature","properties":{"name":"Split","scalerank":5,"beside":1,"from":3.5,"until":24.0,"tmw":4.1},"geometry":{"type":"Point","coordinates":[-95.758,56.178]}},{"type":"Feature","properties":{"name":"St. Joseph","scalerank":5},"geometry":{"type":"LineString","coordinates":[[-90.777,51.09],[-90.605,51.09],[-90.434,51.09]]}},{"type":"Feature","properties":{"name":"St. Joseph","scalerank":5,"beside":1,"from":3.5,"until":8.0,"tmw":5.7},"geometry":{"type":"Point","coordinates":[-90.321,51.056]}},{"type":"Feature","properties":{"name":"Amadjuak","scalerank":5},"geometry":{"type":"LineString","coordinates":[[-71.949,64.807],[-71.888,64.835],[-71.826,64.86],[-71.765,64.883],[-71.703,64.902],[-71.641,64.919],[-71.58,64.934],[-71.518,64.945],[-71.457,64.954],[-71.395,64.96],[-71.333,64.963],[-71.272,64.964],[-71.21,64.962],[-71.149,64.957],[-71.087,64.949],[-71.025,64.939],[-70.964,64.926],[-70.902,64.91],[-70.841,64.892],[-70.779,64.87],[-70.717,64.846],[-70.656,64.82],[-70.594,64.79],[-70.532,64.758],[-70.471,64.723]]}},{"type":"Feature","properties":{"name":"Amadjuak","scalerank":5,"beside":1,"from":3.5,"until":5.25,"tmw":5.0},"geometry":{"type":"Point","coordinates":[-70.225,64.997]}},{"type":"Feature","properties":{"name":"Teslin","scalerank":5,"beside":1,"from":3.5,"until":24.0,"tmw":4.4},"geometry":{"type":"Point","coordinates":[-131.994,60.029]}},{"type":"Feature","properties":{"name":"Bienville","scalerank":5},"geometry":{"type":"LineString","coordinates":[[-73.558,54.98],[-73.502,54.986],[-73.447,54.993],[-73.391,55.0],[-73.336,55.007],[-73.28,55.015],[-73.225,55.023],[-73.169,55.031],[-73.114,55.04],[-73.059,55.048],[-73.003,55.057],[-72.948,55.067],[-72.892,55.077],[-72.837,55.087],[-72.781,55.097],[-72.726,55.108],[-72.67,55.119],[-72.615,55.13],[-72.559,55.141],[-72.504,55.153],[-72.448,55.165],[-72.393,55.178],[-72.337,55.19],[-72.282,55.204],[-72.227,55.217]]}},{"type":"Feature","properties":{"name":"Bienville","scalerank":5,"beside":1,"from":3.5,"until":5.75,"tmw":5.3},"geometry":{"type":"Point","coordinates":[-72.001,55.109]}},{"type":"Feature","properties":{"name":"Pend Oreille","scalerank":5},"geometry":{"type":"LineString","coordinates":[[-116.447,48.17],[-116.331,48.17],[-116.215,48.17]]}},{"type":"Feature","properties":{"name":"Pend Oreille","scalerank":5,"beside":1,"from":3.5,"until":8.75,"tmw":6.3},"geometry":{"type":"Point","coordinates":[-116.13,48.137]}},{"type":"Feature","properties":{"name":"Canandaigua","scalerank":5,"beside":1,"from":3.5,"until":24.0,"tmw":6.0},"geometry":{"type":"Point","coordinates":[-77.205,42.794]}},{"type":"Feature","properties":{"name":"Owasco","scalerank":5,"beside":1,"from":3.5,"until":24.0,"tmw":4.4},"geometry":{"type":"Point","coordinates":[-76.422,42.862]}},{"type":"Feature","properties":{"name":"Skaneateles","scalerank":5,"beside":1,"from":3.5,"until":24.0,"tmw":6.0},"geometry":{"type":"Point","coordinates":[-76.222,42.864]}},{"type":"Feature","properties":{"name":"Bear","scalerank":5,"beside":1,"from":3.5,"until":24.0,"tmw":3.8},"geometry":{"type":"Point","coordinates":[-111.237,42.007]}},{"type":"Feature","properties":{"name":"Utah","scalerank":5,"stack":1,"zfit":7.0,"tmw":3.8},"geometry":{"type":"Point","coordinates":[-111.774,40.219]}},{"type":"Feature","properties":{"name":"Utah","scalerank":5,"beside":1,"from":3.5,"until":7.0,"tmw":3.8},"geometry":{"type":"Point","coordinates":[-111.617,40.219]}},{"type":"Feature","properties":{"name":"Leech","scalerank":5,"beside":1,"from":3.5,"until":24.0,"tmw":4.1},"geometry":{"type":"Point","coordinates":[-94.164,47.176]}},{"type":"Feature","properties":{"name":"Mille Lacs","scalerank":5,"beside":1,"from":3.5,"until":24.0,"tmw":5.7},"geometry":{"type":"Point","coordinates":[-90.216,48.883]}},{"type":"Feature","properties":{"name":"Trout","scalerank":5,"beside":1,"from":3.5,"until":24.0,"tmw":4.1},"geometry":{"type":"Point","coordinates":[-120.979,60.587]}},{"type":"Feature","properties":{"name":"Rossignol","scalerank":5,"beside":1,"from":3.5,"until":24.0,"tmw":5.3},"geometry":{"type":"Point","coordinates":[-64.897,44.209]}},{"type":"Feature","properties":{"name":"Foshay Lake","scalerank":5,"beside":1,"from":3.5,"until":24.0,"tmw":6.0},"geometry":{"type":"Point","coordinates":[-65.841,45.984]}},{"type":"Feature","properties":{"name":"Black","scalerank":5},"geometry":{"type":"LineString","coordinates":[[-105.503,59.167],[-105.277,59.167],[-105.051,59.167]]}},{"type":"Feature","properties":{"name":"Black","scalerank":5,"beside":1,"from":3.5,"until":7.0,"tmw":4.1},"geometry":{"type":"Point","coordinates":[-104.819,59.1]}},{"type":"Feature","properties":{"name":"Louise","scalerank":5,"beside":1,"from":3.5,"until":24.0,"tmw":4.4},"geometry":{"type":"Point","coordinates":[-146.395,62.399]}},{"type":"Feature","properties":{"name":"Bluenose","scalerank":5,"beside":1,"from":3.5,"until":24.0,"tmw":5.0},"geometry":{"type":"Point","coordinates":[-119.385,68.503]}},{"type":"Feature","properties":{"name":"Grand Lake","scalerank":5,"beside":1,"from":3.5,"until":24.0,"tmw":5.7},"geometry":{"type":"Point","coordinates":[-56.806,49.005]}},{"type":"Feature","properties":{"name":"Colville","scalerank":5,"stack":1,"zfit":6.75,"tmw":5.0},"geometry":{"type":"Point","coordinates":[-125.982,67.186]}},{"type":"Feature","properties":{"name":"Colville","scalerank":5,"beside":1,"from":3.5,"until":6.75,"tmw":5.0},"geometry":{"type":"Point","coordinates":[-125.63,67.186]}},{"type":"Feature","properties":{"name":"Hottah","scalerank":5,"stack":1,"zfit":7.0,"tmw":4.4},"geometry":{"type":"Point","coordinates":[-118.595,65.039]}},{"type":"Feature","properties":{"name":"Hottah","scalerank":5,"beside":1,"from":3.5,"until":7.0,"tmw":4.4},"geometry":{"type":"Point","coordinates":[-118.013,65.039]}},{"type":"Feature","properties":{"name":"Big Trout","scalerank":5},"geometry":{"type":"LineString","coordinates":[[-90.316,53.823],[-90.287,53.819],[-90.258,53.815],[-90.228,53.811],[-90.199,53.807],[-90.17,53.803],[-90.141,53.799],[-90.112,53.795],[-90.082,53.791],[-90.053,53.787],[-90.024,53.784],[-89.995,53.78],[-89.965,53.776],[-89.936,53.773],[-89.907,53.77],[-89.878,53.766],[-89.848,53.763],[-89.819,53.76],[-89.79,53.757],[-89.761,53.754],[-89.732,53.751],[-89.702,53.748],[-89.673,53.745],[-89.644,53.742],[-89.615,53.74]]}},{"type":"Feature","properties":{"name":"Big Trout","scalerank":5,"beside":1,"from":3.5,"until":6.75,"tmw":5.3},"geometry":{"type":"Point","coordinates":[-89.477,53.782]}},{"type":"Feature","properties":{"name":"Trout","scalerank":5},"geometry":{"type":"LineString","coordinates":[[-93.43,51.165],[-93.251,51.165],[-93.073,51.165]]}},{"type":"Feature","properties":{"name":"Trout","scalerank":5,"beside":1,"from":3.5,"until":7.25,"tmw":4.1},"geometry":{"type":"Point","coordinates":[-92.986,51.166]}},{"type":"Feature","properties":{"name":"Island","scalerank":5},"geometry":{"type":"LineString","coordinates":[[-94.903,53.902],[-94.867,53.889],[-94.832,53.877],[-94.797,53.866],[-94.762,53.856],[-94.727,53.846],[-94.691,53.838],[-94.656,53.83],[-94.621,53.823],[-94.586,53.817],[-94.551,53.812],[-94.516,53.808],[-94.48,53.805],[-94.445,53.802],[-94.41,53.8],[-94.375,53.8],[-94.34,53.8],[-94.304,53.801],[-94.269,53.802],[-94.234,53.805],[-94.199,53.809],[-94.164,53.813],[-94.129,53.818],[-94.093,53.824],[-94.058,53.831]]}},{"type":"Feature","properties":{"name":"Island","scalerank":5,"beside":1,"from":3.5,"until":6.0,"tmw":4.4},"geometry":{"type":"Point","coordinates":[-93.9,53.852]}},{"type":"Feature","properties":{"name":"Naococane","scalerank":5,"stack":1,"zfit":7.0,"tmw":5.3},"geometry":{"type":"Point","coordinates":[-70.635,52.83]}},{"type":"Feature","properties":{"name":"Naococane","scalerank":5,"beside":1,"from":3.5,"until":7.0,"tmw":5.3},"geometry":{"type":"Point","coordinates":[-70.278,52.83]}},{"type":"Feature","properties":{"name":"Ronge","scalerank":5},"geometry":{"type":"LineString","coordinates":[[-105.219,55.069],[-105.185,55.078],[-105.152,55.087],[-105.119,55.095],[-105.085,55.103],[-105.052,55.112],[-105.019,55.119],[-104.985,55.127],[-104.952,55.134],[-104.919,55.142],[-104.886,55.149],[-104.852,55.155],[-104.819,55.162],[-104.786,55.168],[-104.752,55.174],[-104.719,55.18],[-104.686,55.186],[-104.652,55.192],[-104.619,55.197],[-104.586,55.202],[-104.552,55.207],[-104.519,55.211],[-104.486,55.216],[-104.452,55.22],[-104.419,55.224]]}},{"type":"Feature","properties":{"name":"Ronge","scalerank":5,"beside":1,"from":3.5,"until":6.0,"tmw":4.1},"geometry":{"type":"Point","coordinates":[-104.268,55.116]}},{"type":"Feature","properties":{"name":"Mille Lacs","scalerank":5,"beside":1,"from":3.5,"until":24.0,"tmw":5.7},"geometry":{"type":"Point","coordinates":[-93.427,46.247]}},{"type":"Feature","properties":{"name":"Red","scalerank":5},"geometry":{"type":"LineString","coordinates":[[-95.263,47.955],[-95.243,47.958],[-95.224,47.961],[-95.204,47.963],[-95.185,47.965],[-95.166,47.967],[-95.146,47.968],[-95.127,47.969],[-95.107,47.97],[-95.088,47.971],[-95.068,47.971],[-95.049,47.971],[-95.029,47.97],[-95.01,47.969],[-94.991,47.968],[-94.971,47.967],[-94.952,47.965],[-94.932,47.963],[-94.913,47.961],[-94.893,47.958],[-94.874,47.955],[-94.855,47.952],[-94.835,47.948],[-94.816,47.944],[-94.796,47.94]]}},{"type":"Feature","properties":{"name":"Red","scalerank":5,"beside":1,"from":3.5,"until":6.5,"tmw":3.5},"geometry":{"type":"Point","coordinates":[-94.691,47.987]}},{"type":"Feature","properties":{"name":"Red","scalerank":5},"geometry":{"type":"LineString","coordinates":[[-95.018,48.132],[-94.796,48.132],[-94.574,48.132]]}},{"type":"Feature","properties":{"name":"Red","scalerank":5,"beside":1,"from":3.5,"until":6.75,"tmw":3.5},"geometry":{"type":"Point","coordinates":[-94.474,48.129]}},{"type":"Feature","properties":{"name":"Winnipesaukee","scalerank":5,"beside":1,"from":3.5,"until":24.0,"tmw":6.6},"geometry":{"type":"Point","coordinates":[-71.147,43.611]}},{"type":"Feature","properties":{"name":"Simcoe","scalerank":5,"stack":1,"zfit":6.75,"tmw":4.4},"geometry":{"type":"Point","coordinates":[-79.318,44.498]}},{"type":"Feature","properties":{"name":"Simcoe","scalerank":5,"beside":1,"from":3.5,"until":6.75,"tmw":4.4},"geometry":{"type":"Point","coordinates":[-79.09,44.498]}},{"type":"Feature","properties":{"name":"Gods","scalerank":5},"geometry":{"type":"LineString","coordinates":[[-94.416,54.752],[-94.166,54.752],[-93.916,54.752]]}},{"type":"Feature","properties":{"name":"Gods","scalerank":5,"beside":1,"from":3.5,"until":6.75,"tmw":3.8},"geometry":{"type":"Point","coordinates":[-93.508,54.63]}},{"type":"Feature","properties":{"name":"Yathkyed","scalerank":5},"geometry":{"type":"LineString","coordinates":[[-98.409,62.729],[-98.366,62.733],[-98.322,62.737],[-98.279,62.739],[-98.235,62.74],[-98.192,62.739],[-98.148,62.738],[-98.105,62.735],[-98.061,62.731],[-98.018,62.726],[-97.974,62.72],[-97.931,62.712],[-97.887,62.704],[-97.843,62.694],[-97.8,62.683],[-97.756,62.67],[-97.713,62.657],[-97.669,62.642],[-97.626,62.626],[-97.582,62.609],[-97.539,62.591],[-97.495,62.571],[-97.452,62.551],[-97.408,62.529],[-97.365,62.506]]}},{"type":"Feature","properties":{"name":"Yathkyed","scalerank":5,"beside":1,"from":3.5,"until":5.75,"tmw":5.0},"geometry":{"type":"Point","coordinates":[-97.179,62.697]}},{"type":"Feature","properties":{"name":"Aylmer","scalerank":6,"beside":1,"from":3.5,"until":24.0,"tmw":4.4},"geometry":{"type":"Point","coordinates":[-107.833,64.176]}},{"type":"Feature","properties":{"name":"Clinton-Colden","scalerank":6,"stack":1,"zfit":7.0,"tmw":6.9},"geometry":{"type":"Point","coordinates":[-107.452,63.939]}},{"type":"Feature","properties":{"name":"Clinton-Colden","scalerank":6,"beside":1,"from":3.5,"until":7.0,"tmw":6.9},"geometry":{"type":"Point","coordinates":[-106.96,63.939]}},{"type":"Feature","properties":{"name":"\u00cele-\u00e0-la-Crosse","scalerank":6,"beside":1,"from":3.5,"until":24.0,"tmw":7.2},"geometry":{"type":"Point","coordinates":[-107.599,55.568]}},{"type":"Feature","properties":{"name":"Wholdaia","scalerank":6,"beside":1,"from":3.5,"until":24.0,"tmw":5.0},"geometry":{"type":"Point","coordinates":[-103.52,60.668]}},{"type":"Feature","properties":{"name":"Tehek","scalerank":6},"geometry":{"type":"LineString","coordinates":[[-95.973,64.97],[-95.677,64.97],[-95.381,64.97]]}},{"type":"Feature","properties":{"name":"Tehek","scalerank":6,"beside":1,"from":3.5,"until":6.75,"tmw":4.1},"geometry":{"type":"Point","coordinates":[-95.084,64.908]}},{"type":"Feature","properties":{"name":"George","scalerank":6,"beside":1,"from":3.5,"until":24.0,"tmw":4.4},"geometry":{"type":"Point","coordinates":[-81.471,29.355]}},{"type":"Feature","properties":{"name":"Havasu","scalerank":6,"beside":1,"from":3.5,"until":24.0,"tmw":4.4},"geometry":{"type":"Point","coordinates":[-114.007,34.423]}},{"type":"Feature","properties":{"name":"Point","scalerank":6},"geometry":{"type":"LineString","coordinates":[[-114.023,65.354],[-113.747,65.354],[-113.472,65.354]]}},{"type":"Feature","properties":{"name":"Point","scalerank":6,"beside":1,"from":3.5,"until":6.75,"tmw":4.1},"geometry":{"type":"Point","coordinates":[-111.979,65.317]}},{"type":"Feature","properties":{"name":"Upper Klamath","scalerank":6,"beside":1,"from":3.5,"until":24.0,"tmw":6.6},"geometry":{"type":"Point","coordinates":[-121.753,42.439]}},{"type":"Feature","properties":{"name":"Chiputneticook Lakes","scalerank":6,"beside":1,"from":3.5,"until":24.0,"tmw":8.8},"geometry":{"type":"Point","coordinates":[-67.371,45.681]}},{"type":"Feature","properties":{"name":"Aishihik","scalerank":6,"beside":1,"from":3.5,"until":24.0,"tmw":5.0},"geometry":{"type":"Point","coordinates":[-136.927,61.438]}},{"type":"Feature","properties":{"name":"Clark","scalerank":6},"geometry":{"type":"LineString","coordinates":[[-154.298,60.283],[-154.197,60.283],[-154.095,60.283]]}},{"type":"Feature","properties":{"name":"Clark","scalerank":6,"beside":1,"from":3.5,"until":8.25,"tmw":4.1},"geometry":{"type":"Point","coordinates":[-153.49,60.242]}},{"type":"Feature","properties":{"name":"Canyon Ferry","scalerank":7,"beside":1,"from":3.5,"until":24.0,"tmw":6.3},"geometry":{"type":"Point","coordinates":[-111.422,46.508]}},{"type":"Feature","properties":{"name":"Jackson","scalerank":7,"beside":1,"from":3.5,"until":24.0,"tmw":4.7},"geometry":{"type":"Point","coordinates":[-110.534,43.948]}},{"type":"Feature","properties":{"name":"Cass","scalerank":7,"beside":1,"from":3.5,"until":24.0,"tmw":3.8},"geometry":{"type":"Point","coordinates":[-94.459,47.425]}},{"type":"Feature","properties":{"name":"Winnibigoshish","scalerank":7,"beside":1,"from":3.5,"until":24.0,"tmw":6.9},"geometry":{"type":"Point","coordinates":[-94.012,47.436]}},{"type":"Feature","properties":{"name":"Marmion","scalerank":7,"beside":1,"from":3.5,"until":24.0,"tmw":4.7},"geometry":{"type":"Point","coordinates":[-91.227,48.898]}},{"type":"Feature","properties":{"name":"Lac du Bonnet","scalerank":7,"beside":1,"from":3.5,"until":24.0,"tmw":6.6},"geometry":{"type":"Point","coordinates":[-95.713,50.35]}},{"type":"Feature","properties":{"name":"Sandy","scalerank":7},"geometry":{"type":"LineString","coordinates":[[-93.335,53.034],[-93.055,53.034],[-92.774,53.034]]}},{"type":"Feature","properties":{"name":"Sandy","scalerank":7,"beside":1,"from":3.5,"until":6.75,"tmw":4.1},"geometry":{"type":"Point","coordinates":[-92.446,53.044]}},{"type":"Feature","properties":{"name":"Kluane","scalerank":7,"beside":1,"from":3.5,"until":24.0,"tmw":4.4},"geometry":{"type":"Point","coordinates":[-138.309,61.335]}},{"type":"Feature","properties":{"name":"Lynx","scalerank":7},"geometry":{"type":"LineString","coordinates":[[-106.387,62.346],[-106.166,62.346],[-105.945,62.346]]}},{"type":"Feature","properties":{"name":"Lynx","scalerank":7,"beside":1,"from":3.5,"until":7.0,"tmw":3.8},"geometry":{"type":"Point","coordinates":[-105.7,62.322]}},{"type":"Feature","properties":{"name":"Traverse","scalerank":7,"beside":1,"from":3.5,"until":24.0,"tmw":5.0},"geometry":{"type":"Point","coordinates":[-96.549,45.709]}},{"type":"Feature","properties":{"name":"Washburn Lake","scalerank":7},"geometry":{"type":"LineString","coordinates":[[-108.046,70.081],[-108.003,70.081],[-107.961,70.08],[-107.918,70.08],[-107.876,70.079],[-107.833,70.079],[-107.791,70.078],[-107.748,70.076],[-107.706,70.075],[-107.663,70.074],[-107.621,70.072],[-107.578,70.07],[-107.536,70.068],[-107.493,70.066],[-107.451,70.064],[-107.408,70.062],[-107.366,70.059],[-107.323,70.056],[-107.281,70.053],[-107.238,70.05],[-107.196,70.047],[-107.154,70.044],[-107.111,70.04],[-107.069,70.036],[-107.026,70.032]]}},{"type":"Feature","properties":{"name":"Washburn Lake","scalerank":7,"beside":1,"from":3.5,"until":6.75,"tmw":6.6},"geometry":{"type":"Point","coordinates":[-106.844,70.061]}},{"type":"Feature","properties":{"name":"Napaktulik","scalerank":7},"geometry":{"type":"LineString","coordinates":[[-113.492,66.278],[-113.271,66.278],[-113.049,66.278]]}},{"type":"Feature","properties":{"name":"Napaktulik","scalerank":7,"beside":1,"from":3.5,"until":7.75,"tmw":5.7},"geometry":{"type":"Point","coordinates":[-112.653,66.278]}},{"type":"Feature","properties":{"name":"Sebago","scalerank":7,"beside":1,"from":3.5,"until":24.0,"tmw":4.4},"geometry":{"type":"Point","coordinates":[-70.425,43.864]}},{"type":"Feature","properties":{"name":"Moosehead Lake","scalerank":7,"beside":1,"from":3.5,"until":24.0,"tmw":6.9},"geometry":{"type":"Point","coordinates":[-69.461,45.687]}},{"type":"Feature","properties":{"name":"Kissimmee","scalerank":7,"beside":1,"from":3.5,"until":24.0,"tmw":5.3},"geometry":{"type":"Point","coordinates":[-81.137,27.889]}},{"type":"Feature","properties":{"name":"Keller","scalerank":7,"stack":1,"zfit":6.75,"tmw":4.4},"geometry":{"type":"Point","coordinates":[-121.537,63.967]}},{"type":"Feature","properties":{"name":"Keller","scalerank":7,"beside":1,"from":3.5,"until":6.75,"tmw":4.4},"geometry":{"type":"Point","coordinates":[-121.239,63.967]}},{"type":"Feature","properties":{"name":"Tathlina","scalerank":7},"geometry":{"type":"LineString","coordinates":[[-117.985,60.448],[-117.957,60.461],[-117.929,60.472],[-117.901,60.482],[-117.873,60.492],[-117.845,60.501],[-117.816,60.509],[-117.788,60.517],[-117.76,60.523],[-117.732,60.529],[-117.704,60.534],[-117.676,60.539],[-117.648,60.542],[-117.62,60.545],[-117.592,60.547],[-117.564,60.549],[-117.536,60.549],[-117.508,60.549],[-117.48,60.548],[-117.452,60.546],[-117.424,60.544],[-117.395,60.541],[-117.367,60.537],[-117.339,60.532],[-117.311,60.526]]}},{"type":"Feature","properties":{"name":"Tathlina","scalerank":7,"beside":1,"from":3.5,"until":6.5,"tmw":5.0},"geometry":{"type":"Point","coordinates":[-117.177,60.557]}},{"type":"Feature","properties":{"name":"Selwyn","scalerank":7,"stack":1,"zfit":6.5,"tmw":4.4},"geometry":{"type":"Point","coordinates":[-104.482,60.074]}},{"type":"Feature","properties":{"name":"Selwyn","scalerank":7,"beside":1,"from":3.5,"until":6.5,"tmw":4.4},"geometry":{"type":"Point","coordinates":[-104.092,60.074]}},{"type":"Feature","properties":{"name":"Nonacho","scalerank":7},"geometry":{"type":"LineString","coordinates":[[-109.671,61.682],[-109.512,61.682],[-109.353,61.682]]}},{"type":"Feature","properties":{"name":"Nonacho","scalerank":7,"beside":1,"from":3.5,"until":7.75,"tmw":4.7},"geometry":{"type":"Point","coordinates":[-108.682,61.858]}},{"type":"Feature","properties":{"name":"Aberdeen","scalerank":7},"geometry":{"type":"LineString","coordinates":[[-100.533,64.656],[-100.398,64.63],[-100.263,64.608],[-100.128,64.588],[-99.992,64.57],[-99.857,64.555],[-99.722,64.543],[-99.587,64.534],[-99.452,64.527],[-99.317,64.523],[-99.182,64.522],[-99.047,64.523],[-98.912,64.527],[-98.777,64.534],[-98.642,64.543],[-98.507,64.555],[-98.372,64.569],[-98.237,64.587],[-98.102,64.607],[-97.967,64.629],[-97.832,64.654],[-97.697,64.682],[-97.562,64.713],[-97.426,64.746],[-97.291,64.782]]}},{"type":"Feature","properties":{"name":"Aberdeen","scalerank":7,"beside":1,"from":3.5,"until":4.0,"tmw":5.0},"geometry":{"type":"Point","coordinates":[-96.799,64.588]}},{"type":"Feature","properties":{"name":"Long Lake","scalerank":7,"beside":1,"from":3.5,"until":24.0,"tmw":5.3},"geometry":{"type":"Point","coordinates":[-86.483,49.526]}},{"type":"Feature","properties":{"name":"Sturgeon","scalerank":8,"beside":1,"from":3.5,"until":24.0,"tmw":5.0},"geometry":{"type":"Point","coordinates":[-90.526,50.092]}},{"type":"Feature","properties":{"name":"Minnitaki","scalerank":8,"beside":1,"from":3.5,"until":24.0,"tmw":5.3},"geometry":{"type":"Point","coordinates":[-91.679,50.016]}},{"type":"Feature","properties":{"name":"Contwoyto","scalerank":8,"beside":1,"from":3.5,"until":24.0,"tmw":5.3},"geometry":{"type":"Point","coordinates":[-109.18,65.433]}},{"type":"Feature","properties":{"name":"Nueltin","scalerank":8},"geometry":{"type":"LineString","coordinates":[[-99.989,60.034],[-99.81,60.034],[-99.631,60.034]]}},{"type":"Feature","properties":{"name":"Nueltin","scalerank":8,"beside":1,"from":3.5,"until":7.75,"tmw":4.7},"geometry":{"type":"Point","coordinates":[-98.574,60.229]}},{"type":"Feature","properties":{"name":"Lesser Slave","scalerank":8},"geometry":{"type":"LineString","coordinates":[[-116.125,55.459],[-116.071,55.459],[-116.018,55.46],[-115.965,55.461],[-115.911,55.461],[-115.858,55.461],[-115.805,55.461],[-115.751,55.461],[-115.698,55.461],[-115.645,55.46],[-115.592,55.459],[-115.538,55.459],[-115.485,55.458],[-115.432,55.456],[-115.378,55.455],[-115.325,55.454],[-115.272,55.452],[-115.219,55.45],[-115.165,55.448],[-115.112,55.446],[-115.059,55.444],[-115.005,55.441],[-114.952,55.438],[-114.899,55.435],[-114.846,55.432]]}},{"type":"Feature","properties":{"name":"Lesser Slave","scalerank":8,"beside":1,"from":3.5,"until":6.25,"tmw":6.3},"geometry":{"type":"Point","coordinates":[-114.627,55.451]}},{"type":"Feature","properties":{"name":"Payne","scalerank":8},"geometry":{"type":"LineString","coordinates":[[-74.457,59.452],[-74.189,59.452],[-73.92,59.452]]}},{"type":"Feature","properties":{"name":"Payne","scalerank":8,"beside":1,"from":3.5,"until":6.75,"tmw":4.1},"geometry":{"type":"Point","coordinates":[-73.249,59.433]}},{"type":"Feature","properties":{"name":"Minto","scalerank":8,"beside":1,"from":3.5,"until":24.0,"tmw":4.1},"geometry":{"type":"Point","coordinates":[-74.15,57.311]}},{"type":"Feature","properties":{"name":"Hebgen","scalerank":8,"beside":1,"from":3.5,"until":24.0,"tmw":4.4},"geometry":{"type":"Point","coordinates":[-111.048,44.809]}},{"type":"Feature","properties":{"name":"Walcott","scalerank":8},"geometry":{"type":"LineString","coordinates":[[-113.466,42.674],[-113.396,42.674],[-113.325,42.674]]}},{"type":"Feature","properties":{"name":"Walcott","scalerank":8,"beside":1,"from":3.5,"until":9.0,"tmw":4.7},"geometry":{"type":"Point","coordinates":[-113.268,42.672]}},{"type":"Feature","properties":{"name":"Granby","scalerank":8,"beside":1,"from":3.5,"until":24.0,"tmw":4.4},"geometry":{"type":"Point","coordinates":[-105.746,40.175]}},{"type":"Feature","properties":{"name":"Garry","scalerank":8},"geometry":{"type":"LineString","coordinates":[[-100.369,65.915],[-100.04,65.915],[-99.711,65.915]]}},{"type":"Feature","properties":{"name":"Garry","scalerank":8,"beside":1,"from":3.5,"until":6.5,"tmw":4.1},"geometry":{"type":"Point","coordinates":[-98.383,65.961]}},{"type":"Feature","properties":{"name":"Lake Minchumina","scalerank":8,"beside":1,"from":3.5,"until":24.0,"tmw":7.2},"geometry":{"type":"Point","coordinates":[-152.05,63.895]}},{"type":"Feature","properties":{"name":"Travaillant Lake","scalerank":8,"beside":1,"from":3.5,"until":24.0,"tmw":7.5},"geometry":{"type":"Point","coordinates":[-131.581,67.698]}},{"type":"Feature","properties":{"name":"Lac Chavigny","scalerank":8,"beside":1,"from":3.5,"until":24.0,"tmw":6.3},"geometry":{"type":"Point","coordinates":[-74.874,58.222]}},{"type":"Feature","properties":{"name":"Presa Miguel Hidalgo","scalerank":8,"beside":1,"from":3.5,"until":24.0,"tmw":8.8},"geometry":{"type":"Point","coordinates":[-108.459,26.62]}},{"type":"Feature","properties":{"name":"Apopka","scalerank":9,"beside":1,"from":3.5,"until":24.0,"tmw":4.4},"geometry":{"type":"Point","coordinates":[-81.514,28.62]}},{"type":"Feature","properties":{"name":"Istokpoga","scalerank":9,"beside":1,"from":3.5,"until":24.0,"tmw":5.3},"geometry":{"type":"Point","coordinates":[-81.18,27.373]}},{"type":"Feature","properties":{"name":"Laguna de Pueblo Viejo","scalerank":9,"beside":1,"from":3.5,"until":24.0,"tmw":9.4},"geometry":{"type":"Point","coordinates":[-97.777,22.143]}},{"type":"Feature","properties":{"name":"Laguna de Chila","scalerank":9,"beside":1,"from":3.5,"until":24.0,"tmw":7.2},"geometry":{"type":"Point","coordinates":[-97.98,22.217]}},{"type":"Feature","properties":{"name":"Zeta Lake","scalerank":9,"beside":1,"from":3.5,"until":24.0,"tmw":5.3},"geometry":{"type":"Point","coordinates":[-105.93,71.053]}},{"type":"Feature","properties":{"name":"Tetlin Lake","scalerank":9,"beside":1,"from":3.5,"until":24.0,"tmw":6.0},"geometry":{"type":"Point","coordinates":[-142.614,63.102]}},{"type":"Feature","properties":{"name":"North Caribou","scalerank":9,"beside":1,"from":3.5,"until":24.0,"tmw":6.6},"geometry":{"type":"Point","coordinates":[-90.425,52.788]}},{"type":"Feature","properties":{"name":"Pl\u00e9tipi","scalerank":9,"beside":1,"from":3.5,"until":24.0,"tmw":4.7},"geometry":{"type":"Point","coordinates":[-69.866,51.712]}},{"type":"Feature","properties":{"name":"Kipawa","scalerank":9},"geometry":{"type":"LineString","coordinates":[[-79.201,46.978],[-79.092,46.978],[-78.984,46.978]]}},{"type":"Feature","properties":{"name":"Kipawa","scalerank":9,"beside":1,"from":3.5,"until":8.25,"tmw":4.4},"geometry":{"type":"Point","coordinates":[-78.693,46.978]}},{"type":"Feature","properties":{"name":"Big Rideau","scalerank":9,"beside":1,"from":3.5,"until":24.0,"tmw":5.7},"geometry":{"type":"Point","coordinates":[-76.006,44.754]}},{"type":"Feature","properties":{"name":"Chesuncook","scalerank":9,"beside":1,"from":3.5,"until":24.0,"tmw":5.7},"geometry":{"type":"Point","coordinates":[-69.129,46.006]}},{"type":"Feature","properties":{"name":"Superior","scalerank":0},"geometry":{"type":"LineString","coordinates":[[-91.571,46.745],[-91.293,46.897],[-91.015,47.037],[-90.737,47.165],[-90.459,47.281],[-90.181,47.385],[-89.903,47.477],[-89.625,47.556],[-89.347,47.624],[-89.069,47.68],[-88.791,47.723],[-88.513,47.755],[-88.235,47.774],[-87.957,47.781],[-87.679,47.777],[-87.401,47.76],[-87.123,47.731],[-86.845,47.69],[-86.567,47.637],[-86.289,47.572],[-86.011,47.495],[-85.733,47.406],[-85.455,47.304],[-85.177,47.191],[-84.899,47.066]]}},{"type":"Feature","properties":{"name":"Michigan","scalerank":0},"geometry":{"type":"LineString","coordinates":[[-86.927,41.942],[-86.989,42.103],[-87.041,42.264],[-87.085,42.424],[-87.12,42.585],[-87.145,42.746],[-87.162,42.907],[-87.169,43.068],[-87.168,43.228],[-87.157,43.389],[-87.137,43.55],[-87.109,43.711],[-87.071,43.872],[-87.024,44.032],[-86.969,44.193],[-86.904,44.354],[-86.83,44.515],[-86.747,44.676],[-86.656,44.836],[-86.555,44.997],[-86.445,45.158],[-86.326,45.319],[-86.198,45.479],[-86.061,45.64],[-85.915,45.801]]}},{"type":"Feature","properties":{"name":"Huron","scalerank":0},"geometry":{"type":"LineString","coordinates":[[-84.423,45.893],[-84.239,45.724],[-84.056,45.569],[-83.872,45.426],[-83.689,45.297],[-83.506,45.182],[-83.322,45.08],[-83.139,44.991],[-82.955,44.915],[-82.772,44.853],[-82.589,44.804],[-82.405,44.768],[-82.222,44.746],[-82.038,44.737],[-81.855,44.742],[-81.671,44.759],[-81.488,44.791],[-81.305,44.835],[-81.121,44.893],[-80.938,44.964],[-80.754,45.048],[-80.571,45.146],[-80.388,45.257],[-80.204,45.381],[-80.021,45.519]]}},{"type":"Feature","properties":{"name":"Whitefish Bay","scalerank":3,"stack":1,"zfit":6.75,"tmw":6.6},"geometry":{"type":"Point","coordinates":[-84.787,46.714]}},{"type":"Feature","properties":{"name":"Whitefish Bay","scalerank":3,"beside":1,"from":3.5,"until":6.75,"tmw":6.6},"geometry":{"type":"Point","coordinates":[-84.281,46.714]}},{"type":"Feature","properties":{"name":"Saginaw Bay","scalerank":3,"stack":1,"zfit":6.25,"tmw":6.0},"geometry":{"type":"Point","coordinates":[-83.555,43.988]}},{"type":"Feature","properties":{"name":"Saginaw Bay","scalerank":3,"beside":1,"from":3.5,"until":6.25,"tmw":6.0},"geometry":{"type":"Point","coordinates":[-82.932,43.988]}},{"type":"Feature","properties":{"name":"North Channel","scalerank":3},"geometry":{"type":"LineString","coordinates":[[-83.697,46.178],[-83.627,46.163],[-83.558,46.15],[-83.489,46.137],[-83.419,46.125],[-83.35,46.114],[-83.28,46.103],[-83.211,46.093],[-83.141,46.084],[-83.072,46.076],[-83.002,46.069],[-82.933,46.062],[-82.864,46.056],[-82.794,46.051],[-82.725,46.047],[-82.655,46.044],[-82.586,46.041],[-82.516,46.039],[-82.447,46.038],[-82.377,46.037],[-82.308,46.038],[-82.239,46.039],[-82.169,46.041],[-82.1,46.043],[-82.03,46.047]]}},{"type":"Feature","properties":{"name":"North Channel","scalerank":3,"beside":1,"from":3.5,"until":5.75,"tmw":6.6},"geometry":{"type":"Point","coordinates":[-81.758,46.043]}},{"type":"Feature","properties":{"name":"Georgian Bay","scalerank":2,"stack":1,"zfit":5.25,"tmw":6.3},"geometry":{"type":"Point","coordinates":[-80.744,45.247]}},{"type":"Feature","properties":{"name":"Georgian Bay","scalerank":2,"beside":1,"from":3.5,"until":5.25,"tmw":6.3},"geometry":{"type":"Point","coordinates":[-79.519,45.247]}},{"type":"Feature","properties":{"name":"Ladoga","scalerank":0},"geometry":{"type":"LineString","coordinates":[[30.017,61.389],[30.13,61.325],[30.243,61.265],[30.356,61.208],[30.47,61.153],[30.583,61.102],[30.696,61.053],[30.809,61.007],[30.922,60.965],[31.036,60.925],[31.149,60.888],[31.262,60.854],[31.375,60.824],[31.488,60.796],[31.601,60.771],[31.715,60.749],[31.828,60.73],[31.941,60.713],[32.054,60.7],[32.167,60.69],[32.281,60.683],[32.394,60.678],[32.507,60.677],[32.62,60.679],[32.733,60.683]]}},{"type":"Feature","properties":{"name":"Ladoga","scalerank":0,"beside":1,"from":3.5,"until":4.0,"tmw":4.4},"geometry":{"type":"Point","coordinates":[33.152,60.845]}},{"type":"Feature","properties":{"name":"Balkhash","scalerank":0},"geometry":{"type":"LineString","coordinates":[[73.832,45.766],[74.041,45.9],[74.25,46.024],[74.459,46.139],[74.668,46.245],[74.877,46.34],[75.086,46.427],[75.295,46.503],[75.504,46.571],[75.714,46.629],[75.923,46.677],[76.132,46.716],[76.341,46.745],[76.55,46.764],[76.759,46.775],[76.968,46.775],[77.177,46.767],[77.386,46.748],[77.595,46.721],[77.805,46.683],[78.014,46.636],[78.223,46.58],[78.432,46.514],[78.641,46.439],[78.85,46.354]]}},{"type":"Feature","properties":{"name":"Baikal","scalerank":0},"geometry":{"type":"LineString","coordinates":[[104.146,51.659],[104.37,51.674],[104.595,51.7],[104.819,51.736],[105.043,51.784],[105.267,51.842],[105.491,51.91],[105.715,51.99],[105.939,52.08],[106.163,52.181],[106.387,52.293],[106.611,52.415],[106.835,52.548],[107.059,52.692],[107.283,52.847],[107.507,53.012],[107.731,53.188],[107.955,53.375],[108.179,53.573],[108.403,53.781],[108.627,54.0],[108.851,54.23],[109.075,54.471],[109.299,54.722],[109.523,54.984]]}},{"type":"Feature","properties":{"name":"Albert","scalerank":0,"stack":1,"zfit":5.75,"tmw":4.4},"geometry":{"type":"Point","coordinates":[31.011,1.709]}},{"type":"Feature","properties":{"name":"Albert","scalerank":0,"beside":1,"from":3.5,"until":5.75,"tmw":4.4},"geometry":{"type":"Point","coordinates":[31.569,1.709]}},{"type":"Feature","properties":{"name":"Malawi","scalerank":0},"geometry":{"type":"LineString","coordinates":[[34.759,-14.057],[34.735,-13.88],[34.711,-13.704],[34.688,-13.527],[34.665,-13.351],[34.642,-13.175],[34.62,-12.998],[34.599,-12.822],[34.577,-12.645],[34.557,-12.469],[34.536,-12.292],[34.516,-12.116],[34.497,-11.939],[34.478,-11.763],[34.459,-11.587],[34.441,-11.41],[34.423,-11.234],[34.406,-11.057],[34.389,-10.881],[34.372,-10.704],[34.356,-10.528],[34.341,-10.351],[34.326,-10.175],[34.311,-9.999],[34.296,-9.822]]}},{"type":"Feature","properties":{"name":"Tanganyika","scalerank":0},"geometry":{"type":"LineString","coordinates":[[30.898,-8.418],[30.767,-8.222],[30.641,-8.026],[30.521,-7.831],[30.406,-7.635],[30.297,-7.439],[30.194,-7.243],[30.096,-7.047],[30.004,-6.851],[29.917,-6.655],[29.836,-6.459],[29.761,-6.263],[29.691,-6.067],[29.627,-5.871],[29.568,-5.675],[29.516,-5.479],[29.468,-5.283],[29.427,-5.087],[29.391,-4.891],[29.36,-4.695],[29.335,-4.5],[29.316,-4.304],[29.303,-4.108],[29.295,-3.912],[29.292,-3.716]]}},{"type":"Feature","properties":{"name":"Nyanza","scalerank":0,"stack":1,"zfit":3.5,"tmw":4.4},"geometry":{"type":"Point","coordinates":[32.866,-1.267]}},{"type":"Feature","properties":{"name":"Chad","scalerank":1,"stack":1,"zfit":6.5,"tmw":3.8},"geometry":{"type":"Point","coordinates":[14.536,13.063]}},{"type":"Feature","properties":{"name":"Chad","scalerank":1,"beside":1,"from":3.5,"until":6.5,"tmw":3.8},"geometry":{"type":"Point","coordinates":[14.834,13.063]}},{"type":"Feature","properties":{"name":"V\u00e4nern","scalerank":1},"geometry":{"type":"LineString","coordinates":[[12.431,58.57],[12.496,58.606],[12.561,58.64],[12.626,58.674],[12.69,58.706],[12.755,58.737],[12.82,58.767],[12.885,58.795],[12.95,58.823],[13.015,58.849],[13.08,58.873],[13.145,58.897],[13.21,58.919],[13.275,58.939],[13.34,58.959],[13.405,58.977],[13.47,58.994],[13.535,59.01],[13.6,59.025],[13.665,59.038],[13.73,59.05],[13.795,59.06],[13.86,59.07],[13.925,59.078],[13.99,59.085]]}},{"type":"Feature","properties":{"name":"V\u00e4nern","scalerank":1,"beside":1,"from":3.5,"until":4.75,"tmw":4.4},"geometry":{"type":"Point","coordinates":[14.247,58.883]}},{"type":"Feature","properties":{"name":"Onega","scalerank":1,"stack":1,"zfit":5.5,"tmw":4.1},"geometry":{"type":"Point","coordinates":[35.558,61.89]}},{"type":"Feature","properties":{"name":"Onega","scalerank":1,"beside":1,"from":3.5,"until":5.5,"tmw":4.1},"geometry":{"type":"Point","coordinates":[36.623,61.89]}},{"type":"Feature","properties":{"name":"Tana","scalerank":1,"stack":1,"zfit":5.75,"tmw":3.8},"geometry":{"type":"Point","coordinates":[37.279,11.962]}},{"type":"Feature","properties":{"name":"Tana","scalerank":1,"beside":1,"from":3.5,"until":5.75,"tmw":3.8},"geometry":{"type":"Point","coordinates":[37.672,11.962]}},{"type":"Feature","properties":{"name":"Titicaca","scalerank":1,"stack":1,"zfit":5.75,"tmw":5.0},"geometry":{"type":"Point","coordinates":[-69.354,-15.92]}},{"type":"Feature","properties":{"name":"Titicaca","scalerank":1,"beside":1,"from":3.5,"until":5.75,"tmw":5.0},"geometry":{"type":"Point","coordinates":[-68.463,-15.92]}},{"type":"Feature","properties":{"name":"Saimaa","scalerank":2,"stack":1,"zfit":6.25,"tmw":4.4},"geometry":{"type":"Point","coordinates":[29.535,62.327]}},{"type":"Feature","properties":{"name":"Saimaa","scalerank":2,"beside":1,"from":3.5,"until":6.25,"tmw":4.4},"geometry":{"type":"Point","coordinates":[30.217,62.327]}},{"type":"Feature","properties":{"name":"General Carrera/Buenos Aires","scalerank":3,"beside":1,"from":3.5,"until":24.0,"tmw":11.2},"geometry":{"type":"Point","coordinates":[-71.015,-46.656]}},{"type":"Feature","properties":{"name":"Llanquihue","scalerank":3,"stack":1,"zfit":6.5,"tmw":5.7},"geometry":{"type":"Point","coordinates":[-72.825,-41.134]}},{"type":"Feature","properties":{"name":"Llanquihue","scalerank":3,"beside":1,"from":3.5,"until":6.5,"tmw":5.7},"geometry":{"type":"Point","coordinates":[-72.5,-41.134]}},{"type":"Feature","properties":{"name":"Hongze Lake","scalerank":3},"geometry":{"type":"LineString","coordinates":[[117.836,32.978],[117.876,33.0],[117.916,33.021],[117.957,33.042],[117.997,33.063],[118.037,33.083],[118.078,33.102],[118.118,33.121],[118.158,33.139],[118.198,33.157],[118.239,33.174],[118.279,33.19],[118.319,33.206],[118.359,33.222],[118.4,33.237],[118.44,33.252],[118.48,33.266],[118.52,33.279],[118.561,33.292],[118.601,33.304],[118.641,33.316],[118.681,33.328],[118.722,33.338],[118.762,33.349],[118.802,33.358]]}},{"type":"Feature","properties":{"name":"Hongze Lake","scalerank":3,"beside":1,"from":3.5,"until":6.25,"tmw":6.0},"geometry":{"type":"Point","coordinates":[118.977,33.257]}},{"type":"Feature","properties":{"name":"Kh\u00f6vsg\u00f6l Nuur","scalerank":3},"geometry":{"type":"LineString","coordinates":[[100.27,50.534],[100.292,50.576],[100.314,50.618],[100.335,50.66],[100.355,50.702],[100.375,50.744],[100.393,50.785],[100.411,50.827],[100.428,50.869],[100.443,50.911],[100.458,50.953],[100.473,50.994],[100.486,51.036],[100.498,51.078],[100.51,51.12],[100.521,51.162],[100.531,51.204],[100.54,51.245],[100.548,51.287],[100.555,51.329],[100.562,51.371],[100.567,51.413],[100.572,51.454],[100.576,51.496],[100.579,51.538]]}},{"type":"Feature","properties":{"name":"Kh\u00f6vsg\u00f6l Nuur","scalerank":3,"beside":1,"from":3.5,"until":6.25,"tmw":6.6},"geometry":{"type":"Point","coordinates":[100.868,51.03]}},{"type":"Feature","properties":{"name":"P\u00e4ij\u00e4nne","scalerank":3,"beside":1,"from":3.5,"until":24.0,"tmw":5.0},"geometry":{"type":"Point","coordinates":[27.327,62.093]}},{"type":"Feature","properties":{"name":"Mweru","scalerank":3,"stack":1,"zfit":5.5,"tmw":4.1},"geometry":{"type":"Point","coordinates":[28.713,-9.003]}},{"type":"Feature","properties":{"name":"Mweru","scalerank":3,"beside":1,"from":3.5,"until":5.5,"tmw":4.1},"geometry":{"type":"Point","coordinates":[29.231,-9.003]}},{"type":"Feature","properties":{"name":"Khanka","scalerank":3,"stack":1,"zfit":5.5,"tmw":4.4},"geometry":{"type":"Point","coordinates":[132.433,44.937]}},{"type":"Feature","properties":{"name":"Khanka","scalerank":3,"beside":1,"from":3.5,"until":5.5,"tmw":4.4},"geometry":{"type":"Point","coordinates":[132.921,44.937]}},{"type":"Feature","properties":{"name":"Tonl\u00e9 Sap","scalerank":3,"beside":1,"from":3.5,"until":24.0,"tmw":5.3},"geometry":{"type":"Point","coordinates":[104.707,12.818]}},{"type":"Feature","properties":{"name":"Pihkva","scalerank":3},"geometry":{"type":"LineString","coordinates":[[27.516,58.146],[27.541,58.141],[27.567,58.136],[27.592,58.13],[27.617,58.124],[27.642,58.118],[27.667,58.112],[27.692,58.105],[27.718,58.098],[27.743,58.09],[27.768,58.083],[27.793,58.075],[27.818,58.066],[27.843,58.058],[27.869,58.049],[27.894,58.04],[27.919,58.03],[27.944,58.021],[27.969,58.011],[27.995,58.0],[28.02,57.99],[28.045,57.979],[28.07,57.968],[28.095,57.956],[28.12,57.945]]}},{"type":"Feature","properties":{"name":"Pihkva","scalerank":3,"beside":1,"from":3.5,"until":6.25,"tmw":4.4},"geometry":{"type":"Point","coordinates":[28.245,58.048]}},{"type":"Feature","properties":{"name":"Yarroto Vtoroe","scalerank":3},"geometry":{"type":"LineString","coordinates":[[70.953,68.043],[71.144,68.043],[71.336,68.043]]}},{"type":"Feature","properties":{"name":"Yarroto Vtoroe","scalerank":3,"beside":1,"from":3.5,"until":8.25,"tmw":6.9},"geometry":{"type":"Point","coordinates":[71.463,68.035]}},{"type":"Feature","properties":{"name":"Ozero Srednye Kuyto","scalerank":3,"beside":1,"from":3.5,"until":24.0,"tmw":8.4},"geometry":{"type":"Point","coordinates":[32.126,65.039]}},{"type":"Feature","properties":{"name":"Chany","scalerank":4},"geometry":{"type":"LineString","coordinates":[[76.788,54.786],[77.181,54.786],[77.573,54.786]]}},{"type":"Feature","properties":{"name":"Chany","scalerank":4,"beside":1,"from":3.5,"until":6.25,"tmw":4.1},"geometry":{"type":"Point","coordinates":[78.18,54.83]}},{"type":"Feature","properties":{"name":"Hulun","scalerank":4,"stack":1,"zfit":5.75,"tmw":4.1},"geometry":{"type":"Point","coordinates":[117.401,48.961]}},{"type":"Feature","properties":{"name":"Hulun","scalerank":4,"beside":1,"from":3.5,"until":5.75,"tmw":4.1},"geometry":{"type":"Point","coordinates":[118.153,48.961]}},{"type":"Feature","properties":{"name":"Bangweulu","scalerank":4,"beside":1,"from":3.5,"until":24.0,"tmw":5.3},"geometry":{"type":"Point","coordinates":[30.111,-11.143]}},{"type":"Feature","properties":{"name":"Inari","scalerank":4},"geometry":{"type":"LineString","coordinates":[[27.14,68.879],[27.205,68.879],[27.27,68.881],[27.335,68.885],[27.4,68.89],[27.465,68.897],[27.531,68.906],[27.596,68.916],[27.661,68.928],[27.726,68.942],[27.791,68.957],[27.856,68.974],[27.921,68.993],[27.986,69.013],[28.051,69.035],[28.116,69.059],[28.181,69.084],[28.246,69.111],[28.311,69.139],[28.376,69.17],[28.441,69.202],[28.506,69.235],[28.571,69.271],[28.636,69.307],[28.701,69.346]]}},{"type":"Feature","properties":{"name":"Inari","scalerank":4,"beside":1,"from":3.5,"until":4.75,"tmw":4.1},"geometry":{"type":"Point","coordinates":[28.959,69.069]}},{"type":"Feature","properties":{"name":"Peipus","scalerank":4,"stack":1,"zfit":5.5,"tmw":4.4},"geometry":{"type":"Point","coordinates":[27.49,58.628]}},{"type":"Feature","properties":{"name":"Peipus","scalerank":4,"beside":1,"from":3.5,"until":5.5,"tmw":4.4},"geometry":{"type":"Point","coordinates":[27.92,58.628]}},{"type":"Feature","properties":{"name":"Kivu","scalerank":4,"stack":1,"zfit":6.75,"tmw":3.8},"geometry":{"type":"Point","coordinates":[29.238,-2.031]}},{"type":"Feature","properties":{"name":"Kivu","scalerank":4,"beside":1,"from":3.5,"until":6.75,"tmw":3.8},"geometry":{"type":"Point","coordinates":[29.43,-2.031]}},{"type":"Feature","properties":{"name":"Edward","scalerank":4,"stack":1,"zfit":6.25,"tmw":4.4},"geometry":{"type":"Point","coordinates":[29.593,-0.383]}},{"type":"Feature","properties":{"name":"Edward","scalerank":4,"beside":1,"from":3.5,"until":6.25,"tmw":4.4},"geometry":{"type":"Point","coordinates":[29.971,-0.383]}},{"type":"Feature","properties":{"name":"Tai","scalerank":4,"stack":1,"zfit":5.5,"tmw":3.5},"geometry":{"type":"Point","coordinates":[120.138,31.237]}},{"type":"Feature","properties":{"name":"Tai","scalerank":4,"beside":1,"from":3.5,"until":5.5,"tmw":3.5},"geometry":{"type":"Point","coordinates":[120.677,31.237]}},{"type":"Feature","properties":{"name":"Argentino","scalerank":4},"geometry":{"type":"LineString","coordinates":[[-72.807,-50.248],[-72.42,-50.248],[-72.034,-50.248]]}},{"type":"Feature","properties":{"name":"Argentino","scalerank":4,"beside":1,"from":3.5,"until":6.75,"tmw":5.3},"geometry":{"type":"Point","coordinates":[-71.866,-50.318]}},{"type":"Feature","properties":{"name":"Namtso","scalerank":4},"geometry":{"type":"LineString","coordinates":[[90.325,30.709],[90.352,30.706],[90.379,30.703],[90.407,30.701],[90.434,30.7],[90.461,30.701],[90.488,30.702],[90.515,30.704],[90.543,30.707],[90.57,30.71],[90.597,30.715],[90.624,30.721],[90.651,30.727],[90.679,30.735],[90.706,30.743],[90.733,30.752],[90.76,30.763],[90.788,30.774],[90.815,30.786],[90.842,30.799],[90.869,30.813],[90.896,30.827],[90.924,30.843],[90.951,30.86],[90.978,30.877]]}},{"type":"Feature","properties":{"name":"Namtso","scalerank":4,"beside":1,"from":3.5,"until":6.25,"tmw":4.4},"geometry":{"type":"Point","coordinates":[91.109,30.725]}},{"type":"Feature","properties":{"name":"Nerpichye","scalerank":4},"geometry":{"type":"LineString","coordinates":[[159.963,69.286],[160.191,69.286],[160.419,69.286]]}},{"type":"Feature","properties":{"name":"Nerpichye","scalerank":4,"beside":1,"from":3.5,"until":7.5,"tmw":5.3},"geometry":{"type":"Point","coordinates":[160.57,69.308]}},{"type":"Feature","properties":{"name":"Yarroto Pervoe","scalerank":4,"beside":1,"from":3.5,"until":24.0,"tmw":6.9},"geometry":{"type":"Point","coordinates":[71.878,67.953]}},{"type":"Feature","properties":{"name":"Ozero Neyto","scalerank":4},"geometry":{"type":"LineString","coordinates":[[70.141,70.071],[70.329,70.071],[70.518,70.071]]}},{"type":"Feature","properties":{"name":"Ozero Neyto","scalerank":4,"beside":1,"from":3.5,"until":8.0,"tmw":6.0},"geometry":{"type":"Point","coordinates":[70.595,70.077]}},{"type":"Feature","properties":{"name":"Ozero Yambuto","scalerank":4,"beside":1,"from":3.5,"until":24.0,"tmw":6.6},"geometry":{"type":"Point","coordinates":[71.129,70.047]}},{"type":"Feature","properties":{"name":"Vygozero","scalerank":4,"beside":1,"from":3.5,"until":24.0,"tmw":5.0},"geometry":{"type":"Point","coordinates":[35.602,63.385]}},{"type":"Feature","properties":{"name":"Vygozero","scalerank":4},"geometry":{"type":"LineString","coordinates":[[34.786,63.603],[34.791,63.603],[34.796,63.603]]}},{"type":"Feature","properties":{"name":"Vygozero","scalerank":4,"beside":1,"from":3.5,"until":24.0,"tmw":5.0},"geometry":{"type":"Point","coordinates":[34.838,63.603]}},{"type":"Feature","properties":{"name":"Segozero","scalerank":4},"geometry":{"type":"LineString","coordinates":[[33.27,63.331],[33.305,63.333],[33.341,63.336],[33.376,63.337],[33.411,63.338],[33.447,63.338],[33.482,63.338],[33.518,63.337],[33.553,63.336],[33.588,63.334],[33.624,63.331],[33.659,63.327],[33.694,63.323],[33.73,63.319],[33.765,63.314],[33.801,63.308],[33.836,63.301],[33.871,63.294],[33.907,63.286],[33.942,63.278],[33.977,63.269],[34.013,63.259],[34.048,63.249],[34.083,63.238],[34.119,63.227]]}},{"type":"Feature","properties":{"name":"Segozero","scalerank":4,"beside":1,"from":3.5,"until":6.25,"tmw":5.0},"geometry":{"type":"Point","coordinates":[34.277,63.345]}},{"type":"Feature","properties":{"name":"Pielinen","scalerank":4,"beside":1,"from":3.5,"until":24.0,"tmw":5.0},"geometry":{"type":"Point","coordinates":[30.518,63.158]}},{"type":"Feature","properties":{"name":"Topozero","scalerank":4,"stack":1,"zfit":6.5,"tmw":5.0},"geometry":{"type":"Point","coordinates":[32.154,65.642]}},{"type":"Feature","properties":{"name":"Topozero","scalerank":4,"beside":1,"from":3.5,"until":6.5,"tmw":5.0},"geometry":{"type":"Point","coordinates":[32.822,65.642]}},{"type":"Feature","properties":{"name":"Bosten","scalerank":4},"geometry":{"type":"LineString","coordinates":[[86.733,41.903],[86.76,41.919],[86.787,41.934],[86.814,41.947],[86.841,41.959],[86.868,41.969],[86.895,41.978],[86.922,41.986],[86.949,41.992],[86.976,41.997],[87.003,42.0],[87.03,42.002],[87.057,42.003],[87.084,42.002],[87.111,41.999],[87.138,41.996],[87.165,41.991],[87.192,41.984],[87.219,41.977],[87.246,41.967],[87.273,41.957],[87.3,41.945],[87.327,41.931],[87.354,41.916],[87.381,41.9]]}},{"type":"Feature","properties":{"name":"Bosten","scalerank":4,"beside":1,"from":3.5,"until":6.25,"tmw":4.4},"geometry":{"type":"Point","coordinates":[87.511,41.979]}},{"type":"Feature","properties":{"name":"Poyang","scalerank":4,"beside":1,"from":3.5,"until":24.0,"tmw":4.4},"geometry":{"type":"Point","coordinates":[116.796,29.263]}},{"type":"Feature","properties":{"name":"Daguan Lake","scalerank":4,"beside":1,"from":3.5,"until":24.0,"tmw":6.0},"geometry":{"type":"Point","coordinates":[116.586,30.044]}},{"type":"Feature","properties":{"name":"Longgan","scalerank":4,"beside":1,"from":3.5,"until":24.0,"tmw":4.7},"geometry":{"type":"Point","coordinates":[116.326,29.975]}},{"type":"Feature","properties":{"name":"Liangzi","scalerank":4,"beside":1,"from":3.5,"until":24.0,"tmw":4.7},"geometry":{"type":"Point","coordinates":[114.71,30.218]}},{"type":"Feature","properties":{"name":"Siling","scalerank":4},"geometry":{"type":"LineString","coordinates":[[88.612,31.831],[88.641,31.823],[88.669,31.815],[88.697,31.808],[88.725,31.802],[88.754,31.795],[88.782,31.79],[88.81,31.785],[88.838,31.781],[88.867,31.777],[88.895,31.773],[88.923,31.771],[88.951,31.768],[88.979,31.767],[89.008,31.766],[89.036,31.765],[89.064,31.765],[89.092,31.766],[89.121,31.767],[89.149,31.768],[89.177,31.77],[89.205,31.773],[89.234,31.776],[89.262,31.78],[89.29,31.785]]}},{"type":"Feature","properties":{"name":"Siling","scalerank":4,"beside":1,"from":3.5,"until":6.5,"tmw":4.4},"geometry":{"type":"Point","coordinates":[89.425,31.749]}},{"type":"Feature","properties":{"name":"Khar-Us","scalerank":4,"stack":1,"zfit":6.75,"tmw":4.7},"geometry":{"type":"Point","coordinates":[92.349,48.065]}},{"type":"Feature","properties":{"name":"Khar-Us","scalerank":4,"beside":1,"from":3.5,"until":6.75,"tmw":4.7},"geometry":{"type":"Point","coordinates":[92.911,48.065]}},{"type":"Feature","properties":{"name":"Geneva","scalerank":4,"beside":1,"from":3.5,"until":24.0,"tmw":4.4},"geometry":{"type":"Point","coordinates":[7.016,46.358]}},{"type":"Feature","properties":{"name":"Neagh","scalerank":4,"stack":1,"zfit":7.0,"tmw":4.1},"geometry":{"type":"Point","coordinates":[-6.415,54.617]}},{"type":"Feature","properties":{"name":"Neagh","scalerank":4,"beside":1,"from":3.5,"until":7.0,"tmw":4.1},"geometry":{"type":"Point","coordinates":[-6.18,54.617]}},{"type":"Feature","properties":{"name":"V\u00e4ttern","scalerank":4,"stack":1,"zfit":6.75,"tmw":4.7},"geometry":{"type":"Point","coordinates":[14.473,58.33]}},{"type":"Feature","properties":{"name":"V\u00e4ttern","scalerank":4,"beside":1,"from":3.5,"until":6.75,"tmw":4.7},"geometry":{"type":"Point","coordinates":[15.079,58.33]}},{"type":"Feature","properties":{"name":"Taymyr","scalerank":4},"geometry":{"type":"LineString","coordinates":[[99.591,74.634],[99.83,74.591],[100.069,74.554],[100.308,74.522],[100.547,74.496],[100.786,74.475],[101.025,74.46],[101.263,74.451],[101.502,74.447],[101.741,74.449],[101.98,74.457],[102.219,74.47],[102.458,74.489],[102.697,74.514],[102.936,74.544],[103.175,74.58],[103.414,74.621],[103.653,74.668],[103.891,74.721],[104.13,74.779],[104.369,74.843],[104.608,74.912],[104.847,74.988],[105.086,75.068],[105.325,75.155]]}},{"type":"Feature","properties":{"name":"Mogotoyevo","scalerank":5,"stack":1,"zfit":6.5,"tmw":5.7},"geometry":{"type":"Point","coordinates":[149.122,72.031]}},{"type":"Feature","properties":{"name":"Mogotoyevo","scalerank":5,"beside":1,"from":3.5,"until":6.5,"tmw":5.7},"geometry":{"type":"Point","coordinates":[149.395,72.031]}},{"type":"Feature","properties":{"name":"Ayakum","scalerank":5},"geometry":{"type":"LineString","coordinates":[[89.114,37.569],[89.135,37.57],[89.157,37.57],[89.179,37.57],[89.2,37.57],[89.222,37.569],[89.243,37.569],[89.265,37.568],[89.287,37.568],[89.308,37.567],[89.33,37.566],[89.351,37.565],[89.373,37.564],[89.395,37.563],[89.416,37.561],[89.438,37.56],[89.459,37.558],[89.481,37.556],[89.503,37.554],[89.524,37.552],[89.546,37.55],[89.567,37.548],[89.589,37.545],[89.611,37.543],[89.632,37.54]]}},{"type":"Feature","properties":{"name":"Ayakum","scalerank":5,"beside":1,"from":3.5,"until":7.0,"tmw":4.4},"geometry":{"type":"Point","coordinates":[89.745,37.554]}},{"type":"Feature","properties":{"name":"Storsj\u00f6n","scalerank":5,"beside":1,"from":3.5,"until":24.0,"tmw":5.0},"geometry":{"type":"Point","coordinates":[14.879,63.056]}},{"type":"Feature","properties":{"name":"Constance","scalerank":5},"geometry":{"type":"LineString","coordinates":[[9.211,47.654],[9.34,47.654],[9.47,47.654]]}},{"type":"Feature","properties":{"name":"Constance","scalerank":5,"beside":1,"from":3.5,"until":8.25,"tmw":5.3},"geometry":{"type":"Point","coordinates":[9.82,47.655]}},{"type":"Feature","properties":{"name":"Kyoga","scalerank":5},"geometry":{"type":"LineString","coordinates":[[32.576,1.467],[32.898,1.467],[33.22,1.467]]}},{"type":"Feature","properties":{"name":"Kyoga","scalerank":5,"beside":1,"from":3.5,"until":6.5,"tmw":4.1},"geometry":{"type":"Point","coordinates":[33.584,1.495]}},{"type":"Feature","properties":{"name":"Rukwa","scalerank":5,"stack":1,"zfit":6.25,"tmw":4.1},"geometry":{"type":"Point","coordinates":[32.073,-7.849]}},{"type":"Feature","properties":{"name":"Rukwa","scalerank":5,"beside":1,"from":3.5,"until":6.25,"tmw":4.1},"geometry":{"type":"Point","coordinates":[32.617,-7.849]}},{"type":"Feature","properties":{"name":"Ngoring","scalerank":5,"beside":1,"from":3.5,"until":24.0,"tmw":4.7},"geometry":{"type":"Point","coordinates":[97.959,34.936]}},{"type":"Feature","properties":{"name":"Gaoyou","scalerank":5,"beside":1,"from":3.5,"until":24.0,"tmw":4.4},"geometry":{"type":"Point","coordinates":[119.484,32.947]}},{"type":"Feature","properties":{"name":"Pyasino","scalerank":5,"beside":1,"from":3.5,"until":24.0,"tmw":4.7},"geometry":{"type":"Point","coordinates":[88.258,69.788]}},{"type":"Feature","properties":{"name":"Toba","scalerank":5,"beside":1,"from":3.5,"until":24.0,"tmw":3.8},"geometry":{"type":"Point","coordinates":[99.225,2.616]}},{"type":"Feature","properties":{"name":"Hj\u00e4lmaren","scalerank":5},"geometry":{"type":"LineString","coordinates":[[15.311,59.307],[15.354,59.295],[15.397,59.283],[15.44,59.273],[15.483,59.264],[15.526,59.255],[15.569,59.248],[15.612,59.242],[15.655,59.237],[15.698,59.234],[15.741,59.231],[15.784,59.229],[15.827,59.229],[15.87,59.229],[15.913,59.231],[15.956,59.233],[15.999,59.237],[16.042,59.242],[16.084,59.248],[16.127,59.255],[16.17,59.263],[16.213,59.272],[16.256,59.283],[16.299,59.294],[16.342,59.306]]}},{"type":"Feature","properties":{"name":"Hj\u00e4lmaren","scalerank":5,"beside":1,"from":3.5,"until":6.25,"tmw":5.3},"geometry":{"type":"Point","coordinates":[16.526,59.238]}},{"type":"Feature","properties":{"name":"Pyh\u00e4j\u00e4rvi","scalerank":5,"beside":1,"from":3.5,"until":24.0,"tmw":5.3},"geometry":{"type":"Point","coordinates":[24.893,61.757]}},{"type":"Feature","properties":{"name":"Gyaring","scalerank":5,"stack":1,"zfit":7.0,"tmw":4.7},"geometry":{"type":"Point","coordinates":[97.256,34.931]}},{"type":"Feature","properties":{"name":"Gyaring","scalerank":5,"beside":1,"from":3.5,"until":7.0,"tmw":4.7},"geometry":{"type":"Point","coordinates":[97.548,34.931]}},{"type":"Feature","properties":{"name":"Rakshastal","scalerank":5,"beside":1,"from":3.5,"until":24.0,"tmw":5.7},"geometry":{"type":"Point","coordinates":[81.379,30.735]}},{"type":"Feature","properties":{"name":"Manasarovar","scalerank":5,"beside":1,"from":3.5,"until":24.0,"tmw":6.0},"geometry":{"type":"Point","coordinates":[81.656,30.673]}},{"type":"Feature","properties":{"name":"Beloe","scalerank":5},"geometry":{"type":"LineString","coordinates":[[37.277,60.178],[37.306,60.183],[37.335,60.188],[37.364,60.192],[37.393,60.196],[37.423,60.199],[37.452,60.202],[37.481,60.204],[37.51,60.206],[37.539,60.207],[37.568,60.208],[37.597,60.208],[37.626,60.208],[37.655,60.208],[37.685,60.206],[37.714,60.205],[37.743,60.203],[37.772,60.2],[37.801,60.197],[37.83,60.193],[37.859,60.189],[37.888,60.184],[37.917,60.179],[37.947,60.173],[37.976,60.167]]}},{"type":"Feature","properties":{"name":"Beloe","scalerank":5,"beside":1,"from":3.5,"until":6.25,"tmw":4.1},"geometry":{"type":"Point","coordinates":[38.113,60.202]}},{"type":"Feature","properties":{"name":"Manyara","scalerank":5,"beside":1,"from":3.5,"until":24.0,"tmw":4.7},"geometry":{"type":"Point","coordinates":[35.943,-3.587]}},{"type":"Feature","properties":{"name":"Balaton","scalerank":5},"geometry":{"type":"LineString","coordinates":[[17.875,46.939],[17.986,46.939],[18.098,46.939]]}},{"type":"Feature","properties":{"name":"Balaton","scalerank":5,"beside":1,"from":3.5,"until":8.25,"tmw":4.7},"geometry":{"type":"Point","coordinates":[18.256,46.883]}},{"type":"Feature","properties":{"name":"Ranco","scalerank":5,"stack":1,"zfit":7.0,"tmw":4.1},"geometry":{"type":"Point","coordinates":[-72.415,-40.203]}},{"type":"Feature","properties":{"name":"Ranco","scalerank":5,"beside":1,"from":3.5,"until":7.0,"tmw":4.1},"geometry":{"type":"Point","coordinates":[-72.194,-40.203]}},{"type":"Feature","properties":{"name":"Viedma","scalerank":5},"geometry":{"type":"LineString","coordinates":[[-72.987,-49.541],[-72.952,-49.544],[-72.918,-49.548],[-72.883,-49.552],[-72.849,-49.557],[-72.814,-49.561],[-72.779,-49.567],[-72.745,-49.572],[-72.71,-49.578],[-72.676,-49.585],[-72.641,-49.592],[-72.607,-49.599],[-72.572,-49.606],[-72.538,-49.614],[-72.503,-49.622],[-72.469,-49.631],[-72.434,-49.64],[-72.4,-49.649],[-72.365,-49.659],[-72.331,-49.669],[-72.296,-49.679],[-72.262,-49.69],[-72.227,-49.701],[-72.192,-49.713],[-72.158,-49.725]]}},{"type":"Feature","properties":{"name":"Viedma","scalerank":5,"beside":1,"from":3.5,"until":6.0,"tmw":4.4},"geometry":{"type":"Point","coordinates":[-72.002,-49.597]}},{"type":"Feature","properties":{"name":"Tumba","scalerank":5,"stack":1,"zfit":7.0,"tmw":4.1},"geometry":{"type":"Point","coordinates":[18.02,-0.819]}},{"type":"Feature","properties":{"name":"Tumba","scalerank":5,"beside":1,"from":3.5,"until":7.0,"tmw":4.1},"geometry":{"type":"Point","coordinates":[18.221,-0.819]}},{"type":"Feature","properties":{"name":"Poyang Lake","scalerank":5,"beside":1,"from":3.5,"until":24.0,"tmw":6.0},"geometry":{"type":"Point","coordinates":[116.608,30.172]}},{"type":"Feature","properties":{"name":"Buir","scalerank":5,"stack":1,"zfit":6.5,"tmw":3.8},"geometry":{"type":"Point","coordinates":[117.711,47.823]}},{"type":"Feature","properties":{"name":"Buir","scalerank":5,"beside":1,"from":3.5,"until":6.5,"tmw":3.8},"geometry":{"type":"Point","coordinates":[117.941,47.823]}},{"type":"Feature","properties":{"name":"Ang Laren","scalerank":5},"geometry":{"type":"LineString","coordinates":[[82.847,31.548],[83.034,31.548],[83.22,31.548]]}},{"type":"Feature","properties":{"name":"Ang Laren","scalerank":5,"beside":1,"from":3.5,"until":7.75,"tmw":5.3},"geometry":{"type":"Point","coordinates":[83.444,31.548]}},{"type":"Feature","properties":{"name":"Tangra Yumco","scalerank":5,"beside":1,"from":3.5,"until":24.0,"tmw":6.3},"geometry":{"type":"Point","coordinates":[86.857,31.071]}},{"type":"Feature","properties":{"name":"Kulundinskoe","scalerank":5,"stack":1,"zfit":6.75,"tmw":6.3},"geometry":{"type":"Point","coordinates":[79.595,52.981]}},{"type":"Feature","properties":{"name":"Kulundinskoe","scalerank":5,"beside":1,"from":3.5,"until":6.75,"tmw":6.3},"geometry":{"type":"Point","coordinates":[79.882,52.981]}},{"type":"Feature","properties":{"name":"Siletiteniz","scalerank":5,"beside":1,"from":3.5,"until":24.0,"tmw":6.0},"geometry":{"type":"Point","coordinates":[73.507,53.233]}},{"type":"Feature","properties":{"name":"Ubinskoye","scalerank":5},"geometry":{"type":"LineString","coordinates":[[79.83,55.476],[80.037,55.476],[80.244,55.476]]}},{"type":"Feature","properties":{"name":"Ubinskoye","scalerank":5,"beside":1,"from":3.5,"until":7.75,"tmw":5.3},"geometry":{"type":"Point","coordinates":[80.408,55.477]}},{"type":"Feature","properties":{"name":"Bustakh","scalerank":5},"geometry":{"type":"LineString","coordinates":[[141.583,72.559],[141.879,72.559],[142.176,72.559]]}},{"type":"Feature","properties":{"name":"Bustakh","scalerank":5,"beside":1,"from":3.5,"until":7.0,"tmw":4.7},"geometry":{"type":"Point","coordinates":[142.289,72.539]}},{"type":"Feature","properties":{"name":"Sea of Galilee","scalerank":5,"beside":1,"from":3.5,"until":24.0,"tmw":6.9},"geometry":{"type":"Point","coordinates":[35.687,32.804]}},{"type":"Feature","properties":{"name":"Yamdrok","scalerank":5,"beside":1,"from":3.5,"until":24.0,"tmw":4.7},"geometry":{"type":"Point","coordinates":[91.116,28.989]}},{"type":"Feature","properties":{"name":"Ozero Tenis","scalerank":5,"beside":1,"from":3.5,"until":24.0,"tmw":6.0},"geometry":{"type":"Point","coordinates":[72.08,56.132]}},{"type":"Feature","properties":{"name":"Ozero Chernoye","scalerank":5,"beside":1,"from":3.5,"until":24.0,"tmw":6.9},"geometry":{"type":"Point","coordinates":[67.76,55.786]}},{"type":"Feature","properties":{"name":"Bolshoe Morskoe","scalerank":5,"beside":1,"from":3.5,"until":24.0,"tmw":7.2},"geometry":{"type":"Point","coordinates":[159.016,70.06]}},{"type":"Feature","properties":{"name":"Chukochye","scalerank":5},"geometry":{"type":"LineString","coordinates":[[160.083,69.437],[160.261,69.437],[160.44,69.437]]}},{"type":"Feature","properties":{"name":"Chukochye","scalerank":5,"beside":1,"from":3.5,"until":7.75,"tmw":5.3},"geometry":{"type":"Point","coordinates":[160.519,69.446]}},{"type":"Feature","properties":{"name":"Shijiu","scalerank":5,"beside":1,"from":3.5,"until":24.0,"tmw":4.4},"geometry":{"type":"Point","coordinates":[119.031,31.479]}},{"type":"Feature","properties":{"name":"Hong","scalerank":5,"beside":1,"from":3.5,"until":24.0,"tmw":3.8},"geometry":{"type":"Point","coordinates":[113.519,29.849]}},{"type":"Feature","properties":{"name":"V\u00f5rtsj\u00e4rv","scalerank":5,"beside":1,"from":3.5,"until":24.0,"tmw":5.3},"geometry":{"type":"Point","coordinates":[26.206,58.26]}},{"type":"Feature","properties":{"name":"Chao","scalerank":5,"stack":1,"zfit":7.0,"tmw":3.8},"geometry":{"type":"Point","coordinates":[117.417,31.582]}},{"type":"Feature","properties":{"name":"Chao","scalerank":5,"beside":1,"from":3.5,"until":7.0,"tmw":3.8},"geometry":{"type":"Point","coordinates":[118.029,31.582]}},{"type":"Feature","properties":{"name":"Sevan","scalerank":5,"stack":1,"zfit":6.5,"tmw":4.1},"geometry":{"type":"Point","coordinates":[45.363,40.379]}},{"type":"Feature","properties":{"name":"Sevan","scalerank":5,"beside":1,"from":3.5,"until":6.5,"tmw":4.1},"geometry":{"type":"Point","coordinates":[45.742,40.379]}},{"type":"Feature","properties":{"name":"Nansi","scalerank":5,"stack":1,"zfit":7.0,"tmw":4.1},"geometry":{"type":"Point","coordinates":[117.235,34.62]}},{"type":"Feature","properties":{"name":"Nansi","scalerank":5,"beside":1,"from":3.5,"until":7.0,"tmw":4.1},"geometry":{"type":"Point","coordinates":[117.394,34.62]}},{"type":"Feature","properties":{"name":"Futou Lake","scalerank":5,"beside":1,"from":3.5,"until":24.0,"tmw":5.7},"geometry":{"type":"Point","coordinates":[114.359,30.018]}},{"type":"Feature","properties":{"name":"Hoh Xil Hu","scalerank":5},"geometry":{"type":"LineString","coordinates":[[90.957,35.614],[91.119,35.614],[91.28,35.614]]}},{"type":"Feature","properties":{"name":"Hoh Xil Hu","scalerank":5,"beside":1,"from":3.5,"until":8.0,"tmw":5.7},"geometry":{"type":"Point","coordinates":[91.399,35.595]}},{"type":"Feature","properties":{"name":"Khantayskoye","scalerank":6},"geometry":{"type":"LineString","coordinates":[[89.806,68.328],[90.381,68.328],[90.956,68.328]]}},{"type":"Feature","properties":{"name":"Khantayskoye","scalerank":6,"beside":1,"from":3.5,"until":6.5,"tmw":6.3},"geometry":{"type":"Point","coordinates":[92.613,68.397]}},{"type":"Feature","properties":{"name":"Keta","scalerank":6},"geometry":{"type":"LineString","coordinates":[[90.838,68.806],[91.181,68.806],[91.523,68.806]]}},{"type":"Feature","properties":{"name":"Keta","scalerank":6,"beside":1,"from":3.5,"until":6.25,"tmw":3.8},"geometry":{"type":"Point","coordinates":[91.867,68.779]}},{"type":"Feature","properties":{"name":"Lama","scalerank":6},"geometry":{"type":"LineString","coordinates":[[88.975,69.333],[89.075,69.364],[89.175,69.392],[89.275,69.418],[89.375,69.442],[89.475,69.463],[89.574,69.482],[89.674,69.499],[89.774,69.513],[89.874,69.525],[89.974,69.535],[90.073,69.543],[90.173,69.548],[90.273,69.551],[90.373,69.552],[90.473,69.55],[90.573,69.546],[90.672,69.54],[90.772,69.532],[90.872,69.521],[90.972,69.508],[91.072,69.493],[91.172,69.475],[91.271,69.456],[91.371,69.434]]}},{"type":"Feature","properties":{"name":"Lama","scalerank":6,"beside":1,"from":3.5,"until":4.0,"tmw":3.8},"geometry":{"type":"Point","coordinates":[91.745,69.472]}},{"type":"Feature","properties":{"name":"Storavan","scalerank":6},"geometry":{"type":"LineString","coordinates":[[18.069,65.75],[18.221,65.75],[18.372,65.75]]}},{"type":"Feature","properties":{"name":"Storavan","scalerank":6,"beside":1,"from":3.5,"until":8.0,"tmw":5.0},"geometry":{"type":"Point","coordinates":[18.6,65.75]}},{"type":"Feature","properties":{"name":"Uddjaure","scalerank":6,"stack":1,"zfit":6.75,"tmw":5.0},"geometry":{"type":"Point","coordinates":[17.775,66.03]}},{"type":"Feature","properties":{"name":"Uddjaure","scalerank":6,"beside":1,"from":3.5,"until":6.75,"tmw":5.0},"geometry":{"type":"Point","coordinates":[18.193,66.03]}},{"type":"Feature","properties":{"name":"Skadar","scalerank":6,"beside":1,"from":3.5,"until":24.0,"tmw":4.4},"geometry":{"type":"Point","coordinates":[19.543,42.209]}},{"type":"Feature","properties":{"name":"Colhu\u00e9 Huap\u00ed","scalerank":6,"beside":1,"from":3.5,"until":24.0,"tmw":6.3},"geometry":{"type":"Point","coordinates":[-68.478,-45.463]}},{"type":"Feature","properties":{"name":"Krasnoye","scalerank":6,"beside":1,"from":3.5,"until":24.0,"tmw":5.0},"geometry":{"type":"Point","coordinates":[174.925,64.57]}},{"type":"Feature","properties":{"name":"Biwa","scalerank":6,"stack":1,"zfit":7.0,"tmw":3.8},"geometry":{"type":"Point","coordinates":[136.095,35.246]}},{"type":"Feature","properties":{"name":"Biwa","scalerank":6,"beside":1,"from":3.5,"until":7.0,"tmw":3.8},"geometry":{"type":"Point","coordinates":[136.339,35.246]}},{"type":"Feature","properties":{"name":"\u00dc\u00fcreg","scalerank":6,"beside":1,"from":3.5,"until":24.0,"tmw":4.1},"geometry":{"type":"Point","coordinates":[91.195,50.152]}},{"type":"Feature","properties":{"name":"Pangong Tso","scalerank":6,"beside":1,"from":3.5,"until":24.0,"tmw":6.0},"geometry":{"type":"Point","coordinates":[79.052,33.826]}},{"type":"Feature","properties":{"name":"Femund","scalerank":6,"beside":1,"from":3.5,"until":24.0,"tmw":4.4},"geometry":{"type":"Point","coordinates":[11.845,61.985]}},{"type":"Feature","properties":{"name":"Femund","scalerank":6,"beside":1,"from":3.5,"until":24.0,"tmw":4.4},"geometry":{"type":"Point","coordinates":[12.023,62.17]}},{"type":"Feature","properties":{"name":"Loch Ness","scalerank":6,"beside":1,"from":3.5,"until":24.0,"tmw":5.3},"geometry":{"type":"Point","coordinates":[-4.28,57.253]}},{"type":"Feature","properties":{"name":"Dood Tsagaan","scalerank":7,"beside":1,"from":3.5,"until":24.0,"tmw":6.3},"geometry":{"type":"Point","coordinates":[99.568,51.392]}},{"type":"Feature","properties":{"name":"D\u00e9bo","scalerank":7},"geometry":{"type":"LineString","coordinates":[[-4.186,15.309],[-4.092,15.309],[-3.998,15.309]]}},{"type":"Feature","properties":{"name":"D\u00e9bo","scalerank":7,"beside":1,"from":3.5,"until":8.25,"tmw":3.8},"geometry":{"type":"Point","coordinates":[-3.923,15.355]}},{"type":"Feature","properties":{"name":"Aursund","scalerank":7,"beside":1,"from":3.5,"until":24.0,"tmw":4.7},"geometry":{"type":"Point","coordinates":[11.901,62.654]}},{"type":"Feature","properties":{"name":"\u00d8yeren","scalerank":7,"beside":1,"from":3.5,"until":24.0,"tmw":4.4},"geometry":{"type":"Point","coordinates":[11.297,59.803]}},{"type":"Feature","properties":{"name":"Nyumba ya Mungu Reservoir","scalerank":7,"beside":1,"from":3.5,"until":24.0,"tmw":10.3},"geometry":{"type":"Point","coordinates":[37.525,-3.69]}},{"type":"Feature","properties":{"name":"Siljan","scalerank":7},"geometry":{"type":"LineString","coordinates":[[14.661,60.85],[14.85,60.85],[15.038,60.85]]}},{"type":"Feature","properties":{"name":"Siljan","scalerank":7,"beside":1,"from":3.5,"until":7.5,"tmw":4.4},"geometry":{"type":"Point","coordinates":[15.168,60.864]}},{"type":"Feature","properties":{"name":"Tornetr\u00e4sk","scalerank":7,"beside":1,"from":3.5,"until":24.0,"tmw":5.7},"geometry":{"type":"Point","coordinates":[20.972,68.134]}},{"type":"Feature","properties":{"name":"Lagoa do Erepecur","scalerank":7},"geometry":{"type":"LineString","coordinates":[[-56.313,-1.534],[-56.157,-1.534],[-56.001,-1.534]]}},{"type":"Feature","properties":{"name":"Lagoa do Erepecur","scalerank":7,"beside":1,"from":3.5,"until":8.75,"tmw":7.8},"geometry":{"type":"Point","coordinates":[-55.79,-1.534]}},{"type":"Feature","properties":{"name":"Ulansuhai Nur","scalerank":7,"beside":1,"from":3.5,"until":24.0,"tmw":6.6},"geometry":{"type":"Point","coordinates":[109.003,40.919]}},{"type":"Feature","properties":{"name":"Dongting","scalerank":7},"geometry":{"type":"LineString","coordinates":[[112.484,28.872],[112.601,28.872],[112.718,28.872]]}},{"type":"Feature","properties":{"name":"Dongting","scalerank":7,"beside":1,"from":3.5,"until":8.25,"tmw":5.0},"geometry":{"type":"Point","coordinates":[112.992,28.92]}},{"type":"Feature","properties":{"name":"Virihaure","scalerank":7},"geometry":{"type":"LineString","coordinates":[[16.395,67.476],[16.613,67.476],[16.83,67.476]]}},{"type":"Feature","properties":{"name":"Virihaure","scalerank":7,"beside":1,"from":3.5,"until":7.5,"tmw":5.3},"geometry":{"type":"Point","coordinates":[17.264,67.45]}},{"type":"Feature","properties":{"name":"Teletskoe","scalerank":7,"beside":1,"from":3.5,"until":24.0,"tmw":5.3},"geometry":{"type":"Point","coordinates":[87.907,51.573]}},{"type":"Feature","properties":{"name":"Ge","scalerank":7,"beside":1,"from":3.5,"until":24.0,"tmw":3.2},"geometry":{"type":"Point","coordinates":[119.908,31.589]}},{"type":"Feature","properties":{"name":"Sasykkol","scalerank":7,"beside":1,"from":3.5,"until":24.0,"tmw":5.0},"geometry":{"type":"Point","coordinates":[80.683,46.624]}},{"type":"Feature","properties":{"name":"Sasykkol","scalerank":7},"geometry":{"type":"LineString","coordinates":[[80.675,46.618],[80.942,46.618],[81.21,46.618]]}},{"type":"Feature","properties":{"name":"Sasykkol","scalerank":7,"beside":1,"from":3.5,"until":7.25,"tmw":5.0},"geometry":{"type":"Point","coordinates":[81.315,46.582]}},{"type":"Feature","properties":{"name":"O'Higgins/San Mart\u00edn","scalerank":7,"beside":1,"from":3.5,"until":24.0,"tmw":8.8},"geometry":{"type":"Point","coordinates":[-72.156,-48.777]}},{"type":"Feature","properties":{"name":"Kwania","scalerank":7,"beside":1,"from":3.5,"until":24.0,"tmw":4.4},"geometry":{"type":"Point","coordinates":[33.102,1.74]}},{"type":"Feature","properties":{"name":"Como","scalerank":7,"beside":1,"from":3.5,"until":24.0,"tmw":3.8},"geometry":{"type":"Point","coordinates":[8.907,45.95]}},{"type":"Feature","properties":{"name":"Garda","scalerank":7,"beside":1,"from":3.5,"until":24.0,"tmw":4.1},"geometry":{"type":"Point","coordinates":[10.928,45.694]}},{"type":"Feature","properties":{"name":"Hornavan","scalerank":8,"beside":1,"from":3.5,"until":24.0,"tmw":5.0},"geometry":{"type":"Point","coordinates":[17.695,66.319]}},{"type":"Feature","properties":{"name":"Nahuel Huapi","scalerank":8,"beside":1,"from":3.5,"until":24.0,"tmw":6.3},"geometry":{"type":"Point","coordinates":[-71.101,-40.937]}},{"type":"Feature","properties":{"name":"Grande","scalerank":8,"beside":1,"from":3.5,"until":24.0,"tmw":4.4},"geometry":{"type":"Point","coordinates":[-54.089,-2.254]}},{"type":"Feature","properties":{"name":"Lake Xau","scalerank":8,"beside":1,"from":3.5,"until":24.0,"tmw":5.0},"geometry":{"type":"Point","coordinates":[24.861,-21.292]}},{"type":"Feature","properties":{"name":"Lake Abbe","scalerank":8,"beside":1,"from":3.5,"until":24.0,"tmw":5.3},"geometry":{"type":"Point","coordinates":[41.66,11.382]}},{"type":"Feature","properties":{"name":"Koka","scalerank":8,"beside":1,"from":3.5,"until":24.0,"tmw":3.8},"geometry":{"type":"Point","coordinates":[39.188,8.393]}},{"type":"Feature","properties":{"name":"Gummare","scalerank":8,"beside":1,"from":3.5,"until":24.0,"tmw":4.7},"geometry":{"type":"Point","coordinates":[41.747,11.555]}},{"type":"Feature","properties":{"name":"Bay","scalerank":8,"stack":1,"zfit":6.5,"tmw":3.5},"geometry":{"type":"Point","coordinates":[121.208,14.351]}},{"type":"Feature","properties":{"name":"Bay","scalerank":8,"beside":1,"from":3.5,"until":6.5,"tmw":3.5},"geometry":{"type":"Point","coordinates":[121.539,14.351]}},{"type":"Feature","properties":{"name":"Plata","scalerank":8},"geometry":{"type":"LineString","coordinates":[[-71.84,-44.872],[-71.76,-44.872],[-71.68,-44.872]]}},{"type":"Feature","properties":{"name":"Plata","scalerank":8,"beside":1,"from":3.5,"until":8.5,"tmw":4.1},"geometry":{"type":"Point","coordinates":[-71.589,-44.861]}},{"type":"Feature","properties":{"name":"Fontana","scalerank":8,"beside":1,"from":3.5,"until":24.0,"tmw":4.7},"geometry":{"type":"Point","coordinates":[-71.311,-44.932]}},{"type":"Feature","properties":{"name":"Dyupkun","scalerank":8},"geometry":{"type":"LineString","coordinates":[[92.287,68.049],[92.348,68.049],[92.408,68.049]]}},{"type":"Feature","properties":{"name":"Dyupkun","scalerank":8,"beside":1,"from":3.5,"until":9.25,"tmw":4.7},"geometry":{"type":"Point","coordinates":[93.926,68.11]}},{"type":"Feature","properties":{"name":"Murray","scalerank":8,"beside":1,"from":3.5,"until":24.0,"tmw":4.4},"geometry":{"type":"Point","coordinates":[141.705,-6.989]}},{"type":"Feature","properties":{"name":"Elsen Nur","scalerank":8},"geometry":{"type":"LineString","coordinates":[[91.955,35.226],[92.118,35.226],[92.281,35.226]]}},{"type":"Feature","properties":{"name":"Elsen Nur","scalerank":8,"beside":1,"from":3.5,"until":8.0,"tmw":5.3},"geometry":{"type":"Point","coordinates":[92.357,35.219]}},{"type":"Feature","properties":{"name":"Onangu\u00e9","scalerank":8,"beside":1,"from":3.5,"until":24.0,"tmw":4.7},"geometry":{"type":"Point","coordinates":[10.321,-0.961]}},{"type":"Feature","properties":{"name":"Mai-Ndombe","scalerank":8,"beside":1,"from":3.5,"until":24.0,"tmw":5.7},"geometry":{"type":"Point","coordinates":[18.659,-2.135]}},{"type":"Feature","properties":{"name":"Lake Tshangalele","scalerank":8,"beside":1,"from":3.5,"until":24.0,"tmw":7.5},"geometry":{"type":"Point","coordinates":[27.272,-10.91]}},{"type":"Feature","properties":{"name":"Derg","scalerank":8,"beside":1,"from":3.5,"until":24.0,"tmw":3.8},"geometry":{"type":"Point","coordinates":[-8.105,52.948]}},{"type":"Feature","properties":{"name":"Ree","scalerank":8,"beside":1,"from":3.5,"until":24.0,"tmw":3.5},"geometry":{"type":"Point","coordinates":[-7.789,53.567]}},{"type":"Feature","properties":{"name":"Allen","scalerank":8,"beside":1,"from":3.5,"until":24.0,"tmw":4.1},"geometry":{"type":"Point","coordinates":[-7.974,54.115]}},{"type":"Feature","properties":{"name":"Loch Lochy","scalerank":8,"beside":1,"from":3.5,"until":24.0,"tmw":5.7},"geometry":{"type":"Point","coordinates":[-4.789,56.97]}},{"type":"Feature","properties":{"name":"Concepci\u00f3n","scalerank":8,"beside":1,"from":3.5,"until":24.0,"tmw":5.7},"geometry":{"type":"Point","coordinates":[-61.227,-17.489]}},{"type":"Feature","properties":{"name":"Masinga Dam","scalerank":8},"geometry":{"type":"LineString","coordinates":[[37.435,-0.883],[37.505,-0.883],[37.574,-0.883]]}},{"type":"Feature","properties":{"name":"Masinga Dam","scalerank":8,"beside":1,"from":3.5,"until":9.5,"tmw":6.0},"geometry":{"type":"Point","coordinates":[37.742,-0.843]}},{"type":"Feature","properties":{"name":"Bunyonyi","scalerank":8,"beside":1,"from":3.5,"until":24.0,"tmw":5.0},"geometry":{"type":"Point","coordinates":[30.013,-1.279]}},{"type":"Feature","properties":{"name":"Chagan","scalerank":8,"beside":1,"from":3.5,"until":24.0,"tmw":4.4},"geometry":{"type":"Point","coordinates":[124.491,45.262]}},{"type":"Feature","properties":{"name":"Labaz","scalerank":8},"geometry":{"type":"LineString","coordinates":[[99.121,72.324],[99.154,72.321],[99.187,72.318],[99.22,72.316],[99.253,72.314],[99.286,72.312],[99.32,72.31],[99.353,72.308],[99.386,72.307],[99.419,72.305],[99.452,72.304],[99.485,72.303],[99.518,72.303],[99.552,72.302],[99.585,72.302],[99.618,72.302],[99.651,72.302],[99.684,72.303],[99.717,72.303],[99.75,72.304],[99.784,72.305],[99.817,72.306],[99.85,72.307],[99.883,72.309],[99.916,72.311]]}},{"type":"Feature","properties":{"name":"Labaz","scalerank":8,"beside":1,"from":3.5,"until":6.25,"tmw":4.1},"geometry":{"type":"Point","coordinates":[100.067,72.301]}},{"type":"Feature","properties":{"name":"Dongping","scalerank":8,"beside":1,"from":3.5,"until":24.0,"tmw":5.0},"geometry":{"type":"Point","coordinates":[116.296,36.011]}},{"type":"Feature","properties":{"name":"Kolozero","scalerank":8,"beside":1,"from":3.5,"until":24.0,"tmw":5.0},"geometry":{"type":"Point","coordinates":[33.405,68.278]}},{"type":"Feature","properties":{"name":"Bolmen","scalerank":8,"beside":1,"from":3.5,"until":24.0,"tmw":4.4},"geometry":{"type":"Point","coordinates":[13.881,56.917]}},{"type":"Feature","properties":{"name":"\u00c5snen","scalerank":8,"beside":1,"from":3.5,"until":24.0,"tmw":4.1},"geometry":{"type":"Point","coordinates":[14.917,56.651]}},{"type":"Feature","properties":{"name":"Lake Foxen","scalerank":8,"beside":1,"from":3.5,"until":24.0,"tmw":5.7},"geometry":{"type":"Point","coordinates":[12.277,59.195]}},{"type":"Feature","properties":{"name":"M\u00fcritz","scalerank":8,"beside":1,"from":3.5,"until":24.0,"tmw":4.4},"geometry":{"type":"Point","coordinates":[12.837,53.418]}},{"type":"Feature","properties":{"name":"Schweriner","scalerank":8,"beside":1,"from":3.5,"until":24.0,"tmw":5.7},"geometry":{"type":"Point","coordinates":[11.579,53.697]}},{"type":"Feature","properties":{"name":"Upper Erne","scalerank":8,"beside":1,"from":3.5,"until":24.0,"tmw":5.7},"geometry":{"type":"Point","coordinates":[-7.386,54.218]}},{"type":"Feature","properties":{"name":"Alaotra","scalerank":9,"beside":1,"from":3.5,"until":24.0,"tmw":4.7},"geometry":{"type":"Point","coordinates":[48.647,-17.478]}},{"type":"Feature","properties":{"name":"Valencia","scalerank":9,"beside":1,"from":3.5,"until":24.0,"tmw":5.0},"geometry":{"type":"Point","coordinates":[-67.556,10.192]}},{"type":"Feature","properties":{"name":"Iber\u00e1","scalerank":9,"beside":1,"from":3.5,"until":24.0,"tmw":4.1},"geometry":{"type":"Point","coordinates":[-56.916,-28.435]}},{"type":"Feature","properties":{"name":"Iber\u00e1","scalerank":9,"beside":1,"from":3.5,"until":24.0,"tmw":4.1},"geometry":{"type":"Point","coordinates":[-56.829,-28.228]}},{"type":"Feature","properties":{"name":"Huatunas","scalerank":9,"beside":1,"from":3.5,"until":24.0,"tmw":5.0},"geometry":{"type":"Point","coordinates":[-65.834,-13.015]}},{"type":"Feature","properties":{"name":"Laguna Rogaguado","scalerank":9,"beside":1,"from":3.5,"until":24.0,"tmw":7.5},"geometry":{"type":"Point","coordinates":[-65.426,-12.903]}},{"type":"Feature","properties":{"name":"Musters","scalerank":9,"beside":1,"from":3.5,"until":24.0,"tmw":4.7},"geometry":{"type":"Point","coordinates":[-69.057,-45.416]}},{"type":"Feature","properties":{"name":"Cardiel","scalerank":9,"stack":1,"zfit":7.0,"tmw":4.7},"geometry":{"type":"Point","coordinates":[-71.214,-48.9]}},{"type":"Feature","properties":{"name":"Cardiel","scalerank":9,"beside":1,"from":3.5,"until":7.0,"tmw":4.7},"geometry":{"type":"Point","coordinates":[-71.021,-48.9]}},{"type":"Feature","properties":{"name":"Rupanco","scalerank":9},"geometry":{"type":"LineString","coordinates":[[-72.591,-40.816],[-72.503,-40.816],[-72.415,-40.816]]}},{"type":"Feature","properties":{"name":"Rupanco","scalerank":9,"beside":1,"from":3.5,"until":8.75,"tmw":4.7},"geometry":{"type":"Point","coordinates":[-72.135,-40.822]}},{"type":"Feature","properties":{"name":"Mweru Wantipa","scalerank":9,"beside":1,"from":3.5,"until":24.0,"tmw":6.6},"geometry":{"type":"Point","coordinates":[29.953,-8.689]}},{"type":"Feature","properties":{"name":"Lake Ebinur","scalerank":9,"stack":1,"zfit":6.75,"tmw":6.0},"geometry":{"type":"Point","coordinates":[82.943,44.864]}},{"type":"Feature","properties":{"name":"Lake Ebinur","scalerank":9,"beside":1,"from":3.5,"until":6.75,"tmw":6.0},"geometry":{"type":"Point","coordinates":[83.228,44.864]}},{"type":"Feature","properties":{"name":"Bracciano","scalerank":9,"beside":1,"from":3.5,"until":24.0,"tmw":5.3},"geometry":{"type":"Point","coordinates":[12.047,42.597]}},{"type":"Feature","properties":{"name":"Upemba","scalerank":9,"stack":1,"zfit":7.0,"tmw":4.4},"geometry":{"type":"Point","coordinates":[26.396,-8.619]}},{"type":"Feature","properties":{"name":"Upemba","scalerank":9,"beside":1,"from":3.5,"until":7.0,"tmw":4.4},"geometry":{"type":"Point","coordinates":[26.624,-8.619]}},{"type":"Feature","properties":{"name":"Lauwersmeer","scalerank":9,"beside":1,"from":3.5,"until":24.0,"tmw":6.0},"geometry":{"type":"Point","coordinates":[6.309,53.378]}},{"type":"Feature","properties":{"name":"D\u0105bie","scalerank":9,"beside":1,"from":3.5,"until":24.0,"tmw":4.1},"geometry":{"type":"Point","coordinates":[14.76,53.471]}},{"type":"Feature","properties":{"name":"Markakol","scalerank":9,"stack":1,"zfit":7.0,"tmw":5.0},"geometry":{"type":"Point","coordinates":[85.741,48.746]}},{"type":"Feature","properties":{"name":"Markakol","scalerank":9,"beside":1,"from":3.5,"until":7.0,"tmw":5.0},"geometry":{"type":"Point","coordinates":[86.087,48.746]}},{"type":"Feature","properties":{"name":"Ozero Beloye","scalerank":9,"beside":1,"from":3.5,"until":24.0,"tmw":6.3},"geometry":{"type":"Point","coordinates":[89.678,55.591]}},{"type":"Feature","properties":{"name":"Achit","scalerank":9,"beside":1,"from":3.5,"until":24.0,"tmw":4.1},"geometry":{"type":"Point","coordinates":[90.755,49.478]}},{"type":"Feature","properties":{"name":"Ozhogino","scalerank":9},"geometry":{"type":"LineString","coordinates":[[146.45,69.268],[146.66,69.268],[146.869,69.268]]}},{"type":"Feature","properties":{"name":"Ozhogino","scalerank":9,"beside":1,"from":3.5,"until":7.5,"tmw":5.0},"geometry":{"type":"Point","coordinates":[146.951,69.266]}},{"type":"Feature","properties":{"name":"Ozero Sagarychye","scalerank":9,"beside":1,"from":3.5,"until":24.0,"tmw":7.5},"geometry":{"type":"Point","coordinates":[146.703,71.0]}},{"type":"Feature","properties":{"name":"Ozero Omukkyuyel","scalerank":9,"beside":1,"from":3.5,"until":24.0,"tmw":7.5},"geometry":{"type":"Point","coordinates":[147.351,71.045]}},{"type":"Feature","properties":{"name":"Soluntakh","scalerank":9},"geometry":{"type":"LineString","coordinates":[[143.015,71.716],[143.203,71.716],[143.391,71.716]]}},{"type":"Feature","properties":{"name":"Soluntakh","scalerank":9,"beside":1,"from":3.5,"until":7.75,"tmw":5.3},"geometry":{"type":"Point","coordinates":[143.47,71.715]}},{"type":"Feature","properties":{"name":"Ozero Bolshoy Oler","scalerank":9,"beside":1,"from":3.5,"until":24.0,"tmw":8.1},"geometry":{"type":"Point","coordinates":[156.24,69.479]}},{"type":"Feature","properties":{"name":"Ozero Krugovatoye","scalerank":9},"geometry":{"type":"LineString","coordinates":[[155.519,69.435],[155.63,69.435],[155.741,69.435]]}},{"type":"Feature","properties":{"name":"Ozero Krugovatoye","scalerank":9,"beside":1,"from":3.5,"until":9.25,"tmw":7.8},"geometry":{"type":"Point","coordinates":[155.858,69.445]}},{"type":"Feature","properties":{"name":"Ilirgytgkin","scalerank":9,"beside":1,"from":3.5,"until":24.0,"tmw":6.0},"geometry":{"type":"Point","coordinates":[159.142,70.535]}},{"type":"Feature","properties":{"name":"Elgygytgyn","scalerank":9,"beside":1,"from":3.5,"until":24.0,"tmw":5.7},"geometry":{"type":"Point","coordinates":[172.268,67.507]}},{"type":"Feature","properties":{"name":"Kronotskoe","scalerank":9,"beside":1,"from":3.5,"until":24.0,"tmw":5.7},"geometry":{"type":"Point","coordinates":[160.431,54.821]}},{"type":"Feature","properties":{"name":"Luoma","scalerank":9,"beside":1,"from":3.5,"until":24.0,"tmw":4.1},"geometry":{"type":"Point","coordinates":[118.315,34.074]}},{"type":"Feature","properties":{"name":"Wuchang","scalerank":9,"beside":1,"from":3.5,"until":24.0,"tmw":4.7},"geometry":{"type":"Point","coordinates":[116.896,30.283]}},{"type":"Feature","properties":{"name":"Dalai Nur","scalerank":9,"beside":1,"from":3.5,"until":24.0,"tmw":5.3},"geometry":{"type":"Point","coordinates":[116.817,43.309]}},{"type":"Feature","properties":{"name":"Kenohan Jempang","scalerank":9,"beside":1,"from":3.5,"until":24.0,"tmw":7.2},"geometry":{"type":"Point","coordinates":[116.591,-0.257]}},{"type":"Feature","properties":{"name":"Taal","scalerank":9,"beside":1,"from":3.5,"until":24.0,"tmw":3.8},"geometry":{"type":"Point","coordinates":[121.096,14.024]}},{"type":"Feature","properties":{"name":"Kieng-Kyuel","scalerank":9,"beside":1,"from":3.5,"until":24.0,"tmw":6.0},"geometry":{"type":"Point","coordinates":[109.71,72.991]}},{"type":"Feature","properties":{"name":"Gusinoe","scalerank":9,"beside":1,"from":3.5,"until":24.0,"tmw":4.7},"geometry":{"type":"Point","coordinates":[106.555,51.198]}},{"type":"Feature","properties":{"name":"Busani","scalerank":9},"geometry":{"type":"LineString","coordinates":[[113.477,55.344],[113.537,55.344],[113.597,55.344]]}},{"type":"Feature","properties":{"name":"Busani","scalerank":9,"beside":1,"from":3.5,"until":9.0,"tmw":4.4},"geometry":{"type":"Point","coordinates":[113.658,55.355]}},{"type":"Feature","properties":{"name":"Baunt","scalerank":9,"beside":1,"from":3.5,"until":24.0,"tmw":4.1},"geometry":{"type":"Point","coordinates":[113.169,55.223]}},{"type":"Feature","properties":{"name":"Ozero Kapyluchikan","scalerank":9,"beside":1,"from":3.5,"until":24.0,"tmw":8.1},"geometry":{"type":"Point","coordinates":[112.497,54.855]}},{"type":"Feature","properties":{"name":"Ozero Oron","scalerank":9},"geometry":{"type":"LineString","coordinates":[[112.188,54.838],[112.264,54.838],[112.34,54.838]]}},{"type":"Feature","properties":{"name":"Ozero Oron","scalerank":9,"beside":1,"from":3.5,"until":9.25,"tmw":5.7},"geometry":{"type":"Point","coordinates":[112.397,54.836]}},{"type":"Feature","properties":{"name":"Ozero Isinginskoye","scalerank":9,"beside":1,"from":3.5,"until":24.0,"tmw":8.1},"geometry":{"type":"Point","coordinates":[112.055,52.924]}},{"type":"Feature","properties":{"name":"Ozero Bolshaya Kharga","scalerank":9,"beside":1,"from":3.5,"until":24.0,"tmw":9.1},"geometry":{"type":"Point","coordinates":[111.942,52.858]}},{"type":"Feature","properties":{"name":"Ozero Bolshoye Yeravnoye","scalerank":9,"beside":1,"from":3.5,"until":24.0,"tmw":10.0},"geometry":{"type":"Point","coordinates":[111.624,52.612]}},{"type":"Feature","properties":{"name":"Arakhley","scalerank":9,"beside":1,"from":3.5,"until":24.0,"tmw":5.0},"geometry":{"type":"Point","coordinates":[112.99,52.206]}},{"type":"Feature","properties":{"name":"Ozero Irgen","scalerank":9,"beside":1,"from":3.5,"until":24.0,"tmw":6.0},"geometry":{"type":"Point","coordinates":[112.62,51.999]}},{"type":"Feature","properties":{"name":"Telmen","scalerank":9},"geometry":{"type":"LineString","coordinates":[[97.173,48.836],[97.326,48.836],[97.48,48.836]]}},{"type":"Feature","properties":{"name":"Telmen","scalerank":9,"beside":1,"from":3.5,"until":7.75,"tmw":4.4},"geometry":{"type":"Point","coordinates":[97.572,48.839]}},{"type":"Feature","properties":{"name":"Sangiin Dalai","scalerank":9,"beside":1,"from":3.5,"until":24.0,"tmw":6.6},"geometry":{"type":"Point","coordinates":[99.317,49.227]}},{"type":"Feature","properties":{"name":"Khukh Lake","scalerank":9,"beside":1,"from":3.5,"until":24.0,"tmw":5.7},"geometry":{"type":"Point","coordinates":[115.687,49.517]}},{"type":"Feature","properties":{"name":"Ulgain Gobi","scalerank":9,"beside":1,"from":3.5,"until":24.0,"tmw":6.0},"geometry":{"type":"Point","coordinates":[117.704,45.496]}},{"type":"Feature","properties":{"name":"Ozero Tembenchi","scalerank":9,"beside":1,"from":3.5,"until":24.0,"tmw":7.2},"geometry":{"type":"Point","coordinates":[95.228,66.838]}},{"type":"Feature","properties":{"name":"Vivi","scalerank":9,"beside":1,"from":3.5,"until":24.0,"tmw":3.8},"geometry":{"type":"Point","coordinates":[94.304,66.789]}},{"type":"Feature","properties":{"name":"Ozero Agata","scalerank":9,"beside":1,"from":3.5,"until":24.0,"tmw":6.0},"geometry":{"type":"Point","coordinates":[93.214,67.259]}},{"type":"Feature","properties":{"name":"Ozero Severnoye","scalerank":9,"beside":1,"from":3.5,"until":24.0,"tmw":7.2},"geometry":{"type":"Point","coordinates":[92.729,67.341]}},{"type":"Feature","properties":{"name":"Ayan","scalerank":9},"geometry":{"type":"LineString","coordinates":[[93.918,69.171],[93.97,69.171],[94.023,69.171]]}},{"type":"Feature","properties":{"name":"Ayan","scalerank":9,"beside":1,"from":3.5,"until":9.0,"tmw":3.8},"geometry":{"type":"Point","coordinates":[94.537,69.171]}},{"type":"Feature","properties":{"name":"Kokora","scalerank":9,"beside":1,"from":3.5,"until":24.0,"tmw":4.4},"geometry":{"type":"Point","coordinates":[101.259,73.016]}},{"type":"Feature","properties":{"name":"Portnyagino","scalerank":9},"geometry":{"type":"LineString","coordinates":[[106.567,74.192],[106.6,74.191],[106.632,74.19],[106.664,74.189],[106.697,74.188],[106.729,74.186],[106.761,74.185],[106.793,74.183],[106.826,74.181],[106.858,74.179],[106.89,74.177],[106.923,74.175],[106.955,74.173],[106.987,74.17],[107.02,74.167],[107.052,74.165],[107.084,74.162],[107.117,74.159],[107.149,74.155],[107.181,74.152],[107.213,74.149],[107.246,74.145],[107.278,74.141],[107.31,74.137],[107.343,74.133]]}},{"type":"Feature","properties":{"name":"Portnyagino","scalerank":9,"beside":1,"from":3.5,"until":6.75,"tmw":6.0},"geometry":{"type":"Point","coordinates":[107.491,74.151]}},{"type":"Feature","properties":{"name":"Kungasalakh","scalerank":9},"geometry":{"type":"LineString","coordinates":[[106.975,74.622],[106.998,74.621],[107.021,74.62],[107.044,74.619],[107.067,74.618],[107.09,74.616],[107.113,74.614],[107.137,74.612],[107.16,74.61],[107.183,74.608],[107.206,74.605],[107.229,74.602],[107.252,74.599],[107.275,74.596],[107.298,74.593],[107.321,74.589],[107.344,74.586],[107.367,74.582],[107.391,74.578],[107.414,74.573],[107.437,74.569],[107.46,74.564],[107.483,74.559],[107.506,74.554],[107.529,74.549]]}},{"type":"Feature","properties":{"name":"Kungasalakh","scalerank":9,"beside":1,"from":3.5,"until":7.25,"tmw":6.0},"geometry":{"type":"Point","coordinates":[107.647,74.609]}},{"type":"Feature","properties":{"name":"Aqqikkol Hu","scalerank":9,"beside":1,"from":3.5,"until":24.0,"tmw":6.0},"geometry":{"type":"Point","coordinates":[88.612,37.079]}},{"type":"Feature","properties":{"name":"Gas Hure Hu","scalerank":9,"beside":1,"from":3.5,"until":24.0,"tmw":6.0},"geometry":{"type":"Point","coordinates":[91.076,38.083]}},{"type":"Feature","properties":{"name":"Hoh Sai Hu","scalerank":9,"beside":1,"from":3.5,"until":24.0,"tmw":5.7},"geometry":{"type":"Point","coordinates":[93.1,35.765]}},{"type":"Feature","properties":{"name":"Huiten Nur","scalerank":9,"beside":1,"from":3.5,"until":24.0,"tmw":5.7},"geometry":{"type":"Point","coordinates":[92.156,35.579]}},{"type":"Feature","properties":{"name":"Lumajangdong","scalerank":9,"beside":1,"from":3.5,"until":24.0,"tmw":6.3},"geometry":{"type":"Point","coordinates":[81.875,34.019]}},{"type":"Feature","properties":{"name":"Guozha","scalerank":9},"geometry":{"type":"LineString","coordinates":[[80.945,35.044],[81.088,35.044],[81.23,35.044]]}},{"type":"Feature","properties":{"name":"Guozha","scalerank":9,"beside":1,"from":3.5,"until":7.75,"tmw":4.4},"geometry":{"type":"Point","coordinates":[81.3,35.041]}},{"type":"Feature","properties":{"name":"Geren Cuo","scalerank":9,"beside":1,"from":3.5,"until":24.0,"tmw":5.3},"geometry":{"type":"Point","coordinates":[88.648,31.15]}},{"type":"Feature","properties":{"name":"Ngangzi Co","scalerank":9,"beside":1,"from":3.5,"until":24.0,"tmw":5.7},"geometry":{"type":"Point","coordinates":[87.366,31.018]}},{"type":"Feature","properties":{"name":"Aksai Chin","scalerank":9,"beside":1,"from":3.5,"until":24.0,"tmw":5.7},"geometry":{"type":"Point","coordinates":[79.958,35.227]}},{"type":"Feature","properties":{"name":"Ozero Samotlor","scalerank":9,"beside":1,"from":3.5,"until":24.0,"tmw":6.9},"geometry":{"type":"Point","coordinates":[76.887,61.128]}},{"type":"Feature","properties":{"name":"Ozero Tormemtor","scalerank":9},"geometry":{"type":"LineString","coordinates":[[79.231,61.231],[79.356,61.231],[79.481,61.231]]}},{"type":"Feature","properties":{"name":"Ozero Tormemtor","scalerank":9,"beside":1,"from":3.5,"until":9.0,"tmw":7.2},"geometry":{"type":"Point","coordinates":[79.559,61.226]}},{"type":"Feature","properties":{"name":"Ozero Chertovo","scalerank":9},"geometry":{"type":"LineString","coordinates":[[80.215,64.13],[80.464,64.13],[80.713,64.13]]}},{"type":"Feature","properties":{"name":"Ozero Chertovo","scalerank":9,"beside":1,"from":3.5,"until":7.75,"tmw":6.9},"geometry":{"type":"Point","coordinates":[80.813,64.14]}},{"type":"Feature","properties":{"name":"Ozero Chaselskoye","scalerank":9,"beside":1,"from":3.5,"until":24.0,"tmw":7.8},"geometry":{"type":"Point","coordinates":[79.296,64.503]}},{"type":"Feature","properties":{"name":"Ozero Untor","scalerank":9,"beside":1,"from":3.5,"until":24.0,"tmw":6.0},"geometry":{"type":"Point","coordinates":[65.368,62.625]}},{"type":"Feature","properties":{"name":"Munduyskoye Ozero","scalerank":9,"beside":1,"from":3.5,"until":24.0,"tmw":7.8},"geometry":{"type":"Point","coordinates":[88.658,66.612]}},{"type":"Feature","properties":{"name":"Ozero Sobach'ye","scalerank":9},"geometry":{"type":"LineString","coordinates":[[90.753,68.947],[90.821,68.947],[90.89,68.947]]}},{"type":"Feature","properties":{"name":"Ozero Sobach'ye","scalerank":9,"beside":1,"from":3.5,"until":9.75,"tmw":7.2},"geometry":{"type":"Point","coordinates":[91.276,68.954]}},{"type":"Feature","properties":{"name":"Ozero Sobach'ye","scalerank":9},"geometry":{"type":"LineString","coordinates":[[90.936,69.063],[91.163,69.063],[91.391,69.063]]}},{"type":"Feature","properties":{"name":"Ozero Sobach'ye","scalerank":9,"beside":1,"from":3.5,"until":8.0,"tmw":7.2},"geometry":{"type":"Point","coordinates":[91.976,69.091]}},{"type":"Feature","properties":{"name":"Glubokoe","scalerank":9},"geometry":{"type":"LineString","coordinates":[[89.606,69.334],[89.814,69.334],[90.023,69.334]]}},{"type":"Feature","properties":{"name":"Glubokoe","scalerank":9,"beside":1,"from":3.5,"until":7.5,"tmw":5.0},"geometry":{"type":"Point","coordinates":[90.715,69.29]}},{"type":"Feature","properties":{"name":"Ozero Purinskoye Vtoroye","scalerank":9,"beside":1,"from":3.5,"until":24.0,"tmw":10.0},"geometry":{"type":"Point","coordinates":[88.912,71.919]}},{"type":"Feature","properties":{"name":"Ozero Ayaturku","scalerank":9,"beside":1,"from":3.5,"until":24.0,"tmw":6.9},"geometry":{"type":"Point","coordinates":[92.34,73.874]}},{"type":"Feature","properties":{"name":"Ozero Bolshoye Topolnoye","scalerank":9,"beside":1,"from":3.5,"until":24.0,"tmw":10.0},"geometry":{"type":"Point","coordinates":[78.115,53.321]}},{"type":"Feature","properties":{"name":"Kuchukskoe","scalerank":9,"beside":1,"from":3.5,"until":24.0,"tmw":5.7},"geometry":{"type":"Point","coordinates":[79.932,52.701]}},{"type":"Feature","properties":{"name":"Kuchukskoe","scalerank":9,"beside":1,"from":3.5,"until":24.0,"tmw":5.7},"geometry":{"type":"Point","coordinates":[79.758,52.662]}},{"type":"Feature","properties":{"name":"Ozero Maraldy","scalerank":9,"beside":1,"from":3.5,"until":24.0,"tmw":6.6},"geometry":{"type":"Point","coordinates":[77.871,52.317]}},{"type":"Feature","properties":{"name":"Chernokurinskoe","scalerank":9,"beside":1,"from":3.5,"until":24.0,"tmw":7.2},"geometry":{"type":"Point","coordinates":[81.588,52.473]}},{"type":"Feature","properties":{"name":"Tandovo","scalerank":9,"beside":1,"from":3.5,"until":24.0,"tmw":4.7},"geometry":{"type":"Point","coordinates":[78.156,55.135]}},{"type":"Feature","properties":{"name":"Ebeyty Lake","scalerank":9,"beside":1,"from":3.5,"until":24.0,"tmw":6.0},"geometry":{"type":"Point","coordinates":[71.857,54.669]}},{"type":"Feature","properties":{"name":"Ik","scalerank":9},"geometry":{"type":"LineString","coordinates":[[71.476,56.053],[71.551,56.053],[71.626,56.053]]}},{"type":"Feature","properties":{"name":"Ik","scalerank":9,"beside":1,"from":3.5,"until":8.0,"tmw":3.2},"geometry":{"type":"Point","coordinates":[71.688,56.054]}},{"type":"Feature","properties":{"name":"Ozero Artevo","scalerank":9,"beside":1,"from":3.5,"until":24.0,"tmw":6.3},"geometry":{"type":"Point","coordinates":[72.247,57.441]}},{"type":"Feature","properties":{"name":"Ozero Bolshoy Uvat","scalerank":9,"beside":1,"from":3.5,"until":24.0,"tmw":8.1},"geometry":{"type":"Point","coordinates":[70.723,57.54]}},{"type":"Feature","properties":{"name":"Ozero Bolshoy Shishkarym","scalerank":9,"beside":1,"from":3.5,"until":24.0,"tmw":10.0},"geometry":{"type":"Point","coordinates":[68.641,57.828]}},{"type":"Feature","properties":{"name":"Ozero Andreyevskoye","scalerank":9,"beside":1,"from":3.5,"until":24.0,"tmw":8.4},"geometry":{"type":"Point","coordinates":[67.051,58.934]}},{"type":"Feature","properties":{"name":"Ozero Tuman","scalerank":9,"beside":1,"from":3.5,"until":24.0,"tmw":6.0},"geometry":{"type":"Point","coordinates":[66.425,59.632]}},{"type":"Feature","properties":{"name":"Yakhtur","scalerank":9,"beside":1,"from":3.5,"until":24.0,"tmw":4.7},"geometry":{"type":"Point","coordinates":[67.355,59.769]}},{"type":"Feature","properties":{"name":"Leushinsky Tuman","scalerank":9},"geometry":{"type":"LineString","coordinates":[[65.222,59.718],[65.42,59.718],[65.617,59.718]]}},{"type":"Feature","properties":{"name":"Leushinsky Tuman","scalerank":9,"beside":1,"from":3.5,"until":8.25,"tmw":7.5},"geometry":{"type":"Point","coordinates":[65.843,59.717]}},{"type":"Feature","properties":{"name":"Ozero Tursuntskiy Tuman","scalerank":9,"beside":1,"from":3.5,"until":24.0,"tmw":9.7},"geometry":{"type":"Point","coordinates":[64.161,60.567]}},{"type":"Feature","properties":{"name":"Ozero Syrkovoye","scalerank":9,"beside":1,"from":3.5,"until":24.0,"tmw":7.2},"geometry":{"type":"Point","coordinates":[65.126,60.659]}},{"type":"Feature","properties":{"name":"Ozero Enetor","scalerank":9,"beside":1,"from":3.5,"until":24.0,"tmw":6.3},"geometry":{"type":"Point","coordinates":[68.491,60.215]}},{"type":"Feature","properties":{"name":"Ozero Ergipskiy Sor","scalerank":9,"beside":1,"from":3.5,"until":24.0,"tmw":8.4},"geometry":{"type":"Point","coordinates":[69.532,60.677]}},{"type":"Feature","properties":{"name":"Ozero Bolshoy Sor","scalerank":9,"beside":1,"from":3.5,"until":24.0,"tmw":7.8},"geometry":{"type":"Point","coordinates":[67.332,61.618]}},{"type":"Feature","properties":{"name":"Ozero Vandmtor","scalerank":9,"beside":1,"from":3.5,"until":24.0,"tmw":6.9},"geometry":{"type":"Point","coordinates":[66.03,62.28]}},{"type":"Feature","properties":{"name":"Ozero Bolshoy Kazymskiy Sor","scalerank":9,"beside":1,"from":3.5,"until":24.0,"tmw":10.9},"geometry":{"type":"Point","coordinates":[66.177,63.818]}},{"type":"Feature","properties":{"name":"Ozero Shuryshkarskiy Sor","scalerank":9,"beside":1,"from":3.5,"until":24.0,"tmw":10.0},"geometry":{"type":"Point","coordinates":[65.37,66.004]}},{"type":"Feature","properties":{"name":"Ozero Yambuto","scalerank":9},"geometry":{"type":"LineString","coordinates":[[68.895,69.519],[69.077,69.519],[69.259,69.519]]}},{"type":"Feature","properties":{"name":"Ozero Yambuto","scalerank":9,"beside":1,"from":3.5,"until":8.25,"tmw":6.6},"geometry":{"type":"Point","coordinates":[69.36,69.515]}},{"type":"Feature","properties":{"name":"Ozero Yasaveyto","scalerank":9,"beside":1,"from":3.5,"until":24.0,"tmw":7.2},"geometry":{"type":"Point","coordinates":[70.359,69.707]}},{"type":"Feature","properties":{"name":"Ozero Teke","scalerank":9,"beside":1,"from":3.5,"until":24.0,"tmw":5.7},"geometry":{"type":"Point","coordinates":[73.137,53.851]}},{"type":"Feature","properties":{"name":"Qyzylqaq Lake","scalerank":9,"beside":1,"from":3.5,"until":24.0,"tmw":6.6},"geometry":{"type":"Point","coordinates":[73.955,53.434]}},{"type":"Feature","properties":{"name":"\u017dalauly Lake","scalerank":9,"beside":1,"from":3.5,"until":24.0,"tmw":6.3},"geometry":{"type":"Point","coordinates":[74.249,52.867]}},{"type":"Feature","properties":{"name":"Shreksor Lake","scalerank":9,"beside":1,"from":3.5,"until":24.0,"tmw":6.6},"geometry":{"type":"Point","coordinates":[75.921,52.299]}},{"type":"Feature","properties":{"name":"Qarasor Lake","scalerank":9,"beside":1,"from":3.5,"until":24.0,"tmw":6.3},"geometry":{"type":"Point","coordinates":[75.679,49.872]}},{"type":"Feature","properties":{"name":"Sartlan","scalerank":9,"beside":1,"from":3.5,"until":24.0,"tmw":4.7},"geometry":{"type":"Point","coordinates":[78.789,54.983]}},{"type":"Feature","properties":{"name":"Ulken Azhbolat Lake","scalerank":9,"beside":1,"from":3.5,"until":24.0,"tmw":8.4},"geometry":{"type":"Point","coordinates":[77.563,53.28]}},{"type":"Feature","properties":{"name":"Qiyakty Lake","scalerank":9,"beside":1,"from":3.5,"until":24.0,"tmw":6.3},"geometry":{"type":"Point","coordinates":[69.356,50.02]}},{"type":"Feature","properties":{"name":"Kere","scalerank":9,"beside":1,"from":3.5,"until":24.0,"tmw":3.8},"geometry":{"type":"Point","coordinates":[68.806,50.133]}},{"type":"Feature","properties":{"name":"Kozha-Kul' Lake","scalerank":9},"geometry":{"type":"LineString","coordinates":[[69.107,50.931],[69.19,50.931],[69.274,50.931]]}},{"type":"Feature","properties":{"name":"Kozha-Kul' Lake","scalerank":9,"beside":1,"from":3.5,"until":9.5,"tmw":7.2},"geometry":{"type":"Point","coordinates":[69.331,50.927]}},{"type":"Feature","properties":{"name":"Aike","scalerank":9},"geometry":{"type":"LineString","coordinates":[[61.507,50.981],[61.568,50.981],[61.628,50.981]]}},{"type":"Feature","properties":{"name":"Aike","scalerank":9,"beside":1,"from":3.5,"until":8.75,"tmw":3.8},"geometry":{"type":"Point","coordinates":[61.68,50.974]}},{"type":"Feature","properties":{"name":"Saryqopa Lake","scalerank":9,"beside":1,"from":3.5,"until":24.0,"tmw":6.6},"geometry":{"type":"Point","coordinates":[64.31,50.331]}},{"type":"Feature","properties":{"name":"Shaghalalytengiz Lake","scalerank":9,"beside":1,"from":3.5,"until":24.0,"tmw":9.1},"geometry":{"type":"Point","coordinates":[70.127,54.103]}},{"type":"Feature","properties":{"name":"Zharman Lake","scalerank":9,"beside":1,"from":3.5,"until":24.0,"tmw":6.3},"geometry":{"type":"Point","coordinates":[64.593,51.642]}},{"type":"Feature","properties":{"name":"Iken Aqsuat Lake","scalerank":9,"beside":1,"from":3.5,"until":24.0,"tmw":7.5},"geometry":{"type":"Point","coordinates":[64.593,51.423]}},{"type":"Feature","properties":{"name":"Kajbagar","scalerank":9,"beside":1,"from":3.5,"until":24.0,"tmw":5.0},"geometry":{"type":"Point","coordinates":[65.717,52.636]}},{"type":"Feature","properties":{"name":"Imantau","scalerank":9,"beside":1,"from":3.5,"until":24.0,"tmw":4.7},"geometry":{"type":"Point","coordinates":[68.408,53.021]}},{"type":"Feature","properties":{"name":"Qalybek Lake","scalerank":9,"beside":1,"from":3.5,"until":24.0,"tmw":6.3},"geometry":{"type":"Point","coordinates":[70.782,53.894]}},{"type":"Feature","properties":{"name":"Kishi Qaraoy Lake","scalerank":9,"beside":1,"from":3.5,"until":24.0,"tmw":7.8},"geometry":{"type":"Point","coordinates":[71.474,54.043]}},{"type":"Feature","properties":{"name":"Pyh\u00e4j\u00e4rvi","scalerank":9,"beside":1,"from":3.5,"until":24.0,"tmw":5.3},"geometry":{"type":"Point","coordinates":[22.452,60.982]}},{"type":"Feature","properties":{"name":"Randijaure","scalerank":9,"beside":1,"from":3.5,"until":24.0,"tmw":5.7},"geometry":{"type":"Point","coordinates":[19.602,66.788]}},{"type":"Feature","properties":{"name":"Storuman","scalerank":9},"geometry":{"type":"LineString","coordinates":[[16.592,65.26],[16.706,65.26],[16.82,65.26]]}},{"type":"Feature","properties":{"name":"Storuman","scalerank":9,"beside":1,"from":3.5,"until":8.5,"tmw":5.0},"geometry":{"type":"Point","coordinates":[17.331,65.243]}},{"type":"Feature","properties":{"name":"Tyrifjorden","scalerank":9,"beside":1,"from":3.5,"until":24.0,"tmw":6.0},"geometry":{"type":"Point","coordinates":[10.391,60.01]}},{"type":"Feature","properties":{"name":"Sn\u00e5savatnet","scalerank":9},"geometry":{"type":"LineString","coordinates":[[11.838,64.17],[11.951,64.17],[12.063,64.17]]}},{"type":"Feature","properties":{"name":"Sn\u00e5savatnet","scalerank":9,"beside":1,"from":3.5,"until":8.75,"tmw":6.0},"geometry":{"type":"Point","coordinates":[12.435,64.148]}},{"type":"Feature","properties":{"name":"R\u00f8ssvatnet","scalerank":9,"beside":1,"from":3.5,"until":24.0,"tmw":5.7},"geometry":{"type":"Point","coordinates":[14.511,65.787]}},{"type":"Feature","properties":{"name":"Songhua","scalerank":9,"beside":1,"from":3.5,"until":24.0,"tmw":4.7},"geometry":{"type":"Point","coordinates":[127.043,43.636]}},{"type":"Feature","properties":{"name":"Yueliang Lake","scalerank":9,"beside":1,"from":3.5,"until":24.0,"tmw":6.6},"geometry":{"type":"Point","coordinates":[124.093,45.714]}},{"type":"Feature","properties":{"name":"Puma Yumco","scalerank":5},"geometry":{"type":"LineString","coordinates":[[90.267,28.571],[90.392,28.571],[90.518,28.571]]}},{"type":"Feature","properties":{"name":"Puma Yumco","scalerank":5,"beside":1,"from":3.5,"until":8.5,"tmw":5.7},"geometry":{"type":"Point","coordinates":[90.589,28.57]}},{"type":"Feature","properties":{"name":"M\u00e4laren","scalerank":2},"geometry":{"type":"LineString","coordinates":[[16.167,59.479],[16.241,59.484],[16.315,59.488],[16.39,59.491],[16.464,59.494],[16.538,59.495],[16.612,59.496],[16.687,59.496],[16.761,59.496],[16.835,59.494],[16.91,59.492],[16.984,59.49],[17.058,59.486],[17.133,59.482],[17.207,59.477],[17.281,59.471],[17.355,59.464],[17.43,59.457],[17.504,59.449],[17.578,59.44],[17.653,59.43],[17.727,59.42],[17.801,59.409],[17.876,59.397],[17.95,59.385]]}},{"type":"Feature","properties":{"name":"M\u00e4laren","scalerank":2,"beside":1,"from":3.5,"until":5.0,"tmw":4.7},"geometry":{"type":"Point","coordinates":[18.239,59.522]}},{"type":"Feature","properties":{"name":"Rye Patch","scalerank":8,"beside":1,"from":3.5,"until":24.0,"tmw":5.3},"geometry":{"type":"Point","coordinates":[-118.188,40.614]}},{"type":"Feature","properties":{"name":"Khashm el-Girba Dam","scalerank":8,"beside":1,"from":3.5,"until":24.0,"tmw":8.4},"geometry":{"type":"Point","coordinates":[35.994,14.787]}},{"type":"Feature","properties":{"name":"Mingachevir","scalerank":7},"geometry":{"type":"LineString","coordinates":[[46.395,40.952],[46.425,40.957],[46.454,40.96],[46.484,40.963],[46.513,40.965],[46.543,40.965],[46.572,40.965],[46.601,40.963],[46.631,40.96],[46.66,40.956],[46.69,40.951],[46.719,40.944],[46.749,40.937],[46.778,40.929],[46.808,40.919],[46.837,40.908],[46.866,40.896],[46.896,40.883],[46.925,40.869],[46.955,40.854],[46.984,40.838],[47.014,40.82],[47.043,40.802],[47.073,40.782],[47.102,40.761]]}},{"type":"Feature","properties":{"name":"Mingachevir","scalerank":7,"beside":1,"from":3.5,"until":6.75,"tmw":6.0},"geometry":{"type":"Point","coordinates":[47.241,40.916]}},{"type":"Feature","properties":{"name":"Ubol Ratana","scalerank":9,"beside":1,"from":3.5,"until":24.0,"tmw":6.0},"geometry":{"type":"Point","coordinates":[102.664,16.708]}},{"type":"Feature","properties":{"name":"Xinfengjiang","scalerank":7,"beside":1,"from":3.5,"until":24.0,"tmw":6.3},"geometry":{"type":"Point","coordinates":[114.786,23.907]}},{"type":"Feature","properties":{"name":"Krishna Raja Sagara","scalerank":8,"beside":1,"from":3.5,"until":24.0,"tmw":8.4},"geometry":{"type":"Point","coordinates":[76.617,12.472]}},{"type":"Feature","properties":{"name":"Bhadra Reservoir","scalerank":8,"beside":1,"from":3.5,"until":24.0,"tmw":7.5},"geometry":{"type":"Point","coordinates":[75.694,13.614]}},{"type":"Feature","properties":{"name":"Tungabhadra Reservoir","scalerank":8,"beside":1,"from":3.5,"until":24.0,"tmw":9.1},"geometry":{"type":"Point","coordinates":[76.397,15.206]}},{"type":"Feature","properties":{"name":"Novosibirsk","scalerank":7},"geometry":{"type":"LineString","coordinates":[[82.395,54.605],[82.539,54.605],[82.683,54.605]]}},{"type":"Feature","properties":{"name":"Novosibirsk","scalerank":7,"beside":1,"from":3.5,"until":8.25,"tmw":6.0},"geometry":{"type":"Point","coordinates":[83.421,54.367]}},{"type":"Feature","properties":{"name":"Zaysan","scalerank":3,"beside":1,"from":3.5,"until":24.0,"tmw":4.4},"geometry":{"type":"Point","coordinates":[84.68,48.725]}},{"type":"Feature","properties":{"name":"Habbaniyah","scalerank":6,"beside":1,"from":3.5,"until":24.0,"tmw":5.7},"geometry":{"type":"Point","coordinates":[43.652,33.313]}},{"type":"Feature","properties":{"name":"Tharthar","scalerank":3,"stack":1,"zfit":7.0,"tmw":5.0},"geometry":{"type":"Point","coordinates":[43.222,34.024]}},{"type":"Feature","properties":{"name":"Tharthar","scalerank":3,"beside":1,"from":3.5,"until":7.0,"tmw":5.0},"geometry":{"type":"Point","coordinates":[43.578,34.024]}},{"type":"Feature","properties":{"name":"Karakaya Dam Lake","scalerank":7,"beside":1,"from":3.5,"until":24.0,"tmw":7.8},"geometry":{"type":"Point","coordinates":[39.15,38.518]}},{"type":"Feature","properties":{"name":"Kyiv","scalerank":7},"geometry":{"type":"LineString","coordinates":[[30.463,50.64],[30.464,50.663],[30.465,50.685],[30.466,50.707],[30.468,50.73],[30.469,50.752],[30.47,50.774],[30.472,50.797],[30.473,50.819],[30.475,50.841],[30.476,50.864],[30.478,50.886],[30.479,50.909],[30.481,50.931],[30.483,50.953],[30.485,50.976],[30.486,50.998],[30.488,51.02],[30.49,51.043],[30.492,51.065],[30.494,51.087],[30.496,51.11],[30.498,51.132],[30.5,51.154],[30.502,51.177]]}},{"type":"Feature","properties":{"name":"Kyiv","scalerank":7,"beside":1,"from":3.5,"until":6.5,"tmw":3.8},"geometry":{"type":"Point","coordinates":[30.654,50.908]}},{"type":"Feature","properties":{"name":"Kovdozero","scalerank":4},"geometry":{"type":"LineString","coordinates":[[31.16,66.627],[31.212,66.652],[31.264,66.674],[31.316,66.694],[31.369,66.711],[31.421,66.726],[31.473,66.739],[31.525,66.749],[31.577,66.757],[31.629,66.763],[31.681,66.766],[31.733,66.767],[31.785,66.765],[31.837,66.761],[31.889,66.754],[31.941,66.745],[31.993,66.734],[32.045,66.72],[32.097,66.704],[32.149,66.686],[32.201,66.665],[32.253,66.642],[32.305,66.616],[32.357,66.588],[32.409,66.557]]}},{"type":"Feature","properties":{"name":"Kovdozero","scalerank":4,"beside":1,"from":3.5,"until":5.5,"tmw":5.3},"geometry":{"type":"Point","coordinates":[32.623,66.699]}},{"type":"Feature","properties":{"name":"Imandra","scalerank":6,"beside":1,"from":3.5,"until":24.0,"tmw":4.7},"geometry":{"type":"Point","coordinates":[33.44,67.74]}},{"type":"Feature","properties":{"name":"Ondozero","scalerank":9,"beside":1,"from":3.5,"until":24.0,"tmw":5.0},"geometry":{"type":"Point","coordinates":[33.686,63.78]}},{"type":"Feature","properties":{"name":"Koitere","scalerank":4,"beside":1,"from":3.5,"until":24.0,"tmw":4.7},"geometry":{"type":"Point","coordinates":[30.933,62.909]}},{"type":"Feature","properties":{"name":"Rikkavesi","scalerank":4,"beside":1,"from":3.5,"until":24.0,"tmw":5.3},"geometry":{"type":"Point","coordinates":[29.906,62.861]}},{"type":"Feature","properties":{"name":"Ilmen","scalerank":4},"geometry":{"type":"LineString","coordinates":[[30.9,58.221],[30.932,58.229],[30.964,58.237],[30.996,58.244],[31.028,58.25],[31.06,58.257],[31.091,58.262],[31.123,58.268],[31.155,58.273],[31.187,58.278],[31.219,58.282],[31.251,58.286],[31.283,58.289],[31.315,58.292],[31.347,58.295],[31.379,58.297],[31.411,58.299],[31.442,58.3],[31.474,58.301],[31.506,58.301],[31.538,58.302],[31.57,58.301],[31.602,58.301],[31.634,58.3],[31.666,58.298]]}},{"type":"Feature","properties":{"name":"Ilmen","scalerank":4,"beside":1,"from":3.5,"until":6.0,"tmw":4.1},"geometry":{"type":"Point","coordinates":[31.813,58.315]}},{"type":"Feature","properties":{"name":"Cheboksary","scalerank":7},"geometry":{"type":"LineString","coordinates":[[46.892,56.156],[47.166,56.156],[47.439,56.156]]}},{"type":"Feature","properties":{"name":"Cheboksary","scalerank":7,"beside":1,"from":3.5,"until":7.25,"tmw":5.7},"geometry":{"type":"Point","coordinates":[47.617,56.254]}},{"type":"Feature","properties":{"name":"Ouluj\u00e4rvi","scalerank":4,"stack":1,"zfit":6.25,"tmw":5.3},"geometry":{"type":"Point","coordinates":[27.135,64.332]}},{"type":"Feature","properties":{"name":"Ouluj\u00e4rvi","scalerank":4,"beside":1,"from":3.5,"until":6.25,"tmw":5.3},"geometry":{"type":"Point","coordinates":[28.326,64.332]}},{"type":"Feature","properties":{"name":"Kemij\u00e4rvi","scalerank":7},"geometry":{"type":"LineString","coordinates":[[27.377,66.614],[27.497,66.614],[27.617,66.614]]}},{"type":"Feature","properties":{"name":"Kemij\u00e4rvi","scalerank":7,"beside":1,"from":3.5,"until":8.5,"tmw":5.3},"geometry":{"type":"Point","coordinates":[28.052,66.614]}},{"type":"Feature","properties":{"name":"Umbozero","scalerank":5,"beside":1,"from":3.5,"until":24.0,"tmw":5.0},"geometry":{"type":"Point","coordinates":[34.668,67.707]}},{"type":"Feature","properties":{"name":"Paduskoye More","scalerank":8,"beside":1,"from":3.5,"until":24.0,"tmw":6.9},"geometry":{"type":"Point","coordinates":[31.874,68.396]}},{"type":"Feature","properties":{"name":"Porttipahta","scalerank":8,"beside":1,"from":3.5,"until":24.0,"tmw":6.0},"geometry":{"type":"Point","coordinates":[27.268,68.077]}},{"type":"Feature","properties":{"name":"Lokka","scalerank":8},"geometry":{"type":"LineString","coordinates":[[27.239,68.027],[27.274,68.013],[27.31,68.001],[27.345,67.99],[27.38,67.98],[27.416,67.971],[27.451,67.964],[27.487,67.958],[27.522,67.953],[27.557,67.949],[27.593,67.947],[27.628,67.946],[27.663,67.946],[27.699,67.948],[27.734,67.95],[27.77,67.954],[27.805,67.96],[27.84,67.966],[27.876,67.974],[27.911,67.983],[27.947,67.994],[27.982,68.005],[28.017,68.018],[28.053,68.032],[28.088,68.048]]}},{"type":"Feature","properties":{"name":"Lokka","scalerank":8,"beside":1,"from":3.5,"until":5.75,"tmw":4.1},"geometry":{"type":"Point","coordinates":[28.247,67.972]}},{"type":"Feature","properties":{"name":"Akkajaure","scalerank":5},"geometry":{"type":"LineString","coordinates":[[17.26,67.67],[17.43,67.67],[17.6,67.67]]}},{"type":"Feature","properties":{"name":"Akkajaure","scalerank":5,"beside":1,"from":3.5,"until":8.0,"tmw":5.3},"geometry":{"type":"Point","coordinates":[18.533,67.613]}},{"type":"Feature","properties":{"name":"Stora Lulevatten","scalerank":7,"beside":1,"from":3.5,"until":24.0,"tmw":7.5},"geometry":{"type":"Point","coordinates":[19.926,67.226]}},{"type":"Feature","properties":{"name":"Mj\u00f8sa","scalerank":8},"geometry":{"type":"LineString","coordinates":[[10.847,60.726],[10.965,60.726],[11.083,60.726]]}},{"type":"Feature","properties":{"name":"Mj\u00f8sa","scalerank":8,"beside":1,"from":3.5,"until":8.0,"tmw":4.1},"geometry":{"type":"Point","coordinates":[11.359,60.761]}},{"type":"Feature","properties":{"name":"Mbakaou","scalerank":8,"beside":1,"from":3.5,"until":24.0,"tmw":4.7},"geometry":{"type":"Point","coordinates":[13.077,6.408]}},{"type":"Feature","properties":{"name":"Barra Bonita Reservoir","scalerank":9},"geometry":{"type":"LineString","coordinates":[[-48.367,-22.673],[-48.299,-22.673],[-48.232,-22.673]]}},{"type":"Feature","properties":{"name":"Barra Bonita Reservoir","scalerank":9,"beside":1,"from":3.5,"until":24.0,"tmw":9.4},"geometry":{"type":"Point","coordinates":[-47.893,-22.636]}},{"type":"Feature","properties":{"name":"Barra Bonita","scalerank":9,"beside":1,"from":3.5,"until":24.0,"tmw":6.3},"geometry":{"type":"Point","coordinates":[-48.477,-23.343]}},{"type":"Feature","properties":{"name":"Bariri","scalerank":9,"beside":1,"from":3.5,"until":24.0,"tmw":4.4},"geometry":{"type":"Point","coordinates":[-48.91,-21.449]}},{"type":"Feature","properties":{"name":"Novillo","scalerank":8},"geometry":{"type":"LineString","coordinates":[[-109.702,29.136],[-109.602,29.136],[-109.502,29.136]]}},{"type":"Feature","properties":{"name":"Novillo","scalerank":8,"beside":1,"from":3.5,"until":8.5,"tmw":4.7},"geometry":{"type":"Point","coordinates":[-109.276,29.137]}},{"type":"Feature","properties":{"name":"Mohave","scalerank":7,"beside":1,"from":3.5,"until":24.0,"tmw":4.4},"geometry":{"type":"Point","coordinates":[-114.544,35.49]}},{"type":"Feature","properties":{"name":"Low","scalerank":9},"geometry":{"type":"LineString","coordinates":[[-76.336,52.526],[-76.267,52.526],[-76.198,52.526]]}},{"type":"Feature","properties":{"name":"Low","scalerank":9,"beside":1,"from":3.5,"until":8.5,"tmw":3.5},"geometry":{"type":"Point","coordinates":[-76.026,52.508]}},{"type":"Feature","properties":{"name":"Southern Indian","scalerank":4,"beside":1,"from":3.5,"until":24.0,"tmw":7.2},"geometry":{"type":"Point","coordinates":[-97.859,57.156]}},{"type":"Feature","properties":{"name":"Tobin","scalerank":7,"beside":1,"from":3.5,"until":24.0,"tmw":4.1},"geometry":{"type":"Point","coordinates":[-103.304,53.57]}},{"type":"Feature","properties":{"name":"Cedar","scalerank":4,"stack":1,"zfit":6.5,"tmw":4.1},"geometry":{"type":"Point","coordinates":[-100.459,53.336]}},{"type":"Feature","properties":{"name":"Cedar","scalerank":4,"beside":1,"from":3.5,"until":6.5,"tmw":4.1},"geometry":{"type":"Point","coordinates":[-99.21,53.336]}},{"type":"Feature","properties":{"name":"Sipiwesk Lake","scalerank":7,"beside":1,"from":3.5,"until":24.0,"tmw":6.6},"geometry":{"type":"Point","coordinates":[-97.178,55.089]}},{"type":"Feature","properties":{"name":"Ogoki","scalerank":7,"beside":1,"from":3.5,"until":24.0,"tmw":4.1},"geometry":{"type":"Point","coordinates":[-87.877,50.777]}},{"type":"Feature","properties":{"name":"Umfreville","scalerank":8,"beside":1,"from":3.5,"until":24.0,"tmw":5.7},"geometry":{"type":"Point","coordinates":[-94.56,50.335]}},{"type":"Feature","properties":{"name":"Seul","scalerank":8},"geometry":{"type":"LineString","coordinates":[[-92.761,50.314],[-92.529,50.314],[-92.297,50.314]]}},{"type":"Feature","properties":{"name":"Seul","scalerank":8,"beside":1,"from":3.5,"until":6.75,"tmw":3.8},"geometry":{"type":"Point","coordinates":[-91.354,50.454]}},{"type":"Feature","properties":{"name":"Cabonga","scalerank":5,"stack":1,"zfit":7.0,"tmw":4.7},"geometry":{"type":"Point","coordinates":[-76.582,47.372]}},{"type":"Feature","properties":{"name":"Cabonga","scalerank":5,"beside":1,"from":3.5,"until":7.0,"tmw":4.7},"geometry":{"type":"Point","coordinates":[-76.239,47.372]}},{"type":"Feature","properties":{"name":"Abitibi","scalerank":5,"stack":1,"zfit":6.75,"tmw":4.7},"geometry":{"type":"Point","coordinates":[-79.571,48.702]}},{"type":"Feature","properties":{"name":"Abitibi","scalerank":5,"beside":1,"from":3.5,"until":6.75,"tmw":4.7},"geometry":{"type":"Point","coordinates":[-79.113,48.702]}},{"type":"Feature","properties":{"name":"Dozois","scalerank":6},"geometry":{"type":"LineString","coordinates":[[-77.311,47.511],[-77.235,47.511],[-77.16,47.511]]}},{"type":"Feature","properties":{"name":"Dozois","scalerank":6,"beside":1,"from":3.5,"until":8.75,"tmw":4.4},"geometry":{"type":"Point","coordinates":[-76.875,47.479]}},{"type":"Feature","properties":{"name":"Dozois","scalerank":7,"beside":1,"from":3.5,"until":24.0,"tmw":4.4},"geometry":{"type":"Point","coordinates":[-77.31,47.635]}},{"type":"Feature","properties":{"name":"Saint-Jean","scalerank":4},"geometry":{"type":"LineString","coordinates":[[-72.328,48.695],[-72.306,48.684],[-72.283,48.673],[-72.261,48.663],[-72.239,48.653],[-72.216,48.644],[-72.194,48.635],[-72.172,48.627],[-72.149,48.619],[-72.127,48.612],[-72.105,48.605],[-72.082,48.598],[-72.06,48.593],[-72.038,48.587],[-72.016,48.582],[-71.993,48.578],[-71.971,48.574],[-71.949,48.571],[-71.926,48.568],[-71.904,48.565],[-71.882,48.563],[-71.859,48.562],[-71.837,48.561],[-71.815,48.56],[-71.792,48.56]]}},{"type":"Feature","properties":{"name":"Saint-Jean","scalerank":4,"beside":1,"from":3.5,"until":7.0,"tmw":5.7},"geometry":{"type":"Point","coordinates":[-71.678,48.602]}},{"type":"Feature","properties":{"name":"P\u00e9ribonca","scalerank":7,"beside":1,"from":3.5,"until":24.0,"tmw":5.3},"geometry":{"type":"Point","coordinates":[-71.088,50.099]}},{"type":"Feature","properties":{"name":"Robert-Bourassa Reservoir","scalerank":4},"geometry":{"type":"LineString","coordinates":[[-77.576,53.656],[-77.517,53.655],[-77.458,53.655],[-77.398,53.656],[-77.339,53.659],[-77.28,53.664],[-77.221,53.669],[-77.162,53.676],[-77.103,53.685],[-77.044,53.695],[-76.985,53.706],[-76.925,53.719],[-76.866,53.733],[-76.807,53.748],[-76.748,53.765],[-76.689,53.783],[-76.63,53.803],[-76.571,53.824],[-76.512,53.846],[-76.452,53.87],[-76.393,53.895],[-76.334,53.921],[-76.275,53.949],[-76.216,53.979],[-76.157,54.009]]}},{"type":"Feature","properties":{"name":"Robert-Bourassa Reservoir","scalerank":4,"beside":1,"from":3.5,"until":6.75,"tmw":10.3},"geometry":{"type":"Point","coordinates":[-75.919,53.838]}},{"type":"Feature","properties":{"name":"Saratov","scalerank":7,"beside":1,"from":3.5,"until":24.0,"tmw":4.7},"geometry":{"type":"Point","coordinates":[48.747,52.62]}},{"type":"Feature","properties":{"name":"Nizhnekamsk","scalerank":7},"geometry":{"type":"LineString","coordinates":[[52.375,55.896],[52.426,55.895],[52.477,55.894],[52.527,55.892],[52.578,55.891],[52.629,55.889],[52.68,55.887],[52.731,55.884],[52.782,55.882],[52.833,55.879],[52.884,55.876],[52.934,55.872],[52.985,55.869],[53.036,55.865],[53.087,55.861],[53.138,55.857],[53.189,55.852],[53.24,55.848],[53.29,55.843],[53.341,55.837],[53.392,55.832],[53.443,55.826],[53.494,55.82],[53.545,55.814],[53.596,55.808]]}},{"type":"Feature","properties":{"name":"Nizhnekamsk","scalerank":7,"beside":1,"from":3.5,"until":6.25,"tmw":6.0},"geometry":{"type":"Point","coordinates":[53.806,55.864]}},{"type":"Feature","properties":{"name":"Serebryansk","scalerank":6,"beside":1,"from":3.5,"until":24.0,"tmw":6.0},"geometry":{"type":"Point","coordinates":[35.807,68.519]}},{"type":"Feature","properties":{"name":"Atat\u00fcrk Dam","scalerank":7},"geometry":{"type":"LineString","coordinates":[[38.631,37.634],[38.717,37.634],[38.803,37.634]]}},{"type":"Feature","properties":{"name":"Atat\u00fcrk Dam","scalerank":7,"beside":1,"from":3.5,"until":9.0,"tmw":6.0},"geometry":{"type":"Point","coordinates":[39.078,37.658]}},{"type":"Feature","properties":{"name":"Manicouagan","scalerank":2,"beside":1,"from":3.5,"until":24.0,"tmw":6.0},"geometry":{"type":"Point","coordinates":[-68.064,51.344]}},{"type":"Feature","properties":{"name":"La Grande 3","scalerank":4,"beside":1,"from":3.5,"until":24.0,"tmw":6.0},"geometry":{"type":"Point","coordinates":[-74.304,53.683]}},{"type":"Feature","properties":{"name":"Mead","scalerank":4,"beside":1,"from":3.5,"until":24.0,"tmw":3.8},"geometry":{"type":"Point","coordinates":[-113.53,36.209]}},{"type":"Feature","properties":{"name":"Powell","scalerank":4,"beside":1,"from":3.5,"until":24.0,"tmw":4.4},"geometry":{"type":"Point","coordinates":[-110.263,37.424]}},{"type":"Feature","properties":{"name":"Williston","scalerank":5,"beside":1,"from":3.5,"until":24.0,"tmw":5.3},"geometry":{"type":"Point","coordinates":[-121.994,55.961]}},{"type":"Feature","properties":{"name":"Fort Peck","scalerank":5},"geometry":{"type":"LineString","coordinates":[[-106.981,47.763],[-106.832,47.763],[-106.683,47.763]]}},{"type":"Feature","properties":{"name":"Fort Peck","scalerank":5,"beside":1,"from":3.5,"until":8.0,"tmw":5.3},"geometry":{"type":"Point","coordinates":[-106.062,47.693]}},{"type":"Feature","properties":{"name":"Sakakawea","scalerank":5,"beside":1,"from":3.5,"until":24.0,"tmw":5.3},"geometry":{"type":"Point","coordinates":[-100.93,47.823]}},{"type":"Feature","properties":{"name":"Oahe","scalerank":5,"beside":1,"from":3.5,"until":24.0,"tmw":3.8},"geometry":{"type":"Point","coordinates":[-100.159,45.579]}},{"type":"Feature","properties":{"name":"Gouin","scalerank":5,"beside":1,"from":3.5,"until":24.0,"tmw":4.1},"geometry":{"type":"Point","coordinates":[-73.949,48.543]}},{"type":"Feature","properties":{"name":"Arrow Lakes","scalerank":5,"beside":1,"from":3.5,"until":24.0,"tmw":6.0},"geometry":{"type":"Point","coordinates":[-117.854,49.579]}},{"type":"Feature","properties":{"name":"Amistad","scalerank":5,"beside":1,"from":3.5,"until":24.0,"tmw":4.7},"geometry":{"type":"Point","coordinates":[-100.845,29.548]}},{"type":"Feature","properties":{"name":"Baskatong","scalerank":5,"beside":1,"from":3.5,"until":24.0,"tmw":5.3},"geometry":{"type":"Point","coordinates":[-75.617,46.856]}},{"type":"Feature","properties":{"name":"Chelan","scalerank":5,"beside":1,"from":3.5,"until":24.0,"tmw":4.4},"geometry":{"type":"Point","coordinates":[-119.907,48.088]}},{"type":"Feature","properties":{"name":"Millerton","scalerank":5,"beside":1,"from":3.5,"until":24.0,"tmw":5.3},"geometry":{"type":"Point","coordinates":[-119.556,37.031]}},{"type":"Feature","properties":{"name":"Pipmuacan","scalerank":5,"beside":1,"from":3.5,"until":24.0,"tmw":5.3},"geometry":{"type":"Point","coordinates":[-69.631,49.62]}},{"type":"Feature","properties":{"name":"Francis Case","scalerank":6,"beside":1,"from":3.5,"until":24.0,"tmw":6.3},"geometry":{"type":"Point","coordinates":[-98.462,43.523]}},{"type":"Feature","properties":{"name":"Falcon International","scalerank":6,"beside":1,"from":3.5,"until":24.0,"tmw":8.8},"geometry":{"type":"Point","coordinates":[-99.034,26.812]}},{"type":"Feature","properties":{"name":"Caniapiscau","scalerank":6,"beside":1,"from":3.5,"until":24.0,"tmw":6.0},"geometry":{"type":"Point","coordinates":[-69.146,54.167]}},{"type":"Feature","properties":{"name":"Bermen","scalerank":6,"beside":1,"from":3.5,"until":24.0,"tmw":4.4},"geometry":{"type":"Point","coordinates":[-68.545,53.739]}},{"type":"Feature","properties":{"name":"Caniapiscau","scalerank":6,"beside":1,"from":3.5,"until":24.0,"tmw":6.0},"geometry":{"type":"Point","coordinates":[-69.653,54.554]}},{"type":"Feature","properties":{"name":"Kentucky","scalerank":6,"beside":1,"from":3.5,"until":24.0,"tmw":5.0},"geometry":{"type":"Point","coordinates":[-87.84,36.481]}},{"type":"Feature","properties":{"name":"Strom Thurmond","scalerank":6},"geometry":{"type":"LineString","coordinates":[[-82.435,33.828],[-82.376,33.828],[-82.317,33.828]]}},{"type":"Feature","properties":{"name":"Strom Thurmond","scalerank":6,"beside":1,"from":3.5,"until":10.0,"tmw":6.9},"geometry":{"type":"Point","coordinates":[-82.125,33.828]}},{"type":"Feature","properties":{"name":"Kinbasket","scalerank":6,"beside":1,"from":3.5,"until":24.0,"tmw":5.3},"geometry":{"type":"Point","coordinates":[-118.073,52.408]}},{"type":"Feature","properties":{"name":"Shasta","scalerank":6,"beside":1,"from":3.5,"until":24.0,"tmw":4.4},"geometry":{"type":"Point","coordinates":[-122.037,40.818]}},{"type":"Feature","properties":{"name":"Wheeler","scalerank":6,"beside":1,"from":3.5,"until":24.0,"tmw":4.7},"geometry":{"type":"Point","coordinates":[-86.818,34.708]}},{"type":"Feature","properties":{"name":"Franklin D. Roosevelt","scalerank":7,"beside":1,"from":3.5,"until":24.0,"tmw":9.1},"geometry":{"type":"Point","coordinates":[-118.024,48.462]}},{"type":"Feature","properties":{"name":"Arrow Lakes","scalerank":7,"beside":1,"from":3.5,"until":24.0,"tmw":6.0},"geometry":{"type":"Point","coordinates":[-117.643,50.433]}},{"type":"Feature","properties":{"name":"Kinbasket","scalerank":7,"beside":1,"from":3.5,"until":24.0,"tmw":5.3},"geometry":{"type":"Point","coordinates":[-117.459,51.765]}},{"type":"Feature","properties":{"name":"Caballo","scalerank":7,"beside":1,"from":3.5,"until":24.0,"tmw":4.7},"geometry":{"type":"Point","coordinates":[-107.223,33.017]}},{"type":"Feature","properties":{"name":"Elephant Butte","scalerank":7,"beside":1,"from":3.5,"until":24.0,"tmw":6.9},"geometry":{"type":"Point","coordinates":[-107.104,33.266]}},{"type":"Feature","properties":{"name":"Diefenbaker","scalerank":7,"beside":1,"from":3.5,"until":24.0,"tmw":6.0},"geometry":{"type":"Point","coordinates":[-106.309,50.946]}},{"type":"Feature","properties":{"name":"Ossokmanuan","scalerank":7,"beside":1,"from":3.5,"until":24.0,"tmw":6.0},"geometry":{"type":"Point","coordinates":[-64.528,53.257]}},{"type":"Feature","properties":{"name":"Red Bluff","scalerank":7,"beside":1,"from":3.5,"until":24.0,"tmw":5.3},"geometry":{"type":"Point","coordinates":[-103.833,31.986]}},{"type":"Feature","properties":{"name":"Brantley","scalerank":7,"beside":1,"from":3.5,"until":24.0,"tmw":5.0},"geometry":{"type":"Point","coordinates":[-104.227,32.683]}},{"type":"Feature","properties":{"name":"McConaughy","scalerank":7},"geometry":{"type":"LineString","coordinates":[[-101.831,41.26],[-101.758,41.26],[-101.684,41.26]]}},{"type":"Feature","properties":{"name":"McConaughy","scalerank":7,"beside":1,"from":3.5,"until":9.25,"tmw":5.7},"geometry":{"type":"Point","coordinates":[-101.58,41.265]}},{"type":"Feature","properties":{"name":"Seminoe Reservoir","scalerank":7,"beside":1,"from":3.5,"until":24.0,"tmw":7.8},"geometry":{"type":"Point","coordinates":[-106.638,42.062]}},{"type":"Feature","properties":{"name":"Trinity","scalerank":7,"beside":1,"from":3.5,"until":24.0,"tmw":4.7},"geometry":{"type":"Point","coordinates":[-122.554,40.948]}},{"type":"Feature","properties":{"name":"Kerr","scalerank":7,"beside":1,"from":3.5,"until":24.0,"tmw":3.8},"geometry":{"type":"Point","coordinates":[-78.212,36.619]}},{"type":"Feature","properties":{"name":"Texoma","scalerank":7,"beside":1,"from":3.5,"until":24.0,"tmw":4.4},"geometry":{"type":"Point","coordinates":[-96.459,33.93]}},{"type":"Feature","properties":{"name":"Flaming Gorge","scalerank":7,"beside":1,"from":3.5,"until":24.0,"tmw":6.6},"geometry":{"type":"Point","coordinates":[-109.452,41.121]}},{"type":"Feature","properties":{"name":"American Falls Reservoir","scalerank":7,"beside":1,"from":3.5,"until":24.0,"tmw":10.0},"geometry":{"type":"Point","coordinates":[-112.526,42.94]}},{"type":"Feature","properties":{"name":"La Boquilla Dam","scalerank":7},"geometry":{"type":"LineString","coordinates":[[-105.647,27.53],[-105.552,27.53],[-105.457,27.53]]}},{"type":"Feature","properties":{"name":"La Boquilla Dam","scalerank":7,"beside":1,"from":3.5,"until":9.25,"tmw":7.2},"geometry":{"type":"Point","coordinates":[-105.326,27.543]}},{"type":"Feature","properties":{"name":"El Infiernillo Dam","scalerank":7,"beside":1,"from":3.5,"until":24.0,"tmw":8.1},"geometry":{"type":"Point","coordinates":[-101.215,18.58]}},{"type":"Feature","properties":{"name":"Angostura Dam","scalerank":7,"beside":1,"from":3.5,"until":24.0,"tmw":6.6},"geometry":{"type":"Point","coordinates":[-91.989,16.123]}},{"type":"Feature","properties":{"name":"Petenwell","scalerank":7,"beside":1,"from":3.5,"until":24.0,"tmw":5.3},"geometry":{"type":"Point","coordinates":[-89.835,44.06]}},{"type":"Feature","properties":{"name":"Seminole","scalerank":7,"beside":1,"from":3.5,"until":24.0,"tmw":5.0},"geometry":{"type":"Point","coordinates":[-84.598,30.821]}},{"type":"Feature","properties":{"name":"Barkley","scalerank":8,"beside":1,"from":3.5,"until":24.0,"tmw":4.7},"geometry":{"type":"Point","coordinates":[-87.826,36.83]}},{"type":"Feature","properties":{"name":"Presa Marte R. Gomez","scalerank":8,"beside":1,"from":3.5,"until":24.0,"tmw":8.8},"geometry":{"type":"Point","coordinates":[-98.846,26.166]}},{"type":"Feature","properties":{"name":"Moultrie","scalerank":8,"beside":1,"from":3.5,"until":24.0,"tmw":5.0},"geometry":{"type":"Point","coordinates":[-79.923,33.307]}},{"type":"Feature","properties":{"name":"Marion","scalerank":8,"beside":1,"from":3.5,"until":24.0,"tmw":4.4},"geometry":{"type":"Point","coordinates":[-80.092,33.5]}},{"type":"Feature","properties":{"name":"Meredith","scalerank":8,"beside":1,"from":3.5,"until":24.0,"tmw":5.0},"geometry":{"type":"Point","coordinates":[-101.468,35.611]}},{"type":"Feature","properties":{"name":"Ute Lake","scalerank":8,"beside":1,"from":3.5,"until":24.0,"tmw":5.0},"geometry":{"type":"Point","coordinates":[-103.365,35.384]}},{"type":"Feature","properties":{"name":"Conchas","scalerank":8,"beside":1,"from":3.5,"until":24.0,"tmw":4.7},"geometry":{"type":"Point","coordinates":[-104.115,35.463]}},{"type":"Feature","properties":{"name":"Toledo Bend","scalerank":8,"beside":1,"from":3.5,"until":24.0,"tmw":6.0},"geometry":{"type":"Point","coordinates":[-93.502,31.585]}},{"type":"Feature","properties":{"name":"Palisades Reservoir","scalerank":8,"beside":1,"from":3.5,"until":24.0,"tmw":8.4},"geometry":{"type":"Point","coordinates":[-110.994,43.24]}},{"type":"Feature","properties":{"name":"Glendo Reservoir","scalerank":8,"beside":1,"from":3.5,"until":24.0,"tmw":7.5},"geometry":{"type":"Point","coordinates":[-104.87,42.545]}},{"type":"Feature","properties":{"name":"Pathfinder","scalerank":8,"beside":1,"from":3.5,"until":24.0,"tmw":5.7},"geometry":{"type":"Point","coordinates":[-106.802,42.383]}},{"type":"Feature","properties":{"name":"Nezahualc\u00f3yotl reservoir","scalerank":8,"beside":1,"from":3.5,"until":24.0,"tmw":10.0},"geometry":{"type":"Point","coordinates":[-93.275,17.114]}},{"type":"Feature","properties":{"name":"Valsequillo Lake","scalerank":8,"beside":1,"from":3.5,"until":24.0,"tmw":7.5},"geometry":{"type":"Point","coordinates":[-98.053,18.945]}},{"type":"Feature","properties":{"name":"Vicente Guerrero Dam","scalerank":8,"beside":1,"from":3.5,"until":24.0,"tmw":8.8},"geometry":{"type":"Point","coordinates":[-98.622,23.958]}},{"type":"Feature","properties":{"name":"\u00c1lvaro Obreg\u00f3n Dam","scalerank":8,"beside":1,"from":3.5,"until":24.0,"tmw":8.1},"geometry":{"type":"Point","coordinates":[-109.712,27.98]}},{"type":"Feature","properties":{"name":"Oroville","scalerank":8,"beside":1,"from":3.5,"until":24.0,"tmw":5.0},"geometry":{"type":"Point","coordinates":[-121.239,39.647]}},{"type":"Feature","properties":{"name":"Boysen","scalerank":8,"beside":1,"from":3.5,"until":24.0,"tmw":4.4},"geometry":{"type":"Point","coordinates":[-108.077,43.316]}},{"type":"Feature","properties":{"name":"Hartwell","scalerank":8},"geometry":{"type":"LineString","coordinates":[[-83.033,34.482],[-82.949,34.482],[-82.865,34.482]]}},{"type":"Feature","properties":{"name":"Hartwell","scalerank":8,"beside":1,"from":3.5,"until":8.75,"tmw":5.0},"geometry":{"type":"Point","coordinates":[-82.713,34.482]}},{"type":"Feature","properties":{"name":"Lanier","scalerank":8,"beside":1,"from":3.5,"until":24.0,"tmw":4.4},"geometry":{"type":"Point","coordinates":[-83.74,34.316]}},{"type":"Feature","properties":{"name":"Gaston","scalerank":8,"beside":1,"from":3.5,"until":24.0,"tmw":4.4},"geometry":{"type":"Point","coordinates":[-77.596,36.542]}},{"type":"Feature","properties":{"name":"Smith Mountain","scalerank":8,"beside":1,"from":3.5,"until":24.0,"tmw":6.9},"geometry":{"type":"Point","coordinates":[-79.449,37.119]}},{"type":"Feature","properties":{"name":"Walter F. George","scalerank":8,"beside":1,"from":3.5,"until":24.0,"tmw":7.5},"geometry":{"type":"Point","coordinates":[-84.981,31.852]}},{"type":"Feature","properties":{"name":"Outardes-4 Reservoir","scalerank":9,"beside":1,"from":3.5,"until":24.0,"tmw":8.8},"geometry":{"type":"Point","coordinates":[-68.813,50.222]}},{"type":"Feature","properties":{"name":"Logan Martin","scalerank":9,"beside":1,"from":3.5,"until":24.0,"tmw":6.3},"geometry":{"type":"Point","coordinates":[-86.111,33.516]}},{"type":"Feature","properties":{"name":"Mitchell Lake","scalerank":9,"beside":1,"from":3.5,"until":24.0,"tmw":6.6},"geometry":{"type":"Point","coordinates":[-86.389,32.929]}},{"type":"Feature","properties":{"name":"Murray","scalerank":9},"geometry":{"type":"LineString","coordinates":[[-81.436,34.072],[-81.345,34.072],[-81.253,34.072]]}},{"type":"Feature","properties":{"name":"Murray","scalerank":9,"beside":1,"from":3.5,"until":8.5,"tmw":4.4},"geometry":{"type":"Point","coordinates":[-81.156,34.066]}},{"type":"Feature","properties":{"name":"Rybinsk","scalerank":2},"geometry":{"type":"LineString","coordinates":[[37.226,58.818],[37.298,58.806],[37.369,58.793],[37.44,58.779],[37.512,58.764],[37.583,58.748],[37.655,58.731],[37.726,58.713],[37.798,58.695],[37.869,58.675],[37.941,58.655],[38.012,58.633],[38.084,58.611],[38.155,58.588],[38.227,58.563],[38.298,58.538],[38.369,58.512],[38.441,58.485],[38.512,58.457],[38.584,58.429],[38.655,58.399],[38.727,58.368],[38.798,58.337],[38.87,58.304],[38.941,58.271]]}},{"type":"Feature","properties":{"name":"Rybinsk","scalerank":2,"beside":1,"from":3.5,"until":4.75,"tmw":4.7},"geometry":{"type":"Point","coordinates":[39.221,58.618]}},{"type":"Feature","properties":{"name":"Kainji","scalerank":4,"beside":1,"from":3.5,"until":24.0,"tmw":4.4},"geometry":{"type":"Point","coordinates":[4.753,10.254]}},{"type":"Feature","properties":{"name":"Kakhovka","scalerank":4,"beside":1,"from":3.5,"until":24.0,"tmw":5.0},"geometry":{"type":"Point","coordinates":[35.456,47.343]}},{"type":"Feature","properties":{"name":"Kremenchuk","scalerank":4},"geometry":{"type":"LineString","coordinates":[[31.978,49.506],[32.025,49.497],[32.073,49.487],[32.12,49.477],[32.167,49.466],[32.214,49.455],[32.262,49.443],[32.309,49.43],[32.356,49.417],[32.403,49.404],[32.451,49.39],[32.498,49.375],[32.545,49.36],[32.592,49.344],[32.64,49.328],[32.687,49.312],[32.734,49.294],[32.781,49.277],[32.829,49.258],[32.876,49.24],[32.923,49.22],[32.97,49.2],[33.018,49.18],[33.065,49.159],[33.112,49.138]]}},{"type":"Feature","properties":{"name":"Kremenchuk","scalerank":4,"beside":1,"from":3.5,"until":5.75,"tmw":5.7},"geometry":{"type":"Point","coordinates":[33.31,49.288]}},{"type":"Feature","properties":{"name":"Kuybyshev","scalerank":4,"stack":1,"zfit":6.75,"tmw":5.3},"geometry":{"type":"Point","coordinates":[48.646,54.572]}},{"type":"Feature","properties":{"name":"Kuybyshev","scalerank":4,"beside":1,"from":3.5,"until":6.75,"tmw":5.3},"geometry":{"type":"Point","coordinates":[52.22,54.572]}},{"type":"Feature","properties":{"name":"Sobradinho","scalerank":4,"beside":1,"from":3.5,"until":24.0,"tmw":5.7},"geometry":{"type":"Point","coordinates":[-40.645,-10.142]}},{"type":"Feature","properties":{"name":"Kubenskoe","scalerank":5,"beside":1,"from":3.5,"until":24.0,"tmw":5.3},"geometry":{"type":"Point","coordinates":[39.9,59.666]}},{"type":"Feature","properties":{"name":"Kariba","scalerank":5,"beside":1,"from":3.5,"until":24.0,"tmw":4.4},"geometry":{"type":"Point","coordinates":[29.14,-17.235]}},{"type":"Feature","properties":{"name":"Nam Ngum Dam","scalerank":5,"beside":1,"from":3.5,"until":24.0,"tmw":6.3},"geometry":{"type":"Point","coordinates":[103.025,18.603]}},{"type":"Feature","properties":{"name":"Argyle","scalerank":5,"stack":1,"zfit":7.0,"tmw":4.4},"geometry":{"type":"Point","coordinates":[128.691,-16.432]}},{"type":"Feature","properties":{"name":"Argyle","scalerank":5,"beside":1,"from":3.5,"until":7.0,"tmw":4.4},"geometry":{"type":"Point","coordinates":[129.117,-16.432]}},{"type":"Feature","properties":{"name":"Nasser","scalerank":5,"beside":1,"from":3.5,"until":24.0,"tmw":4.4},"geometry":{"type":"Point","coordinates":[33.203,22.797]}},{"type":"Feature","properties":{"name":"Toktogul","scalerank":5},"geometry":{"type":"LineString","coordinates":[[72.749,41.796],[72.956,41.796],[73.163,41.796]]}},{"type":"Feature","properties":{"name":"Toktogul","scalerank":5,"beside":1,"from":3.5,"until":7.5,"tmw":5.0},"geometry":{"type":"Point","coordinates":[73.387,41.796]}},{"type":"Feature","properties":{"name":"Brokopondo","scalerank":5,"stack":1,"zfit":7.0,"tmw":5.7},"geometry":{"type":"Point","coordinates":[-55.112,4.731]}},{"type":"Feature","properties":{"name":"Brokopondo","scalerank":5,"beside":1,"from":3.5,"until":7.0,"tmw":5.7},"geometry":{"type":"Point","coordinates":[-54.718,4.731]}},{"type":"Feature","properties":{"name":"Itaipu","scalerank":5,"beside":1,"from":3.5,"until":24.0,"tmw":4.4},"geometry":{"type":"Point","coordinates":[-54.072,-24.756]}},{"type":"Feature","properties":{"name":"Volta","scalerank":5,"stack":1,"zfit":6.0,"tmw":4.1},"geometry":{"type":"Point","coordinates":[0.065,7.728]}},{"type":"Feature","properties":{"name":"Volta","scalerank":5,"beside":1,"from":3.5,"until":6.0,"tmw":4.1},"geometry":{"type":"Point","coordinates":[0.472,7.728]}},{"type":"Feature","properties":{"name":"Bratsk","scalerank":6,"beside":1,"from":3.5,"until":24.0,"tmw":4.4},"geometry":{"type":"Point","coordinates":[103.937,54.737]}},{"type":"Feature","properties":{"name":"Tucuru\u00ed Dam","scalerank":6},"geometry":{"type":"LineString","coordinates":[[-49.221,-5.282],[-49.253,-5.225],[-49.284,-5.169],[-49.314,-5.112],[-49.342,-5.055],[-49.37,-4.999],[-49.397,-4.942],[-49.422,-4.885],[-49.447,-4.829],[-49.47,-4.772],[-49.493,-4.715],[-49.514,-4.659],[-49.535,-4.602],[-49.554,-4.545],[-49.572,-4.489],[-49.589,-4.432],[-49.606,-4.375],[-49.621,-4.319],[-49.635,-4.262],[-49.648,-4.205],[-49.66,-4.148],[-49.671,-4.092],[-49.681,-4.035],[-49.69,-3.978],[-49.698,-3.922]]}},{"type":"Feature","properties":{"name":"Tucuru\u00ed Dam","scalerank":6,"beside":1,"from":3.5,"until":5.5,"tmw":6.0},"geometry":{"type":"Point","coordinates":[-48.846,-4.603]}},{"type":"Feature","properties":{"name":"Tr\u00eas Marias Dam","scalerank":6,"beside":1,"from":3.5,"until":24.0,"tmw":7.2},"geometry":{"type":"Point","coordinates":[-44.785,-18.623]}},{"type":"Feature","properties":{"name":"Engineer Souza Dias Dam","scalerank":6,"beside":1,"from":3.5,"until":24.0,"tmw":9.7},"geometry":{"type":"Point","coordinates":[-50.494,-20.102]}},{"type":"Feature","properties":{"name":"Chardara Reservoir","scalerank":6,"beside":1,"from":3.5,"until":24.0,"tmw":8.1},"geometry":{"type":"Point","coordinates":[68.523,41.135]}},{"type":"Feature","properties":{"name":"Vilyuy","scalerank":6,"beside":1,"from":3.5,"until":24.0,"tmw":4.4},"geometry":{"type":"Point","coordinates":[112.704,62.701]}},{"type":"Feature","properties":{"name":"Krasnoyarsk","scalerank":7,"beside":1,"from":3.5,"until":24.0,"tmw":6.0},"geometry":{"type":"Point","coordinates":[92.749,54.612]}},{"type":"Feature","properties":{"name":"Kostroma","scalerank":7},"geometry":{"type":"LineString","coordinates":[[40.558,57.918],[40.719,57.918],[40.879,57.918]]}},{"type":"Feature","properties":{"name":"Kostroma","scalerank":7,"beside":1,"from":3.5,"until":8.0,"tmw":5.0},"geometry":{"type":"Point","coordinates":[41.45,57.744]}},{"type":"Feature","properties":{"name":"Uglich","scalerank":7,"beside":1,"from":3.5,"until":24.0,"tmw":4.4},"geometry":{"type":"Point","coordinates":[38.373,57.409]}},{"type":"Feature","properties":{"name":"Ivankovo","scalerank":7},"geometry":{"type":"LineString","coordinates":[[36.317,56.594],[36.424,56.594],[36.53,56.594]]}},{"type":"Feature","properties":{"name":"Ivankovo","scalerank":7,"beside":1,"from":3.5,"until":8.5,"tmw":5.0},"geometry":{"type":"Point","coordinates":[37.244,56.68]}},{"type":"Feature","properties":{"name":"Tarbela Dam","scalerank":7,"beside":1,"from":3.5,"until":24.0,"tmw":6.0},"geometry":{"type":"Point","coordinates":[73.077,34.326]}},{"type":"Feature","properties":{"name":"Cahora Bassa","scalerank":7,"beside":1,"from":3.5,"until":24.0,"tmw":6.3},"geometry":{"type":"Point","coordinates":[32.847,-15.688]}},{"type":"Feature","properties":{"name":"Roseires Reservoir","scalerank":7,"beside":1,"from":3.5,"until":24.0,"tmw":8.1},"geometry":{"type":"Point","coordinates":[34.84,11.547]}},{"type":"Feature","properties":{"name":"Votkinsk","scalerank":7},"geometry":{"type":"LineString","coordinates":[[54.192,56.937],[54.246,56.946],[54.3,56.957],[54.354,56.969],[54.407,56.983],[54.461,56.998],[54.515,57.015],[54.569,57.034],[54.623,57.055],[54.676,57.077],[54.73,57.1],[54.784,57.126],[54.838,57.153],[54.891,57.181],[54.945,57.212],[54.999,57.244],[55.053,57.277],[55.107,57.312],[55.16,57.349],[55.214,57.387],[55.268,57.428],[55.322,57.469],[55.376,57.513],[55.429,57.558],[55.483,57.604]]}},{"type":"Feature","properties":{"name":"Votkinsk","scalerank":7,"beside":1,"from":3.5,"until":5.25,"tmw":5.0},"geometry":{"type":"Point","coordinates":[55.703,57.321]}},{"type":"Feature","properties":{"name":"Kama","scalerank":7,"beside":1,"from":3.5,"until":24.0,"tmw":3.8},"geometry":{"type":"Point","coordinates":[57.238,58.803]}},{"type":"Feature","properties":{"name":"Assad","scalerank":7,"beside":1,"from":3.5,"until":24.0,"tmw":4.1},"geometry":{"type":"Point","coordinates":[38.642,36.057]}},{"type":"Feature","properties":{"name":"Keban Dam","scalerank":7,"beside":1,"from":3.5,"until":24.0,"tmw":5.3},"geometry":{"type":"Point","coordinates":[39.963,38.835]}},{"type":"Feature","properties":{"name":"Volgograd","scalerank":7,"beside":1,"from":3.5,"until":24.0,"tmw":5.3},"geometry":{"type":"Point","coordinates":[46.874,51.04]}},{"type":"Feature","properties":{"name":"Gorky","scalerank":7,"beside":1,"from":3.5,"until":24.0,"tmw":4.1},"geometry":{"type":"Point","coordinates":[43.803,57.166]}},{"type":"Feature","properties":{"name":"Ust-Ilimsk","scalerank":7,"beside":1,"from":3.5,"until":24.0,"tmw":5.7},"geometry":{"type":"Point","coordinates":[103.79,57.455]}},{"type":"Feature","properties":{"name":"Kayrakkum","scalerank":7,"beside":1,"from":3.5,"until":24.0,"tmw":5.3},"geometry":{"type":"Point","coordinates":[70.453,40.334]}},{"type":"Feature","properties":{"name":"Embalse de Entrepe\u00f1as","scalerank":7,"beside":1,"from":3.5,"until":24.0,"tmw":9.1},"geometry":{"type":"Point","coordinates":[-2.529,40.616]}},{"type":"Feature","properties":{"name":"Gobind Sagar","scalerank":7,"beside":1,"from":3.5,"until":24.0,"tmw":6.3},"geometry":{"type":"Point","coordinates":[76.846,31.408]}},{"type":"Feature","properties":{"name":"Hirakud Dam","scalerank":7,"beside":1,"from":3.5,"until":24.0,"tmw":6.0},"geometry":{"type":"Point","coordinates":[84.112,21.633]}},{"type":"Feature","properties":{"name":"Nagarjuna Sagar Dam","scalerank":7,"beside":1,"from":3.5,"until":24.0,"tmw":8.4},"geometry":{"type":"Point","coordinates":[79.377,16.431]}},{"type":"Feature","properties":{"name":"Danjiangkou Shuiku","scalerank":7,"beside":1,"from":3.5,"until":24.0,"tmw":8.1},"geometry":{"type":"Point","coordinates":[111.767,32.787]}},{"type":"Feature","properties":{"name":"Kapchagay","scalerank":7},"geometry":{"type":"LineString","coordinates":[[77.188,43.888],[77.226,43.881],[77.264,43.874],[77.302,43.868],[77.34,43.862],[77.378,43.857],[77.416,43.852],[77.454,43.847],[77.492,43.843],[77.53,43.839],[77.569,43.836],[77.607,43.832],[77.645,43.83],[77.683,43.827],[77.721,43.825],[77.759,43.824],[77.797,43.823],[77.835,43.822],[77.873,43.821],[77.911,43.821],[77.949,43.822],[77.987,43.822],[78.025,43.824],[78.063,43.825],[78.102,43.827]]}},{"type":"Feature","properties":{"name":"Kapchagay","scalerank":7,"beside":1,"from":3.5,"until":6.5,"tmw":5.3},"geometry":{"type":"Point","coordinates":[78.269,43.849]}},{"type":"Feature","properties":{"name":"Bloemhof Dam","scalerank":7,"beside":1,"from":3.5,"until":24.0,"tmw":6.3},"geometry":{"type":"Point","coordinates":[26.159,-27.695]}},{"type":"Feature","properties":{"name":"Vaal Dam","scalerank":7,"beside":1,"from":3.5,"until":24.0,"tmw":5.0},"geometry":{"type":"Point","coordinates":[28.582,-26.998]}},{"type":"Feature","properties":{"name":"Wyangala Dam","scalerank":7,"beside":1,"from":3.5,"until":24.0,"tmw":6.3},"geometry":{"type":"Point","coordinates":[149.134,-33.947]}},{"type":"Feature","properties":{"name":"Kossou","scalerank":7,"beside":1,"from":3.5,"until":24.0,"tmw":4.4},"geometry":{"type":"Point","coordinates":[-5.235,7.526]}},{"type":"Feature","properties":{"name":"Zeya","scalerank":7,"stack":1,"zfit":6.5,"tmw":3.8},"geometry":{"type":"Point","coordinates":[127.702,54.308]}},{"type":"Feature","properties":{"name":"Zeya","scalerank":7,"beside":1,"from":3.5,"until":6.5,"tmw":3.8},"geometry":{"type":"Point","coordinates":[129.396,54.308]}},{"type":"Feature","properties":{"name":"Garc\u00eda Sola","scalerank":7,"beside":1,"from":3.5,"until":24.0,"tmw":6.0},"geometry":{"type":"Point","coordinates":[-4.958,39.318]}},{"type":"Feature","properties":{"name":"Orellana","scalerank":7,"beside":1,"from":3.5,"until":24.0,"tmw":5.0},"geometry":{"type":"Point","coordinates":[-5.018,39.229]}},{"type":"Feature","properties":{"name":"Srinakarin Dam","scalerank":7,"beside":1,"from":3.5,"until":24.0,"tmw":6.9},"geometry":{"type":"Point","coordinates":[99.255,14.717]}},{"type":"Feature","properties":{"name":"Qiandao Lake","scalerank":7,"beside":1,"from":3.5,"until":24.0,"tmw":6.3},"geometry":{"type":"Point","coordinates":[119.264,29.608]}},{"type":"Feature","properties":{"name":"Guanting Shuiku","scalerank":7,"beside":1,"from":3.5,"until":24.0,"tmw":7.2},"geometry":{"type":"Point","coordinates":[115.852,40.321]}},{"type":"Feature","properties":{"name":"Embalse de Cala","scalerank":7,"beside":1,"from":3.5,"until":24.0,"tmw":7.2},"geometry":{"type":"Point","coordinates":[-4.716,39.337]}},{"type":"Feature","properties":{"name":"Engineer S\u00e9rgio Motta Dam","scalerank":7,"beside":1,"from":3.5,"until":24.0,"tmw":10.3},"geometry":{"type":"Point","coordinates":[-51.844,-21.947]}},{"type":"Feature","properties":{"name":"Mulwala","scalerank":7},"geometry":{"type":"LineString","coordinates":[[146.031,-36.011],[146.1,-36.011],[146.17,-36.011]]}},{"type":"Feature","properties":{"name":"Mulwala","scalerank":7,"beside":1,"from":3.5,"until":9.0,"tmw":4.7},"geometry":{"type":"Point","coordinates":[146.266,-36.011]}},{"type":"Feature","properties":{"name":"Hume","scalerank":7,"beside":1,"from":3.5,"until":24.0,"tmw":3.8},"geometry":{"type":"Point","coordinates":[147.323,-36.101]}},{"type":"Feature","properties":{"name":"Kaptai","scalerank":7,"beside":1,"from":3.5,"until":24.0,"tmw":4.4},"geometry":{"type":"Point","coordinates":[92.446,22.755]}},{"type":"Feature","properties":{"name":"Buyo","scalerank":7,"beside":1,"from":3.5,"until":24.0,"tmw":3.8},"geometry":{"type":"Point","coordinates":[-6.838,6.639]}},{"type":"Feature","properties":{"name":"Guri","scalerank":7,"beside":1,"from":3.5,"until":24.0,"tmw":3.8},"geometry":{"type":"Point","coordinates":[-62.608,7.297]}},{"type":"Feature","properties":{"name":"Rinc\u00f3n del Bonete","scalerank":7,"beside":1,"from":3.5,"until":24.0,"tmw":7.8},"geometry":{"type":"Point","coordinates":[-55.336,-32.701]}},{"type":"Feature","properties":{"name":"Ezequiel Ramos Mex\u00eda","scalerank":7,"beside":1,"from":3.5,"until":24.0,"tmw":8.8},"geometry":{"type":"Point","coordinates":[-68.612,-39.464]}},{"type":"Feature","properties":{"name":"Tsimlyansk","scalerank":7,"beside":1,"from":3.5,"until":24.0,"tmw":5.7},"geometry":{"type":"Point","coordinates":[44.16,48.522]}},{"type":"Feature","properties":{"name":"S\u00e3o Sim\u00e3o Dam","scalerank":7,"beside":1,"from":3.5,"until":24.0,"tmw":6.6},"geometry":{"type":"Point","coordinates":[-49.708,-18.664]}},{"type":"Feature","properties":{"name":"Camatague","scalerank":8,"beside":1,"from":3.5,"until":24.0,"tmw":5.3},"geometry":{"type":"Point","coordinates":[-66.886,9.827]}},{"type":"Feature","properties":{"name":"Gu\u00e1rico","scalerank":8,"beside":1,"from":3.5,"until":24.0,"tmw":4.7},"geometry":{"type":"Point","coordinates":[-67.26,9.054]}},{"type":"Feature","properties":{"name":"Itumbiara Dam","scalerank":8,"beside":1,"from":3.5,"until":24.0,"tmw":6.6},"geometry":{"type":"Point","coordinates":[-48.137,-18.274]}},{"type":"Feature","properties":{"name":"Burrendong","scalerank":8,"beside":1,"from":3.5,"until":24.0,"tmw":5.7},"geometry":{"type":"Point","coordinates":[149.366,-32.726]}},{"type":"Feature","properties":{"name":"Vanderkloof Dam","scalerank":8,"beside":1,"from":3.5,"until":24.0,"tmw":7.2},"geometry":{"type":"Point","coordinates":[25.031,-30.106]}},{"type":"Feature","properties":{"name":"Gariep Dam","scalerank":8,"beside":1,"from":3.5,"until":24.0,"tmw":5.7},"geometry":{"type":"Point","coordinates":[26.035,-30.624]}},{"type":"Feature","properties":{"name":"Stanley","scalerank":8,"beside":1,"from":3.5,"until":24.0,"tmw":4.7},"geometry":{"type":"Point","coordinates":[77.961,11.894]}},{"type":"Feature","properties":{"name":"Gandhi Sagar Dam","scalerank":8,"beside":1,"from":3.5,"until":24.0,"tmw":7.5},"geometry":{"type":"Point","coordinates":[75.704,24.429]}},{"type":"Feature","properties":{"name":"Bhumphol K. K. Nam","scalerank":8,"beside":1,"from":3.5,"until":24.0,"tmw":8.1},"geometry":{"type":"Point","coordinates":[99.014,17.294]}},{"type":"Feature","properties":{"name":"Sirikit Dam","scalerank":8,"beside":1,"from":3.5,"until":24.0,"tmw":6.0},"geometry":{"type":"Point","coordinates":[100.672,17.916]}},{"type":"Feature","properties":{"name":"\u00c1gua Vermelha","scalerank":8,"beside":1,"from":3.5,"until":24.0,"tmw":6.6},"geometry":{"type":"Point","coordinates":[-49.294,-19.957]}},{"type":"Feature","properties":{"name":"Lagoa dos Bois","scalerank":8,"beside":1,"from":3.5,"until":24.0,"tmw":6.9},"geometry":{"type":"Point","coordinates":[-45.104,-21.03]}},{"type":"Feature","properties":{"name":"Chavantes Dam","scalerank":8,"beside":1,"from":3.5,"until":24.0,"tmw":6.6},"geometry":{"type":"Point","coordinates":[-49.409,-23.365]}},{"type":"Feature","properties":{"name":"Capivara Dam","scalerank":8,"beside":1,"from":3.5,"until":24.0,"tmw":6.3},"geometry":{"type":"Point","coordinates":[-50.434,-22.81]}},{"type":"Feature","properties":{"name":"Senanayaka Samudra","scalerank":9,"beside":1,"from":3.5,"until":24.0,"tmw":8.1},"geometry":{"type":"Point","coordinates":[81.595,7.185]}},{"type":"Feature","properties":{"name":"Buend\u00eda","scalerank":9,"beside":1,"from":3.5,"until":24.0,"tmw":4.7},"geometry":{"type":"Point","coordinates":[-2.411,40.395]}},{"type":"Feature","properties":{"name":"Beidagang","scalerank":9,"beside":1,"from":3.5,"until":24.0,"tmw":5.3},"geometry":{"type":"Point","coordinates":[117.473,38.727]}},{"type":"Feature","properties":{"name":"Khantayskoye","scalerank":9,"beside":1,"from":3.5,"until":24.0,"tmw":6.3},"geometry":{"type":"Point","coordinates":[89.393,68.074]}},{"type":"Feature","properties":{"name":"Kaunas","scalerank":9},"geometry":{"type":"LineString","coordinates":[[24.138,54.816],[24.183,54.816],[24.229,54.816]]}},{"type":"Feature","properties":{"name":"Kaunas","scalerank":9,"beside":1,"from":3.5,"until":9.5,"tmw":4.4},"geometry":{"type":"Point","coordinates":[24.286,54.848]}},{"type":"Feature","properties":{"name":"Supung Lake","scalerank":9},"geometry":{"type":"LineString","coordinates":[[125.022,40.549],[125.065,40.549],[125.108,40.549]]}},{"type":"Feature","properties":{"name":"Supung Lake","scalerank":9,"beside":1,"from":3.5,"until":10.0,"tmw":6.0},"geometry":{"type":"Point","coordinates":[125.426,40.562]}},{"type":"Feature","properties":{"name":"Eyre North","scalerank":1,"stack":1,"zfit":5.5,"tmw":5.7},"geometry":{"type":"Point","coordinates":[137.299,-28.484]}},{"type":"Feature","properties":{"name":"Eyre North","scalerank":1,"beside":1,"from":3.5,"until":5.5,"tmw":5.7},"geometry":{"type":"Point","coordinates":[138.158,-28.484]}},{"type":"Feature","properties":{"name":"Kumpupintil","scalerank":3,"stack":1,"zfit":7.0,"tmw":6.0},"geometry":{"type":"Point","coordinates":[122.773,-23.479]}},{"type":"Feature","properties":{"name":"Kumpupintil","scalerank":3,"beside":1,"from":3.5,"until":7.0,"tmw":6.0},"geometry":{"type":"Point","coordinates":[123.016,-23.479]}},{"type":"Feature","properties":{"name":"Mackay","scalerank":3,"stack":1,"zfit":5.5,"tmw":4.4},"geometry":{"type":"Point","coordinates":[128.794,-22.333]}},{"type":"Feature","properties":{"name":"Mackay","scalerank":3,"beside":1,"from":3.5,"until":5.5,"tmw":4.4},"geometry":{"type":"Point","coordinates":[129.333,-22.333]}},{"type":"Feature","properties":{"name":"Gairdner","scalerank":3},"geometry":{"type":"LineString","coordinates":[[136.09,-32.264],[136.102,-32.217],[136.112,-32.171],[136.118,-32.124],[136.122,-32.078],[136.123,-32.031],[136.121,-31.985],[136.117,-31.938],[136.109,-31.892],[136.098,-31.845],[136.085,-31.798],[136.069,-31.752],[136.05,-31.705],[136.028,-31.659],[136.003,-31.612],[135.976,-31.566],[135.945,-31.519],[135.912,-31.473],[135.876,-31.426],[135.837,-31.38],[135.795,-31.333],[135.75,-31.286],[135.702,-31.24],[135.652,-31.193],[135.599,-31.147]]}},{"type":"Feature","properties":{"name":"Gairdner","scalerank":3,"beside":1,"from":3.5,"until":5.5,"tmw":5.0},"geometry":{"type":"Point","coordinates":[136.407,-31.714]}},{"type":"Feature","properties":{"name":"Torrens","scalerank":3},"geometry":{"type":"LineString","coordinates":[[137.718,-31.807],[137.756,-31.744],[137.79,-31.681],[137.819,-31.618],[137.843,-31.555],[137.863,-31.492],[137.878,-31.429],[137.889,-31.366],[137.894,-31.303],[137.896,-31.24],[137.892,-31.177],[137.884,-31.114],[137.872,-31.051],[137.854,-30.988],[137.833,-30.925],[137.806,-30.862],[137.775,-30.799],[137.739,-30.736],[137.699,-30.673],[137.654,-30.61],[137.604,-30.547],[137.55,-30.484],[137.491,-30.421],[137.428,-30.358],[137.36,-30.295]]}},{"type":"Feature","properties":{"name":"Torrens","scalerank":3,"beside":1,"from":3.5,"until":4.75,"tmw":4.7},"geometry":{"type":"Point","coordinates":[138.225,-31.039]}},{"type":"Feature","properties":{"name":"Frome","scalerank":3},"geometry":{"type":"LineString","coordinates":[[139.765,-31.07],[139.76,-31.039],[139.756,-31.008],[139.754,-30.976],[139.753,-30.945],[139.753,-30.914],[139.755,-30.883],[139.759,-30.851],[139.763,-30.82],[139.769,-30.789],[139.777,-30.758],[139.786,-30.726],[139.796,-30.695],[139.808,-30.664],[139.821,-30.633],[139.836,-30.601],[139.852,-30.57],[139.869,-30.539],[139.888,-30.508],[139.908,-30.476],[139.93,-30.445],[139.953,-30.414],[139.978,-30.383],[140.004,-30.352],[140.031,-30.32]]}},{"type":"Feature","properties":{"name":"Frome","scalerank":3,"beside":1,"from":3.5,"until":5.75,"tmw":4.1},"geometry":{"type":"Point","coordinates":[140.123,-30.68]}},{"type":"Feature","properties":{"name":"Barlee","scalerank":5,"beside":1,"from":3.5,"until":24.0,"tmw":4.4},"geometry":{"type":"Point","coordinates":[120.076,-29.231]}},{"type":"Feature","properties":{"name":"Eyre South","scalerank":5},"geometry":{"type":"LineString","coordinates":[[137.118,-29.384],[137.141,-29.378],[137.164,-29.372],[137.187,-29.366],[137.21,-29.36],[137.233,-29.354],[137.257,-29.348],[137.28,-29.342],[137.303,-29.336],[137.326,-29.33],[137.349,-29.324],[137.372,-29.317],[137.396,-29.311],[137.419,-29.305],[137.442,-29.299],[137.465,-29.293],[137.488,-29.287],[137.511,-29.281],[137.534,-29.275],[137.558,-29.269],[137.581,-29.263],[137.604,-29.257],[137.627,-29.25],[137.65,-29.244],[137.673,-29.238]]}},{"type":"Feature","properties":{"name":"Eyre South","scalerank":5,"beside":1,"from":3.5,"until":7.0,"tmw":5.7},"geometry":{"type":"Point","coordinates":[137.791,-29.306]}},{"type":"Feature","properties":{"name":"Amadeus","scalerank":7,"beside":1,"from":3.5,"until":24.0,"tmw":4.7},"geometry":{"type":"Point","coordinates":[131.524,-24.748]}},{"type":"Feature","properties":{"name":"Carnegie","scalerank":7,"beside":1,"from":3.5,"until":24.0,"tmw":5.0},"geometry":{"type":"Point","coordinates":[123.304,-26.261]}},{"type":"Feature","properties":{"name":"Moore","scalerank":7},"geometry":{"type":"LineString","coordinates":[[117.495,-30.272],[117.494,-30.236],[117.493,-30.201],[117.493,-30.166],[117.494,-30.13],[117.495,-30.095],[117.497,-30.059],[117.499,-30.024],[117.502,-29.989],[117.506,-29.953],[117.51,-29.918],[117.515,-29.883],[117.52,-29.847],[117.526,-29.812],[117.533,-29.777],[117.54,-29.741],[117.548,-29.706],[117.556,-29.671],[117.565,-29.635],[117.574,-29.6],[117.585,-29.565],[117.595,-29.529],[117.607,-29.494],[117.619,-29.459],[117.631,-29.423]]}},{"type":"Feature","properties":{"name":"Moore","scalerank":7,"beside":1,"from":3.5,"until":5.75,"tmw":4.1},"geometry":{"type":"Point","coordinates":[117.85,-29.846]}},{"type":"Feature","properties":{"name":"Carey","scalerank":7,"beside":1,"from":3.5,"until":24.0,"tmw":4.1},"geometry":{"type":"Point","coordinates":[122.869,-29.121]}},{"type":"Feature","properties":{"name":"Everard","scalerank":7,"beside":1,"from":3.5,"until":24.0,"tmw":4.7},"geometry":{"type":"Point","coordinates":[135.493,-31.301]}},{"type":"Feature","properties":{"name":"Neale","scalerank":8,"beside":1,"from":3.5,"until":24.0,"tmw":4.1},"geometry":{"type":"Point","coordinates":[130.313,-24.324]}},{"type":"Feature","properties":{"name":"Wells","scalerank":8,"beside":1,"from":3.5,"until":24.0,"tmw":4.1},"geometry":{"type":"Point","coordinates":[123.53,-26.917]}},{"type":"Feature","properties":{"name":"Ballard","scalerank":8},"geometry":{"type":"LineString","coordinates":[[120.579,-29.426],[120.769,-29.426],[120.959,-29.426]]}},{"type":"Feature","properties":{"name":"Ballard","scalerank":8,"beside":1,"from":3.5,"until":7.5,"tmw":4.7},"geometry":{"type":"Point","coordinates":[121.274,-29.448]}},{"type":"Feature","properties":{"name":"Goongarrie","scalerank":8,"beside":1,"from":3.5,"until":24.0,"tmw":5.7},"geometry":{"type":"Point","coordinates":[121.683,-29.755]}},{"type":"Feature","properties":{"name":"Cowan","scalerank":8},"geometry":{"type":"LineString","coordinates":[[121.716,-31.867],[121.839,-31.867],[121.962,-31.867]]}},{"type":"Feature","properties":{"name":"Cowan","scalerank":8,"beside":1,"from":3.5,"until":8.0,"tmw":4.1},"geometry":{"type":"Point","coordinates":[122.254,-31.84]}},{"type":"Feature","properties":{"name":"Great Salt","scalerank":1,"stack":1,"zfit":6.75,"tmw":5.7},"geometry":{"type":"Point","coordinates":[-112.577,41.184]}},{"type":"Feature","properties":{"name":"Great Salt","scalerank":1,"beside":1,"from":3.5,"until":6.75,"tmw":5.7},"geometry":{"type":"Point","coordinates":[-111.836,41.184]}},{"type":"Feature","properties":{"name":"Laguna Madre","scalerank":2,"beside":1,"from":3.5,"until":24.0,"tmw":6.3},"geometry":{"type":"Point","coordinates":[-97.34,24.648]}},{"type":"Feature","properties":{"name":"Salton Sea","scalerank":3,"beside":1,"from":3.5,"until":24.0,"tmw":5.7},"geometry":{"type":"Point","coordinates":[-115.535,33.306]}},{"type":"Feature","properties":{"name":"Enriquillo","scalerank":4,"beside":1,"from":3.5,"until":24.0,"tmw":5.7},"geometry":{"type":"Point","coordinates":[-71.438,18.484]}},{"type":"Feature","properties":{"name":"Goose","scalerank":5,"beside":1,"from":3.5,"until":24.0,"tmw":4.1},"geometry":{"type":"Point","coordinates":[-120.264,41.945]}},{"type":"Feature","properties":{"name":"Pyramid","scalerank":5,"beside":1,"from":3.5,"until":24.0,"tmw":4.7},"geometry":{"type":"Point","coordinates":[-119.365,40.056]}},{"type":"Feature","properties":{"name":"Malheur","scalerank":5,"beside":1,"from":3.5,"until":24.0,"tmw":4.7},"geometry":{"type":"Point","coordinates":[-118.537,43.341]}},{"type":"Feature","properties":{"name":"Harney","scalerank":6,"beside":1,"from":3.5,"until":24.0,"tmw":4.4},"geometry":{"type":"Point","coordinates":[-118.956,43.238]}},{"type":"Feature","properties":{"name":"\u00c9tang Saum\u00e2tre","scalerank":7,"beside":1,"from":3.5,"until":24.0,"tmw":6.9},"geometry":{"type":"Point","coordinates":[-71.857,18.57]}},{"type":"Feature","properties":{"name":"Lagoa Mirim","scalerank":1,"beside":1,"from":3.5,"until":24.0,"tmw":6.0},"geometry":{"type":"Point","coordinates":[-52.496,-32.88]}},{"type":"Feature","properties":{"name":"IJsselmeer","scalerank":2,"stack":1,"zfit":6.75,"tmw":5.7},"geometry":{"type":"Point","coordinates":[5.422,52.667]}},{"type":"Feature","properties":{"name":"IJsselmeer","scalerank":2,"beside":1,"from":3.5,"until":6.75,"tmw":5.7},"geometry":{"type":"Point","coordinates":[5.96,52.667]}},{"type":"Feature","properties":{"name":"Syvash","scalerank":2,"beside":1,"from":3.5,"until":24.0,"tmw":4.4},"geometry":{"type":"Point","coordinates":[35.585,45.767]}},{"type":"Feature","properties":{"name":"Issyk-Kul","scalerank":2},"geometry":{"type":"LineString","coordinates":[[76.345,42.444],[76.422,42.43],[76.498,42.418],[76.574,42.408],[76.651,42.4],[76.727,42.394],[76.803,42.39],[76.88,42.388],[76.956,42.388],[77.033,42.39],[77.109,42.393],[77.185,42.399],[77.262,42.406],[77.338,42.416],[77.415,42.427],[77.491,42.441],[77.567,42.456],[77.644,42.473],[77.72,42.492],[77.796,42.513],[77.873,42.536],[77.949,42.561],[78.026,42.588],[78.102,42.617],[78.178,42.648]]}},{"type":"Feature","properties":{"name":"Issyk-Kul","scalerank":2,"beside":1,"from":3.5,"until":5.0,"tmw":5.3},"geometry":{"type":"Point","coordinates":[78.474,42.449]}},{"type":"Feature","properties":{"name":"Turkana","scalerank":3},"geometry":{"type":"LineString","coordinates":[[36.681,2.553],[36.607,2.635],[36.538,2.716],[36.473,2.797],[36.412,2.879],[36.355,2.96],[36.303,3.041],[36.256,3.123],[36.212,3.204],[36.174,3.285],[36.139,3.367],[36.109,3.448],[36.083,3.529],[36.062,3.611],[36.044,3.692],[36.032,3.773],[36.023,3.855],[36.02,3.936],[36.02,4.017],[36.025,4.099],[36.034,4.18],[36.048,4.261],[36.065,4.342],[36.088,4.424],[36.114,4.505]]}},{"type":"Feature","properties":{"name":"Turkana","scalerank":3,"beside":1,"from":3.5,"until":4.5,"tmw":4.7},"geometry":{"type":"Point","coordinates":[36.794,3.531]}},{"type":"Feature","properties":{"name":"Vistula Lagoon","scalerank":3,"beside":1,"from":3.5,"until":24.0,"tmw":6.9},"geometry":{"type":"Point","coordinates":[20.477,54.6]}},{"type":"Feature","properties":{"name":"Vistula Lagoon","scalerank":3,"beside":1,"from":3.5,"until":24.0,"tmw":6.9},"geometry":{"type":"Point","coordinates":[19.911,54.385]}},{"type":"Feature","properties":{"name":"Uvs","scalerank":3},"geometry":{"type":"LineString","coordinates":[[92.309,50.295],[92.351,50.296],[92.394,50.298],[92.436,50.299],[92.478,50.3],[92.52,50.301],[92.562,50.303],[92.604,50.305],[92.647,50.306],[92.689,50.308],[92.731,50.31],[92.773,50.312],[92.815,50.314],[92.857,50.317],[92.9,50.319],[92.942,50.321],[92.984,50.324],[93.026,50.327],[93.068,50.33],[93.11,50.333],[93.153,50.336],[93.195,50.339],[93.237,50.342],[93.279,50.345],[93.321,50.349]]}},{"type":"Feature","properties":{"name":"Uvs","scalerank":3,"beside":1,"from":3.5,"until":5.25,"tmw":3.5},"geometry":{"type":"Point","coordinates":[93.503,50.34]}},{"type":"Feature","properties":{"name":"Qinghai","scalerank":3},"geometry":{"type":"LineString","coordinates":[[99.698,36.91],[99.739,36.92],[99.78,36.929],[99.822,36.935],[99.863,36.941],[99.904,36.944],[99.945,36.946],[99.986,36.945],[100.027,36.943],[100.068,36.94],[100.11,36.934],[100.151,36.927],[100.192,36.918],[100.233,36.908],[100.274,36.895],[100.315,36.881],[100.356,36.865],[100.398,36.848],[100.439,36.828],[100.48,36.807],[100.521,36.784],[100.562,36.759],[100.603,36.733],[100.644,36.705],[100.686,36.675]]}},{"type":"Feature","properties":{"name":"Qinghai","scalerank":3,"beside":1,"from":3.5,"until":5.75,"tmw":4.7},"geometry":{"type":"Point","coordinates":[100.863,36.879]}},{"type":"Feature","properties":{"name":"Milh","scalerank":3,"stack":1,"zfit":6.5,"tmw":3.8},"geometry":{"type":"Point","coordinates":[43.572,32.81]}},{"type":"Feature","properties":{"name":"Milh","scalerank":3,"beside":1,"from":3.5,"until":6.5,"tmw":3.8},"geometry":{"type":"Point","coordinates":[43.964,32.81]}},{"type":"Feature","properties":{"name":"Dead Sea","scalerank":3,"beside":1,"from":3.5,"until":24.0,"tmw":5.0},"geometry":{"type":"Point","coordinates":[35.638,31.535]}},{"type":"Feature","properties":{"name":"Urmia","scalerank":4,"stack":1,"zfit":6.25,"tmw":4.1},"geometry":{"type":"Point","coordinates":[45.512,37.698]}},{"type":"Feature","properties":{"name":"Urmia","scalerank":4,"beside":1,"from":3.5,"until":6.25,"tmw":4.1},"geometry":{"type":"Point","coordinates":[45.999,37.698]}},{"type":"Feature","properties":{"name":"Sarygamysh","scalerank":4,"stack":1,"zfit":6.0,"tmw":5.7},"geometry":{"type":"Point","coordinates":[57.374,41.94]}},{"type":"Feature","properties":{"name":"Sarygamysh","scalerank":4,"beside":1,"from":3.5,"until":6.0,"tmw":5.7},"geometry":{"type":"Point","coordinates":[57.969,41.94]}},{"type":"Feature","properties":{"name":"Alakol","scalerank":4,"stack":1,"zfit":5.5,"tmw":4.4},"geometry":{"type":"Point","coordinates":[81.712,46.117]}},{"type":"Feature","properties":{"name":"Alakol","scalerank":4,"beside":1,"from":3.5,"until":5.5,"tmw":4.4},"geometry":{"type":"Point","coordinates":[82.222,46.117]}},{"type":"Feature","properties":{"name":"Mar Chiquita","scalerank":4},"geometry":{"type":"LineString","coordinates":[[-62.966,-30.742],[-62.937,-30.739],[-62.908,-30.736],[-62.879,-30.734],[-62.849,-30.731],[-62.82,-30.729],[-62.791,-30.726],[-62.762,-30.724],[-62.733,-30.721],[-62.704,-30.719],[-62.674,-30.717],[-62.645,-30.715],[-62.616,-30.713],[-62.587,-30.711],[-62.558,-30.709],[-62.528,-30.707],[-62.499,-30.705],[-62.47,-30.704],[-62.441,-30.702],[-62.412,-30.7],[-62.383,-30.699],[-62.353,-30.697],[-62.324,-30.696],[-62.295,-30.695],[-62.266,-30.694]]}},{"type":"Feature","properties":{"name":"Mar Chiquita","scalerank":4,"beside":1,"from":3.5,"until":7.0,"tmw":6.3},"geometry":{"type":"Point","coordinates":[-62.128,-30.728]}},{"type":"Feature","properties":{"name":"Tuz","scalerank":4,"stack":1,"zfit":6.25,"tmw":3.5},"geometry":{"type":"Point","coordinates":[33.312,38.825]}},{"type":"Feature","properties":{"name":"Tuz","scalerank":4,"beside":1,"from":3.5,"until":6.25,"tmw":3.5},"geometry":{"type":"Point","coordinates":[33.813,38.825]}},{"type":"Feature","properties":{"name":"Van","scalerank":4},"geometry":{"type":"LineString","coordinates":[[42.395,38.695],[42.444,38.668],[42.492,38.645],[42.541,38.625],[42.59,38.609],[42.638,38.595],[42.687,38.586],[42.736,38.58],[42.785,38.577],[42.833,38.577],[42.882,38.581],[42.931,38.589],[42.979,38.599],[43.028,38.614],[43.077,38.631],[43.126,38.652],[43.174,38.676],[43.223,38.704],[43.272,38.735],[43.32,38.77],[43.369,38.808],[43.418,38.85],[43.467,38.894],[43.515,38.943],[43.564,38.994]]}},{"type":"Feature","properties":{"name":"Van","scalerank":4,"beside":1,"from":3.5,"until":4.5,"tmw":3.5},"geometry":{"type":"Point","coordinates":[43.767,38.657]}},{"type":"Feature","properties":{"name":"Abaya","scalerank":5,"beside":1,"from":3.5,"until":24.0,"tmw":4.1},"geometry":{"type":"Point","coordinates":[38.213,6.31]}},{"type":"Feature","properties":{"name":"Dead Sea","scalerank":5,"beside":1,"from":3.5,"until":24.0,"tmw":5.0},"geometry":{"type":"Point","coordinates":[35.58,31.167]}},{"type":"Feature","properties":{"name":"Hammar","scalerank":5},"geometry":{"type":"LineString","coordinates":[[46.806,30.805],[46.993,30.805],[47.18,30.805]]}},{"type":"Feature","properties":{"name":"Hammar","scalerank":5,"beside":1,"from":3.5,"until":7.5,"tmw":4.4},"geometry":{"type":"Point","coordinates":[47.721,30.788]}},{"type":"Feature","properties":{"name":"Khyargas Nuur","scalerank":5},"geometry":{"type":"LineString","coordinates":[[92.877,49.301],[92.913,49.286],[92.949,49.271],[92.985,49.256],[93.021,49.243],[93.057,49.23],[93.093,49.218],[93.129,49.207],[93.165,49.196],[93.201,49.186],[93.237,49.177],[93.273,49.168],[93.309,49.16],[93.345,49.153],[93.381,49.147],[93.417,49.141],[93.453,49.137],[93.489,49.132],[93.525,49.129],[93.561,49.126],[93.597,49.124],[93.633,49.123],[93.669,49.122],[93.705,49.122],[93.742,49.123]]}},{"type":"Feature","properties":{"name":"Khyargas Nuur","scalerank":5,"beside":1,"from":3.5,"until":6.75,"tmw":6.6},"geometry":{"type":"Point","coordinates":[93.902,49.145]}},{"type":"Feature","properties":{"name":"Assal","scalerank":5,"beside":1,"from":3.5,"until":24.0,"tmw":4.1},"geometry":{"type":"Point","coordinates":[42.492,11.665]}},{"type":"Feature","properties":{"name":"Tengiz","scalerank":6,"stack":1,"zfit":6.5,"tmw":4.4},"geometry":{"type":"Point","coordinates":[68.919,50.449]}},{"type":"Feature","properties":{"name":"Tengiz","scalerank":6,"beside":1,"from":3.5,"until":6.5,"tmw":4.4},"geometry":{"type":"Point","coordinates":[69.737,50.449]}},{"type":"Feature","properties":{"name":"Kushmurun","scalerank":6,"beside":1,"from":3.5,"until":24.0,"tmw":5.3},"geometry":{"type":"Point","coordinates":[65.065,52.719]}},{"type":"Feature","properties":{"name":"Khar","scalerank":7,"beside":1,"from":3.5,"until":24.0,"tmw":3.8},"geometry":{"type":"Point","coordinates":[93.684,47.899]}},{"type":"Feature","properties":{"name":"Poop\u00f3","scalerank":7,"beside":1,"from":3.5,"until":24.0,"tmw":4.1},"geometry":{"type":"Point","coordinates":[-66.809,-18.614]}},{"type":"Feature","properties":{"name":"Chew Bahir","scalerank":7,"beside":1,"from":3.5,"until":24.0,"tmw":5.7},"geometry":{"type":"Point","coordinates":[37.056,4.694]}},{"type":"Feature","properties":{"name":"Chamo","scalerank":7,"beside":1,"from":3.5,"until":24.0,"tmw":4.1},"geometry":{"type":"Point","coordinates":[37.779,5.836]}},{"type":"Feature","properties":{"name":"Abbe","scalerank":7,"stack":1,"zfit":7.0,"tmw":3.8},"geometry":{"type":"Point","coordinates":[41.781,11.195]}},{"type":"Feature","properties":{"name":"Abbe","scalerank":7,"beside":1,"from":3.5,"until":7.0,"tmw":3.8},"geometry":{"type":"Point","coordinates":[41.932,11.195]}},{"type":"Feature","properties":{"name":"Eyasi","scalerank":7,"stack":1,"zfit":7.0,"tmw":4.1},"geometry":{"type":"Point","coordinates":[35.128,-3.578]}},{"type":"Feature","properties":{"name":"Eyasi","scalerank":7,"beside":1,"from":3.5,"until":7.0,"tmw":4.1},"geometry":{"type":"Point","coordinates":[35.409,-3.578]}},{"type":"Feature","properties":{"name":"Natron","scalerank":7,"beside":1,"from":3.5,"until":24.0,"tmw":4.4},"geometry":{"type":"Point","coordinates":[36.168,-2.348]}},{"type":"Feature","properties":{"name":"Aydar","scalerank":7,"stack":1,"zfit":6.5,"tmw":4.1},"geometry":{"type":"Point","coordinates":[67.434,40.779]}},{"type":"Feature","properties":{"name":"Aydar","scalerank":7,"beside":1,"from":3.5,"until":6.5,"tmw":4.1},"geometry":{"type":"Point","coordinates":[68.196,40.779]}},{"type":"Feature","properties":{"name":"Great Bitter","scalerank":8,"beside":1,"from":3.5,"until":24.0,"tmw":6.3},"geometry":{"type":"Point","coordinates":[32.627,30.306]}},{"type":"Feature","properties":{"name":"Airag","scalerank":9,"beside":1,"from":3.5,"until":24.0,"tmw":4.1},"geometry":{"type":"Point","coordinates":[93.591,48.907]}},{"type":"Feature","properties":{"name":"Qypshaq Lake","scalerank":9,"beside":1,"from":3.5,"until":24.0,"tmw":6.3},"geometry":{"type":"Point","coordinates":[68.5,50.135]}},{"type":"Feature","properties":{"name":"Ozero Shalkar","scalerank":9,"beside":1,"from":3.5,"until":24.0,"tmw":6.6},"geometry":{"type":"Point","coordinates":[70.077,50.496]}},{"type":"Feature","properties":{"name":"Taup\u014d","scalerank":4,"stack":1,"zfit":6.75,"tmw":4.1},"geometry":{"type":"Point","coordinates":[175.938,-38.805]}},{"type":"Feature","properties":{"name":"Taup\u014d","scalerank":4,"beside":1,"from":3.5,"until":6.75,"tmw":4.1},"geometry":{"type":"Point","coordinates":[176.136,-38.805]}},{"type":"Feature","properties":{"name":"Tekapo","scalerank":5,"beside":1,"from":3.5,"until":24.0,"tmw":4.4},"geometry":{"type":"Point","coordinates":[170.605,-43.891]}},{"type":"Feature","properties":{"name":"\u014chau","scalerank":7,"beside":1,"from":3.5,"until":24.0,"tmw":3.8},"geometry":{"type":"Point","coordinates":[169.983,-44.227]}},{"type":"Feature","properties":{"name":"Te Anau","scalerank":5,"beside":1,"from":3.5,"until":24.0,"tmw":4.7},"geometry":{"type":"Point","coordinates":[167.992,-45.017]}},{"type":"Feature","properties":{"name":"Wakatipu","scalerank":5},"geometry":{"type":"LineString","coordinates":[[168.477,-45.087],[168.571,-45.087],[168.665,-45.087]]}},{"type":"Feature","properties":{"name":"Wakatipu","scalerank":5,"beside":1,"from":3.5,"until":8.75,"tmw":5.0},"geometry":{"type":"Point","coordinates":[168.866,-45.087]}},{"type":"Feature","properties":{"name":"Pukaki","scalerank":5,"beside":1,"from":3.5,"until":24.0,"tmw":4.4},"geometry":{"type":"Point","coordinates":[170.263,-44.044]}},{"type":"Feature","properties":{"name":"Manapouri","scalerank":5},"geometry":{"type":"LineString","coordinates":[[167.393,-45.495],[167.508,-45.495],[167.624,-45.495]]}},{"type":"Feature","properties":{"name":"Manapouri","scalerank":5,"beside":1,"from":3.5,"until":8.5,"tmw":5.3},"geometry":{"type":"Point","coordinates":[167.716,-45.514]}},{"type":"Feature","properties":{"name":"Te Anau","scalerank":5,"beside":1,"from":3.5,"until":24.0,"tmw":4.7},"geometry":{"type":"Point","coordinates":[168.022,-45.186]}},{"type":"Feature","properties":{"name":"W\u0101naka","scalerank":5,"beside":1,"from":3.5,"until":24.0,"tmw":4.4},"geometry":{"type":"Point","coordinates":[169.236,-44.514]}},{"type":"Feature","properties":{"name":"H\u0101wea","scalerank":5,"beside":1,"from":3.5,"until":24.0,"tmw":4.1},"geometry":{"type":"Point","coordinates":[169.502,-44.447]}},{"type":"Feature","properties":{"name":"Rotorua/Te Rotorua nui \u0101 Kahumatamomoe","scalerank":7,"beside":1,"from":3.5,"until":24.0,"tmw":14.3},"geometry":{"type":"Point","coordinates":[176.374,-38.088]}},{"type":"Feature","properties":{"name":"Wairarapa","scalerank":7,"beside":1,"from":3.5,"until":24.0,"tmw":5.3},"geometry":{"type":"Point","coordinates":[175.358,-41.226]}},{"type":"Feature","properties":{"name":"Benmore","scalerank":7,"beside":1,"from":3.5,"until":24.0,"tmw":4.7},"geometry":{"type":"Point","coordinates":[170.309,-44.451]}},{"type":"Feature","properties":{"name":"Coleridge","scalerank":7,"beside":1,"from":3.5,"until":24.0,"tmw":5.3},"geometry":{"type":"Point","coordinates":[171.629,-43.29]}},{"type":"Feature","properties":{"name":"Waikaremoana","scalerank":7,"beside":1,"from":3.5,"until":24.0,"tmw":6.3},"geometry":{"type":"Point","coordinates":[177.203,-38.76]}},{"type":"Feature","properties":{"name":"Hauroko","scalerank":7,"beside":1,"from":3.5,"until":24.0,"tmw":4.7},"geometry":{"type":"Point","coordinates":[167.443,-45.954]}},{"type":"Feature","properties":{"name":"Poteriteri","scalerank":7,"beside":1,"from":3.5,"until":24.0,"tmw":5.7},"geometry":{"type":"Point","coordinates":[167.192,-46.058]}},{"type":"Feature","properties":{"name":"Monowai","scalerank":7,"beside":1,"from":3.5,"until":24.0,"tmw":4.7},"geometry":{"type":"Point","coordinates":[167.567,-45.857]}},{"type":"Feature","properties":{"name":"Lake Rotoroa","scalerank":8,"beside":1,"from":3.5,"until":24.0,"tmw":6.3},"geometry":{"type":"Point","coordinates":[172.726,-41.857]}},{"type":"Feature","properties":{"name":"Rotoiti","scalerank":8,"beside":1,"from":3.5,"until":24.0,"tmw":4.7},"geometry":{"type":"Point","coordinates":[172.892,-41.834]}},{"type":"Feature","properties":{"name":"Dunstan","scalerank":7,"beside":1,"from":3.5,"until":24.0,"tmw":4.7},"geometry":{"type":"Point","coordinates":[169.367,-45.043]}},{"type":"Feature","properties":{"name":"St. Marys River","scalerank":3,"beside":1,"from":3.5,"until":24.0,"tmw":7.2},"geometry":{"type":"Point","coordinates":[-84.012,46.448]}},{"type":"Feature","properties":{"name":"Whitefish Lake","scalerank":7,"beside":1,"from":3.5,"until":24.0,"tmw":6.9},"geometry":{"type":"Point","coordinates":[-106.306,62.667]}},{"type":"Feature","properties":{"name":"South Aral Sea","scalerank":0},"geometry":{"type":"LineString","coordinates":[[58.415,44.534],[58.41,44.591],[58.407,44.648],[58.407,44.704],[58.409,44.761],[58.413,44.818],[58.42,44.875],[58.43,44.931],[58.442,44.988],[58.456,45.045],[58.473,45.101],[58.492,45.158],[58.514,45.215],[58.538,45.272],[58.564,45.328],[58.593,45.385],[58.625,45.442],[58.659,45.498],[58.695,45.555],[58.734,45.612],[58.775,45.668],[58.819,45.725],[58.865,45.782],[58.913,45.839],[58.964,45.895]]}},{"type":"Feature","properties":{"name":"South Aral Sea","scalerank":0,"beside":1,"from":3.5,"until":5.75,"tmw":6.9},"geometry":{"type":"Point","coordinates":[59.404,45.214]}},{"type":"Feature","properties":{"name":"Barsakelmes","scalerank":6,"beside":1,"from":3.5,"until":24.0,"tmw":6.0},"geometry":{"type":"Point","coordinates":[59.873,46.202]}},{"type":"Feature","properties":{"name":"North Aral Sea","scalerank":0},"geometry":{"type":"LineString","coordinates":[[60.086,46.575],[60.142,46.554],[60.197,46.534],[60.253,46.515],[60.308,46.498],[60.364,46.482],[60.419,46.468],[60.475,46.454],[60.531,46.443],[60.586,46.432],[60.642,46.423],[60.697,46.415],[60.753,46.409],[60.809,46.404],[60.864,46.4],[60.92,46.398],[60.975,46.397],[61.031,46.398],[61.086,46.399],[61.142,46.403],[61.198,46.407],[61.253,46.413],[61.309,46.421],[61.364,46.429],[61.42,46.439]]}},{"type":"Feature","properties":{"name":"North Aral Sea","scalerank":0,"beside":1,"from":3.5,"until":6.25,"tmw":6.9},"geometry":{"type":"Point","coordinates":[61.646,46.434]}},{"type":"Feature","properties":{"name":"Pedder","scalerank":8,"beside":1,"from":3.5,"until":24.0,"tmw":4.4},"geometry":{"type":"Point","coordinates":[146.424,-42.917]}},{"type":"Feature","properties":{"name":"Gordon","scalerank":8,"beside":1,"from":3.5,"until":24.0,"tmw":4.4},"geometry":{"type":"Point","coordinates":[146.386,-42.727]}},{"type":"Feature","properties":{"name":"Smallwood","scalerank":4,"stack":1,"zfit":6.75,"tmw":5.3},"geometry":{"type":"Point","coordinates":[-64.25,54.275]}},{"type":"Feature","properties":{"name":"Smallwood","scalerank":4,"beside":1,"from":3.5,"until":6.75,"tmw":5.3},"geometry":{"type":"Point","coordinates":[-62.844,54.275]}},{"type":"Feature","properties":{"name":"Miguel Alem\u00e1n","scalerank":7,"beside":1,"from":3.5,"until":24.0,"tmw":6.6},"geometry":{"type":"Point","coordinates":[-96.238,18.175]}},{"type":"Feature","properties":{"name":"Gatun","scalerank":5,"beside":1,"from":3.5,"until":24.0,"tmw":4.1},"geometry":{"type":"Point","coordinates":[-79.585,9.166]}}]}