{"type":"FeatureCollection","features":[{"type":"Feature","properties":{"name":"Missouri","scalerank":1,"na":1,"zb":"b3","len":10.85},"geometry":{"type":"LineString","coordinates":[[-99.62023,45.59813],[-99.75346,46.13246],[-99.96025,46.65065],[-100.17296,47.16283],[-100.52845,47.62878],[-101.11828,47.9611],[-101.81765,48.15832],[-102.43816,48.46887],[-103.18747,48.58873],[-103.96385,48.57183],[-104.7395,48.61094],[-105.51736,48.58134],[-106.29285,48.53136],[-107.00388,48.33755],[-107.66369,48.07989],[-108.40216,48.19828]]}},{"type":"Feature","properties":{"name":"Nile","scalerank":1,"na":0,"zb":"b3","len":8.14},"geometry":{"type":"LineString","coordinates":[[31.87698,23.27786],[32.12705,23.8978],[32.1003,24.59437],[31.90809,25.25902],[31.52219,25.78854],[31.00845,26.29403],[30.5383,26.83266],[30.15784,27.41545],[30.09411,28.08682],[30.15534,28.75618],[30.40885,29.38348]]}},{"type":"Feature","properties":{"name":"Yangtze","scalerank":1,"na":0,"zb":"b3","len":10.27},"geometry":{"type":"LineString","coordinates":[[90.77021,34.9244],[91.52306,34.88906],[92.26836,34.78508],[93.02093,34.77429],[93.72109,35.00126],[94.41181,35.24535],[95.15738,35.21439],[95.81534,34.91587],[96.3606,34.48635],[96.94194,34.08961],[97.53244,33.69911],[98.0323,33.22627],[98.61267,32.82352],[99.04666,32.3064],[99.40778,31.7439],[99.49267,31.12016]]}},{"type":"Feature","properties":{"name":"Lena","scalerank":1,"na":0,"zb":"b3","len":8.49},"geometry":{"type":"LineString","coordinates":[[105.40998,57.10248],[105.97952,57.38936],[106.61623,57.63144],[107.295,57.83418],[107.85579,58.12154],[108.39838,58.41644],[108.97056,58.6929],[109.61796,58.91708],[110.35646,59.04324],[110.98032,59.28215],[111.55606,59.5501],[112.1323,59.81568]]}},{"type":"Feature","properties":{"name":"Amazon","scalerank":1,"na":0,"zb":"b3","len":9.41},"geometry":{"type":"LineString","coordinates":[[-61.47625,-2.90792],[-62.2047,-3.03904],[-62.96382,-3.14237],[-63.69257,-3.04729],[-64.33093,-2.61476],[-64.92398,-2.12011],[-65.63318,-1.83959],[-66.39595,-1.72234],[-67.13776,-1.88316],[-67.87924,-2.07719],[-68.48319,-2.54988],[-69.22522,-2.76236],[-69.87164,-3.17262],[-70.23114,-3.84757]]}},{"type":"Feature","properties":{"name":"White Nile","scalerank":1,"na":0,"zb":"b3","len":12.35},"geometry":{"type":"LineString","coordinates":[[33.24526,15.56518],[33.11918,14.85258],[33.11268,14.18516],[33.41583,13.51909],[33.53259,12.79983],[33.50448,12.06758],[33.42999,11.33636],[33.18269,10.64472],[32.91532,9.98235],[32.53694,9.35044],[31.97986,8.85699],[31.27049,8.66421],[31.11476,8.22991],[31.47129,7.58447],[31.92314,6.99101],[32.28247,6.33721],[32.48306,5.62115]]}},{"type":"Feature","properties":{"name":"Kagera","scalerank":1,"na":0,"zb":"b3","len":4.31},"geometry":{"type":"LineString","coordinates":[[29.18685,-3.62372],[29.99312,-3.95194],[30.80674,-3.67289],[31.25602,-2.92766],[31.59196,-2.12079],[32.16406,-1.58229]]}},{"type":"Feature","properties":{"name":"Mississippi","scalerank":1,"na":1,"zb":"b3","len":12.91},"geometry":{"type":"LineString","coordinates":[[-91.77868,39.203],[-92.11143,39.73896],[-92.17195,40.32355],[-91.94712,40.88229],[-91.73131,41.43215],[-91.28793,41.88614],[-91.41374,42.28248],[-91.77567,42.78347],[-91.98177,43.32665],[-92.3039,43.81291],[-92.92405,44.14415],[-93.51056,44.50315],[-94.10558,44.84964],[-94.67165,45.21658],[-95.04495,45.68834],[-95.10976,46.21775],[-94.8077,46.70261],[-94.23505,47.05178]]}},{"type":"Feature","properties":{"name":"Ob","scalerank":2,"na":0,"zb":"b3","len":6.99},"geometry":{"type":"LineString","coordinates":[[78.34004,60.8284],[77.64922,61.0476],[76.9122,61.22668],[76.14716,61.37518],[75.3504,61.47715],[74.53446,61.53655],[73.71278,61.57449],[72.88941,61.60328],[72.06496,61.62388],[71.24033,61.64296]]}},{"type":"Feature","properties":{"name":"Irtysh","scalerank":2,"na":0,"zb":"b3","len":9.52},"geometry":{"type":"LineString","coordinates":[[84.38511,49.70736],[83.79841,50.03477],[83.18598,50.33993],[82.52092,50.59346],[81.7896,50.75571],[81.02882,50.85167],[80.26349,50.92156],[79.5264,51.07388],[78.88853,51.34744],[78.3758,51.70894],[77.93259,52.10201],[77.55997,52.51751],[77.23624,52.94308]]}},{"type":"Feature","properties":{"name":"Mackenzie","scalerank":2,"na":1,"zb":"b3","len":11.65},"geometry":{"type":"LineString","coordinates":[[-121.46959,61.47648],[-122.11697,61.66965],[-122.83793,61.79759],[-123.45088,62.01286],[-123.8351,62.32184],[-123.99688,62.66913],[-124.15723,63.01262],[-124.45132,63.33354],[-124.79829,63.64053],[-125.13042,63.94745],[-125.44616,64.25434],[-125.75981,64.55811],[-126.40833,64.73036],[-127.0369,64.91977],[-127.65974,65.11123],[-128.30214,65.28925]]}},{"type":"Feature","properties":{"name":"Selenga","scalerank":2,"na":0,"zb":"b3","len":10.23},"geometry":{"type":"LineString","coordinates":[[98.26155,48.19156],[99.02933,48.18353],[99.77674,48.29693],[100.46858,48.51895],[101.09973,48.80671],[101.81774,48.90548],[102.58417,48.86521],[103.35236,48.88046],[104.10964,48.96518],[104.83095,49.13776],[105.51252,49.36985],[106.1626,49.63622],[106.69769,49.98692],[106.95844,50.44708],[107.31072,50.86218]]}},{"type":"Feature","properties":{"name":"Paran\u00e1","scalerank":2,"na":0,"zb":"b3","len":9.43},"geometry":{"type":"LineString","coordinates":[[-59.08293,-26.67697],[-59.4732,-27.26657],[-59.74218,-27.90311],[-59.90709,-28.56409],[-60.25035,-29.15538],[-60.38611,-29.81198],[-60.43077,-30.47507],[-60.85288,-31.01593],[-61.33351,-31.5249],[-61.47352,-32.16217],[-61.37844,-32.80403],[-61.13547,-33.41128],[-60.59065,-33.85686],[-59.94072,-34.19411],[-59.2349,-34.44351]]}},{"type":"Feature","properties":{"name":"Peace","scalerank":2,"na":1,"zb":"b3","len":8.75},"geometry":{"type":"LineString","coordinates":[[-118.00313,56.53361],[-118.00799,56.95706],[-117.90963,57.3728],[-117.84712,57.7852],[-117.67012,58.17981],[-117.17434,58.48819],[-116.52473,58.70472],[-115.78137,58.80669],[-115.01471,58.8267],[-114.32025,59.00163],[-113.67858,59.21297],[-113.01,59.40657],[-112.24682,59.45689],[-111.48071,59.40431]]}},{"type":"Feature","properties":{"name":"Danube","scalerank":2,"na":0,"zb":"b3","len":9.4},"geometry":{"type":"LineString","coordinates":[[12.99496,49.31709],[13.69267,49.07849],[14.39432,48.84382],[15.11892,48.80395],[15.88463,48.89594],[16.64765,48.7778],[17.36296,48.56142],[18.04393,48.30679],[18.82992,48.28951],[19.51969,48.06038],[19.79237,47.57842],[19.72146,47.0478],[19.65632,46.51045],[19.62369,45.96633]]}},{"type":"Feature","properties":{"name":"Angara","scalerank":2,"na":0,"zb":"b3","len":9.53},"geometry":{"type":"LineString","coordinates":[[93.07229,57.69892],[93.85393,57.73994],[94.63165,57.79755],[95.39147,57.90078],[96.10733,58.07109],[96.88278,58.06717],[97.66657,58.05124],[98.44785,58.08928],[99.19063,58.2187],[99.90869,58.06974],[100.67182,58.12981],[101.24724,58.40536],[101.92928,58.54766]]}},{"type":"Feature","properties":{"name":"Congo","scalerank":2,"na":0,"zb":"b3","len":8.75},"geometry":{"type":"LineString","coordinates":[[24.00201,0.09996],[23.33071,0.5058],[22.7446,1.02873],[22.07305,1.39703],[21.29675,1.28728],[20.51902,1.17424],[19.75608,0.99362],[19.14279,0.51686],[18.86847,-0.21668],[18.43858,-0.87133],[17.87654,-1.41898]]}},{"type":"Feature","properties":{"name":"Brahmaputra","scalerank":2,"na":0,"zb":"b3","len":13.05},"geometry":{"type":"LineString","coordinates":[[82.52545,31.05464],[83.25614,30.83856],[83.93281,30.50889],[84.60318,30.16866],[85.28405,29.92313],[86.05665,29.85701],[86.83399,29.83538],[87.58932,29.92679],[88.3523,30.02242],[89.12978,30.00455],[89.90739,29.99106],[90.68495,29.97601],[91.46196,29.94681],[92.2374,29.89666],[93.00151,29.77425],[93.74808,29.87692],[94.42636,30.19205]]}},{"type":"Feature","properties":{"name":"Saint Lawrence","scalerank":2,"na":1,"zb":"b3","len":1.32},"geometry":{"type":"LineString","coordinates":[[-76.30636,44.89346],[-75.68076,45.27227],[-74.93617,45.51335]]}},{"type":"Feature","properties":{"name":"Slave","scalerank":2,"na":1,"zb":"b3","len":5.35},"geometry":{"type":"LineString","coordinates":[[-110.65568,59.04241],[-110.73436,59.45252],[-110.87558,59.85275],[-111.2692,60.19919],[-111.78729,60.50351],[-112.22647,60.83441],[-112.50121,61.19712],[-112.91826,61.51537],[-113.68493,61.60839]]}},{"type":"Feature","properties":{"name":"Borcea","scalerank":2,"na":0,"zb":"b3","len":1.14},"geometry":{"type":"LineString","coordinates":[[28.62723,44.82243],[28.45242,44.15719],[27.71497,43.69702]]}},{"type":"Feature","properties":{"name":"Mekong","scalerank":2,"na":0,"zb":"b3","len":9.48},"geometry":{"type":"LineString","coordinates":[[104.86215,18.38759],[105.31296,17.78571],[105.53582,17.08097],[105.86143,16.45478],[106.29329,15.84458],[106.58663,15.16574],[106.64728,14.42052],[106.73203,13.67541],[106.72385,12.91796],[106.64761,12.16532],[106.1427,11.61624],[105.9351,11.07057],[106.41936,10.47192]]}},{"type":"Feature","properties":{"name":"Irrawaddy","scalerank":2,"na":0,"zb":"b3","len":11.57},"geometry":{"type":"LineString","coordinates":[[99.08122,26.74263],[98.94961,26.08378],[98.67261,25.46094],[98.10498,25.03892],[97.86798,24.44927],[97.59316,23.82735],[96.93025,23.5505],[96.73538,22.91194],[96.74251,22.22248],[96.49052,21.58317],[95.93324,21.14371],[95.63911,20.5871],[95.8574,19.91538],[95.9079,19.21491],[96.0189,18.5463],[96.22032,17.86606]]}},{"type":"Feature","properties":{"name":"Amur","scalerank":3,"na":0,"zb":"b3","len":8.43},"geometry":{"type":"LineString","coordinates":[[127.83275,51.02141],[127.54999,51.48735],[127.31458,51.95878],[127.05622,52.42064],[126.72004,52.85845],[126.24691,53.24182],[125.59157,53.50611],[124.84503,53.67071],[124.12288,53.86915],[123.34561,53.96414],[122.55144,53.93767],[121.77046,53.84723],[121.00891,53.70921]]}},{"type":"Feature","properties":{"name":"Indus","scalerank":3,"na":0,"zb":"b3","len":8.75},"geometry":{"type":"LineString","coordinates":[[67.85594,28.01533],[68.47063,28.45404],[69.12407,28.84807],[69.73935,29.28412],[70.01594,29.90771],[70.05588,30.59163],[70.0633,31.27168],[70.24781,31.92709],[70.50282,32.56214],[70.80389,33.17794],[71.18687,33.7566],[71.66562,34.27934]]}},{"type":"Feature","properties":{"name":"Yukon","scalerank":3,"na":1,"zb":"b3","len":8.73},"geometry":{"type":"LineString","coordinates":[[-160.32678,63.43151],[-160.01048,63.74921],[-159.67813,64.0602],[-159.33688,64.36593],[-158.98256,64.6655],[-158.60548,64.95664],[-158.02019,65.15799],[-157.26088,65.10228],[-156.50851,65.02636],[-155.74574,65.09488],[-155.00477,65.19877],[-154.27174,65.31187],[-153.53366,65.41853]]}},{"type":"Feature","properties":{"name":"Niger","scalerank":3,"na":0,"zb":"b3","len":8.75},"geometry":{"type":"LineString","coordinates":[[-10.0525,9.74886],[-9.35595,10.07116],[-8.78442,10.57489],[-8.23225,11.09955],[-7.72264,11.66391],[-7.2056,12.21728],[-6.5431,12.59625],[-5.82764,12.87384],[-5.14668,13.22578],[-4.44819,13.54082],[-3.78328,13.90652],[-3.34731,14.51953],[-3.12711,15.22658]]}},{"type":"Feature","properties":{"name":"Volga","scalerank":3,"na":0,"zb":"b3","len":8.71},"geometry":{"type":"LineString","coordinates":[[49.58778,55.84264],[49.08047,56.17153],[48.43657,56.41551],[47.72035,56.58579],[46.96383,56.68998],[46.18796,56.68422],[45.44135,56.56234],[44.69017,56.61409],[44.16644,56.92657],[43.91222,57.32606],[43.45827,57.66092],[42.73283,57.80302],[41.96032,57.86287]]}},{"type":"Feature","properties":{"name":"Kasai","scalerank":3,"na":0,"zb":"b3","len":8.76},"geometry":{"type":"LineString","coordinates":[[22.71029,-9.55924],[22.63669,-8.79771],[22.61959,-8.02693],[22.50159,-7.26493],[22.14905,-6.57999],[21.58973,-6.04099],[21.76142,-5.33979],[21.68618,-4.57114],[21.25767,-3.93427],[20.57041,-3.57399],[19.83949,-3.30418],[19.12022,-3.004],[18.38845,-2.73578]]}},{"type":"Feature","properties":{"name":"Ubangi","scalerank":3,"na":0,"zb":"b3","len":9.48},"geometry":{"type":"LineString","coordinates":[[17.00524,-0.42077],[17.11802,0.34908],[17.16385,1.12576],[17.30148,1.8909],[17.52017,2.63589],[17.806,3.35872],[17.83454,4.12887],[18.09069,4.85386],[18.59586,5.4404],[19.27742,5.79305],[20.04298,5.71668],[20.72819,5.35593],[21.42241,5.04829],[22.19037,4.92304],[22.93062,4.69533]]}},{"type":"Feature","properties":{"name":"Yellow","scalerank":3,"na":0,"zb":"b3","len":9.5},"geometry":{"type":"LineString","coordinates":[[105.71948,38.65275],[106.00797,39.21549],[106.02349,39.81562],[106.18694,40.39641],[106.62184,40.88566],[107.23439,41.24634],[107.99101,41.36003],[108.74367,41.21175],[109.51096,41.1067],[110.28649,41.03665],[111.03741,40.87842],[111.67093,40.53993],[112.04707,40.02291],[112.06747,39.43222],[111.76768,38.87343],[111.53718,38.28988]]}},{"type":"Feature","properties":{"name":"Negro","scalerank":3,"na":0,"zb":"b3","len":8.72},"geometry":{"type":"LineString","coordinates":[[-67.7109,1.39026],[-67.94971,0.66714],[-67.89459,-0.08846],[-67.44559,-0.70212],[-66.76482,-1.04107],[-66.0041,-1.06718],[-65.24251,-1.13842],[-64.47558,-1.1251],[-63.72702,-1.20221],[-63.07573,-1.60647],[-62.41056,-1.98729],[-61.83674,-2.46648],[-61.38604,-3.08681]]}},{"type":"Feature","properties":{"name":"Zambezi","scalerank":3,"na":0,"zb":"b3","len":10.25},"geometry":{"type":"LineString","coordinates":[[36.13339,-19.20519],[35.48063,-18.80923],[34.89884,-18.322],[34.40781,-17.75266],[33.84275,-17.28238],[33.20715,-16.85776],[32.63863,-16.35078],[31.87647,-16.37326],[31.10088,-16.41057],[30.3255,-16.37339],[29.57263,-16.50681],[29.17794,-17.12318],[28.48379,-17.45034]]}},{"type":"Feature","properties":{"name":"Ganges","scalerank":3,"na":0,"zb":"b3","len":9.44},"geometry":{"type":"LineString","coordinates":[[86.75479,24.65551],[85.99558,24.68584],[85.26628,24.87976],[84.53606,25.03847],[83.78702,24.92476],[83.14174,24.5871],[82.38834,24.5451],[81.66447,24.74518],[81.01962,25.10584],[80.41183,25.51452],[79.85883,25.97939],[79.40444,26.52717],[78.94199,27.06396],[78.30945,27.44027]]}},{"type":"Feature","properties":{"name":"Madeira","scalerank":3,"na":0,"zb":"b3","len":10.26},"geometry":{"type":"LineString","coordinates":[[-66.15347,-10.36203],[-66.08993,-9.61355],[-65.68734,-8.99315],[-65.0374,-8.63078],[-64.41639,-8.19326],[-63.85646,-7.67932],[-63.64291,-7.00521],[-63.21772,-6.38591],[-62.68215,-5.85406],[-62.09907,-5.36506],[-61.46494,-4.94096],[-60.84106,-4.50205],[-60.28189,-3.98346],[-59.76274,-3.4246],[-59.26333,-2.84743]]}},{"type":"Feature","properties":{"name":"Orinoco","scalerank":3,"na":0,"zb":"b3","len":10.23},"geometry":{"type":"LineString","coordinates":[[-63.15463,1.67002],[-63.89405,1.46373],[-64.65649,1.56123],[-65.36177,1.86697],[-65.92983,2.36815],[-66.68602,2.47256],[-67.267,2.96598],[-67.88306,3.37565],[-68.43982,3.88995],[-68.59542,4.63797],[-68.52999,5.40177],[-68.27908,6.12684],[-67.94593,6.81873],[-67.60969,7.50468],[-67.04525,8.02334],[-66.37389,8.39724],[-65.63037,8.59084],[-64.86941,8.50186]]}},{"type":"Feature","properties":{"name":"Euphrates","scalerank":3,"na":0,"zb":"b3","len":11.74},"geometry":{"type":"LineString","coordinates":[[47.52753,30.31782],[46.78132,30.27178],[46.04924,30.36458],[45.3672,30.62942],[44.66133,30.84122],[44.04271,31.18779],[43.75163,31.77066],[43.58084,32.38779],[43.13861,32.83641],[42.47398,33.11265],[41.94533,33.55412],[41.34795,33.83723],[40.63455,33.99814],[40.10081,34.42482],[39.65827,34.92046],[39.04924,35.24447],[38.30823,35.29978]]}},{"type":"Feature","properties":{"name":"Ohio","scalerank":3,"na":1,"zb":"b3","len":8.05},"geometry":{"type":"LineString","coordinates":[[-80.17752,39.61437],[-80.62327,39.09916],[-81.24634,38.70484],[-81.71385,38.19095],[-82.40919,37.91055],[-83.16603,38.10135],[-83.96004,38.19221],[-84.68451,38.21696],[-85.28332,37.7949],[-85.9682,37.46201],[-86.74768,37.30726],[-87.54988,37.314]]}},{"type":"Feature","properties":{"name":"Columbia","scalerank":3,"na":1,"zb":"b3","len":10.95},"geometry":{"type":"LineString","coordinates":[[-115.17444,50.48714],[-115.54649,50.90238],[-116.01449,51.27503],[-116.49977,51.63601],[-116.99683,51.98791],[-117.55628,52.29844],[-118.20276,52.53262],[-118.92268,52.45883],[-119.31798,52.07489],[-119.3258,51.6132],[-119.08472,51.16687],[-118.77723,50.73199],[-118.66058,50.26512],[-118.7983,49.78959],[-118.67754,49.30722],[-118.74633,48.86093],[-118.91573,48.37603]]}},{"type":"Feature","properties":{"name":"Shiquan He","scalerank":3,"na":0,"zb":"b3","len":2.78},"geometry":{"type":"LineString","coordinates":[[82.06782,31.98177],[81.81573,32.61346],[81.1837,33.01198],[80.40704,33.15164],[79.61351,33.07366]]}},{"type":"Feature","properties":{"name":"Lesser Abay","scalerank":3,"na":0,"zb":"b3","len":0.36},"geometry":{"type":"LineString","coordinates":[[36.90287,11.05986],[36.62867,11.28301]]}},{"type":"Feature","properties":{"name":"Shire","scalerank":3,"na":0,"zb":"b3","len":3.68},"geometry":{"type":"LineString","coordinates":[[35.9886,-14.30756],[35.93055,-15.19539],[35.69434,-15.99014],[36.01455,-16.81929],[36.04979,-17.7055]]}},{"type":"Feature","properties":{"name":"Weir","scalerank":3,"na":0,"zb":"b3","len":1.69},"geometry":{"type":"LineString","coordinates":[[151.40268,-28.21035],[150.56912,-27.98837]]}},{"type":"Feature","properties":{"name":"Grande","scalerank":3,"na":0,"zb":"b3","len":7.9},"geometry":{"type":"LineString","coordinates":[[-66.85389,-18.09233],[-66.31872,-18.58919],[-65.75827,-19.0577],[-65.06276,-19.28224],[-64.4837,-19.63898],[-63.78004,-19.81201],[-63.10549,-19.51533],[-62.52085,-19.08182],[-62.18015,-18.45506],[-62.0215,-17.76095],[-62.06049,-17.05323],[-62.45703,-16.45518],[-63.05834,-16.02918],[-63.64796,-15.58864],[-64.29261,-15.22241]]}},{"type":"Feature","properties":{"name":"Allegheny","scalerank":3,"na":1,"zb":"b3","len":3.63},"geometry":{"type":"LineString","coordinates":[[-77.73587,41.27186],[-78.64702,41.36509],[-78.90768,40.73059],[-79.37651,40.10824]]}},{"type":"Feature","properties":{"name":"Barwon","scalerank":3,"na":0,"zb":"b3","len":3.74},"geometry":{"type":"LineString","coordinates":[[150.55305,-27.98665],[149.74146,-27.94273],[148.97419,-28.16494],[148.35838,-28.62961],[147.91593,-29.2261],[147.17203,-29.50096]]}},{"type":"Feature","properties":{"name":"Darling","scalerank":3,"na":0,"zb":"b3","len":8.17},"geometry":{"type":"LineString","coordinates":[[147.64752,-29.49819],[146.89547,-29.32662],[146.12191,-29.34217],[145.40889,-29.60744],[144.75416,-29.97284],[144.11481,-30.35697],[143.48472,-30.75078],[142.88123,-31.17222],[142.3521,-31.65842],[141.84373,-32.14953],[141.62883,-32.77899],[141.53664,-33.39295],[141.19033,-33.96475]]}},{"type":"Feature","properties":{"name":"Mamor\u00e9","scalerank":3,"na":0,"zb":"b3","len":4.2},"geometry":{"type":"LineString","coordinates":[[-65.6959,-11.55527],[-65.89193,-12.31695],[-65.89469,-13.10338],[-65.96519,-13.88744],[-65.75569,-14.64686],[-65.66252,-15.42682],[-65.35747,-16.15497]]}},{"type":"Feature","properties":{"name":"Niagara","scalerank":3,"na":1,"zb":"b3","len":0.24},"geometry":{"type":"LineString","coordinates":[[-79.82428,43.12205],[-79.81748,43.29401]]}},{"type":"Feature","properties":{"name":"St. Clair","scalerank":3,"na":1,"zb":"b3","len":0.67},"geometry":{"type":"LineString","coordinates":[[-83.35791,42.749],[-83.13001,43.20688]]}},{"type":"Feature","properties":{"name":"Guapor\u00e9","scalerank":3,"na":0,"zb":"b3","len":1.62},"geometry":{"type":"LineString","coordinates":[[-66.15409,-10.39411],[-66.08369,-11.3521],[-65.71323,-12.23798]]}},{"type":"Feature","properties":{"name":"Shatt al-Arab","scalerank":3,"na":0,"zb":"b3","len":1.61},"geometry":{"type":"LineString","coordinates":[[47.88954,29.63325],[47.32855,30.07408],[46.84922,30.59209]]}},{"type":"Feature","properties":{"name":"Blue Nile","scalerank":3,"na":0,"zb":"b3","len":11.64},"geometry":{"type":"LineString","coordinates":[[31.99938,15.07676],[32.56108,14.56093],[32.84564,13.87793],[33.00491,13.14525],[33.38189,12.49641],[33.63898,11.78617],[33.96587,11.10307],[34.42395,10.5257],[34.7055,9.82157],[35.3114,9.35985],[36.07687,9.35016],[36.7836,9.56181],[37.48481,9.24437],[38.25036,9.30034],[38.92596,9.66665],[39.22145,10.35623],[39.15061,11.11064],[38.68936,11.70732],[38.01726,12.0849]]}},{"type":"Feature","properties":{"name":"Murray","scalerank":3,"na":0,"zb":"b3","len":9.5},"geometry":{"type":"LineString","coordinates":[[139.33991,-33.68536],[140.07063,-33.49742],[140.80497,-33.46612],[141.57809,-33.51386],[142.34654,-33.60988],[142.96317,-34.00219],[143.65546,-34.28335],[144.1209,-34.80088],[144.70172,-35.22801],[145.41412,-35.27341],[146.17898,-35.39913],[146.95497,-35.48108],[147.73637,-35.44157],[148.45085,-35.67934]]}},{"type":"Feature","properties":{"name":"Aldan","scalerank":4,"na":0,"zb":"b3","len":8.81},"geometry":{"type":"LineString","coordinates":[[131.25636,58.39999],[131.92158,58.6162],[132.57875,58.83771],[133.23656,59.05705],[133.79161,59.33948],[134.28729,59.64749],[134.76232,59.96091],[135.22994,60.27416],[135.68528,60.58883],[136.03961,60.92914],[136.22793,61.29561],[136.29651,61.66817],[136.43789,62.03136]]}},{"type":"Feature","properties":{"name":"Yenisey","scalerank":4,"na":0,"zb":"b3","len":10.25},"geometry":{"type":"LineString","coordinates":[[89.02236,61.56646],[88.61106,61.86292],[88.25853,62.17317],[87.90254,62.47938],[87.48913,62.76632],[87.02229,63.03289],[86.76455,63.34877],[86.69343,63.68073],[86.74111,64.01013],[86.84573,64.33338],[86.95923,64.65235],[87.0608,64.96834],[87.15025,65.28128],[87.17756,65.59212],[87.03151,65.89284]]}},{"type":"Feature","properties":{"name":"Ural","scalerank":4,"na":0,"zb":"b3","len":8.01},"geometry":{"type":"LineString","coordinates":[[57.6129,51.68743],[56.90063,51.83384],[56.19766,51.99582],[55.48443,52.13507],[54.73637,52.15331],[53.99563,52.08137],[53.26238,51.98295],[52.52409,51.89975],[51.7892,51.80789],[51.12734,51.59602],[50.7019,51.21526],[50.4932,50.7624],[50.42077,50.28885],[50.63739,49.83189]]}},{"type":"Feature","properties":{"name":"Kolyma","scalerank":4,"na":0,"zb":"b3","len":9.4},"geometry":{"type":"LineString","coordinates":[[151.31466,64.92249],[150.84172,65.17858],[150.45333,65.45602],[150.23053,65.75923],[150.26377,66.07104],[150.52894,66.36084],[151.01661,66.5966],[151.51866,66.82716],[151.9796,67.06871],[152.46227,67.30122],[153.00915,67.50906],[153.63934,67.67713],[154.33822,67.79888],[155.08511,67.86902],[155.80949,67.96497]]}},{"type":"Feature","properties":{"name":"Grande","scalerank":4,"na":1,"zb":"b3","len":8.14},"geometry":{"type":"LineString","coordinates":[[-106.48639,36.67631],[-106.8122,36.13792],[-107.16355,35.60408],[-107.42154,35.03282],[-107.57574,34.43279],[-107.73326,33.8296],[-108.0078,33.25253],[-107.95791,32.63968],[-107.5627,32.10738],[-107.22994,31.54019],[-106.72964,31.06819],[-106.17735,30.63648],[-105.60673,30.22121]]}},{"type":"Feature","properties":{"name":"Dnieper","scalerank":4,"na":0,"zb":"b3","len":10.22},"geometry":{"type":"LineString","coordinates":[[29.54505,53.36953],[29.4039,52.91147],[29.60402,52.45338],[29.88981,52.00634],[29.85693,51.52613],[29.76293,51.03918],[29.79562,50.54413],[30.03014,50.06967],[30.592,49.72418],[31.05803,49.33628],[31.71208,49.05446],[32.4014,48.80791],[33.08981,48.55902],[33.7762,48.30649],[34.40432,47.99735]]}},{"type":"Feature","properties":{"name":"Northern Dvina","scalerank":4,"na":0,"zb":"b3","len":15.07},"geometry":{"type":"LineString","coordinates":[[42.34955,63.84358],[42.55822,63.51934],[43.03632,63.24815],[43.61603,63.01718],[44.23613,62.80672],[44.90539,62.6305],[45.48955,62.40157],[45.9081,62.09908],[46.43968,61.83581],[46.9433,61.55863],[47.22059,61.21582],[47.1417,60.84716],[46.71032,60.53764],[46.06036,60.33442],[45.33353,60.20356],[44.62243,60.05279],[43.96443,59.84982],[43.34236,59.61828],[42.73125,59.37765],[42.0793,59.16606],[41.3596,59.0229],[40.5939,58.97637]]}},{"type":"Feature","properties":{"name":"Pechora","scalerank":4,"na":0,"zb":"b3","len":10.02},"geometry":{"type":"LineString","coordinates":[[55.36642,65.55935],[54.83181,65.32756],[54.17549,65.15873],[53.43835,65.06424],[52.66873,65.07398],[51.97164,65.20704],[51.58358,65.47974],[51.61228,65.79561],[51.71937,66.1071],[51.69839,66.41829],[51.62613,66.72454],[51.5446,67.02669],[51.45595,67.32481],[51.50936,67.61737],[51.93432,67.8579],[52.62603,67.98082],[53.13279,68.19847]]}},{"type":"Feature","properties":{"name":"Arkansas","scalerank":4,"na":1,"zb":"b3","len":10.97},"geometry":{"type":"LineString","coordinates":[[-105.71108,39.49788],[-105.28061,39.0247],[-104.51098,38.89426],[-103.75664,38.71444],[-102.97607,38.68008],[-102.18959,38.65233],[-101.4116,38.55199],[-100.62698,38.49218],[-99.8554,38.3749],[-99.25749,38.77372],[-98.49599,38.86037],[-97.77682,38.61395],[-97.13824,38.25299],[-96.62579,37.78311],[-96.29277,37.21786]]}},{"type":"Feature","properties":{"name":"Benue","scalerank":4,"na":0,"zb":"b3","len":8.92},"geometry":{"type":"LineString","coordinates":[[14.09303,7.27993],[14.58751,7.87631],[14.71463,8.62362],[14.44917,9.33905],[13.89594,9.87191],[13.15219,10.07194],[12.38169,10.1221],[11.60933,10.14197],[10.89386,9.84764],[10.27235,9.39955],[9.59264,9.02832],[8.90475,8.66857],[8.1381,8.68739],[7.36378,8.74079],[6.61439,8.53283]]}},{"type":"Feature","properties":{"name":"Negro","scalerank":4,"na":0,"zb":"b3","len":8.91},"geometry":{"type":"LineString","coordinates":[[-69.74871,-37.0713],[-69.22803,-37.54501],[-68.70037,-37.86745],[-67.9989,-38.14735],[-67.34329,-38.48198],[-66.55015,-38.5345],[-65.76869,-38.64803],[-65.11611,-38.99383],[-64.52131,-39.38852],[-63.82861,-39.69162],[-63.20137,-40.06916],[-62.58036,-40.45092]]}},{"type":"Feature","properties":{"name":"Araguaia","scalerank":4,"na":0,"zb":"b3","len":10.91},"geometry":{"type":"LineString","coordinates":[[-53.85816,-18.00012],[-53.92388,-17.28533],[-53.67906,-16.60478],[-53.25644,-16.0023],[-52.76387,-15.4497],[-52.28057,-14.90874],[-51.76814,-14.38519],[-51.58121,-13.67374],[-51.35303,-12.97156],[-51.44332,-12.24755],[-51.44183,-11.50691],[-51.33919,-10.77143],[-51.1193,-10.05925],[-50.83242,-9.36851],[-50.48893,-8.70286],[-50.07249,-8.08153]]}},{"type":"Feature","properties":{"name":"Rhine","scalerank":4,"na":0,"zb":"b3","len":8.75},"geometry":{"type":"LineString","coordinates":[[8.41627,48.09105],[8.73832,48.58175],[9.10496,49.05521],[9.1599,49.57775],[8.96262,50.08286],[8.41731,50.44464],[7.9265,50.85088],[7.56778,51.30579],[7.25847,51.77043],[6.73209,52.14315],[5.976,52.30671],[5.16836,52.29586]]}},{"type":"Feature","properties":{"name":"Salween","scalerank":4,"na":0,"zb":"b3","len":10.32},"geometry":{"type":"LineString","coordinates":[[92.88826,32.15652],[93.65456,32.16699],[94.41916,32.12322],[95.0976,31.84451],[95.80299,31.62762],[96.52968,31.42195],[97.10292,30.99896],[97.67817,30.56823],[98.12065,30.0324],[98.58185,29.50109],[99.00545,28.94465],[99.26787,28.31336],[99.52618,27.67725],[99.62358,27.00252],[99.64335,26.31755],[99.64162,25.6282]]}},{"type":"Feature","properties":{"name":"Oder","scalerank":4,"na":0,"zb":"b3","len":8.11},"geometry":{"type":"LineString","coordinates":[[17.4673,49.25654],[18.21646,49.24142],[18.81333,49.52978],[18.9705,50.00071],[18.79735,50.47204],[18.48009,50.90748],[17.98144,51.26419],[17.35639,51.53216],[16.90738,51.88117],[16.40335,52.22828],[15.73908,52.4469],[15.24874,52.72436],[15.13979,53.13368]]}},{"type":"Feature","properties":{"name":"Snake","scalerank":4,"na":1,"zb":"b3","len":8.87},"geometry":{"type":"LineString","coordinates":[[-119.52863,46.60434],[-118.93152,46.92211],[-118.23226,47.11247],[-117.47949,47.14737],[-116.77839,46.97253],[-116.32938,46.56162],[-116.02744,46.08619],[-115.86586,45.57783],[-116.02131,45.05886],[-116.28469,44.55531],[-116.19999,44.0319],[-115.80748,43.59958],[-115.07804,43.49051],[-114.42306,43.22415]]}},{"type":"Feature","properties":{"name":"Saskatchewan","scalerank":4,"na":1,"zb":"b3","len":13.75},"geometry":{"type":"LineString","coordinates":[[-113.28557,53.0802],[-112.72523,53.40077],[-112.10427,53.45671],[-111.35294,53.35471],[-110.5892,53.31314],[-109.93537,53.06571],[-109.38015,52.7381],[-108.82882,52.40581],[-108.20079,52.12731],[-107.50583,51.91806],[-106.75537,51.97294],[-106.21172,52.30984],[-105.73123,52.68036],[-104.99028,52.78377],[-104.2197,52.8403],[-103.53658,53.055],[-102.91701,53.33322],[-102.29983,53.53711]]}},{"type":"Feature","properties":{"name":"Tigris","scalerank":4,"na":0,"zb":"b3","len":9.55},"geometry":{"type":"LineString","coordinates":[[39.81369,38.99243],[40.49407,38.75572],[41.03476,38.3898],[41.78002,38.29865],[42.40716,37.98792],[42.87165,37.52451],[43.40017,37.09691],[43.78068,36.57673],[44.02741,36.00288],[44.15712,35.40954],[44.41912,34.83067],[44.88039,34.37903],[45.12333,33.8052],[45.51276,33.32536]]}},{"type":"Feature","properties":{"name":"S\u00e3o Francisco","scalerank":4,"na":0,"zb":"b3","len":14.35},"geometry":{"type":"LineString","coordinates":[[-45.74477,-16.82512],[-45.81228,-16.09273],[-45.47417,-15.43749],[-44.88357,-14.96286],[-44.56848,-14.28076],[-44.31201,-13.57318],[-44.1504,-12.83863],[-44.0659,-12.10625],[-44.03642,-11.35274],[-43.70662,-10.67302],[-43.21782,-10.08435],[-42.77577,-9.46077],[-42.13578,-9.04939],[-41.3862,-8.87077],[-40.70208,-8.55438],[-40.07611,-8.10859],[-39.32957,-7.94125],[-38.58034,-8.10795],[-37.90388,-8.47354],[-37.33022,-8.96815],[-36.66782,-9.36068],[-36.0507,-9.81921]]}},{"type":"Feature","properties":{"name":"Xi","scalerank":4,"na":0,"zb":"b3","len":2.81},"geometry":{"type":"LineString","coordinates":[[110.1488,22.71218],[111.07931,22.74407],[111.93866,22.42216],[112.87622,22.4517]]}},{"type":"Feature","properties":{"name":"Vaal","scalerank":4,"na":0,"zb":"b3","len":7.83},"geometry":{"type":"LineString","coordinates":[[30.87315,-26.53885],[30.53913,-27.13392],[29.89575,-27.48103],[29.16982,-27.66969],[28.41546,-27.65641],[27.70097,-27.50407],[26.99165,-27.68795],[26.44228,-28.14511],[25.75312,-28.41442],[25.21802,-28.87079],[24.60421,-29.22835],[24.01853,-29.63998]]}},{"type":"Feature","properties":{"name":"Parana\u00edba","scalerank":4,"na":0,"zb":"b3","len":4.98},"geometry":{"type":"LineString","coordinates":[[-51.11253,-18.61048],[-50.55563,-18.07815],[-49.78412,-17.89587],[-49.05059,-17.63021],[-48.2519,-17.6299],[-47.47845,-17.50904],[-46.69377,-17.62573],[-46.0648,-18.07584],[-45.70178,-18.74693]]}},{"type":"Feature","properties":{"name":"La Grande","scalerank":4,"na":1,"zb":"b3","len":8.89},"geometry":{"type":"LineString","coordinates":[[-69.80674,53.19761],[-69.75393,53.64524],[-70.36802,53.90059],[-71.10145,54.03781],[-71.8819,54.08094],[-72.62097,54.21675],[-73.39297,54.29088],[-74.16304,54.21406],[-74.91506,54.10226],[-75.69854,54.13591],[-76.48394,54.1413],[-77.22846,54.22898],[-78.00955,54.24143],[-78.78815,54.26725]]}},{"type":"Feature","properties":{"name":"Bafing","scalerank":4,"na":0,"zb":"b3","len":4.29},"geometry":{"type":"LineString","coordinates":[[-11.71697,9.93914],[-11.04586,10.46492],[-10.43143,11.04102],[-9.84883,11.66454],[-9.5251,12.44453],[-9.61643,13.27178],[-10.14564,13.9075]]}},{"type":"Feature","properties":{"name":"Indai\u00e1","scalerank":4,"na":0,"zb":"b3","len":2.13},"geometry":{"type":"LineString","coordinates":[[-46.59647,-21.02525],[-45.83804,-20.99739],[-45.21772,-20.58781],[-44.76101,-20.01206],[-44.40964,-19.37022]]}},{"type":"Feature","properties":{"name":"Magdalena","scalerank":4,"na":0,"zb":"b3","len":10.62},"geometry":{"type":"LineString","coordinates":[[-76.49676,1.18447],[-75.76071,1.30084],[-75.14845,1.72218],[-74.75155,2.3553],[-74.45698,3.04443],[-74.19901,3.74754],[-74.03692,4.47673],[-73.94712,5.21885],[-73.81252,5.95293],[-73.38278,6.55343],[-73.14493,7.25596],[-73.0526,7.99359],[-73.13007,8.72895],[-73.43106,9.40054],[-73.99848,9.87711],[-74.01244,10.57888],[-74.11251,11.30469]]}},{"type":"Feature","properties":{"name":"Nanpan","scalerank":4,"na":0,"zb":"b3","len":6.99},"geometry":{"type":"LineString","coordinates":[[103.18137,26.02769],[102.80902,25.51053],[102.38847,24.93819],[102.35663,24.23773],[102.54238,23.55517],[103.15619,23.15767],[103.8999,23.3025],[104.43394,23.79747],[105.11142,24.11309],[105.84588,24.05234],[106.56395,24.26077],[107.23866,24.59085]]}},{"type":"Feature","properties":{"name":"Seine","scalerank":4,"na":0,"zb":"b3","len":5.48},"geometry":{"type":"LineString","coordinates":[[5.42208,47.74977],[5.1196,48.2121],[4.68256,48.62028],[4.07335,48.90726],[3.32974,48.95036],[2.76199,49.21369],[2.12262,49.47468],[1.45145,49.69931],[0.77313,49.91384]]}},{"type":"Feature","properties":{"name":"Senegal","scalerank":4,"na":0,"zb":"b3","len":7.18},"geometry":{"type":"LineString","coordinates":[[-10.2783,14.21004],[-10.77521,14.81442],[-11.42587,15.25538],[-12.11291,15.64682],[-12.65901,16.19772],[-13.21862,16.73649],[-13.89013,17.13193],[-14.64638,17.35832],[-15.43918,17.30475],[-16.22958,17.21011],[-16.88346,16.79959],[-17.2369,16.11551]]}},{"type":"Feature","properties":{"name":"Shatt al-Hayy","scalerank":4,"na":0,"zb":"b3","len":1.93},"geometry":{"type":"LineString","coordinates":[[45.60907,30.99103],[45.33306,31.58786],[45.14021,32.19989]]}},{"type":"Feature","properties":{"name":"Hongshui","scalerank":4,"na":0,"zb":"b3","len":3.63},"geometry":{"type":"LineString","coordinates":[[106.27945,24.89264],[106.70113,24.31359],[106.94615,23.65975],[107.50935,23.19716],[108.25904,23.15681],[108.97676,23.02674],[109.72998,23.12549]]}},{"type":"Feature","properties":{"name":"Qianjiang","scalerank":4,"na":0,"zb":"b3","len":0.74},"geometry":{"type":"LineString","coordinates":[[109.88201,22.73354],[108.87439,23.44455]]}},{"type":"Feature","properties":{"name":"Java\u00e9s","scalerank":4,"na":0,"zb":"b3","len":3.35},"geometry":{"type":"LineString","coordinates":[[-49.48397,-9.42225],[-49.24239,-10.19425],[-49.18422,-11.0023],[-49.20928,-11.80923],[-49.41684,-12.58586],[-49.85812,-13.26338]]}},{"type":"Feature","properties":{"name":"Tocantins","scalerank":4,"na":0,"zb":"b3","len":11.61},"geometry":{"type":"LineString","coordinates":[[-48.51986,-15.56409],[-48.36123,-14.91453],[-47.78663,-14.42256],[-47.44561,-13.74778],[-47.43073,-12.98694],[-47.60877,-12.24333],[-47.80656,-11.51005],[-47.71355,-10.74563],[-47.65095,-9.97583],[-47.50413,-9.21797],[-47.38734,-8.45307],[-46.9434,-7.81413],[-46.75733,-7.07031],[-46.67879,-6.29494],[-46.75055,-5.52174],[-47.20136,-4.89663]]}},{"type":"Feature","properties":{"name":"Orange","scalerank":4,"na":0,"zb":"b3","len":9.49},"geometry":{"type":"LineString","coordinates":[[16.95977,-29.12222],[17.6437,-29.43782],[18.41571,-29.54984],[19.19537,-29.53162],[19.89264,-29.23657],[20.61103,-29.38658],[21.37121,-29.2608],[21.82502,-29.77795],[22.44045,-30.19144],[23.19644,-30.17698],[23.79271,-30.19042],[24.37354,-30.64096],[24.97703,-31.06672]]}},{"type":"Feature","properties":{"name":"Amu Darya","scalerank":5,"na":0,"zb":"b3","len":11.73},"geometry":{"type":"LineString","coordinates":[[67.96558,36.44655],[67.25495,36.64026],[66.52354,36.77056],[65.79328,36.90354],[65.11812,37.1627],[64.50143,37.50179],[63.93452,37.89039],[63.45074,38.34047],[62.9058,38.73873],[62.35822,39.13649],[61.92336,39.60808],[61.59196,40.12443],[61.28358,40.64498],[60.67207,40.966],[60.11691,41.34555],[59.61388,41.76217],[59.03103,42.11316]]}},{"type":"Feature","properties":{"name":"Tobol","scalerank":5,"na":0,"zb":"b3","len":8.79},"geometry":{"type":"LineString","coordinates":[[62.1073,53.01059],[62.70715,53.28836],[63.05009,53.65874],[63.11962,54.10156],[63.44853,54.49774],[64.03877,54.76934],[64.32565,55.15466],[64.63779,55.54834],[64.9823,55.92968],[65.32524,56.30775],[65.60106,56.69842],[65.8921,57.08106]]}},{"type":"Feature","properties":{"name":"Indigirka","scalerank":5,"na":0,"zb":"b3","len":11.75},"geometry":{"type":"LineString","coordinates":[[144.12392,67.90418],[144.52991,68.14963],[144.95683,68.38858],[145.42521,68.61409],[146.01402,68.79442],[146.59347,68.94564],[146.69143,69.21929],[146.71148,69.492],[146.72276,69.76138],[146.7638,70.02694],[146.87442,70.28669],[147.09519,70.53499],[147.49486,70.75369],[148.03045,70.93638],[148.63395,71.0939],[149.21662,71.25789]]}},{"type":"Feature","properties":{"name":"Thelon","scalerank":5,"na":1,"zb":"b3","len":9.64},"geometry":{"type":"LineString","coordinates":[[-105.42573,62.67863],[-105.53035,63.02556],[-105.41449,63.36464],[-105.10713,63.67835],[-104.77485,63.98362],[-104.35511,64.26335],[-103.75811,64.46802],[-103.00719,64.52314],[-102.32769,64.65203],[-101.66197,64.81431],[-100.9211,64.89389],[-100.15488,64.8832],[-99.39045,64.85222],[-98.67414,64.93669],[-97.93845,65.0269]]}},{"type":"Feature","properties":{"name":"Fraser","scalerank":5,"na":1,"zb":"b3","len":9.43},"geometry":{"type":"LineString","coordinates":[[-119.27154,53.49529],[-119.8884,53.74523],[-120.47791,54.01646],[-121.0882,54.26947],[-121.74561,54.47573],[-122.47806,54.51081],[-123.08736,54.27237],[-123.38355,53.8733],[-123.48458,53.43457],[-123.38116,52.99516],[-123.18204,52.56183],[-123.08748,52.10858],[-123.08375,51.64911],[-122.86583,51.20377],[-122.64836,50.75615],[-122.49063,50.29202]]}},{"type":"Feature","properties":{"name":"Syr Dar","scalerank":5,"na":0,"zb":"b3","len":10.18},"geometry":{"type":"LineString","coordinates":[[69.51034,41.07792],[68.98061,41.48198],[68.96239,41.99411],[69.0199,42.55061],[68.82516,43.08299],[68.4615,43.56423],[68.00086,43.9965],[67.45699,44.37112],[66.82875,44.65117],[66.33721,45.05788],[65.7414,45.38217],[65.03669,45.56963],[64.45953,45.90155],[63.81854,46.17032],[63.07223,46.22137]]}},{"type":"Feature","properties":{"name":"Nizhnyaya Tunguska","scalerank":5,"na":0,"zb":"b3","len":18.07},"geometry":{"type":"LineString","coordinates":[[107.59203,58.40867],[107.58756,58.80137],[107.45917,59.18625],[107.24565,59.55698],[107.12818,59.93436],[107.09038,60.31151],[107.11013,60.68489],[107.1541,61.05352],[107.21646,61.41728],[107.30506,61.77559],[107.43537,62.12688],[107.63371,62.46711],[107.60222,62.76083],[106.99272,62.96628],[106.36684,63.09607],[105.61179,63.08908],[104.86675,63.15203],[104.14045,63.25006],[103.45419,63.39409],[102.8491,63.59689],[102.21358,63.73218],[101.45529,63.74006],[100.69757,63.75564]]}},{"type":"Feature","properties":{"name":"Loire","scalerank":5,"na":0,"zb":"b3","len":8.79},"geometry":{"type":"LineString","coordinates":[[4.82101,45.1313],[4.93276,45.68207],[4.8105,46.23216],[4.49426,46.73764],[3.96989,47.14881],[3.57832,47.6032],[3.07172,48.01255],[2.35319,48.24428],[1.56075,48.26289],[0.86932,48.00243],[0.12135,47.81857],[-0.67495,47.84679],[-1.46918,47.78302]]}},{"type":"Feature","properties":{"name":"Japur\u00e1","scalerank":5,"na":0,"zb":"b3","len":9.56},"geometry":{"type":"LineString","coordinates":[[-75.71071,0.0069],[-75.12276,-0.49213],[-74.48207,-0.92023],[-73.76496,-1.19496],[-73.00693,-1.33663],[-72.2556,-1.43863],[-71.57307,-1.79653],[-70.85081,-2.06592],[-70.09516,-2.20268],[-69.42457,-2.3905],[-68.67763,-2.52905],[-67.91256,-2.45017],[-67.15083,-2.56428],[-66.38113,-2.52876]]}},{"type":"Feature","properties":{"name":"Vistula","scalerank":5,"na":0,"zb":"b3","len":10.21},"geometry":{"type":"LineString","coordinates":[[19.61071,49.51539],[20.35277,49.6238],[21.0692,49.78835],[21.73393,50.02571],[22.27428,50.36336],[22.5193,50.81738],[22.5514,51.29406],[22.36079,51.751],[21.99526,52.16113],[21.50917,52.51799],[20.90866,52.79894],[20.19498,52.95261],[19.52175,53.1358],[19.47448,53.52519]]}},{"type":"Feature","properties":{"name":"Elbe","scalerank":5,"na":0,"zb":"b3","len":8.13},"geometry":{"type":"LineString","coordinates":[[15.43093,50.57292],[14.88493,50.86209],[14.50211,51.27955],[13.93811,51.61539],[13.48195,52.00871],[12.84709,52.28758],[12.67226,52.68417],[12.42188,53.12502],[11.86474,53.45073],[11.18475,53.682],[10.45739,53.85193]]}},{"type":"Feature","properties":{"name":"Mara\u00f1\u00f3n","scalerank":5,"na":0,"zb":"b3","len":10.26},"geometry":{"type":"LineString","coordinates":[[-77.33469,-10.1544],[-77.59575,-9.45953],[-78.05653,-8.84983],[-78.37403,-8.15533],[-78.62095,-7.43096],[-78.9566,-6.74722],[-79.35897,-6.1069],[-79.27961,-5.35223],[-78.97728,-4.646],[-78.51093,-4.03879],[-77.81148,-3.74276],[-77.06969,-3.90095],[-76.34455,-4.15595],[-75.62052,-4.13175],[-74.90638,-3.84316],[-74.14524,-3.82791]]}},{"type":"Feature","properties":{"name":"Daugava","scalerank":5,"na":0,"zb":"b3","len":10.27},"geometry":{"type":"LineString","coordinates":[[32.66031,57.17195],[32.99016,56.79798],[32.87557,56.37757],[32.57834,55.97889],[32.0391,55.67431],[31.60878,55.30958],[31.00499,55.03255],[30.31268,54.83104],[29.55536,54.74191],[28.82466,54.87106],[28.21468,55.14307],[27.50318,55.32015],[26.76158,55.44919],[26.06374,55.6327],[25.54501,55.95549],[24.99743,56.22679],[24.31812,56.43275]]}},{"type":"Feature","properties":{"name":"Xingu","scalerank":5,"na":0,"zb":"b3","len":8.98},"geometry":{"type":"LineString","coordinates":[[-54.13438,-11.13517],[-53.82682,-10.40598],[-53.56938,-9.6576],[-53.05798,-9.06778],[-53.42179,-8.36669],[-53.40366,-7.57761],[-53.126,-6.83076],[-53.29654,-6.13193],[-53.57403,-5.38307],[-53.53067,-4.59202],[-53.37159,-3.8061],[-52.97439,-3.11839]]}},{"type":"Feature","properties":{"name":"Tapaj\u00f3s","scalerank":5,"na":0,"zb":"b3","len":10.23},"geometry":{"type":"LineString","coordinates":[[-57.97599,-11.29878],[-57.66598,-10.63116],[-57.50898,-9.91665],[-57.70021,-9.20976],[-57.60398,-8.50666],[-57.50564,-7.77664],[-57.48821,-7.04645],[-57.05607,-6.50881],[-56.54551,-5.96742],[-56.12278,-5.36104],[-55.55115,-4.88809],[-55.04359,-4.34113],[-54.6512,-3.70889],[-54.37386,-3.01622]]}},{"type":"Feature","properties":{"name":"Ebro","scalerank":5,"na":0,"zb":"b3","len":6.07},"geometry":{"type":"LineString","coordinates":[[-3.945,43.5342],[-3.2317,43.34221],[-2.53562,43.11831],[-1.85308,42.87252],[-1.20479,42.58023],[-0.59817,42.24139],[0.00836,41.90113],[0.71073,41.6938],[1.17345,41.25346]]}},{"type":"Feature","properties":{"name":"Usumacinta","scalerank":5,"na":1,"zb":"b3","len":3.26},"geometry":{"type":"LineString","coordinates":[[-93.15006,18.31821],[-92.71644,17.6031],[-92.08368,17.08473],[-91.56898,16.41825],[-90.92799,15.85237]]}},{"type":"Feature","properties":{"name":"Stikine","scalerank":5,"na":1,"zb":"b3","len":7.47},"geometry":{"type":"LineString","coordinates":[[-127.83457,56.91246],[-127.20986,57.12964],[-126.91607,57.4952],[-127.07654,57.87754],[-127.60843,58.15183],[-128.29189,58.30856],[-129.03123,58.36506],[-129.76798,58.42448],[-130.50349,58.47451],[-131.19971,58.3382],[-131.79314,58.09905],[-132.27709,57.79768],[-132.52828,57.42234],[-132.59653,57.01954]]}},{"type":"Feature","properties":{"name":"San Juan","scalerank":5,"na":1,"zb":"b3","len":2.95},"geometry":{"type":"LineString","coordinates":[[-83.41602,10.20276],[-84.27798,10.10909],[-85.08562,10.44275],[-85.79209,10.9546],[-86.43401,11.53884]]}},{"type":"Feature","properties":{"name":"Tagus","scalerank":5,"na":0,"zb":"b3","len":7.64},"geometry":{"type":"LineString","coordinates":[[-9.28767,39.52232],[-8.66395,39.89464],[-7.93654,40.12633],[-7.16631,40.26268],[-6.38968,40.3752],[-5.60327,40.38776],[-4.84545,40.5139],[-4.0664,40.50501],[-3.41072,40.81191],[-2.86551,41.23502],[-2.10386,41.33233],[-1.4237,41.04441]]}},{"type":"Feature","properties":{"name":"Sacramento","scalerank":5,"na":1,"zb":"b3","len":3.62},"geometry":{"type":"LineString","coordinates":[[-121.61158,40.75022],[-121.3771,40.20615],[-121.22948,39.64156],[-121.01269,39.09413],[-120.86505,38.52695],[-121.00892,37.94787]]}},{"type":"Feature","properties":{"name":"Neva","scalerank":5,"na":0,"zb":"b3","len":1.51},"geometry":{"type":"LineString","coordinates":[[32.04973,60.02867],[31.29524,59.64222],[30.23634,59.52384]]}},{"type":"Feature","properties":{"name":"Tennessee","scalerank":5,"na":1,"zb":"b3","len":7.79},"geometry":{"type":"LineString","coordinates":[[-83.98055,36.48237],[-84.75014,36.38271],[-85.36007,35.98863],[-85.92747,35.56768],[-86.52098,35.15199],[-87.23752,35.38776],[-87.21304,36.0059],[-87.33582,36.62969],[-87.60635,37.21983],[-88.16354,37.63934]]}},{"type":"Feature","properties":{"name":"Naryn","scalerank":5,"na":0,"zb":"b3","len":8.51},"geometry":{"type":"LineString","coordinates":[[78.28968,42.26547],[78.5919,41.77364],[78.3109,41.27117],[77.66218,41.00805],[76.92277,40.92749],[76.17654,40.88946],[75.42946,40.86211],[74.68184,40.85405],[73.94523,40.93981],[73.29448,41.19877],[72.74289,40.87419],[72.13644,40.54533],[71.45664,40.30834],[70.83975,39.9898]]}},{"type":"Feature","properties":{"name":"Klamath","scalerank":5,"na":1,"zb":"b3","len":3.17},"geometry":{"type":"LineString","coordinates":[[-121.20948,42.66843],[-121.15646,42.13043],[-121.63021,41.71218],[-122.29493,41.45598],[-122.85392,41.14588],[-123.38556,40.76527],[-124.10931,40.78068],[-124.65839,41.15993]]}},{"type":"Feature","properties":{"name":"Svir","scalerank":5,"na":0,"zb":"b3","len":7.58},"geometry":{"type":"LineString","coordinates":[[34.49837,62.21268],[35.21699,62.11552],[35.81954,61.90947],[36.27727,61.62968],[36.54118,61.297],[36.42376,60.94474],[35.92647,60.68057],[35.19952,60.61797],[34.45539,60.61308],[33.8464,60.40281],[33.26172,60.17306],[32.53623,60.14632],[31.99381,59.99105]]}},{"type":"Feature","properties":{"name":"Black Volta","scalerank":5,"na":0,"zb":"b3","len":8.64},"geometry":{"type":"LineString","coordinates":[[-0.78966,9.38779],[-1.57772,9.45602],[-1.95938,9.7366],[-2.02197,10.52002],[-2.06971,11.30242],[-2.1167,12.08195],[-2.4013,12.80284],[-3.02135,13.27657],[-3.79579,13.31549],[-4.31438,12.75087],[-4.80906,12.14178],[-5.53883,11.83139]]}},{"type":"Feature","properties":{"name":"Volta","scalerank":5,"na":0,"zb":"b3","len":3.54},"geometry":{"type":"LineString","coordinates":[[-0.47506,9.22417],[0.19211,8.62897],[0.73786,7.92667],[0.9246,7.06291],[1.21435,6.28697]]}},{"type":"Feature","properties":{"name":"Culuene","scalerank":5,"na":0,"zb":"b3","len":4.54},"geometry":{"type":"LineString","coordinates":[[-54.37592,-15.68027],[-53.65473,-15.4365],[-53.06548,-14.98526],[-52.70726,-14.3324],[-52.40284,-13.65201],[-52.20669,-12.93505],[-52.36217,-12.21435],[-52.69777,-11.57684]]}},{"type":"Feature","properties":{"name":"Godavari","scalerank":5,"na":0,"zb":"b3","len":9.89},"geometry":{"type":"LineString","coordinates":[[73.66824,20.7238],[74.43981,20.629],[75.16432,20.35609],[75.89817,20.10581],[76.6371,19.86867],[77.38566,19.78647],[78.1412,19.66025],[78.91842,19.71932],[79.65914,19.50707],[80.41925,19.34174],[81.05189,18.92296],[81.46759,18.297],[82.087,17.86687],[82.62676,17.37746]]}},{"type":"Feature","properties":{"name":"Holston","scalerank":5,"na":1,"zb":"b3","len":2.94},"geometry":{"type":"LineString","coordinates":[[-81.69259,37.57218],[-82.45555,37.32131],[-83.1937,37.02613],[-83.90833,36.69489],[-84.54087,36.27343]]}},{"type":"Feature","properties":{"name":"Pamir","scalerank":5,"na":0,"zb":"b3","len":1.11},"geometry":{"type":"LineString","coordinates":[[73.51374,38.04164],[72.77704,37.86402],[72.16298,37.48702]]}},{"type":"Feature","properties":{"name":"Sprague","scalerank":5,"na":1,"zb":"b3","len":1.05},"geometry":{"type":"LineString","coordinates":[[-120.71424,42.94437],[-121.87409,43.03104]]}},{"type":"Feature","properties":{"name":"Juruena","scalerank":5,"na":0,"zb":"b3","len":3.68},"geometry":{"type":"LineString","coordinates":[[-59.82863,-14.54132],[-59.79132,-13.66253],[-59.69284,-12.78441],[-59.5516,-11.90906],[-59.41495,-11.0384]]}},{"type":"Feature","properties":{"name":"Colorado","scalerank":5,"na":0,"zb":"b3","len":10.73},"geometry":{"type":"LineString","coordinates":[[-69.58736,-35.08012],[-69.26006,-35.62444],[-68.99518,-36.18448],[-68.77366,-36.69946],[-68.10004,-36.96072],[-67.45581,-37.26289],[-66.99984,-37.71802],[-66.3606,-38.02588],[-65.65171,-38.17153],[-64.90558,-38.22027],[-64.17454,-38.34321],[-63.49283,-38.58388],[-62.83918,-38.8689],[-62.16627,-39.12224],[-61.64454,-39.533]]}},{"type":"Feature","properties":{"name":"Chixoy","scalerank":5,"na":1,"zb":"b3","len":2.02},"geometry":{"type":"LineString","coordinates":[[-92.03318,15.08898],[-91.5948,15.82477],[-91.15594,16.55554]]}},{"type":"Feature","properties":{"name":"B\u00edo B\u00edo","scalerank":5,"na":0,"zb":"b3","len":3.31},"geometry":{"type":"LineString","coordinates":[[-70.48191,-38.7695],[-70.65961,-38.06741],[-71.16589,-37.4575],[-71.92967,-37.0658],[-72.47515,-36.49241]]}},{"type":"Feature","properties":{"name":"Panj","scalerank":5,"na":0,"zb":"b3","len":6.89},"geometry":{"type":"LineString","coordinates":[[72.33623,37.57577],[72.19428,38.08774],[71.81407,38.62194],[71.1842,38.96569],[70.42622,38.86625],[69.83742,38.46184],[69.27395,38.07167],[68.58422,37.81744],[67.86814,37.55941]]}},{"type":"Feature","properties":{"name":"Santa Cruz","scalerank":5,"na":0,"zb":"b3","len":3.03},"geometry":{"type":"LineString","coordinates":[[-71.95934,-50.70637],[-71.15762,-50.69139],[-70.3567,-50.66546],[-69.56275,-50.5954],[-68.78472,-50.47191]]}},{"type":"Feature","properties":{"name":"Vychegda","scalerank":5,"na":0,"zb":"b3","len":11.07},"geometry":{"type":"LineString","coordinates":[[55.23781,62.01676],[55.42876,61.66761],[55.02128,61.36416],[54.2741,61.27985],[53.50219,61.31588],[52.78531,61.45832],[52.01459,61.46409],[51.24082,61.4289],[50.49629,61.52534],[49.94436,61.78138],[49.23787,61.6974],[48.68147,61.43856],[48.08066,61.20159],[47.38338,61.03565]]}},{"type":"Feature","properties":{"name":"Athabasca","scalerank":5,"na":1,"zb":"b3","len":11.62},"geometry":{"type":"LineString","coordinates":[[-118.32461,52.10114],[-118.55182,52.53974],[-118.68681,52.98538],[-118.46617,53.41523],[-118.03109,53.782],[-117.65866,54.16763],[-117.10366,54.46538],[-116.40384,54.62309],[-115.64904,54.62971],[-115.02841,54.84636],[-114.78807,55.25663],[-114.3123,55.57546],[-113.57477,55.60079],[-113.40661,55.94669],[-113.26444,56.35985],[-112.93255,56.73232]]}},{"type":"Feature","properties":{"name":"Colorado","scalerank":5,"na":1,"zb":"b3","len":10.93},"geometry":{"type":"LineString","coordinates":[[-106.5606,40.59501],[-107.26775,40.37803],[-107.94156,40.10646],[-108.60575,39.82835],[-109.29276,39.61079],[-109.86668,39.22918],[-110.31713,38.75088],[-110.86111,38.33762],[-111.29035,37.84304],[-111.83346,37.43446],[-112.33709,36.98349],[-113.04372,36.89576],[-113.68469,36.57773]]}},{"type":"Feature","properties":{"name":"Grande","scalerank":5,"na":0,"zb":"b3","len":8.15},"geometry":{"type":"LineString","coordinates":[[-51.44025,-19.52449],[-50.78111,-19.12911],[-50.01297,-19.181],[-49.2464,-19.33173],[-48.51788,-19.4141],[-47.73821,-19.3368],[-46.97539,-19.47918],[-46.3361,-19.90711],[-45.57827,-20.06394],[-44.89231,-20.4195],[-44.18806,-20.74348],[-43.57658,-21.197],[-43.41464,-21.88975],[-43.7945,-22.51765]]}},{"type":"Feature","properties":{"name":"Uruguay","scalerank":6,"na":0,"zb":"b3","len":10.08},"geometry":{"type":"LineString","coordinates":[[-50.84268,-27.19345],[-51.50822,-26.84263],[-52.23524,-26.60828],[-52.99662,-26.48566],[-53.76827,-26.46234],[-54.50633,-26.66337],[-55.1886,-26.98841],[-55.80221,-27.40702],[-56.34206,-27.89807],[-56.83917,-28.42131],[-57.3433,-28.93681],[-57.85188,-29.44637],[-58.29262,-29.99786],[-58.56261,-30.62309],[-58.76593,-31.26374],[-58.91556,-31.9105]]}},{"type":"Feature","properties":{"name":"Taz","scalerank":6,"na":0,"zb":"b3","len":7.29},"geometry":{"type":"LineString","coordinates":[[82.39952,65.05601],[82.7597,65.33671],[83.01615,65.63203],[82.98883,65.94162],[82.94151,66.2484],[82.97507,66.55239],[82.82251,66.84515],[82.3809,67.08184],[81.71883,67.2251],[81.00805,67.32927],[80.32673,67.45771],[79.698,67.62086]]}},{"type":"Feature","properties":{"name":"Olenyok","scalerank":6,"na":0,"zb":"b3","len":10.25},"geometry":{"type":"LineString","coordinates":[[120.2812,70.24861],[121.03421,70.27269],[121.77899,70.31345],[122.44745,70.4286],[122.91131,70.62493],[123.15339,70.861],[123.44545,71.08821],[123.80153,71.30336],[124.1581,71.51606],[124.39928,71.74127],[124.43268,71.97501],[124.11577,72.1854],[123.67215,72.37179],[123.18218,72.54548],[122.6554,72.70754],[122.08152,72.85321],[121.45496,72.97764]]}},{"type":"Feature","properties":{"name":"Red","scalerank":6,"na":0,"zb":"b3","len":7.35},"geometry":{"type":"LineString","coordinates":[[101.67212,25.18347],[102.1313,24.62007],[102.63585,24.09462],[103.33162,23.7836],[103.97775,23.39312],[104.55916,22.92231],[105.11742,22.42637],[105.69282,21.94772],[106.31824,21.52628],[106.7852,20.9526]]}},{"type":"Feature","properties":{"name":"Vilyuy","scalerank":6,"na":0,"zb":"b3","len":9.61},"geometry":{"type":"LineString","coordinates":[[125.13115,64.30663],[124.3595,64.34941],[123.5835,64.37533],[122.84514,64.26843],[122.08562,64.19132],[121.32486,64.11533],[120.60391,63.98702],[119.89613,63.85391],[119.12148,63.81173],[118.36707,63.7251],[117.67982,63.56342],[117.15931,63.3061],[116.8617,62.9815],[116.74615,62.62928],[116.83764,62.27201]]}},{"type":"Feature","properties":{"name":"Porcupine","scalerank":6,"na":1,"zb":"b3","len":11.62},"geometry":{"type":"LineString","coordinates":[[-139.06711,65.58803],[-138.63338,65.83862],[-138.14079,66.08452],[-137.71522,66.34826],[-137.33398,66.61972],[-137.06161,66.90769],[-136.98245,67.20905],[-137.16755,67.49934],[-137.62983,67.73562],[-138.3168,67.87196],[-139.08712,67.88289],[-139.83351,67.7979],[-140.58465,67.71777],[-141.33124,67.6316],[-142.05227,67.51841],[-142.73768,67.37537],[-143.43197,67.23802],[-144.14546,67.11543]]}},{"type":"Feature","properties":{"name":"Nelson","scalerank":6,"na":1,"zb":"b3","len":9.49},"geometry":{"type":"LineString","coordinates":[[-97.35206,50.92937],[-97.47587,51.40965],[-97.82971,51.83921],[-98.18925,52.26328],[-98.4398,52.71143],[-98.57693,53.17272],[-98.61167,53.63575],[-98.52636,54.09174],[-98.58406,54.54093],[-98.64303,54.98195],[-98.22804,55.35008],[-97.60967,55.61741],[-97.32754,56.01584],[-96.92772,56.38397]]}},{"type":"Feature","properties":{"name":"Don","scalerank":6,"na":0,"zb":"b3","len":7.39},"geometry":{"type":"LineString","coordinates":[[38.94895,54.2995],[39.38974,53.9074],[39.73635,53.48245],[39.80752,53.00726],[39.7266,52.52518],[39.86573,52.04603],[39.80994,51.55353],[40.27876,51.19814],[40.66117,50.75821],[41.04544,50.31769]]}},{"type":"Feature","properties":{"name":"Tanana","scalerank":6,"na":1,"zb":"b3","len":9.6},"geometry":{"type":"LineString","coordinates":[[-141.27057,61.97742],[-140.96208,62.30751],[-140.78984,62.65445],[-141.00858,62.99456],[-141.45646,63.28283],[-142.05014,63.50921],[-142.72375,63.68571],[-143.40131,63.85815],[-144.05964,64.04261],[-144.60433,64.28459],[-145.31475,64.42394],[-146.04397,64.54379],[-146.59388,64.7769],[-147.17723,64.9946],[-147.93286,65.05386]]}},{"type":"Feature","properties":{"name":"Kheta","scalerank":6,"na":0,"zb":"b3","len":9.08},"geometry":{"type":"LineString","coordinates":[[93.74945,70.61583],[93.55039,70.86187],[93.96922,71.07323],[94.7286,71.13932],[95.52535,71.12062],[96.32143,71.09656],[97.12005,71.0887],[97.65114,71.25582],[98.19909,71.44104],[98.85391,71.58615],[99.36437,71.77697],[100.02441,71.91609],[100.73958,72.02663],[101.47152,72.12567]]}},{"type":"Feature","properties":{"name":"Back","scalerank":6,"na":1,"zb":"b3","len":8.25},"geometry":{"type":"LineString","coordinates":[[-98.83248,65.72716],[-99.56645,65.61936],[-100.34113,65.58356],[-101.12222,65.58648],[-101.71377,65.44436],[-102.40935,65.30502],[-103.09317,65.15225],[-103.72642,64.96001],[-104.44689,64.83412],[-105.22162,64.80749],[-105.98427,64.87626],[-106.71274,64.99557]]}},{"type":"Feature","properties":{"name":"Kama","scalerank":6,"na":0,"zb":"b3","len":8.15},"geometry":{"type":"LineString","coordinates":[[48.8745,55.48884],[49.5551,55.69433],[50.29101,55.82331],[51.04979,55.90287],[51.70762,56.12065],[52.39566,56.31257],[53.15852,56.3568],[53.16632,56.7247],[53.47154,57.10439],[54.09445,57.34677],[54.69142,57.60128]]}},{"type":"Feature","properties":{"name":"Han","scalerank":6,"na":0,"zb":"b3","len":7.59},"geometry":{"type":"LineString","coordinates":[[106.16719,33.67106],[106.95284,33.7246],[107.74205,33.78535],[108.47882,33.55405],[109.14428,33.41241],[109.93321,33.50354],[110.72478,33.42498],[111.49536,33.25158],[112.12914,32.85736],[112.68697,32.38395],[113.07534,31.7969],[113.32301,31.14939]]}},{"type":"Feature","properties":{"name":"Koyukuk","scalerank":6,"na":1,"zb":"b3","len":10.32},"geometry":{"type":"LineString","coordinates":[[-150.0702,68.00335],[-150.07913,67.70464],[-150.05431,67.4016],[-150.2304,67.1027],[-150.59814,66.82767],[-151.07982,66.57812],[-151.68457,66.37313],[-152.38491,66.22287],[-153.11867,66.09903],[-153.71674,65.89391],[-154.28482,65.66772],[-155.0285,65.56263],[-155.69059,65.5054],[-156.24938,65.27666],[-157.01197,65.18914]]}},{"type":"Feature","properties":{"name":"Tom","scalerank":6,"na":0,"zb":"b3","len":7.37},"geometry":{"type":"LineString","coordinates":[[88.88718,54.08767],[88.1835,54.24485],[87.98862,54.69831],[87.75287,55.14001],[87.14895,55.43632],[86.53786,55.72142],[85.92453,56.01248],[85.5977,56.3762],[85.34632,56.79818]]}},{"type":"Feature","properties":{"name":"Anadyr","scalerank":6,"na":0,"zb":"b3","len":9.49},"geometry":{"type":"LineString","coordinates":[[170.54314,66.8117],[169.95647,66.60467],[169.41421,66.37801],[169.03016,66.10316],[168.65909,65.82688],[168.16738,65.57585],[167.95148,65.26425],[168.0606,64.93866],[168.48097,64.65986],[169.15468,64.49128],[169.92734,64.43735],[170.69749,64.49433],[171.32267,64.692],[171.86506,64.87184],[172.62581,64.94325],[173.27534,65.12865]]}},{"type":"Feature","properties":{"name":"Liard","scalerank":6,"na":1,"zb":"b3","len":8.79},"geometry":{"type":"LineString","coordinates":[[-131.8444,60.91672],[-131.27187,60.67971],[-130.72457,60.42673],[-130.17787,60.17143],[-129.62133,59.9195],[-129.02864,59.688],[-128.34223,59.54057],[-127.67932,59.41708],[-127.02987,59.22668],[-126.32763,59.09042],[-125.59151,59.01904],[-124.85451,59.07555],[-124.21174,59.24836],[-123.54349,59.40086]]}},{"type":"Feature","properties":{"name":"Albany","scalerank":6,"na":1,"zb":"b3","len":9.45},"geometry":{"type":"LineString","coordinates":[[-92.22075,50.89544],[-91.61408,50.61678],[-90.8567,50.59887],[-90.10738,50.67613],[-89.39944,50.85327],[-88.67431,50.9952],[-87.93407,50.8934],[-87.17658,50.871],[-86.46176,51.03044],[-85.81033,51.15699],[-85.2182,50.85804],[-84.48375,50.74764],[-83.75383,50.87674],[-83.09646,51.11946],[-82.53057,51.43683]]}},{"type":"Feature","properties":{"name":"Purus","scalerank":6,"na":0,"zb":"b3","len":8.85},"geometry":{"type":"LineString","coordinates":[[-72.39424,-11.58825],[-71.64293,-11.4738],[-70.97022,-11.1219],[-70.43138,-10.59667],[-69.99449,-9.98183],[-69.3056,-9.68995],[-68.58476,-9.72979],[-67.82775,-9.66496],[-67.12778,-9.37182],[-66.65646,-8.78913],[-66.22813,-8.32799],[-65.4707,-8.32064],[-64.76774,-8.02989]]}},{"type":"Feature","properties":{"name":"Pilcomayo River","scalerank":6,"na":0,"zb":"b3","len":11.61},"geometry":{"type":"LineString","coordinates":[[-67.07113,-18.9662],[-66.48141,-18.53502],[-65.73542,-18.4799],[-64.99052,-18.58324],[-64.3985,-19.02864],[-64.03394,-19.65979],[-63.65432,-20.28064],[-63.05953,-20.7166],[-62.45925,-21.14991],[-62.06887,-21.76065],[-61.56027,-22.28728],[-61.04979,-22.80733],[-60.42414,-23.20841],[-59.70948,-23.45482],[-59.03378,-23.78044],[-58.38095,-24.14313],[-57.69472,-24.44918],[-57.08726,-24.86033]]}},{"type":"Feature","properties":{"name":"Salado","scalerank":6,"na":0,"zb":"b3","len":9.52},"geometry":{"type":"LineString","coordinates":[[-64.80598,-24.50642],[-64.07608,-24.53915],[-63.49173,-24.93814],[-63.17548,-25.54714],[-63.0117,-26.20169],[-62.93561,-26.86623],[-62.79296,-27.51717],[-62.35414,-28.04747],[-61.95874,-28.60358],[-61.27957,-28.81494],[-60.63437,-29.14163],[-60.14133,-29.62519],[-59.91481,-30.23679],[-59.94174,-30.87652],[-60.06082,-31.49586]]}},{"type":"Feature","properties":{"name":"Okavango","scalerank":6,"na":0,"zb":"b3","len":10.83},"geometry":{"type":"LineString","coordinates":[[22.98291,-20.573],[22.53416,-20.04239],[22.02078,-19.52895],[21.51538,-19.0007],[20.86035,-18.73794],[20.1206,-18.60112],[19.36974,-18.5295],[18.62703,-18.40973],[18.01196,-18.0155],[17.55583,-17.44296],[17.16748,-16.82547],[16.86332,-16.16421],[16.28787,-15.69755],[15.89418,-15.08216],[15.57869,-14.42962],[15.62889,-13.70266]]}},{"type":"Feature","properties":{"name":"Chenab","scalerank":6,"na":0,"zb":"b3","len":9.56},"geometry":{"type":"LineString","coordinates":[[77.8374,32.83538],[77.19734,33.16205],[76.7169,33.63428],[76.05493,33.9176],[75.3445,33.81215],[74.61378,33.69762],[74.04849,33.29851],[73.43198,32.94308],[72.8235,32.5769],[72.24666,32.17623],[71.67965,31.76355],[71.30936,31.20961],[70.84742,30.70569],[70.50774,30.13238],[70.1729,29.56675]]}},{"type":"Feature","properties":{"name":"R. des Outaouais","scalerank":6,"na":1,"zb":"b3","len":3.09},"geometry":{"type":"LineString","coordinates":[[-79.36672,47.07019],[-78.47051,47.20345],[-77.63093,47.0836],[-76.72752,47.00637]]}},{"type":"Feature","properties":{"name":"Ottawa","scalerank":6,"na":1,"zb":"b3","len":6.75},"geometry":{"type":"LineString","coordinates":[[-80.22272,47.43036],[-80.00389,46.94257],[-79.71845,46.46724],[-79.28629,46.04579],[-78.63266,45.80217],[-77.90929,45.66895],[-77.28257,45.38828],[-76.71179,45.04902],[-75.99419,44.91537],[-75.25555,45.00054],[-74.52571,45.01826]]}},{"type":"Feature","properties":{"name":"Kem","scalerank":6,"na":0,"zb":"b3","len":3.0},"geometry":{"type":"LineString","coordinates":[[32.5721,65.05022],[32.90704,64.73139],[33.05669,64.38118],[33.06979,64.02122],[32.7709,63.68543],[32.0723,63.50395],[31.26823,63.56128]]}},{"type":"Feature","properties":{"name":"Mur","scalerank":6,"na":0,"zb":"b3","len":6.08},"geometry":{"type":"LineString","coordinates":[[13.70689,47.59858],[14.49266,47.733],[15.28952,47.79755],[15.96169,47.5137],[16.4299,47.09952],[17.13815,46.82975],[17.75768,46.46982],[18.51076,46.26016],[19.25999,46.04184]]}},{"type":"Feature","properties":{"name":"Suez Canal","scalerank":6,"na":0,"zb":"b3","len":1.55},"geometry":{"type":"LineString","coordinates":[[33.08184,31.23943],[33.13752,30.60845],[33.32414,29.9872]]}},{"type":"Feature","properties":{"name":"Ismailiya Canal","scalerank":6,"na":0,"zb":"b3","len":1.24},"geometry":{"type":"LineString","coordinates":[[32.16132,31.2323],[31.34316,31.03746],[30.68967,30.57345]]}},{"type":"Feature","properties":{"name":"Great Bear","scalerank":6,"na":0,"zb":"b3","len":1.81},"geometry":{"type":"LineString","coordinates":[[169.53284,-45.34742],[169.62167,-46.04158],[169.49072,-46.72195]]}},{"type":"Feature","properties":{"name":"Waitaki","scalerank":6,"na":0,"zb":"b3","len":1.65},"geometry":{"type":"LineString","coordinates":[[169.83575,-43.75272],[169.53953,-44.39509],[169.89578,-45.01294],[170.67119,-45.39385]]}},{"type":"Feature","properties":{"name":"Ishikari","scalerank":6,"na":0,"zb":"b3","len":2.07},"geometry":{"type":"LineString","coordinates":[[143.50741,44.14382],[142.62234,44.39475],[141.71795,44.16736],[140.99155,43.71999]]}},{"type":"Feature","properties":{"name":"Kayan","scalerank":6,"na":0,"zb":"b3","len":3.16},"geometry":{"type":"LineString","coordinates":[[114.37907,2.41467],[115.10623,2.69885],[115.82266,2.97316],[116.44808,3.43865],[117.21022,3.59649]]}},{"type":"Feature","properties":{"name":"Barito","scalerank":6,"na":0,"zb":"b3","len":4.78},"geometry":{"type":"LineString","coordinates":[[115.50727,0.20824],[115.56825,-0.48606],[115.64761,-1.32394],[115.63527,-2.17451],[115.52349,-3.01575],[115.16613,-3.78234]]}},{"type":"Feature","properties":{"name":"Purari","scalerank":6,"na":0,"zb":"b3","len":2.96},"geometry":{"type":"LineString","coordinates":[[142.79006,-6.22399],[143.28131,-6.97804],[144.1006,-7.32065],[144.4586,-8.0239]]}},{"type":"Feature","properties":{"name":"Batang Indragiri","scalerank":6,"na":0,"zb":"b3","len":2.89},"geometry":{"type":"LineString","coordinates":[[100.39366,-1.30768],[101.19565,-1.39598],[101.99566,-1.28434],[102.79947,-1.23591],[103.594,-1.09686]]}},{"type":"Feature","properties":{"name":"Po","scalerank":6,"na":0,"zb":"b3","len":5.69},"geometry":{"type":"LineString","coordinates":[[7.34022,44.18995],[8.01137,44.44774],[8.69432,44.54827],[9.46048,44.59612],[10.20472,44.4733],[10.96248,44.48956],[11.72664,44.46057],[12.49514,44.42916]]}},{"type":"Feature","properties":{"name":"Semliki","scalerank":6,"na":0,"zb":"b3","len":4.46},"geometry":{"type":"LineString","coordinates":[[29.67645,-1.94127],[28.99029,-1.66993],[28.65795,-1.02313],[28.75936,-0.28696],[28.82869,0.45239],[29.14058,1.12057],[29.70241,1.61045],[30.27113,2.09275],[30.7634,2.65288]]}},{"type":"Feature","properties":{"name":"Koukourou","scalerank":6,"na":0,"zb":"b3","len":1.43},"geometry":{"type":"LineString","coordinates":[[21.35589,6.71639],[20.58104,6.35894],[19.74626,6.51278],[19.12311,7.09013]]}},{"type":"Feature","properties":{"name":"Chari","scalerank":6,"na":0,"zb":"b3","len":7.88},"geometry":{"type":"LineString","coordinates":[[13.80199,11.82605],[14.48136,11.46232],[14.82868,10.82648],[15.35929,10.2797],[16.04658,9.93248],[16.79368,9.76561],[17.29103,9.18065],[17.86077,8.66354],[18.41986,8.14952],[18.74784,7.45541],[19.29598,6.9225]]}},{"type":"Feature","properties":{"name":"Panama Canal","scalerank":6,"na":1,"zb":"b3","len":0.59},"geometry":{"type":"LineString","coordinates":[[-78.95901,9.39185],[-79.23219,9.68501]]}},{"type":"Feature","properties":{"name":"Dal\u00e4lven","scalerank":6,"na":0,"zb":"b3","len":7.51},"geometry":{"type":"LineString","coordinates":[[18.20753,60.58734],[17.90964,60.25073],[17.32976,60.00338],[16.69025,59.79691],[15.9471,59.83444],[15.42264,60.10829],[14.80753,60.33373],[14.24168,60.5852],[13.74887,60.87093],[13.21704,61.1375],[12.6763,61.39758],[12.11456,61.6452],[11.56357,61.8962]]}},{"type":"Feature","properties":{"name":"Jordan","scalerank":6,"na":0,"zb":"b3","len":2.88},"geometry":{"type":"LineString","coordinates":[[34.6578,31.36168],[34.80739,32.0411],[34.82012,32.72816],[34.93195,33.40374],[35.28525,34.00403]]}},{"type":"Feature","properties":{"name":"Great Bear","scalerank":6,"na":1,"zb":"b3","len":8.46},"geometry":{"type":"LineString","coordinates":[[-102.92115,58.67645],[-103.26912,59.05016],[-103.8879,59.30542],[-104.61545,59.47448],[-105.39378,59.55423],[-106.16156,59.66793],[-106.96131,59.71139],[-107.76516,59.72157],[-108.56781,59.69634],[-109.35622,59.6178],[-110.09922,59.46275],[-110.78457,59.24858],[-111.44657,59.0141]]}},{"type":"Feature","properties":{"name":"Dniester","scalerank":6,"na":0,"zb":"b3","len":9.97},"geometry":{"type":"LineString","coordinates":[[31.11614,46.38942],[30.64803,46.798],[30.11556,47.16637],[29.77727,47.61848],[29.53772,48.09918],[29.01713,48.45946],[28.39182,48.74351],[27.72176,48.9738],[26.97356,49.02982],[26.24088,49.12515],[25.56331,49.3476],[24.91195,49.60023],[24.25971,49.85043],[23.54364,50.00224],[22.81458,49.89647],[22.25241,49.57387]]}},{"type":"Feature","properties":{"name":"Grande de Santiago","scalerank":6,"na":1,"zb":"b3","len":3.46},"geometry":{"type":"LineString","coordinates":[[-102.01415,20.26311],[-102.39852,20.90399],[-102.91292,21.48103],[-103.63846,21.77348],[-104.22991,22.27566],[-104.99637,22.49033],[-105.77221,22.31246]]}},{"type":"Feature","properties":{"name":"Great Bear","scalerank":6,"na":1,"zb":"b3","len":4.71},"geometry":{"type":"LineString","coordinates":[[-136.24856,61.17738],[-136.48508,60.77549],[-137.09805,60.48058],[-137.20727,60.05478],[-137.11929,59.62102],[-137.38554,59.20906],[-137.98518,58.88644]]}},{"type":"Feature","properties":{"name":"Kuskokwim","scalerank":6,"na":1,"zb":"b3","len":9.8},"geometry":{"type":"LineString","coordinates":[[-154.88768,63.4117],[-155.62585,63.31175],[-156.17345,63.07164],[-156.47536,62.74811],[-156.73271,62.41206],[-157.09078,62.11906],[-157.85375,62.17775],[-158.5882,62.08453],[-159.2578,61.94341],[-160.02411,61.89538],[-160.74619,61.7707],[-161.30081,61.51771],[-161.75948,61.21979],[-162.3699,60.99154]]}},{"type":"Feature","properties":{"name":"North Fork Kuskokwim River","scalerank":6,"na":1,"zb":"b3","len":4.27},"geometry":{"type":"LineString","coordinates":[[-151.75555,63.9724],[-152.17216,63.69639],[-152.66244,63.44153],[-153.17864,63.19478],[-153.73283,62.96362],[-154.36034,62.77474]]}},{"type":"Feature","properties":{"name":"Copper","scalerank":6,"na":1,"zb":"b3","len":5.6},"geometry":{"type":"LineString","coordinates":[[-143.15194,62.73347],[-143.83236,62.94115],[-144.64272,62.92671],[-145.33704,62.72523],[-145.90191,62.44956],[-146.07999,62.08376],[-145.74583,61.73178],[-145.47046,61.40262],[-145.55852,61.00951],[-145.44023,60.61053]]}},{"type":"Feature","properties":{"name":"Susitna","scalerank":6,"na":1,"zb":"b3","len":6.42},"geometry":{"type":"LineString","coordinates":[[-146.34361,62.81583],[-147.03308,62.97251],[-147.7486,63.10076],[-148.50741,63.15688],[-149.27596,63.14963],[-150.01306,63.05428],[-150.56454,62.81786],[-150.83161,62.48753],[-150.91073,62.13155],[-151.03489,61.77433],[-151.28281,61.42743]]}},{"type":"Feature","properties":{"name":"Genale","scalerank":6,"na":0,"zb":"b3","len":4.47},"geometry":{"type":"LineString","coordinates":[[38.07243,6.31832],[38.47617,5.67904],[39.05245,5.18238],[39.68147,4.76122],[40.43462,4.69078],[40.95779,4.37745],[41.4341,3.78398]]}},{"type":"Feature","properties":{"name":"Yarkand","scalerank":6,"na":0,"zb":"b3","len":9.92},"geometry":{"type":"LineString","coordinates":[[78.12675,35.14398],[78.41284,35.72921],[78.2582,36.35164],[77.76284,36.83325],[77.01655,37.01859],[77.08737,37.41455],[77.70117,37.80042],[78.07782,38.34432],[78.47964,38.86481],[79.20251,39.10356],[79.92323,39.35268],[80.60776,39.65675],[81.28254,39.97237]]}},{"type":"Feature","properties":{"name":"Churchill","scalerank":6,"na":1,"zb":"b3","len":5.49},"geometry":{"type":"LineString","coordinates":[[-60.6417,53.69091],[-61.38374,53.5016],[-62.10778,53.5339],[-62.87144,53.68759],[-63.62673,53.85562],[-64.41227,53.93428],[-65.13381,53.73556],[-65.43772,53.3032],[-65.37117,52.82046]]}},{"type":"Feature","properties":{"name":"Liao","scalerank":6,"na":0,"zb":"b3","len":4.33},"geometry":{"type":"LineString","coordinates":[[122.79538,43.47562],[122.81567,42.92487],[122.59556,42.46578],[122.17886,42.00179],[121.88441,41.48239],[121.4985,40.99404]]}},{"type":"Feature","properties":{"name":"Yuan","scalerank":6,"na":0,"zb":"b3","len":7.77},"geometry":{"type":"LineString","coordinates":[[112.49961,29.83252],[111.92081,29.64639],[111.18212,29.52293],[110.46376,29.31999],[109.85489,28.92878],[109.47933,28.35267],[109.3893,27.7523],[108.80142,27.36662],[108.04689,27.36706],[107.41335,27.0101]]}},{"type":"Feature","properties":{"name":"Rupert","scalerank":6,"na":1,"zb":"b3","len":5.36},"geometry":{"type":"LineString","coordinates":[[-78.56432,51.95584],[-77.83241,51.86261],[-77.0869,51.87073],[-76.34673,51.89028],[-75.61251,51.97345],[-74.88358,51.89615],[-74.14216,51.83715],[-73.45187,51.67206],[-72.98416,51.31498]]}},{"type":"Feature","properties":{"name":"San Joaquin","scalerank":6,"na":1,"zb":"b3","len":3.79},"geometry":{"type":"LineString","coordinates":[[-122.16796,37.73784],[-121.73804,37.22437],[-121.24318,36.74587],[-120.61061,36.39092],[-119.84725,36.34665],[-119.14495,36.5848]]}},{"type":"Feature","properties":{"name":"Chattahoochee","scalerank":6,"na":1,"zb":"b3","len":6.45},"geometry":{"type":"LineString","coordinates":[[-84.49459,34.81756],[-84.94027,34.34763],[-85.45298,33.89317],[-85.79973,33.3422],[-85.86312,32.71777],[-85.80727,32.09871],[-85.80294,31.46093],[-85.70255,30.8233],[-85.82572,30.19356],[-85.69552,29.55504]]}},{"type":"Feature","properties":{"name":"Alabama","scalerank":6,"na":1,"zb":"b3","len":5.66},"geometry":{"type":"LineString","coordinates":[[-85.31408,34.87471],[-86.07785,34.70179],[-86.60797,34.21249],[-87.03267,33.65059],[-87.25963,33.01417],[-87.82846,32.63137],[-88.20871,32.04439],[-88.56073,31.44026],[-88.76294,30.78228]]}},{"type":"Feature","properties":{"name":"Tugaloo","scalerank":6,"na":1,"zb":"b3","len":0.68},"geometry":{"type":"LineString","coordinates":[[-82.34049,34.85084],[-82.91907,35.21674]]}},{"type":"Feature","properties":{"name":"Chattooga","scalerank":6,"na":1,"zb":"b3","len":0.51},"geometry":{"type":"LineString","coordinates":[[-84.06213,34.93503],[-83.77722,35.38661]]}},{"type":"Feature","properties":{"name":"Savannah","scalerank":6,"na":1,"zb":"b3","len":3.42},"geometry":{"type":"LineString","coordinates":[[-83.48495,34.0662],[-83.01131,33.46219],[-82.44881,32.9068],[-81.96961,32.29811],[-81.50523,31.6744]]}},{"type":"Feature","properties":{"name":"Rh\u00f4ne","scalerank":6,"na":0,"zb":"b3","len":7.16},"geometry":{"type":"LineString","coordinates":[[7.90782,46.94632],[7.21217,46.84112],[6.45381,46.85119],[5.76444,46.60943],[5.16014,46.32382],[4.46157,46.11044],[4.11869,45.63458],[4.08479,45.08947],[3.99902,44.54236],[4.03986,43.98653],[4.02928,43.42472]]}},{"type":"Feature","properties":{"name":"Vuoksa","scalerank":6,"na":0,"zb":"b3","len":3.38},"geometry":{"type":"LineString","coordinates":[[30.90218,59.95569],[30.20617,60.23708],[29.35756,60.39004],[28.65772,60.67149],[28.12428,61.02659]]}},{"type":"Feature","properties":{"name":"Ord","scalerank":6,"na":0,"zb":"b3","len":3.69},"geometry":{"type":"LineString","coordinates":[[128.72867,-14.7265],[129.32534,-15.32521],[129.49351,-16.13408],[129.55017,-16.96152],[129.40278,-17.75848],[128.75075,-18.27935],[127.90586,-18.27404]]}},{"type":"Feature","properties":{"name":"Coppermine","scalerank":6,"na":1,"zb":"b3","len":10.55},"geometry":{"type":"LineString","coordinates":[[-115.76816,67.97538],[-116.17962,67.73814],[-116.56411,67.49221],[-116.80999,67.21966],[-116.76557,66.93021],[-116.41973,66.67027],[-115.84193,66.48134],[-115.37584,66.25323],[-115.15225,65.96298],[-114.96701,65.66442],[-114.69514,65.37498],[-114.225,65.13248],[-113.56344,64.98491],[-113.02837,64.8071],[-112.66581,64.52718],[-112.0695,64.33466],[-111.3395,64.25973]]}},{"type":"Feature","properties":{"name":"Atbarah","scalerank":6,"na":0,"zb":"b3","len":3.92},"geometry":{"type":"LineString","coordinates":[[36.6511,14.55547],[36.58946,15.30609],[36.3702,16.03088],[36.0285,16.70586],[35.58703,17.32447],[35.0275,17.84615],[34.3937,18.28501]]}},{"type":"Feature","properties":{"name":"Biya","scalerank":6,"na":0,"zb":"b3","len":3.87},"geometry":{"type":"LineString","coordinates":[[88.41463,51.59848],[88.02358,52.06803],[87.64776,52.53644],[87.04231,52.89787],[86.24025,53.06041],[85.39057,53.01941],[84.61814,52.80958]]}},{"type":"Feature","properties":{"name":"Rainy","scalerank":6,"na":1,"zb":"b3","len":4.66},"geometry":{"type":"LineString","coordinates":[[-95.05693,48.41634],[-94.32084,48.17265],[-93.52994,48.04276],[-92.73852,48.17766],[-91.93646,48.29803],[-91.13033,48.38761],[-90.43266,48.66822],[-89.86808,49.05831]]}},{"type":"Feature","properties":{"name":"Winnipeg","scalerank":6,"na":1,"zb":"b3","len":4.81},"geometry":{"type":"LineString","coordinates":[[-95.89581,51.16019],[-95.47004,50.78245],[-94.76023,50.65535],[-94.18835,50.35086],[-93.85773,49.92605],[-93.87706,49.44551],[-93.97601,48.98205]]}},{"type":"Feature","properties":{"name":"South Saskatchewan","scalerank":6,"na":1,"zb":"b3","len":15.82},"geometry":{"type":"LineString","coordinates":[[-104.6661,52.85254],[-105.31899,52.60208],[-105.66418,52.18784],[-106.00836,51.76149],[-106.05048,51.32634],[-106.1194,50.85443],[-106.5766,50.46355],[-107.25818,50.2406],[-108.02512,50.22015],[-108.75338,50.37956],[-109.47811,50.45613],[-109.95844,50.07747],[-110.41521,49.68495],[-111.12985,49.50787],[-111.8833,49.58275],[-112.49874,49.87988],[-113.02629,50.24098],[-113.76227,50.37154],[-114.47435,50.55447],[-115.18589,50.65864],[-115.92,50.7996],[-116.56227,51.06896],[-117.07434,51.42652]]}},{"type":"Feature","properties":{"name":"White Volta","scalerank":6,"na":0,"zb":"b3","len":6.7},"geometry":{"type":"LineString","coordinates":[[-2.83884,13.95094],[-2.83499,13.14849],[-2.39652,12.48944],[-1.7756,12.06162],[-1.41779,11.3318],[-1.66215,10.69867],[-1.92812,9.94997],[-1.97508,9.15685],[-1.68212,8.3916]]}},{"type":"Feature","properties":{"name":"Kemijoki","scalerank":6,"na":0,"zb":"b3","len":8.05},"geometry":{"type":"LineString","coordinates":[[29.52778,68.15468],[29.53649,67.86168],[29.29005,67.57788],[28.95175,67.30413],[28.59639,67.03041],[28.25034,66.75189],[28.08411,66.44749],[27.72037,66.17535],[26.98545,66.08231],[26.20517,66.12977],[25.7086,65.91341],[25.21336,65.6611]]}},{"type":"Feature","properties":{"name":"Mah\u00e4na Nad\u00ef","scalerank":6,"na":0,"zb":"b3","len":6.94},"geometry":{"type":"LineString","coordinates":[[86.7847,20.55316],[86.20829,20.99819],[85.47678,21.10187],[84.79245,21.36333],[84.42196,21.92357],[83.79744,22.28031],[83.05925,22.4031],[82.31504,22.48794],[81.57811,22.43503],[80.96593,22.04042],[80.49096,21.50054],[79.98836,20.98421]]}},{"type":"Feature","properties":{"name":"Pit","scalerank":6,"na":1,"zb":"b3","len":2.5},"geometry":{"type":"LineString","coordinates":[[-122.29623,40.18904],[-121.50298,40.42119],[-120.69628,40.62353],[-120.10161,41.08279],[-119.67794,41.63146]]}},{"type":"Feature","properties":{"name":"Sassandra","scalerank":6,"na":0,"zb":"b3","len":5.09},"geometry":{"type":"LineString","coordinates":[[-7.91848,9.81866],[-7.99093,9.02852],[-7.90689,8.23718],[-7.82248,7.44403],[-7.78358,6.64587],[-7.58882,5.87466],[-7.15418,5.20218],[-6.69804,4.54126]]}},{"type":"Feature","properties":{"name":"Waikato","scalerank":6,"na":0,"zb":"b3","len":3.06},"geometry":{"type":"LineString","coordinates":[[176.43444,-39.31518],[176.88433,-38.8112],[176.84849,-38.21218],[176.299,-37.79002],[175.82988,-37.28644],[175.33099,-36.80874],[174.56368,-36.75595]]}},{"type":"Feature","properties":{"name":"Vorma","scalerank":6,"na":0,"zb":"b3","len":3.0},"geometry":{"type":"LineString","coordinates":[[11.40743,60.73905],[10.95759,60.42539],[10.57178,60.09053],[10.42132,59.71343],[10.25958,59.33698]]}},{"type":"Feature","properties":{"name":"Gan","scalerank":6,"na":0,"zb":"b3","len":6.23},"geometry":{"type":"LineString","coordinates":[[116.90266,29.50808],[116.66109,28.81018],[116.41429,28.10902],[116.00613,27.46315],[115.71221,26.76928],[115.75433,26.0717],[115.73535,25.32764],[115.39518,24.63757],[114.79958,24.11302]]}},{"type":"Feature","properties":{"name":"Krishna","scalerank":6,"na":0,"zb":"b3","len":8.76},"geometry":{"type":"LineString","coordinates":[[74.38844,18.44244],[74.78954,17.83192],[75.23374,17.30015],[75.96281,17.10143],[76.66736,17.1632],[77.41433,17.14105],[78.12133,16.87995],[78.72372,17.00838],[79.40989,17.30518],[80.16674,17.33691],[80.87743,17.09392],[81.41256,16.58796],[81.61516,15.88943]]}},{"type":"Feature","properties":{"name":"Skeena","scalerank":6,"na":1,"zb":"b3","len":6.42},"geometry":{"type":"LineString","coordinates":[[-127.99667,57.34791],[-127.4897,57.03046],[-127.01149,56.69792],[-126.81287,56.29211],[-127.03505,55.90127],[-126.95457,55.46768],[-127.13531,55.0427],[-127.65299,54.71573],[-127.98902,54.31593],[-128.59655,54.03874],[-129.28686,53.83175]]}},{"type":"Feature","properties":{"name":"Kwango","scalerank":6,"na":0,"zb":"b3","len":8.94},"geometry":{"type":"LineString","coordinates":[[18.05774,-11.42486],[17.8373,-10.69813],[17.75703,-9.95459],[17.32699,-9.32636],[16.99533,-8.63984],[16.57583,-7.9972],[16.23441,-7.31086],[15.99756,-6.5807],[15.85122,-5.82638],[15.78691,-5.05967],[15.85024,-4.29415],[16.2087,-3.62188],[16.61747,-3.02442]]}},{"type":"Feature","properties":{"name":"Kafue","scalerank":6,"na":0,"zb":"b3","len":8.68},"geometry":{"type":"LineString","coordinates":[[26.44743,-11.88964],[26.77154,-12.55782],[27.12456,-13.0819],[26.72162,-13.6902],[26.0311,-13.98025],[25.47239,-14.47079],[25.21465,-15.14979],[25.32326,-15.8675],[25.81798,-16.39252],[26.56249,-16.43709],[27.31146,-16.35561],[28.05691,-16.48754],[28.79435,-16.65771]]}},{"type":"Feature","properties":{"name":"Jequitinhonha","scalerank":6,"na":0,"zb":"b3","len":5.95},"geometry":{"type":"LineString","coordinates":[[-44.13597,-18.49766],[-44.35641,-17.76521],[-44.09882,-17.06798],[-43.48946,-16.57318],[-42.86845,-16.08941],[-42.08683,-15.9529],[-41.32259,-15.7236],[-40.58988,-15.4112],[-39.80398,-15.2512],[-39.01171,-15.12116]]}},{"type":"Feature","properties":{"name":"Chubut","scalerank":6,"na":0,"zb":"b3","len":7.73},"geometry":{"type":"LineString","coordinates":[[-65.01905,-43.88231],[-65.73343,-44.03214],[-66.42325,-44.2697],[-67.18814,-44.28816],[-67.95769,-44.30604],[-68.72643,-44.30221],[-69.41723,-44.07662],[-69.8579,-43.62356],[-70.2147,-43.60736],[-70.7422,-44.00691]]}},{"type":"Feature","properties":{"name":"Mendoza","scalerank":6,"na":0,"zb":"b3","len":1.49},"geometry":{"type":"LineString","coordinates":[[-70.26138,-32.86867],[-69.45954,-32.76763],[-69.01188,-32.18998],[-68.71509,-31.52587]]}},{"type":"Feature","properties":{"name":"Branco","scalerank":6,"na":0,"zb":"b3","len":8.94},"geometry":{"type":"LineString","coordinates":[[-64.53755,2.89153],[-64.44215,3.63928],[-64.0386,4.25874],[-63.31715,4.41699],[-62.63053,4.1241],[-61.94063,4.01684],[-61.1961,4.14765],[-60.44907,4.10068],[-59.90566,3.60609],[-59.87889,2.86515],[-60.11084,2.14657],[-60.38836,1.44348],[-60.68139,0.7465],[-60.97725,0.05128],[-61.06286,-0.69871],[-61.12493,-1.45224]]}},{"type":"Feature","properties":{"name":"Meta","scalerank":6,"na":0,"zb":"b3","len":7.55},"geometry":{"type":"LineString","coordinates":[[-74.62707,4.59516],[-74.46375,3.84591],[-73.87915,3.36778],[-73.11892,3.2527],[-72.41674,3.54085],[-71.68835,3.77126],[-70.99214,4.105],[-70.38454,4.57886],[-69.76117,5.02864],[-69.10751,5.37564],[-68.33647,5.43381],[-67.57265,5.46257]]}},{"type":"Feature","properties":{"name":"Madre de Dios","scalerank":6,"na":0,"zb":"b3","len":8.09},"geometry":{"type":"LineString","coordinates":[[-71.57413,-12.64504],[-70.94639,-13.0561],[-70.24341,-13.32201],[-69.4893,-13.36225],[-68.74127,-13.25558],[-68.0485,-12.9779],[-67.50373,-12.4659],[-66.88023,-12.07328],[-66.17769,-11.79939],[-65.52404,-11.4277],[-64.92359,-10.97594]]}},{"type":"Feature","properties":{"name":"Paraiba","scalerank":6,"na":0,"zb":"b3","len":6.45},"geometry":{"type":"LineString","coordinates":[[-44.64959,-23.64126],[-45.37232,-23.97069],[-46.17056,-23.99855],[-46.70695,-23.4838],[-46.5217,-22.79055],[-45.88599,-22.33009],[-45.17456,-21.97456],[-44.38687,-21.81159],[-43.63669,-21.53952],[-42.90681,-21.2122],[-42.1526,-20.94359],[-41.34616,-20.97243]]}},{"type":"Feature","properties":{"name":"Lom","scalerank":6,"na":0,"zb":"b3","len":2.41},"geometry":{"type":"LineString","coordinates":[[15.40518,6.53205],[15.00614,5.69841],[14.41322,4.97624],[13.67753,4.41428]]}},{"type":"Feature","properties":{"name":"Tshuapa","scalerank":6,"na":0,"zb":"b3","len":7.85},"geometry":{"type":"LineString","coordinates":[[25.30005,-2.89849],[24.99522,-2.19063],[24.69572,-1.48127],[24.29324,-0.83209],[23.61639,-0.47821],[22.91102,-0.16735],[22.20741,0.14896],[21.47918,0.40324],[20.72198,0.51485],[19.95794,0.6151],[19.18756,0.58221],[18.44635,0.77497]]}},{"type":"Feature","properties":{"name":"Omo","scalerank":6,"na":0,"zb":"b3","len":5.76},"geometry":{"type":"LineString","coordinates":[[36.36504,8.79421],[36.71584,8.04657],[36.52584,7.37142],[35.79436,6.96322],[35.30503,6.29239],[35.20638,5.46688],[35.29611,4.65959]]}},{"type":"Feature","properties":{"name":"Mananantanana","scalerank":6,"na":0,"zb":"b3","len":1.81},"geometry":{"type":"LineString","coordinates":[[47.65581,-21.47238],[47.0408,-20.91624],[46.26677,-20.60758],[45.42922,-20.75206]]}},{"type":"Feature","properties":{"name":"Ouham","scalerank":6,"na":0,"zb":"b3","len":5.66},"geometry":{"type":"LineString","coordinates":[[15.17818,5.72139],[15.96594,5.56534],[16.73056,5.76166],[17.52419,5.76145],[18.25693,6.05769],[18.73939,6.69259],[18.86708,7.46215],[18.50643,8.13522],[18.83089,8.85237]]}},{"type":"Feature","properties":{"name":"Kade\u00ef","scalerank":6,"na":0,"zb":"b3","len":5.32},"geometry":{"type":"LineString","coordinates":[[15.37549,5.8651],[15.26937,5.12821],[15.57309,4.66837],[16.22245,4.29154],[16.73568,3.74968],[16.96002,3.04017],[16.91394,2.29718],[16.84908,1.54933]]}},{"type":"Feature","properties":{"name":"Ruvuma","scalerank":6,"na":0,"zb":"b3","len":6.29},"geometry":{"type":"LineString","coordinates":[[35.46267,-10.07307],[34.78549,-10.35788],[34.52064,-11.02695],[34.72469,-11.72834],[35.26822,-12.21353],[36.00109,-12.30157],[36.73761,-12.39398],[37.48149,-12.36824],[38.16799,-12.09875],[38.90965,-12.01291],[39.61696,-11.76816],[40.29979,-11.46344],[40.92399,-11.05661]]}},{"type":"Feature","properties":{"name":"Thames","scalerank":6,"na":0,"zb":"b3","len":2.49},"geometry":{"type":"LineString","coordinates":[[-2.02591,52.15376],[-1.17965,52.1029],[-0.35417,51.97127],[0.49718,51.9336]]}},{"type":"Feature","properties":{"name":"Ari\u00e8ge","scalerank":6,"na":0,"zb":"b3","len":1.82},"geometry":{"type":"LineString","coordinates":[[1.16715,42.32878],[0.78708,43.01744],[0.49348,43.72319]]}},{"type":"Feature","properties":{"name":"Garonne","scalerank":6,"na":0,"zb":"b3","len":2.42},"geometry":{"type":"LineString","coordinates":[[1.68475,44.31129],[0.886,44.7459],[0.15628,45.19869]]}},{"type":"Feature","properties":{"name":"Douro","scalerank":6,"na":0,"zb":"b3","len":6.88},"geometry":{"type":"LineString","coordinates":[[-3.5057,42.1933],[-4.26541,42.1776],[-5.01749,42.08856],[-5.7769,42.07366],[-6.52352,41.98551],[-7.18446,41.70649],[-7.93945,41.73579],[-8.70084,41.72285]]}},{"type":"Feature","properties":{"name":"Helmand","scalerank":6,"na":0,"zb":"b3","len":9.71},"geometry":{"type":"LineString","coordinates":[[68.67791,33.96438],[67.96507,33.72458],[67.3723,33.32259],[66.76979,32.92211],[66.24691,32.44677],[65.75465,31.94523],[65.24048,31.45716],[64.89737,30.87091],[64.47591,30.32069],[63.85423,29.93159],[63.1414,29.67979],[62.38221,29.58995],[61.67503,29.82832],[61.20071,30.3474],[60.90201,30.95836]]}},{"type":"Feature","properties":{"name":"Yamuna","scalerank":6,"na":0,"zb":"b3","len":9.32},"geometry":{"type":"LineString","coordinates":[[77.87623,31.42884],[77.3056,30.98665],[76.8323,30.46436],[76.48744,29.87104],[76.40811,29.20742],[76.55471,28.54586],[76.77981,27.89625],[77.078,27.26754],[77.56167,26.73622],[78.20417,26.35865],[78.8087,25.93502],[79.44556,25.54482],[80.12966,25.22484],[80.80588,24.89629],[81.51226,24.63764],[82.25003,24.8037]]}},{"type":"Feature","properties":{"name":"Narmada","scalerank":6,"na":0,"zb":"b3","len":9.08},"geometry":{"type":"LineString","coordinates":[[81.88148,23.39193],[81.14342,23.65761],[80.36602,23.61669],[79.61687,23.76398],[78.82476,23.72869],[78.04164,23.61307],[77.29358,23.37108],[76.56225,23.08715],[75.79001,22.92042],[75.00726,22.79734],[74.22451,22.67413],[73.4388,22.63914],[72.7161,22.34997]]}},{"type":"Feature","properties":{"name":"Dadu","scalerank":6,"na":0,"zb":"b3","len":6.8},"geometry":{"type":"LineString","coordinates":[[99.55904,32.53439],[100.11275,32.08416],[100.50959,31.52744],[101.17175,31.2163],[101.24274,30.5724],[101.44465,29.932],[101.57506,29.27397],[102.04026,28.76058],[102.79248,28.67502],[103.55814,28.70827],[104.21714,29.03786]]}},{"type":"Feature","properties":{"name":"Xar Moron","scalerank":6,"na":0,"zb":"b3","len":4.11},"geometry":{"type":"LineString","coordinates":[[116.45028,42.60417],[116.58019,43.21794],[117.25217,43.59028],[118.07007,43.77346],[118.92565,43.81705],[119.78157,43.86119],[120.62841,43.96385]]}},{"type":"Feature","properties":{"name":"Kapuas","scalerank":6,"na":0,"zb":"b3","len":4.67},"geometry":{"type":"LineString","coordinates":[[114.00733,0.67105],[113.35825,0.23551],[112.60737,-0.01011],[111.93269,-0.40934],[111.18607,-0.66035],[110.41073,-0.81233],[109.66061,-1.04708],[108.89281,-0.89934]]}},{"type":"Feature","properties":{"name":"Katherine","scalerank":6,"na":0,"zb":"b3","len":2.03},"geometry":{"type":"LineString","coordinates":[[133.88494,-13.40489],[133.6148,-14.22238],[132.99765,-14.84084],[132.25607,-15.32069]]}},{"type":"Feature","properties":{"name":"Taritatu","scalerank":6,"na":0,"zb":"b3","len":1.68},"geometry":{"type":"LineString","coordinates":[[140.11928,-4.44724],[139.21979,-4.2207],[138.36374,-3.86811]]}},{"type":"Feature","properties":{"name":"Mitchell","scalerank":6,"na":0,"zb":"b3","len":2.36},"geometry":{"type":"LineString","coordinates":[[143.23229,-17.17421],[142.50793,-16.8584],[141.84958,-16.42848],[141.30752,-15.87694]]}},{"type":"Feature","properties":{"name":"Kamchatka","scalerank":6,"na":0,"zb":"b3","len":6.94},"geometry":{"type":"LineString","coordinates":[[157.71744,54.72746],[158.16293,55.08128],[158.5586,55.45088],[158.91329,55.81491],[159.1292,56.21904],[159.59768,56.54763],[160.26769,56.7347],[161.02305,56.75456],[161.77611,56.69855],[162.53155,56.65299]]}},{"type":"Feature","properties":{"name":"Coco","scalerank":6,"na":1,"zb":"b3","len":4.31},"geometry":{"type":"LineString","coordinates":[[-87.1422,14.09801],[-86.41815,14.32022],[-85.84607,14.77766],[-85.33602,15.31353],[-84.59556,15.41735],[-83.86273,15.62285],[-83.11202,15.72328]]}},{"type":"Feature","properties":{"name":"Double Mountain Fork Brazos","scalerank":6,"na":1,"zb":"b3","len":1.39},"geometry":{"type":"LineString","coordinates":[[-102.10621,33.02333],[-100.88202,32.35212]]}},{"type":"Feature","properties":{"name":"Finlay","scalerank":6,"na":1,"zb":"b3","len":3.78},"geometry":{"type":"LineString","coordinates":[[-127.62425,57.16939],[-127.21361,57.55198],[-126.65468,57.86913],[-125.85936,57.92026],[-125.17294,57.6835],[-124.62994,57.34956],[-124.1863,56.97132]]}},{"type":"Feature","properties":{"name":"Verde","scalerank":6,"na":1,"zb":"b3","len":1.95},"geometry":{"type":"LineString","coordinates":[[-100.75992,21.52795],[-100.03848,21.07876],[-99.18374,21.01586],[-98.37251,21.30567]]}},{"type":"Feature","properties":{"name":"Potomac","scalerank":6,"na":1,"zb":"b3","len":3.69},"geometry":{"type":"LineString","coordinates":[[-80.19834,38.7479],[-79.74005,39.26696],[-79.26138,39.77099],[-78.63581,40.14966],[-77.83723,40.16906],[-77.1794,39.82727],[-76.62198,39.38504]]}},{"type":"Feature","properties":{"name":"Hudson","scalerank":6,"na":1,"zb":"b3","len":3.99},"geometry":{"type":"LineString","coordinates":[[-73.32955,43.99725],[-73.03305,43.4866],[-72.93979,42.93173],[-73.02018,42.36907],[-73.14843,41.80563],[-73.21169,41.23157]]}},{"type":"Feature","properties":{"name":"Wabash","scalerank":6,"na":1,"zb":"b3","len":6.29},"geometry":{"type":"LineString","coordinates":[[-84.04328,40.15805],[-84.12337,40.72925],[-84.6755,41.1483],[-85.37594,41.40298],[-86.15236,41.34939],[-86.89048,41.1507],[-87.54028,40.81935],[-88.04405,40.36628],[-88.19628,39.7833],[-88.34629,39.18929],[-88.45599,38.58723],[-88.74507,38.01369]]}},{"type":"Feature","properties":{"name":"Saint John","scalerank":6,"na":1,"zb":"b3","len":6.56},"geometry":{"type":"LineString","coordinates":[[-70.92792,46.43712],[-70.48298,46.88793],[-69.95628,47.29255],[-69.31808,47.6102],[-68.57178,47.78509],[-67.8004,47.7026],[-67.23793,47.33372],[-66.96255,46.82808],[-66.53265,46.45875],[-65.84926,46.18558],[-65.40389,45.73709],[-65.45259,45.19025]]}},{"type":"Feature","properties":{"name":"Yadkin","scalerank":6,"na":1,"zb":"b3","len":1.13},"geometry":{"type":"LineString","coordinates":[[-81.70829,36.67518],[-80.59569,36.83256]]}},{"type":"Feature","properties":{"name":"Tisza","scalerank":6,"na":0,"zb":"b3","len":8.22},"geometry":{"type":"LineString","coordinates":[[23.60922,48.58428],[22.8618,48.63975],[22.16645,48.82249],[21.44361,48.6722],[20.81784,48.37905],[20.27287,48.01903],[19.78499,47.62184],[19.4445,47.15827],[19.35472,46.63976],[19.35293,46.11298],[19.41932,45.58065],[19.53206,45.04655]]}},{"type":"Feature","properties":{"name":"Fitzroy","scalerank":6,"na":0,"zb":"b3","len":4.31},"geometry":{"type":"LineString","coordinates":[[127.34581,-18.08169],[126.60611,-18.20281],[126.07245,-18.70711],[125.43008,-19.07146],[124.68802,-19.09744],[124.01345,-18.79184],[123.3499,-18.48003],[122.9156,-17.89741]]}},{"type":"Feature","properties":{"name":"Digul","scalerank":6,"na":0,"zb":"b3","len":3.29},"geometry":{"type":"LineString","coordinates":[[141.42433,-5.01509],[141.1192,-5.80224],[141.09275,-6.61747],[140.75815,-7.386],[140.05776,-7.84778],[139.21175,-7.94159]]}},{"type":"Feature","properties":{"name":"Willamette","scalerank":6,"na":1,"zb":"b3","len":3.68},"geometry":{"type":"LineString","coordinates":[[-122.59454,43.00622],[-123.21435,43.43742],[-123.76128,43.91312],[-123.89611,44.508],[-123.77185,45.10955],[-123.4844,45.66554]]}},{"type":"Feature","properties":{"name":"Gila","scalerank":6,"na":1,"zb":"b3","len":7.28},"geometry":{"type":"LineString","coordinates":[[-107.5128,33.83767],[-107.46253,33.1926],[-107.88837,32.62696],[-108.50374,32.2058],[-109.28366,32.18994],[-110.04691,32.36007],[-110.80268,32.43202],[-111.59912,32.47989],[-112.36922,32.56446],[-113.12376,32.35903],[-113.87883,32.13586],[-114.6707,32.09869]]}},{"type":"Feature","properties":{"name":"Limpopo","scalerank":6,"na":0,"zb":"b3","len":8.86},"geometry":{"type":"LineString","coordinates":[[26.43469,-23.23678],[27.02349,-22.79441],[27.58543,-22.32407],[28.21273,-21.92738],[28.90267,-21.62874],[29.63757,-21.46678],[30.38817,-21.58036],[31.14477,-21.64647],[31.86145,-21.87514],[32.45449,-22.31268],[32.89769,-22.88227],[33.21922,-23.51618],[33.71447,-24.01595],[34.1989,-24.54098],[34.28796,-25.21899]]}},{"type":"Feature","properties":{"name":"Glomma","scalerank":6,"na":0,"zb":"b3","len":5.05},"geometry":{"type":"LineString","coordinates":[[10.88632,62.90081],[10.35179,62.60159],[10.01638,62.25058],[10.08297,61.85756],[10.29614,61.46979],[10.59756,61.09078],[10.96502,60.72102],[11.3544,60.35229]]}},{"type":"Feature","properties":{"name":"San Juan","scalerank":6,"na":0,"zb":"b3","len":2.56},"geometry":{"type":"LineString","coordinates":[[-69.78728,-31.84749],[-69.00144,-32.13228],[-68.43824,-32.67474],[-67.65154,-32.97957]]}},{"type":"Feature","properties":{"name":"Mangoky","scalerank":6,"na":0,"zb":"b3","len":2.42},"geometry":{"type":"LineString","coordinates":[[46.09943,-21.99807],[45.2778,-22.36209],[44.36969,-22.48764],[43.48168,-22.31614],[42.8923,-21.6796]]}},{"type":"Feature","properties":{"name":"Tekez\u00e9","scalerank":6,"na":0,"zb":"b3","len":2.36},"geometry":{"type":"LineString","coordinates":[[37.31379,13.32321],[36.49734,13.5406],[35.61138,13.72471],[35.15403,14.46401]]}},{"type":"Feature","properties":{"name":"Daly","scalerank":6,"na":0,"zb":"b3","len":2.21},"geometry":{"type":"LineString","coordinates":[[131.27894,-15.19502],[130.49331,-14.50426],[129.69676,-13.79643]]}},{"type":"Feature","properties":{"name":"Mamberamo","scalerank":6,"na":0,"zb":"b3","len":1.98},"geometry":{"type":"LineString","coordinates":[[138.04416,-3.56728],[137.57644,-2.90053],[137.15814,-2.20881],[137.15758,-1.39626]]}},{"type":"Feature","properties":{"name":"Chulyshman","scalerank":6,"na":0,"zb":"b3","len":2.44},"geometry":{"type":"LineString","coordinates":[[87.03059,51.22503],[87.40445,50.79548],[87.97701,50.45508],[88.65079,50.20176],[89.39817,50.04865]]}},{"type":"Feature","properties":{"name":"Brazos","scalerank":6,"na":1,"zb":"b3","len":8.28},"geometry":{"type":"LineString","coordinates":[[-100.80757,33.48546],[-100.24834,33.9271],[-99.50313,34.13429],[-98.7391,33.9802],[-98.1238,33.5621],[-97.52709,33.12197],[-96.99569,32.62531],[-96.56458,32.06072],[-96.16448,31.47573],[-95.74619,30.89637],[-95.41305,30.27509],[-94.93872,29.7401],[-94.66195,29.09182]]}},{"type":"Feature","properties":{"name":"Great Bear","scalerank":6,"na":1,"zb":"b3","len":2.23},"geometry":{"type":"LineString","coordinates":[[-125.82545,65.20322],[-124.75195,65.33025],[-123.67845,65.45667]]}},{"type":"Feature","properties":{"name":"P\u00e1nuco","scalerank":6,"na":1,"zb":"b3","len":0.87},"geometry":{"type":"LineString","coordinates":[[-97.43515,21.65382],[-98.33157,21.31827]]}},{"type":"Feature","properties":{"name":"Konqi He","scalerank":6,"na":0,"zb":"b3","len":3.17},"geometry":{"type":"LineString","coordinates":[[86.50401,40.67882],[87.39343,40.3778],[88.34047,40.19066],[89.30256,40.05812]]}},{"type":"Feature","properties":{"name":"Tarim","scalerank":6,"na":0,"zb":"b3","len":7.59},"geometry":{"type":"LineString","coordinates":[[86.62459,42.38016],[85.81137,42.25418],[85.18785,41.87011],[84.59861,41.70882],[83.78624,41.59962],[82.95763,41.55149],[82.1388,41.44792],[81.35463,41.24113],[80.5893,40.9955]]}},{"type":"Feature","properties":{"name":"R\u00e1ckeve-Soroks\u00e1r Danube","scalerank":6,"na":0,"zb":"b3","len":0.67},"geometry":{"type":"LineString","coordinates":[[18.1899,47.12901],[18.3146,47.57611]]}},{"type":"Feature","properties":{"name":"Ferenc Csatorna","scalerank":6,"na":0,"zb":"b3","len":0.63},"geometry":{"type":"LineString","coordinates":[[18.08685,45.90395],[18.16765,46.33442]]}},{"type":"Feature","properties":{"name":"Desaguadero","scalerank":6,"na":0,"zb":"b3","len":8.75},"geometry":{"type":"LineString","coordinates":[[-65.42735,-39.27396],[-66.0429,-38.90837],[-66.54135,-38.45124],[-66.91321,-37.94312],[-67.36635,-37.44902],[-67.56748,-36.85589],[-67.52914,-36.23461],[-67.35661,-35.62354],[-67.35471,-34.9962],[-67.53795,-34.37809],[-67.74419,-33.768],[-67.96687,-33.14927],[-68.10868,-32.50898]]}},{"type":"Feature","properties":{"name":"Bahr el Zeraf","scalerank":6,"na":0,"zb":"b3","len":1.8},"geometry":{"type":"LineString","coordinates":[[30.52271,9.86177],[30.04749,8.94512],[29.79645,7.93581]]}},{"type":"Feature","properties":{"name":"Sanaga","scalerank":6,"na":0,"zb":"b3","len":3.67},"geometry":{"type":"LineString","coordinates":[[13.12993,5.68882],[12.31616,5.59256],[11.58906,5.20809],[10.8045,4.97851],[10.04129,4.68785],[9.34312,4.25231]]}},{"type":"Feature","properties":{"name":"Jubba","scalerank":6,"na":0,"zb":"b3","len":4.97},"geometry":{"type":"LineString","coordinates":[[42.41278,4.93462],[43.01442,4.38077],[43.27533,3.60822],[43.24659,2.78814],[43.05951,2.01544],[43.32525,1.23541],[43.46891,0.42505],[43.37947,-0.39223]]}},{"type":"Feature","properties":{"name":"G\u00f6ta \u00e4lv","scalerank":6,"na":0,"zb":"b3","len":1.3},"geometry":{"type":"LineString","coordinates":[[11.05763,57.95229],[11.66323,58.55841]]}},{"type":"Feature","properties":{"name":"Xiliao","scalerank":6,"na":0,"zb":"b3","len":2.94},"geometry":{"type":"LineString","coordinates":[[123.93661,43.95687],[123.17641,44.23427],[122.33497,44.23505],[121.52838,44.03915],[120.67911,43.96895]]}},{"type":"Feature","properties":{"name":"Kokem\u00e4enjoki","scalerank":6,"na":0,"zb":"b3","len":1.24},"geometry":{"type":"LineString","coordinates":[[22.0651,61.86113],[23.0461,61.49758]]}},{"type":"Feature","properties":{"name":"Pee Dee","scalerank":6,"na":1,"zb":"b3","len":3.76},"geometry":{"type":"LineString","coordinates":[[-81.22238,36.22847],[-81.09368,35.5095],[-80.70854,34.84819],[-80.40302,34.147],[-79.97803,33.48618]]}},{"type":"Feature","properties":{"name":"Sangha","scalerank":6,"na":0,"zb":"b3","len":3.37},"geometry":{"type":"LineString","coordinates":[[17.46611,-1.71367],[17.88976,-0.94339],[17.9485,-0.06509],[17.63638,0.75139],[17.19715,1.49752],[16.64187,2.18194]]}},{"type":"Feature","properties":{"name":"Songhwa","scalerank":6,"na":0,"zb":"b3","len":9.02},"geometry":{"type":"LineString","coordinates":[[133.16428,47.45767],[132.64587,47.04138],[131.94816,46.77532],[131.16885,46.64095],[130.51332,46.32834],[130.00236,45.89818],[129.35397,45.57134],[128.58303,45.41795],[127.77923,45.40265],[127.01153,45.35432],[126.29982,45.093],[125.52174,44.95666],[124.71937,44.91675]]}},{"type":"Feature","properties":{"name":"Min","scalerank":6,"na":0,"zb":"b3","len":1.26},"geometry":{"type":"LineString","coordinates":[[103.12137,29.1299],[103.6043,28.6306],[104.19422,28.22791]]}},{"type":"Feature","properties":{"name":"Khatanga","scalerank":6,"na":0,"zb":"b3","len":4.13},"geometry":{"type":"LineString","coordinates":[[101.47868,72.09529],[102.01868,72.30447],[102.62034,72.49479],[103.2912,72.66138],[103.99501,72.81402],[104.71067,72.96053]]}},{"type":"Feature","properties":{"name":"Pend Oreille","scalerank":6,"na":1,"zb":"b3","len":1.84},"geometry":{"type":"LineString","coordinates":[[-116.7039,47.75024],[-117.61254,47.99104],[-118.03432,48.57338]]}},{"type":"Feature","properties":{"name":"Volga\u2013Don Canal","scalerank":6,"na":0,"zb":"b3","len":1.18},"geometry":{"type":"LineString","coordinates":[[45.29339,48.44432],[44.6443,47.98857],[43.68857,48.12222]]}},{"type":"Feature","properties":{"name":"Sutlej","scalerank":6,"na":0,"zb":"b3","len":9.56},"geometry":{"type":"LineString","coordinates":[[80.29621,31.9456],[79.58801,32.19299],[78.86874,32.40908],[78.14102,32.2549],[77.41648,32.05939],[76.68244,32.05319],[75.98201,31.83765],[75.31738,31.71957],[74.56096,31.71329],[73.90164,31.38778],[73.35336,30.92934],[72.6671,30.63673],[71.98876,30.3282],[71.29822,30.06315]]}},{"type":"Feature","properties":{"name":"Suda","scalerank":7,"na":0,"zb":"b3","len":1.83},"geometry":{"type":"LineString","coordinates":[[38.30377,59.338],[38.71661,58.89978],[39.10121,58.44873]]}},{"type":"Feature","properties":{"name":"Tiber","scalerank":7,"na":0,"zb":"b3","len":3.22},"geometry":{"type":"LineString","coordinates":[[12.80563,43.82215],[13.15371,43.30827],[13.14023,42.73554],[13.38752,42.20577],[13.15542,41.65059],[12.59907,41.24516]]}},{"type":"Feature","properties":{"name":"Sheksna","scalerank":9,"na":0,"zb":"b3","len":3.22},"geometry":{"type":"LineString","coordinates":[[37.9178,58.69852],[38.6375,58.83248],[39.08198,59.14749],[39.14007,59.53657],[38.98011,59.91499],[38.61861,60.25263],[38.01701,60.48505],[37.27619,60.57458]]}},{"type":"Feature","properties":{"name":"White Sea \u2013 Baltic Canal","scalerank":10,"na":0,"zb":"b3","len":4.61},"geometry":{"type":"LineString","coordinates":[[34.06609,64.70237],[33.66414,64.34864],[33.52456,63.95817],[33.82289,63.57775],[34.04533,63.18189]]}},{"type":"Feature","properties":{"name":"Kovzha","scalerank":12,"na":0,"zb":"b3","len":2.7},"geometry":{"type":"LineString","coordinates":[[38.07761,60.29739],[37.898,60.67902],[37.58219,61.03265],[37.01885,61.30036],[36.40788,61.54362]]}},{"type":"Feature","properties":{"name":"Nile","scalerank":1,"na":0,"zb":"b4","len":4.28},"geometry":{"type":"LineString","coordinates":[[31.86947,25.96004],[31.56831,26.1846],[31.31859,26.45545],[31.08589,26.73805],[30.83843,27.00961],[30.60145,27.28699],[30.47117,27.61377],[30.4496,27.96004],[30.45949,28.30596],[30.49545,28.64932],[30.59191,28.98211],[30.75147,29.29505],[30.82174,29.63009]]}},{"type":"Feature","properties":{"name":"Yangtze","scalerank":1,"na":0,"zb":"b4","len":5.43},"geometry":{"type":"LineString","coordinates":[[91.69932,33.8874],[92.07027,33.83976],[92.4433,33.80536],[92.81822,33.79452],[93.19143,33.82531],[93.55584,33.89901],[93.90693,34.00886],[94.24336,34.14647],[94.57407,34.2928],[94.92941,34.25783],[95.22943,34.07232],[95.49079,33.84888],[95.75734,33.62916],[96.04785,33.43131],[96.35644,33.25279]]}},{"type":"Feature","properties":{"name":"Missouri","scalerank":1,"na":1,"zb":"b4","len":5.96},"geometry":{"type":"LineString","coordinates":[[-103.82562,48.3246],[-104.19662,48.35733],[-104.56994,48.37462],[-104.9443,48.37071],[-105.31804,48.35542],[-105.69115,48.33412],[-106.06404,48.31119],[-106.43016,48.26264],[-106.76552,48.16087],[-107.04397,47.99431],[-107.38227,47.88849],[-107.74355,47.82428],[-108.10638,47.86896],[-108.4563,47.9583],[-108.81741,48.02329],[-109.1896,48.04876],[-109.56403,48.05205]]}},{"type":"Feature","properties":{"name":"Mississippi","scalerank":1,"na":1,"zb":"b4","len":6.83},"geometry":{"type":"LineString","coordinates":[[-90.93468,42.25714],[-91.16685,42.48053],[-91.35435,42.72474],[-91.4945,42.98457],[-91.59395,43.25313],[-91.68001,43.52312],[-91.79632,43.78552],[-92.03859,43.9901],[-92.3434,44.15477],[-92.65061,44.31668],[-92.94967,44.48565],[-93.23421,44.66648],[-93.50752,44.85521],[-93.81154,45.01748],[-94.12419,45.17103],[-94.38533,45.36599],[-94.59227,45.59031],[-94.73457,45.83628],[-94.77411,46.09886],[-94.68421,46.3541]]}},{"type":"Feature","properties":{"name":"Amazon","scalerank":1,"na":0,"zb":"b4","len":5.06},"geometry":{"type":"LineString","coordinates":[[-61.68643,-4.24969],[-62.08171,-4.26702],[-62.46805,-4.20278],[-62.84952,-4.3208],[-63.2445,-4.37411],[-63.63835,-4.31567],[-64.01405,-4.18137],[-64.36764,-3.99614],[-64.70571,-3.78359],[-65.02653,-3.54639],[-65.32769,-3.28417],[-65.6393,-3.03463],[-66.02652,-2.95061],[-66.4196,-2.88069]]}},{"type":"Feature","properties":{"name":"White Nile","scalerank":1,"na":0,"zb":"b4","len":6.65},"geometry":{"type":"LineString","coordinates":[[32.89048,15.5978],[32.84554,15.22857],[32.74799,14.86871],[32.61575,14.51913],[32.72192,14.16785],[32.8945,13.83313],[33.04749,13.4892],[33.14679,13.12737],[33.17753,12.75291],[33.16664,12.37664],[33.14195,12.00037],[33.1082,11.62425],[33.04849,11.25105],[32.91596,10.89633],[32.7051,10.57998],[32.59666,10.24169],[32.48876,9.88142],[32.26205,9.57477],[31.98984,9.30548]]}},{"type":"Feature","properties":{"name":"Kagera","scalerank":1,"na":0,"zb":"b4","len":4.31},"geometry":{"type":"LineString","coordinates":[[29.3779,-3.32341],[29.70361,-3.51878],[30.07185,-3.59999],[30.43287,-3.49891],[30.71382,-3.24927],[30.86061,-2.90002],[31.0565,-2.57474],[31.20739,-2.22753],[31.24389,-1.85144],[31.2852,-1.5654],[31.65063,-1.472],[31.9778,-1.27853]]}},{"type":"Feature","properties":{"name":"Lena","scalerank":1,"na":0,"zb":"b4","len":4.14},"geometry":{"type":"LineString","coordinates":[[106.19671,57.2368],[106.49898,57.35674],[106.80878,57.47047],[107.14128,57.56324],[107.46496,57.66321],[107.74692,57.79508],[108.01247,57.93591],[108.27287,58.0789],[108.53194,58.22199],[108.79796,58.36093],[109.07252,58.49466],[109.36275,58.61846]]}},{"type":"Feature","properties":{"name":"Lena","scalerank":1,"na":0,"zb":"b4","len":4.14},"geometry":{"type":"LineString","coordinates":[[105.90669,53.67861],[105.5528,53.77593],[105.28163,53.94272],[105.04873,54.12814],[104.88272,54.33559],[104.78233,54.55602],[104.73904,54.78128],[104.76968,55.00604],[104.85826,55.2246],[104.98879,55.43509],[105.13657,55.64084],[105.28287,55.84585],[105.38214,56.05783]]}},{"type":"Feature","properties":{"name":"Lena","scalerank":1,"na":0,"zb":"b4","len":4.04},"geometry":{"type":"LineString","coordinates":[[111.96066,59.4941],[112.2405,59.6226],[112.52213,59.7496],[112.80508,59.87538],[113.08295,60.00347],[113.34512,60.13906],[113.595,60.27974],[113.83957,60.4221],[114.08536,60.56332],[114.33966,60.7002],[114.61732,60.82504],[114.93562,60.92286]]}},{"type":"Feature","properties":{"name":"Ob","scalerank":2,"na":0,"zb":"b4","len":3.54},"geometry":{"type":"LineString","coordinates":[[74.37798,61.37422],[73.9837,61.39263],[73.58897,61.40858],[73.19401,61.42319],[72.79875,61.43584],[72.40316,61.44581],[72.00751,61.45518],[71.61183,61.46443],[71.21615,61.47354],[70.82011,61.47782]]}},{"type":"Feature","properties":{"name":"Ob","scalerank":2,"na":0,"zb":"b4","len":3.66},"geometry":{"type":"LineString","coordinates":[[65.26837,64.65022],[65.15833,64.81135],[65.07674,64.97448],[65.03765,65.13937],[65.03456,65.30406],[65.06783,65.46718],[65.13155,65.62774],[65.21836,65.78546],[65.32241,65.9405],[65.44609,66.09218],[65.59013,66.23998]]}},{"type":"Feature","properties":{"name":"Irtysh","scalerank":2,"na":0,"zb":"b4","len":5.14},"geometry":{"type":"LineString","coordinates":[[74.33308,57.28952],[74.0072,57.39633],[73.66998,57.49232],[73.32358,57.57798],[72.96757,57.6514],[72.60546,57.71561],[72.2397,57.7735],[71.87252,57.82873],[71.50676,57.88648],[71.14753,57.95466],[70.79575,58.03291],[70.44667,58.11428],[70.0869,58.18073],[69.71223,58.21797],[69.33334,58.24127]]}},{"type":"Feature","properties":{"name":"Mackenzie","scalerank":2,"na":1,"zb":"b4","len":6.14},"geometry":{"type":"LineString","coordinates":[[-123.98923,63.26985],[-124.15925,63.43017],[-124.33896,63.58748],[-124.51617,63.74447],[-124.68943,63.90147],[-124.85551,64.05908],[-125.01792,64.21653],[-125.17589,64.37393],[-125.33278,64.53064],[-125.52201,64.67915],[-125.85691,64.76452],[-126.19476,64.85216],[-126.51945,64.94818],[-126.84088,65.0458],[-127.16095,65.14386],[-127.48089,65.24165]]}},{"type":"Feature","properties":{"name":"Angara","scalerank":2,"na":0,"zb":"b4","len":5.25},"geometry":{"type":"LineString","coordinates":[[102.83584,55.17328],[102.83426,54.94861],[102.79525,54.72374],[102.74724,54.49821],[102.73274,54.2699],[102.76247,54.0409],[102.84269,53.81477],[102.9372,53.58931],[102.97391,53.35715],[103.04831,53.12707],[103.20202,52.91008],[103.39661,52.70415],[103.60898,52.50376],[103.838,52.30934],[104.07074,52.11572]]}},{"type":"Feature","properties":{"name":"Selenga","scalerank":2,"na":0,"zb":"b4","len":5.42},"geometry":{"type":"LineString","coordinates":[[101.63722,49.15687],[102.01137,49.12705],[102.38689,49.10572],[102.76355,49.09708],[103.14023,49.10446],[103.51534,49.12794],[103.88642,49.17064],[104.24992,49.2351],[104.60033,49.32556],[104.94072,49.4309],[105.27223,49.54737],[105.59722,49.67112],[105.91332,49.80373],[106.20895,49.95418],[106.43056,50.14868],[106.56666,50.37282],[106.64203,50.60773]]}},{"type":"Feature","properties":{"name":"Slave","scalerank":2,"na":1,"zb":"b4","len":4.77},"geometry":{"type":"LineString","coordinates":[[-111.81115,58.9853],[-111.84889,59.18724],[-111.88819,59.38792],[-111.94107,59.58654],[-112.06877,59.77308],[-112.33808,59.91797],[-112.58868,60.07042],[-112.81718,60.23071],[-113.03544,60.39368],[-113.24282,60.55926],[-113.42883,60.72995],[-113.56808,60.90954],[-113.64247,61.09738]]}},{"type":"Feature","properties":{"name":"Peace","scalerank":2,"na":1,"zb":"b4","len":4.83},"geometry":{"type":"LineString","coordinates":[[-125.17792,56.64097],[-124.96828,56.45362],[-124.74911,56.26883],[-124.48763,56.1017],[-124.15999,55.975],[-123.79081,55.89104],[-123.40116,55.84338],[-123.00326,55.82503],[-122.60409,55.82358],[-122.20624,55.84119],[-121.8165,55.88843],[-121.43673,55.95728],[-121.04088,55.97143],[-120.64428,55.94561]]}},{"type":"Feature","properties":{"name":"Brahmaputra","scalerank":2,"na":0,"zb":"b4","len":7.04},"geometry":{"type":"LineString","coordinates":[[85.46457,28.88666],[85.85317,28.85333],[86.24343,28.83741],[86.63393,28.8268],[87.02457,28.82273],[87.41494,28.8346],[87.79993,28.88835],[88.1569,29.01344],[88.54744,29.00641],[88.938,28.99754],[89.32861,28.9906],[89.71922,28.98374],[90.10983,28.97682],[90.50043,28.96915],[90.89095,28.95902],[91.28121,28.94299],[91.67129,28.92402],[92.06067,28.89652],[92.44723,28.84745]]}},{"type":"Feature","properties":{"name":"Danube","scalerank":2,"na":0,"zb":"b4","len":4.98},"geometry":{"type":"LineString","coordinates":[[9.6922,48.5564],[10.01636,48.69088],[10.35014,48.81425],[10.69996,48.91609],[11.06665,48.98723],[11.43654,49.05078],[11.75559,49.18733],[12.12267,49.24493],[12.49784,49.20349],[12.84879,49.10431],[13.18812,48.98827],[13.52698,48.87137],[13.86667,48.75526],[14.20871,48.64192],[14.55951,48.54104]]}},{"type":"Feature","properties":{"name":"Paran\u00e1","scalerank":2,"na":0,"zb":"b4","len":4.91},"geometry":{"type":"LineString","coordinates":[[-58.86035,-26.97459],[-59.05832,-27.25761],[-59.23115,-27.55235],[-59.35835,-27.86401],[-59.45473,-28.1835],[-59.53254,-28.50599],[-59.61136,-28.82698],[-59.8264,-29.09264],[-59.95936,-29.39676],[-60.01638,-29.71857],[-60.04634,-30.04227],[-60.06129,-30.36574],[-60.12854,-30.6816],[-60.32198,-30.95541]]}},{"type":"Feature","properties":{"name":"Congo","scalerank":2,"na":0,"zb":"b4","len":4.72},"geometry":{"type":"LineString","coordinates":[[23.25067,2.12539],[22.92563,2.31734],[22.58648,2.48493],[22.21524,2.55442],[21.83654,2.5501],[21.46121,2.50061],[21.0893,2.42886],[20.71456,2.37293],[20.3393,2.32052],[19.96599,2.256],[19.59802,2.16622],[19.24267,2.03574],[18.91064,1.854],[18.60586,1.6294],[18.33367,1.36639]]}},{"type":"Feature","properties":{"name":"Irrawaddy","scalerank":2,"na":0,"zb":"b4","len":6.07},"geometry":{"type":"LineString","coordinates":[[95.89638,24.08132],[95.73216,23.75868],[95.64314,23.41054],[95.58479,23.05589],[95.55632,22.69729],[95.57546,22.33746],[95.28828,22.13708],[95.04324,21.85882],[94.79193,21.58674],[94.51714,21.32988],[94.37573,20.99631],[94.41423,20.63476],[94.52402,20.28383],[94.64157,19.93424],[94.74736,19.58078],[94.74296,19.21335],[94.71151,18.84562]]}},{"type":"Feature","properties":{"name":"Mekong","scalerank":2,"na":0,"zb":"b4","len":5.13},"geometry":{"type":"LineString","coordinates":[[106.28823,14.39514],[106.34212,14.01535],[106.3745,13.62893],[106.362,13.23939],[106.369,12.84907],[106.35165,12.45883],[106.21392,12.09635],[105.87789,11.89781],[105.58361,11.63772],[105.41267,11.36561],[105.55831,11.00165],[105.7883,10.67995],[106.04084,10.37405]]}},{"type":"Feature","properties":{"name":"Saint Lawrence","scalerank":2,"na":1,"zb":"b4","len":1.32},"geometry":{"type":"LineString","coordinates":[[-76.0647,44.70758],[-75.79011,44.88681],[-75.50089,45.05343],[-75.18165,45.18849],[-74.82939,45.27457]]}},{"type":"Feature","properties":{"name":"Borcea","scalerank":2,"na":0,"zb":"b4","len":1.14},"geometry":{"type":"LineString","coordinates":[[28.27462,44.78564],[28.2908,44.50792],[28.11113,44.26192],[27.82148,44.07177],[27.50432,43.90451]]}},{"type":"Feature","properties":{"name":"Yukon","scalerank":3,"na":1,"zb":"b4","len":4.69},"geometry":{"type":"LineString","coordinates":[[-134.40589,61.55846],[-134.17578,61.40564],[-133.94568,61.25207],[-133.7156,61.09774],[-133.48558,60.94263],[-133.25657,60.78641],[-133.02843,60.62912],[-132.80133,60.4707],[-132.57652,60.3107],[-132.35392,60.14917],[-132.13449,59.98576],[-131.92347,59.81878],[-131.724,59.64742]]}},{"type":"Feature","properties":{"name":"Amur","scalerank":3,"na":0,"zb":"b4","len":4.35},"geometry":{"type":"LineString","coordinates":[[127.82693,50.45318],[127.67324,50.69225],[127.50928,50.92739],[127.35544,51.16401],[127.21907,51.4036],[127.09494,51.64452],[126.97821,51.88559],[126.85406,52.12396],[126.71405,52.35771],[126.55231,52.58493],[126.36169,52.8025],[126.12851,53.00314]]}},{"type":"Feature","properties":{"name":"Indus","scalerank":3,"na":0,"zb":"b4","len":4.73},"geometry":{"type":"LineString","coordinates":[[70.34303,29.68067],[70.38435,30.00574],[70.40493,30.33123],[70.41381,30.65607],[70.41656,30.97989],[70.42513,31.30221],[70.50713,31.61599],[70.61985,31.92191],[70.74059,32.22462],[70.86547,32.52512],[71.00317,32.82055],[71.15888,33.10866],[71.33519,33.38734],[71.53194,33.65544]]}},{"type":"Feature","properties":{"name":"Niger","scalerank":3,"na":0,"zb":"b4","len":4.76},"geometry":{"type":"LineString","coordinates":[[-8.85026,12.09439],[-8.61965,12.39211],[-8.38791,12.68867],[-8.11664,12.95112],[-7.81865,13.18436],[-7.50139,13.39196],[-7.16578,13.56979],[-6.80832,13.70101],[-6.45224,13.83552],[-6.11004,14.00111],[-5.77379,14.17777],[-5.43612,14.35172],[-5.08992,14.50872],[-4.73185,14.63856]]}},{"type":"Feature","properties":{"name":"Negro","scalerank":3,"na":0,"zb":"b4","len":4.7},"geometry":{"type":"LineString","coordinates":[[-66.1518,0.08417],[-65.77127,0.09772],[-65.39383,0.04214],[-65.01351,0.01594],[-64.63221,0.02935],[-64.25125,0.05093],[-63.87034,0.04867],[-63.49984,-0.03913],[-63.15085,-0.19257],[-62.81992,-0.38227],[-62.50073,-0.59122],[-62.18125,-0.79945],[-61.84159,-0.97301],[-61.5044,-1.1513]]}},{"type":"Feature","properties":{"name":"Darling","scalerank":3,"na":0,"zb":"b4","len":5.5},"geometry":{"type":"LineString","coordinates":[[147.53809,-29.79298],[147.16156,-29.69222],[146.77542,-29.62588],[146.38208,-29.61731],[146.00028,-29.69813],[145.64526,-29.84566],[145.309,-30.02372],[144.98082,-30.21242],[144.65605,-30.40513],[144.33329,-30.59996],[144.01282,-30.79717],[143.69536,-30.99754],[143.38486,-31.20529],[143.08629,-31.4249],[142.8148,-31.66802],[142.54863,-31.91386]]}},{"type":"Feature","properties":{"name":"Madeira","scalerank":3,"na":0,"zb":"b4","len":5.53},"geometry":{"type":"LineString","coordinates":[[-62.54452,-7.36997],[-62.25776,-7.1142],[-61.98389,-6.83938],[-61.73322,-6.54348],[-61.42499,-6.30519],[-61.10219,-6.08646],[-60.77602,-5.8726],[-60.45303,-5.65393],[-60.13877,-5.423],[-59.84422,-5.16774],[-59.56298,-4.89761],[-59.28481,-4.62438],[-59.02073,-4.33736],[-58.76415,-4.04353],[-58.5089,-3.74844]]}},{"type":"Feature","properties":{"name":"Ubangi","scalerank":3,"na":0,"zb":"b4","len":5.07},"geometry":{"type":"LineString","coordinates":[[20.59869,4.06692],[20.96195,3.96331],[21.332,3.88614],[21.70508,3.82525],[22.07869,3.7676],[22.43415,3.64589],[22.78105,3.49919],[23.1552,3.45054],[23.52982,3.40203],[23.89771,3.31538],[24.26204,3.21457],[24.62889,3.12366],[25.00224,3.06576],[25.37954,3.06746],[25.75027,3.14006]]}},{"type":"Feature","properties":{"name":"Kasai","scalerank":3,"na":0,"zb":"b4","len":4.68},"geometry":{"type":"LineString","coordinates":[[22.64607,-10.37974],[22.53876,-10.02641],[22.38209,-9.69048],[22.29444,-9.33161],[22.27775,-8.9617],[22.28194,-8.59069],[22.27334,-8.21943],[22.24771,-7.84859],[22.1911,-7.48107],[22.07085,-7.12904],[21.87813,-6.81024],[21.61511,-6.54448],[21.33775,-6.29315],[21.06762,-6.03509]]}},{"type":"Feature","properties":{"name":"Zambezi","scalerank":3,"na":0,"zb":"b4","len":5.44},"geometry":{"type":"LineString","coordinates":[[34.73462,-16.47837],[34.39672,-16.30559],[34.07829,-16.10208],[33.78743,-15.86288],[33.51154,-15.60728],[33.2233,-15.36459],[32.88338,-15.20357],[32.50153,-15.20654],[32.11974,-15.23515],[31.73791,-15.26333],[31.35578,-15.28723],[30.97336,-15.28436],[30.59144,-15.2592],[30.20856,-15.25897],[29.82679,-15.28593],[29.45134,-15.35635]]}},{"type":"Feature","properties":{"name":"Yellow","scalerank":3,"na":0,"zb":"b4","len":4.85},"geometry":{"type":"LineString","coordinates":[[114.12282,35.27606],[114.50842,35.27677],[114.73802,35.52432],[115.00887,35.74748],[115.28995,35.96163],[115.57362,36.17297],[115.85762,36.38343],[116.14236,36.5927],[116.42737,36.80116],[116.71394,37.00767],[117.0061,37.20854],[117.30987,37.39755],[117.63974,37.55519]]}},{"type":"Feature","properties":{"name":"Volga","scalerank":3,"na":0,"zb":"b4","len":4.55},"geometry":{"type":"LineString","coordinates":[[48.33448,55.67415],[48.02989,55.79734],[47.70044,55.89747],[47.35183,55.97476],[46.99106,56.03191],[46.62095,56.06393],[46.26183,56.01516],[45.90163,55.95688],[45.53342,55.91737],[45.16052,55.89484],[44.78772,55.91251],[44.4266,55.96779],[44.09186,56.06182]]}},{"type":"Feature","properties":{"name":"Ganges","scalerank":3,"na":0,"zb":"b4","len":5.03},"geometry":{"type":"LineString","coordinates":[[80.80926,25.68507],[80.47577,25.86037],[80.20329,26.10664],[79.96431,26.37985],[79.73641,26.65997],[79.51221,26.94178],[79.2824,27.21883],[78.97881,27.43158],[78.6527,27.61674],[78.33874,27.81704],[78.06586,28.05871],[77.88147,28.35709],[77.77156,28.68306],[77.70175,29.01662],[77.67003,29.35325]]}},{"type":"Feature","properties":{"name":"Grande","scalerank":3,"na":0,"zb":"b4","len":4.27},"geometry":{"type":"LineString","coordinates":[[-63.16094,-19.1559],[-62.85126,-18.9305],[-62.63453,-18.62271],[-62.49341,-18.27627],[-62.40564,-17.91332],[-62.35996,-17.54282],[-62.39484,-17.17215],[-62.5711,-16.84001],[-62.85175,-16.57917],[-63.17376,-16.36509],[-63.50033,-16.15702],[-63.79518,-15.90988],[-64.12536,-15.70722],[-64.467,-15.52211]]}},{"type":"Feature","properties":{"name":"Orinoco","scalerank":3,"na":0,"zb":"b4","len":5.46},"geometry":{"type":"LineString","coordinates":[[-67.42744,3.58933],[-67.7904,3.72771],[-68.07989,3.9823],[-68.2102,4.34468],[-68.24139,4.73112],[-68.22067,5.11809],[-68.13733,5.49648],[-68.00573,5.86096],[-67.84757,6.21479],[-67.67697,6.56265],[-67.49827,6.90625],[-67.34622,7.25985],[-67.08165,7.54174],[-66.77535,7.77974],[-66.44126,7.97737],[-66.08418,8.1305],[-65.70775,8.2271],[-65.31935,8.23739]]}},{"type":"Feature","properties":{"name":"Columbia","scalerank":3,"na":1,"zb":"b4","len":5.75},"geometry":{"type":"LineString","coordinates":[[-118.11906,51.61704],[-117.97974,51.39784],[-117.82747,51.18094],[-117.66905,50.96475],[-117.54838,50.73832],[-117.49571,50.50202],[-117.49791,50.26054],[-117.54384,50.01992],[-117.63787,49.78381],[-117.57251,49.54296],[-117.44521,49.31148],[-117.35458,49.07281],[-117.43214,48.83171],[-117.62559,48.61761],[-117.73124,48.38101],[-117.81073,48.13455],[-117.93284,47.89504]]}},{"type":"Feature","properties":{"name":"Ohio","scalerank":3,"na":1,"zb":"b4","len":4.36},"geometry":{"type":"LineString","coordinates":[[-80.49864,39.73337],[-80.68299,39.47487],[-80.93458,39.25258],[-81.24762,39.08188],[-81.52557,38.87777],[-81.75389,38.63778],[-81.9681,38.38927],[-82.27025,38.2129],[-82.6442,38.22535],[-82.98665,38.36001],[-83.3671,38.38456],[-83.74452,38.43399],[-84.10679,38.5313],[-84.45646,38.654]]}},{"type":"Feature","properties":{"name":"Murray","scalerank":3,"na":0,"zb":"b4","len":4.85},"geometry":{"type":"LineString","coordinates":[[143.13441,-35.30234],[143.37241,-35.55906],[143.66814,-35.77191],[143.98082,-35.96826],[144.26906,-36.1871],[144.61994,-36.32439],[145.01192,-36.30991],[145.39083,-36.21959],[145.77376,-36.28106],[146.15364,-36.36815],[146.54737,-36.3992],[146.942,-36.42082],[147.33215,-36.38468],[147.72443,-36.39516]]}},{"type":"Feature","properties":{"name":"Euphrates","scalerank":3,"na":0,"zb":"b4","len":6.25},"geometry":{"type":"LineString","coordinates":[[46.21706,30.6356],[45.87669,30.7703],[45.53432,30.90113],[45.18483,31.01657],[44.82794,31.11424],[44.49025,31.25106],[44.24296,31.48553],[44.11604,31.78523],[44.02686,32.09406],[43.94379,32.4031],[43.84223,32.70702],[43.63076,32.96066],[43.30179,33.1078],[42.94779,33.20886],[42.6396,33.3855],[42.37448,33.60612],[42.11899,33.83414],[41.85792,34.05711]]}},{"type":"Feature","properties":{"name":"Blue Nile","scalerank":3,"na":0,"zb":"b4","len":6.19},"geometry":{"type":"LineString","coordinates":[[32.75027,15.92975],[33.03971,15.69352],[33.31459,15.44174],[33.54853,15.15386],[33.73926,14.83723],[33.89899,14.50423],[34.00953,14.1532],[34.01113,13.78662],[34.20405,13.4844],[34.3766,13.15727],[34.5019,12.80822],[34.66797,12.47595],[34.76039,12.11717],[34.90061,11.78001],[35.19357,11.54794],[35.45659,11.28612],[35.55286,10.9292],[35.59918,10.56006]]}},{"type":"Feature","properties":{"name":"Shiquan He","scalerank":3,"na":0,"zb":"b4","len":2.78},"geometry":{"type":"LineString","coordinates":[[81.683,31.78985],[81.68514,32.12646],[81.52885,32.43616],[81.22994,32.65936],[80.86222,32.79387],[80.46758,32.85118],[80.06724,32.83103],[79.6704,32.77834]]}},{"type":"Feature","properties":{"name":"Lesser Abay","scalerank":3,"na":0,"zb":"b4","len":0.36},"geometry":{"type":"LineString","coordinates":[[37.13041,11.32894],[36.85621,11.55189]]}},{"type":"Feature","properties":{"name":"Shire","scalerank":3,"na":0,"zb":"b4","len":3.68},"geometry":{"type":"LineString","coordinates":[[35.63511,-14.35161],[35.66167,-14.74995],[35.57583,-15.13998],[35.41247,-15.50505],[35.19453,-15.82941],[35.39511,-16.17644],[35.57773,-16.53169],[35.66697,-16.91691],[35.69117,-17.31124],[35.6934,-17.7055]]}},{"type":"Feature","properties":{"name":"Weir","scalerank":3,"na":0,"zb":"b4","len":1.69},"geometry":{"type":"LineString","coordinates":[[151.60449,-28.46887],[151.29193,-28.52586],[150.92849,-28.35979],[150.52237,-28.29992]]}},{"type":"Feature","properties":{"name":"Allegheny","scalerank":3,"na":1,"zb":"b4","len":3.63},"geometry":{"type":"LineString","coordinates":[[-77.79419,41.53558],[-78.20007,41.52821],[-78.56903,41.65524],[-78.87324,41.57498],[-79.16401,41.35933],[-79.22756,41.10641],[-79.25182,40.80109],[-79.42867,40.52232],[-79.66516,40.26793]]}},{"type":"Feature","properties":{"name":"Barwon","scalerank":3,"na":0,"zb":"b4","len":3.74},"geometry":{"type":"LineString","coordinates":[[150.51385,-28.29901],[150.12437,-28.26149],[149.73342,-28.25979],[149.35526,-28.34557],[149.01674,-28.51725],[148.72194,-28.7432],[148.48088,-29.01266],[148.28809,-29.31026],[148.01666,-29.5516],[147.65711,-29.68535],[147.28599,-29.79444]]}},{"type":"Feature","properties":{"name":"Mamor\u00e9","scalerank":3,"na":0,"zb":"b4","len":4.2},"geometry":{"type":"LineString","coordinates":[[-65.38361,-11.72349],[-65.52543,-12.06692],[-65.524,-12.4381],[-65.48086,-12.80716],[-65.54325,-13.17156],[-65.62307,-13.53335],[-65.59998,-13.9013],[-65.47448,-14.24967],[-65.39991,-14.60878],[-65.39101,-14.97682],[-65.31838,-15.33726],[-65.18571,-15.68113],[-65.03157,-16.01635]]}},{"type":"Feature","properties":{"name":"Niagara","scalerank":3,"na":1,"zb":"b4","len":0.24},"geometry":{"type":"LineString","coordinates":[[-79.46803,43.11456],[-79.46123,43.28654]]}},{"type":"Feature","properties":{"name":"St. Clair","scalerank":3,"na":1,"zb":"b4","len":0.67},"geometry":{"type":"LineString","coordinates":[[-83.02302,42.65938],[-82.79512,43.11793]]}},{"type":"Feature","properties":{"name":"Guapor\u00e9","scalerank":3,"na":0,"zb":"b4","len":1.62},"geometry":{"type":"LineString","coordinates":[[-65.79769,-10.39326],[-65.79205,-10.83549],[-65.7368,-11.27324],[-65.5877,-11.68852],[-65.3928,-12.08544]]}},{"type":"Feature","properties":{"name":"Shatt al-Arab","scalerank":3,"na":0,"zb":"b4","len":1.61},"geometry":{"type":"LineString","coordinates":[[48.19819,29.78802],[47.96107,30.05439],[47.63811,30.2476],[47.37063,30.49521],[47.14017,30.76912]]}},{"type":"Feature","properties":{"name":"Aldan","scalerank":4,"na":0,"zb":"b4","len":4.52},"geometry":{"type":"LineString","coordinates":[[131.73984,58.77568],[132.0636,58.88656],[132.39106,58.99414],[132.7215,59.09895],[133.0414,59.21147],[133.32354,59.34745],[133.583,59.49431],[133.83044,59.64581],[134.0707,59.79955],[134.30616,59.95445],[134.53981,60.10931],[134.77211,60.26396],[135.00237,60.41862]]}},{"type":"Feature","properties":{"name":"Yenisey","scalerank":4,"na":0,"zb":"b4","len":5.16},"geometry":{"type":"LineString","coordinates":[[91.5624,58.62824],[91.35967,58.7975],[91.16057,58.96709],[90.96523,59.137],[90.77385,59.30725],[90.58723,59.47802],[90.40628,59.64949],[90.23623,59.82289],[90.07417,59.99732],[89.91919,60.17243],[89.77302,60.34846],[89.63681,60.52548],[89.51421,60.70391],[89.41624,60.8849],[89.38275,61.07015]]}},{"type":"Feature","properties":{"name":"Ural","scalerank":4,"na":0,"zb":"b4","len":4.25},"geometry":{"type":"LineString","coordinates":[[56.93469,51.59316],[56.55197,51.67568],[56.1733,51.76491],[55.79633,51.8567],[55.40584,51.92056],[55.00244,51.9407],[54.59834,51.92454],[54.19901,51.8828],[53.80324,51.82931],[53.40711,51.77677],[53.00931,51.7292],[52.61047,51.68504]]}},{"type":"Feature","properties":{"name":"Kolyma","scalerank":4,"na":0,"zb":"b4","len":5.27},"geometry":{"type":"LineString","coordinates":[[151.23487,66.48274],[151.50244,66.59655],[151.75123,66.71643],[151.98911,66.83913],[152.22216,66.96265],[152.46031,67.08402],[152.7094,67.2014],[152.97673,67.31198],[153.26722,67.413],[153.58096,67.50273],[153.91707,67.57931],[154.27061,67.64346],[154.64035,67.69185],[155.02184,67.72551],[155.40202,67.76115]]}},{"type":"Feature","properties":{"name":"Grande","scalerank":4,"na":1,"zb":"b4","len":4.16},"geometry":{"type":"LineString","coordinates":[[-106.1289,36.95373],[-106.13803,36.62965],[-106.27735,36.3261],[-106.47121,36.03908],[-106.6709,35.7536],[-106.85242,35.45932],[-107.00252,35.15243],[-107.11804,34.83446],[-107.20069,34.50851],[-107.2648,34.17827],[-107.34928,33.84998]]}},{"type":"Feature","properties":{"name":"Negro","scalerank":4,"na":0,"zb":"b4","len":4.7},"geometry":{"type":"LineString","coordinates":[[-67.14486,-38.79147],[-66.76617,-38.80699],[-66.38748,-38.82242],[-66.01571,-38.88005],[-65.66678,-38.99251],[-65.37767,-39.1815],[-65.14093,-39.41056],[-64.83071,-39.57694],[-64.49012,-39.70543],[-64.16135,-39.85065],[-63.85054,-40.01726],[-63.5544,-40.19854],[-63.2629,-40.3837],[-62.96774,-40.56494]]}},{"type":"Feature","properties":{"name":"Arkansas","scalerank":4,"na":1,"zb":"b4","len":5.84},"geometry":{"type":"LineString","coordinates":[[-105.0609,38.0712],[-104.6856,37.98608],[-104.31239,37.89521],[-103.93838,37.8063],[-103.55396,37.75666],[-103.16356,37.7595],[-102.77337,37.77299],[-102.3841,37.75306],[-102.00036,37.69554],[-101.61393,37.65098],[-101.22496,37.62348],[-100.83659,37.593],[-100.45462,37.52896],[-100.0732,37.46354],[-99.68325,37.46559],[-99.31464,37.56018],[-99.00732,37.74919]]}},{"type":"Feature","properties":{"name":"Dnieper","scalerank":4,"na":0,"zb":"b4","len":5.55},"geometry":{"type":"LineString","coordinates":[[29.9352,54.04491],[29.93571,53.81042],[29.9372,53.5746],[29.89767,53.33905],[29.78007,53.11159],[29.76997,52.8738],[29.86829,52.64066],[30.01589,52.41569],[30.17022,52.19127],[30.26841,51.95454],[30.26973,51.70936],[30.20114,51.46565],[30.14223,51.21965],[30.11699,50.97009],[30.1246,50.71877]]}},{"type":"Feature","properties":{"name":"Magdalena","scalerank":4,"na":0,"zb":"b4","len":6.32},"geometry":{"type":"LineString","coordinates":[[-75.27136,2.14496],[-75.08606,2.48143],[-74.92944,2.83222],[-74.78361,3.18752],[-74.6457,3.54585],[-74.52206,3.90914],[-74.42589,4.28029],[-74.37656,4.66031],[-74.331,5.04075],[-74.27807,5.42003],[-74.21379,5.79729],[-74.1163,6.16671],[-73.8994,6.47758],[-73.66513,6.77794],[-73.53635,7.13653],[-73.46721,7.51141],[-73.41784,7.88932],[-73.40966,8.26959]]}},{"type":"Feature","properties":{"name":"Rhine","scalerank":4,"na":0,"zb":"b4","len":4.76},"geometry":{"type":"LineString","coordinates":[[8.01957,50.38372],[7.78402,50.58145],[7.57001,50.78793],[7.38439,51.00416],[7.2328,51.22962],[7.09928,51.45848],[6.93423,51.6779],[6.70439,51.87203],[6.39005,52.01185],[6.01858,52.08221],[5.63001,52.09828],[5.24114,52.08057],[4.85648,52.04215],[4.46991,52.04373]]}},{"type":"Feature","properties":{"name":"Pechora","scalerank":4,"na":0,"zb":"b4","len":5.12},"geometry":{"type":"LineString","coordinates":[[52.80539,66.678],[52.76393,66.83548],[52.7222,66.99193],[52.67831,67.1473],[52.6316,67.30155],[52.59499,67.4551],[52.88408,67.53829],[53.24029,67.60707],[53.54532,67.70568],[53.80896,67.82007],[54.06029,67.93782],[54.30568,68.05672],[54.55108,68.17502]]}},{"type":"Feature","properties":{"name":"Salween","scalerank":4,"na":0,"zb":"b4","len":5.46},"geometry":{"type":"LineString","coordinates":[[97.83799,29.84082],[98.06038,29.57545],[98.29468,29.31711],[98.51935,29.05177],[98.70918,28.76594],[98.83392,28.45307],[98.96384,28.14087],[99.1073,27.83214],[99.20234,27.50835],[99.25301,27.17572],[99.27528,26.83954],[99.2852,26.50185],[99.28712,26.16306],[99.28502,25.82327],[99.28733,25.48252],[99.30384,25.14115]]}},{"type":"Feature","properties":{"name":"Benue","scalerank":4,"na":0,"zb":"b4","len":4.63},"geometry":{"type":"LineString","coordinates":[[11.61925,8.9396],[11.3051,8.70686],[11.00268,8.45755],[10.63892,8.31152],[10.29881,8.1157],[9.96565,7.90701],[9.61603,7.72626],[9.25382,7.5726],[8.87059,7.48214],[8.47718,7.46944],[8.08756,7.52786],[7.69877,7.59323],[7.31114,7.55234]]}},{"type":"Feature","properties":{"name":"Tocantins","scalerank":4,"na":0,"zb":"b4","len":6.23},"geometry":{"type":"LineString","coordinates":[[-48.5712,-13.44738],[-48.58794,-13.07727],[-48.67123,-12.71628],[-48.79175,-12.36365],[-48.90802,-12.00921],[-48.9922,-11.64609],[-48.94371,-11.28052],[-48.89343,-10.91029],[-48.86115,-10.53747],[-48.83263,-10.16389],[-48.79863,-9.79033],[-48.75107,-9.41783],[-48.66848,-9.05124],[-48.58635,-8.6853],[-48.54856,-8.31082],[-48.43352,-7.95259],[-48.23929,-7.62887],[-48.00805,-7.32892]]}},{"type":"Feature","properties":{"name":"Oder","scalerank":4,"na":0,"zb":"b4","len":4.26},"geometry":{"type":"LineString","coordinates":[[18.61959,49.91292],[18.57201,50.15991],[18.46068,50.3975],[18.31928,50.62723],[18.12346,50.83909],[17.87329,51.02565],[17.57227,51.17914],[17.24819,51.31281],[16.9109,51.43266],[16.70881,51.62957],[16.51909,51.83787],[16.25717,52.01434],[15.94644,52.15609]]}},{"type":"Feature","properties":{"name":"Seine","scalerank":4,"na":0,"zb":"b4","len":4.66},"geometry":{"type":"LineString","coordinates":[[4.68002,48.23177],[4.45667,48.43064],[4.18656,48.60013],[3.85351,48.70921],[3.48272,48.72518],[3.11257,48.69388],[2.83985,48.83437],[2.58031,49.00983],[2.275,49.15037],[1.95076,49.27136],[1.62046,49.38493],[1.28701,49.49429],[0.95165,49.60092],[0.61629,49.70732]]}},{"type":"Feature","properties":{"name":"Northern Dvina","scalerank":4,"na":0,"zb":"b4","len":7.92},"geometry":{"type":"LineString","coordinates":[[45.51141,62.0785],[45.73909,61.931],[46.00529,61.79761],[46.28623,61.67053],[46.54556,61.53308],[46.75001,61.37555],[46.86538,61.19793],[46.86342,61.01111],[46.73824,60.83357],[46.50554,60.68272],[46.19901,60.56622],[45.85051,60.48227],[45.48546,60.4168],[45.11882,60.35318],[44.75848,60.28122],[44.40838,60.19763],[44.07304,60.10006],[43.74962,59.99253],[43.43288,59.87977],[43.12477,59.76074],[42.8193,59.63955],[42.51067,59.52001],[42.19176,59.40736]]}},{"type":"Feature","properties":{"name":"Tigris","scalerank":4,"na":0,"zb":"b4","len":5.04},"geometry":{"type":"LineString","coordinates":[[42.20507,37.71168],[42.43821,37.46038],[42.72777,37.24467],[43.01241,37.02441],[43.25102,36.7713],[43.43792,36.49058],[43.58945,36.19525],[43.69146,35.88565],[43.69967,35.56396],[43.8455,35.2647],[43.98958,34.96228],[44.11244,34.65248],[44.28026,34.36699]]}},{"type":"Feature","properties":{"name":"Araguaia","scalerank":4,"na":0,"zb":"b4","len":5.77},"geometry":{"type":"LineString","coordinates":[[-51.49968,-14.65646],[-51.36771,-14.30954],[-51.28051,-13.94843],[-51.18972,-13.5876],[-51.0724,-13.23359],[-50.95435,-12.88201],[-51.05714,-12.52459],[-51.0916,-12.15259],[-51.09719,-11.77854],[-51.07635,-11.40449],[-51.02812,-11.03244],[-50.9464,-10.6656],[-50.83139,-10.30694],[-50.69606,-9.95482],[-50.54994,-9.60649],[-50.39157,-9.26304]]}},{"type":"Feature","properties":{"name":"La Grande","scalerank":4,"na":1,"zb":"b4","len":5.95},"geometry":{"type":"LineString","coordinates":[[-72.43865,53.95427],[-72.79824,54.02961],[-73.17174,54.07465],[-73.5528,54.07852],[-73.92796,54.0398],[-74.28917,53.9669],[-74.64992,53.89337],[-75.03105,53.89623],[-75.41155,53.91567],[-75.79275,53.9295],[-76.1746,53.93362],[-76.55647,53.93068],[-76.93832,53.92843],[-77.2737,54.01823],[-77.65041,54.04629],[-78.03133,54.03066],[-78.4125,54.01809]]}},{"type":"Feature","properties":{"name":"Saskatchewan","scalerank":4,"na":1,"zb":"b4","len":7.4},"geometry":{"type":"LineString","coordinates":[[-113.24791,53.37724],[-112.9868,53.54492],[-112.72218,53.70993],[-112.38995,53.77217],[-112.04428,53.6731],[-111.68675,53.59138],[-111.30589,53.56719],[-110.92211,53.57518],[-110.5471,53.5322],[-110.19817,53.437],[-109.87717,53.31174],[-109.5832,53.1639],[-109.30871,53.00255],[-109.04207,52.83583],[-108.77652,52.66785],[-108.48975,52.51258],[-108.17696,52.37706],[-107.85153,52.25236],[-107.50838,52.14719]]}},{"type":"Feature","properties":{"name":"Senegal","scalerank":4,"na":0,"zb":"b4","len":5.44},"geometry":{"type":"LineString","coordinates":[[-10.56681,14.00712],[-10.79897,14.31448],[-11.05822,14.59991],[-11.36813,14.83199],[-11.71451,15.01106],[-12.05513,15.19999],[-12.38244,15.40954],[-12.68192,15.65328],[-12.91681,15.95636],[-13.16081,16.25196],[-13.47169,16.47825],[-13.81107,16.64736],[-14.12754,16.86823],[-14.49694,16.99267],[-14.88732,17.02976],[-15.27723,16.99006]]}},{"type":"Feature","properties":{"name":"Snake","scalerank":4,"na":1,"zb":"b4","len":4.78},"geometry":{"type":"LineString","coordinates":[[-119.29723,46.41779],[-119.00068,46.59115],[-118.67954,46.7414],[-118.32293,46.84622],[-117.94216,46.89926],[-117.55375,46.90774],[-117.17542,46.8512],[-116.86757,46.69292],[-116.6587,46.46918],[-116.54093,46.21349],[-116.34908,45.97952],[-116.22878,45.72388],[-116.2419,45.45278],[-116.33527,45.18758],[-116.46983,44.92976],[-116.60733,44.67151]]}},{"type":"Feature","properties":{"name":"S\u00e3o Francisco","scalerank":4,"na":0,"zb":"b4","len":7.78},"geometry":{"type":"LineString","coordinates":[[-44.24937,-15.94016],[-43.98328,-15.6773],[-43.78763,-15.36165],[-43.62826,-15.02663],[-43.48504,-14.68428],[-43.35307,-14.33715],[-43.22903,-13.98676],[-43.12157,-13.63077],[-43.05088,-13.26583],[-42.93432,-12.91458],[-42.87653,-12.54805],[-42.89367,-12.1754],[-42.91915,-11.80263],[-42.83555,-11.44393],[-42.60663,-11.14449],[-42.36022,-10.85785],[-42.13174,-10.55709],[-41.9255,-10.24096],[-41.58325,-10.10034],[-41.20919,-10.02461],[-40.85161,-9.89261]]}},{"type":"Feature","properties":{"name":"Vaal","scalerank":4,"na":0,"zb":"b4","len":4.33},"geometry":{"type":"LineString","coordinates":[[28.92221,-26.65819],[28.5456,-26.62364],[28.21872,-26.456],[27.84794,-26.4092],[27.47815,-26.48575],[27.10677,-26.55302],[26.73572,-26.61481],[26.40602,-26.78144],[26.12006,-27.00393],[25.86276,-27.25272],[25.50583,-27.36475],[25.17166,-27.52466],[24.8595,-27.7167]]}},{"type":"Feature","properties":{"name":"Orange","scalerank":4,"na":0,"zb":"b4","len":4.93},"geometry":{"type":"LineString","coordinates":[[23.81988,-29.79816],[24.10484,-30.01412],[24.40038,-30.2186],[24.65988,-30.45604],[24.94254,-30.67246],[25.25961,-30.84854],[25.6246,-30.92649],[26.00271,-30.92085],[26.37837,-30.95943],[26.75586,-30.96477],[27.11984,-30.88042],[27.45108,-30.72336],[27.81588,-30.64877],[28.1241,-30.46123],[28.47767,-30.36558]]}},{"type":"Feature","properties":{"name":"Nanpan","scalerank":4,"na":0,"zb":"b4","len":5.09},"geometry":{"type":"LineString","coordinates":[[102.7,24.67919],[102.70576,24.32187],[102.76003,23.96636],[102.91059,23.63875],[103.25217,23.47436],[103.63338,23.54593],[103.92707,23.77369],[104.1795,24.03429],[104.50693,24.23337],[104.84726,24.39402],[105.21237,24.51642],[105.57258,24.44442],[105.95583,24.37446],[106.31749,24.49563],[106.6292,24.70619],[106.99074,24.84718]]}},{"type":"Feature","properties":{"name":"Xi","scalerank":4,"na":0,"zb":"b4","len":2.81},"geometry":{"type":"LineString","coordinates":[[110.1208,23.03954],[110.52169,23.06861],[110.92293,23.09297],[111.29999,23.00236],[111.64862,22.82054],[112.04024,22.74338],[112.44203,22.74713],[112.84262,22.77923]]}},{"type":"Feature","properties":{"name":"Parana\u00edba","scalerank":4,"na":0,"zb":"b4","len":4.98},"geometry":{"type":"LineString","coordinates":[[-50.81992,-18.80319],[-50.58799,-18.51591],[-50.26559,-18.32676],[-49.89282,-18.2498],[-49.51407,-18.20226],[-49.19263,-18.01033],[-48.81681,-17.95451],[-48.43452,-17.95714],[-48.05701,-18.00954],[-47.70311,-17.88743],[-47.32476,-17.84509],[-46.94866,-17.90496],[-46.59863,-18.0467],[-46.33353,-18.30424],[-46.18984,-18.63942],[-45.98936,-18.94616]]}},{"type":"Feature","properties":{"name":"Bafing","scalerank":4,"na":0,"zb":"b4","len":4.29},"geometry":{"type":"LineString","coordinates":[[-11.89138,10.24514],[-11.55015,10.44759],[-11.28742,10.73986],[-11.04186,11.04618],[-10.72338,11.27116],[-10.41768,11.5202],[-10.16804,11.82426],[-9.97719,12.16612],[-9.86976,12.54042],[-9.87437,12.92752],[-10.03297,13.28053],[-10.33334,13.5308],[-10.49648,13.84662]]}},{"type":"Feature","properties":{"name":"Indai\u00e1","scalerank":4,"na":0,"zb":"b4","len":2.13},"geometry":{"type":"LineString","coordinates":[[-46.55063,-20.69497],[-46.17697,-20.72111],[-45.81991,-20.62516],[-45.52686,-20.40736],[-45.27962,-20.14286],[-45.07252,-19.84898],[-44.89598,-19.53722],[-44.72868,-19.22028]]}},{"type":"Feature","properties":{"name":"Shatt al-Hayy","scalerank":4,"na":0,"zb":"b4","len":1.93},"geometry":{"type":"LineString","coordinates":[[45.96991,31.02248],[45.80779,31.33934],[45.67511,31.6731],[45.58443,32.01541],[45.45447,32.34205]]}},{"type":"Feature","properties":{"name":"Hongshui","scalerank":4,"na":0,"zb":"b4","len":3.63},"geometry":{"type":"LineString","coordinates":[[106.59148,25.04876],[106.81436,24.77399],[107.00814,24.47909],[107.14298,24.1644],[107.24517,23.83673],[107.4973,23.58106],[107.84156,23.44763],[108.21276,23.48862],[108.55067,23.51418],[108.89367,23.37223],[109.26879,23.35663],[109.63537,23.44112]]}},{"type":"Feature","properties":{"name":"Qianjiang","scalerank":4,"na":0,"zb":"b4","len":0.74},"geometry":{"type":"LineString","coordinates":[[109.9794,23.04937],[109.50267,23.23622],[109.18175,23.60997]]}},{"type":"Feature","properties":{"name":"Java\u00e9s","scalerank":4,"na":0,"zb":"b4","len":3.35},"geometry":{"type":"LineString","coordinates":[[-49.80877,-9.56697],[-49.66355,-9.90816],[-49.59168,-10.27077],[-49.55793,-10.63869],[-49.54065,-11.00732],[-49.53578,-11.37581],[-49.56004,-11.74303],[-49.62427,-12.10498],[-49.74579,-12.45178],[-49.93986,-12.76513],[-50.15217,-13.06728]]}},{"type":"Feature","properties":{"name":"Ebro","scalerank":5,"na":0,"zb":"b4","len":4.39},"geometry":{"type":"LineString","coordinates":[[-4.05959,43.28905],[-3.70642,43.19978],[-3.35879,43.09949],[-3.01554,42.99125],[-2.675,42.87831],[-2.33702,42.76111],[-2.00477,42.63523],[-1.68256,42.49565],[-1.36929,42.3451],[-1.06822,42.18114],[-0.77636,42.00781],[-0.48482,41.8337],[-0.1785,41.67403]]}},{"type":"Feature","properties":{"name":"Tobol","scalerank":5,"na":0,"zb":"b4","len":4.8},"geometry":{"type":"LineString","coordinates":[[64.59002,54.97142],[64.73259,55.18659],[64.90143,55.39439],[65.08001,55.59852],[65.26418,55.80001],[65.44778,56.00063],[65.62842,56.20104],[65.78527,56.40645],[65.92612,56.6143],[66.06016,56.82225],[66.23753,57.01901],[66.45608,57.20215],[66.63081,57.39764]]}},{"type":"Feature","properties":{"name":"Indigirka","scalerank":5,"na":0,"zb":"b4","len":6.3},"geometry":{"type":"LineString","coordinates":[[147.03525,69.14187],[147.05566,69.28],[147.06535,69.41742],[147.06965,69.554],[147.07379,69.68972],[147.08414,69.82453],[147.10469,69.95832],[147.14028,70.0909],[147.19886,70.22164],[147.28746,70.34963],[147.40727,70.47383],[147.5811,70.58982],[147.80856,70.6946],[148.06971,70.78992],[148.36074,70.87498],[148.6641,70.95499],[148.97243,71.03264],[149.27043,71.11412]]}},{"type":"Feature","properties":{"name":"Amu Darya","scalerank":5,"na":0,"zb":"b4","len":6.3},"geometry":{"type":"LineString","coordinates":[[68.0814,36.71721],[67.72013,36.81665],[67.35786,36.91357],[66.98962,36.9945],[66.61391,37.04882],[66.23706,37.09793],[65.87062,37.18314],[65.52292,37.30846],[65.19113,37.4587],[64.87594,37.62972],[64.57611,37.81689],[64.28695,38.01373],[64.01771,38.22676],[63.77906,38.46047],[63.54161,38.69363],[63.24885,38.88459],[62.94987,39.0693],[62.67564,39.27525]]}},{"type":"Feature","properties":{"name":"Fraser","scalerank":5,"na":1,"zb":"b4","len":5.16},"geometry":{"type":"LineString","coordinates":[[-122.21804,53.14558],[-122.1115,52.91446],[-122.03681,52.67744],[-121.98208,52.43711],[-121.93505,52.19486],[-121.92193,51.95015],[-121.91545,51.70645],[-121.78683,51.47182],[-121.64913,51.2379],[-121.52395,51.00015],[-121.47411,50.75074],[-121.37851,50.50504],[-121.26369,50.26133],[-121.15714,50.01485]]}},{"type":"Feature","properties":{"name":"Japur\u00e1","scalerank":5,"na":0,"zb":"b4","len":5.04},"geometry":{"type":"LineString","coordinates":[[-75.3994,0.21131],[-75.09774,-0.05308],[-74.78351,-0.30228],[-74.45006,-0.525],[-74.0981,-0.71673],[-73.71729,-0.84051],[-73.3244,-0.92126],[-72.92887,-0.98787],[-72.52957,-1.02273],[-72.14765,-1.08963],[-71.7998,-1.28933],[-71.43984,-1.46598],[-71.06768,-1.6154],[-70.6875,-1.74296]]}},{"type":"Feature","properties":{"name":"Naryn","scalerank":5,"na":0,"zb":"b4","len":4.65},"geometry":{"type":"LineString","coordinates":[[77.37107,41.23638],[76.98902,41.20126],[76.60521,41.17874],[76.22099,41.16064],[75.83656,41.14507],[75.45198,41.13195],[75.06724,41.12167],[74.68241,41.12339],[74.29932,41.15004],[73.93353,41.23572],[73.62633,41.40767],[73.25254,41.47076],[72.86995,41.44846]]}},{"type":"Feature","properties":{"name":"Colorado","scalerank":5,"na":0,"zb":"b4","len":5.81},"geometry":{"type":"LineString","coordinates":[[-67.31856,-37.88954],[-66.98277,-38.05601],[-66.64336,-38.21756],[-66.30655,-38.38117],[-65.91621,-38.43416],[-65.52084,-38.45975],[-65.12511,-38.48171],[-64.73205,-38.52268],[-64.34603,-38.59371],[-63.976,-38.70476],[-63.62288,-38.84552],[-63.27733,-38.99715],[-62.92926,-39.14488],[-62.56653,-39.26909],[-62.23223,-39.43137],[-61.9678,-39.65813]]}},{"type":"Feature","properties":{"name":"Vistula","scalerank":5,"na":0,"zb":"b4","len":5.26},"geometry":{"type":"LineString","coordinates":[[19.63739,49.75347],[20.01249,49.80473],[20.3826,49.86922],[20.74472,49.95021],[21.09408,50.05139],[21.42885,50.17105],[21.73864,50.31511],[21.98712,50.49937],[22.126,50.72534],[22.18932,50.96383],[22.20482,51.20436],[22.14599,51.44072],[22.03064,51.66771],[21.86325,51.88097],[21.65329,52.07844],[21.4141,52.26208],[21.14606,52.42941]]}},{"type":"Feature","properties":{"name":"Thelon","scalerank":5,"na":1,"zb":"b4","len":4.89},"geometry":{"type":"LineString","coordinates":[[-103.73915,64.29751],[-103.37889,64.35559],[-102.99289,64.3695],[-102.60981,64.3893],[-102.28122,64.47748],[-101.96241,64.57273],[-101.62386,64.65397],[-101.2626,64.71412],[-100.88133,64.74313],[-100.49358,64.74289],[-100.1068,64.72862],[-99.72041,64.71228],[-99.3335,64.69867],[-98.94619,64.70502]]}},{"type":"Feature","properties":{"name":"Syr Dar","scalerank":5,"na":0,"zb":"b4","len":5.29},"geometry":{"type":"LineString","coordinates":[[68.58041,41.90628],[68.641,42.18817],[68.6675,42.4715],[68.61402,42.75087],[68.47614,43.01331],[68.30216,43.26341],[68.09194,43.49726],[67.85885,43.71857],[67.60757,43.92842],[67.32975,44.11913],[67.00194,44.26052],[66.67399,44.3911],[66.42782,44.60163],[66.17852,44.80957],[65.9043,45.00016],[65.58894,45.1547]]}},{"type":"Feature","properties":{"name":"Nizhnyaya Tunguska","scalerank":5,"na":0,"zb":"b4","len":9.49},"geometry":{"type":"LineString","coordinates":[[107.81897,59.20538],[107.70953,59.39363],[107.60036,59.58087],[107.53041,59.77176],[107.48069,59.96322],[107.45228,60.15461],[107.44713,60.34544],[107.45506,60.53516],[107.47064,60.72365],[107.49195,60.91092],[107.51763,61.09696],[107.54828,61.28174],[107.58471,61.46519],[107.62835,61.64721],[107.6811,61.82762],[107.74594,62.00609],[107.82976,62.18174],[107.9324,62.35422],[108.04217,62.52479],[108.13248,62.69659],[108.02733,62.83955],[107.69528,62.92752],[107.38482,63.03054],[107.08993,63.14225],[106.79271,63.25228]]}},{"type":"Feature","properties":{"name":"Daugava","scalerank":5,"na":0,"zb":"b4","len":5.51},"geometry":{"type":"LineString","coordinates":[[28.5782,55.25779],[28.23093,55.3665],[27.86737,55.45625],[27.49795,55.53793],[27.12161,55.6081],[26.73634,55.66088],[26.37647,55.75215],[26.07816,55.8981],[25.83361,56.07247],[25.61263,56.25577],[25.31652,56.38548],[24.94097,56.4532],[24.60001,56.56454],[24.27996,56.69329],[23.96605,56.82613]]}},{"type":"Feature","properties":{"name":"Tagus","scalerank":5,"na":0,"zb":"b4","len":4.74},"geometry":{"type":"LineString","coordinates":[[-9.05461,39.31402],[-8.75791,39.50969],[-8.4369,39.68001],[-8.08299,39.80514],[-7.70862,39.88869],[-7.32862,39.95642],[-6.94739,40.01991],[-6.56455,40.07735],[-6.17913,40.12335],[-5.79036,40.1308],[-5.4015,40.11455],[-5.03484,40.18734],[-4.6587,40.242],[-4.27447,40.19169]]}},{"type":"Feature","properties":{"name":"Grande","scalerank":5,"na":0,"zb":"b4","len":4.32},"geometry":{"type":"LineString","coordinates":[[-48.43238,-19.74047],[-48.05199,-19.68858],[-47.66821,-19.6726],[-47.28856,-19.72241],[-46.95277,-19.89346],[-46.64642,-20.11167],[-46.31311,-20.28175],[-45.93074,-20.31699],[-45.56784,-20.43225],[-45.23767,-20.61621],[-44.90257,-20.79212],[-44.55367,-20.94282],[-44.21928,-21.11883]]}},{"type":"Feature","properties":{"name":"Mara\u00f1\u00f3n","scalerank":5,"na":0,"zb":"b4","len":5.46},"geometry":{"type":"LineString","coordinates":[[-76.99737,-10.04115],[-77.09901,-9.67614],[-77.22979,-9.33194],[-77.48203,-9.04535],[-77.70838,-8.7383],[-77.88866,-8.40255],[-78.03357,-8.04989],[-78.15788,-7.68921],[-78.27996,-7.32747],[-78.41413,-6.96977],[-78.59448,-6.63354],[-78.84263,-6.34197],[-79.0161,-6.00734],[-78.98805,-5.6282],[-78.86928,-5.26425],[-78.71632,-4.9127]]}},{"type":"Feature","properties":{"name":"Stikine","scalerank":5,"na":1,"zb":"b4","len":5.57},"geometry":{"type":"LineString","coordinates":[[-127.41951,57.80986],[-127.6929,57.95342],[-128.02352,58.05785],[-128.38534,58.12753],[-128.76409,58.16479],[-129.14843,58.18122],[-129.53234,58.19965],[-129.90515,58.25081],[-130.28131,58.29386],[-130.6611,58.26475],[-131.0101,58.17944],[-131.3256,58.06263],[-131.61529,57.92786],[-131.87366,57.77579],[-132.06674,57.59826],[-132.17333,57.39932],[-132.2265,57.19326],[-132.24206,56.98391]]}},{"type":"Feature","properties":{"name":"Loire","scalerank":5,"na":0,"zb":"b4","len":4.61},"geometry":{"type":"LineString","coordinates":[[3.3456,47.34163],[3.1884,47.58763],[2.92577,47.78663],[2.59014,47.92836],[2.21892,48.02183],[1.82551,48.04975],[1.44355,47.9833],[1.12002,47.82947],[0.7748,47.69879],[0.39785,47.6148],[0.0076,47.56596],[-0.3869,47.5892],[-0.78289,47.60696],[-1.17765,47.57824]]}},{"type":"Feature","properties":{"name":"Colorado","scalerank":5,"na":1,"zb":"b4","len":5.81},"geometry":{"type":"LineString","coordinates":[[-106.69668,40.26707],[-107.04355,40.15688],[-107.37615,40.02364],[-107.70594,39.88618],[-108.05614,39.78223],[-108.36859,39.62324],[-108.66894,39.4496],[-109.03458,39.39497],[-109.35471,39.24722],[-109.61075,39.03451],[-109.83419,38.79957],[-110.05366,38.56157],[-110.2978,38.33828],[-110.59155,38.15491],[-110.81777,37.91924],[-111.01121,37.66476],[-111.23075,37.42336]]}},{"type":"Feature","properties":{"name":"Athabasca","scalerank":5,"na":1,"zb":"b4","len":6.14},"geometry":{"type":"LineString","coordinates":[[-112.34799,55.23927],[-112.33603,55.45543],[-112.30068,55.66952],[-112.25092,55.88161],[-112.1943,56.09199],[-112.06775,56.29098],[-111.78829,56.42144],[-111.47393,56.53768],[-111.26423,56.71006],[-111.18423,56.91219],[-111.18852,57.11912],[-111.19427,57.32494],[-111.13695,57.52697],[-111.05677,57.72579],[-111.02513,57.92747],[-111.03073,58.12877],[-111.02301,58.32835]]}},{"type":"Feature","properties":{"name":"Godavari","scalerank":5,"na":0,"zb":"b4","len":5.85},"geometry":{"type":"LineString","coordinates":[[73.66084,20.39017],[74.03649,20.37157],[74.40213,20.28963],[74.75168,20.15885],[75.09758,20.01933],[75.44828,19.89084],[75.80642,19.78188],[76.16612,19.67736],[76.5177,19.55116],[76.85745,19.41488],[77.23151,19.4532],[77.60188,19.40553],[77.95872,19.30917],[78.33287,19.34598],[78.70682,19.38499],[79.0813,19.36068],[79.42621,19.22268]]}},{"type":"Feature","properties":{"name":"Vychegda","scalerank":5,"na":0,"zb":"b4","len":5.68},"geometry":{"type":"LineString","coordinates":[[52.35523,62.03242],[51.96556,62.01557],[51.57877,61.98729],[51.18938,61.98423],[50.89622,62.09521],[50.63603,62.2303],[50.29348,62.31596],[49.90936,62.3467],[49.51976,62.33294],[49.14196,62.28599],[48.78761,62.20898],[48.46424,62.10636],[48.17376,61.98354],[47.90523,61.84948],[47.61588,61.72504],[47.29069,61.62204]]}},{"type":"Feature","properties":{"name":"Elbe","scalerank":5,"na":0,"zb":"b4","len":4.41},"geometry":{"type":"LineString","coordinates":[[13.66643,51.46798],[13.45888,51.66655],[13.22871,51.85408],[12.93439,52.00246],[12.60372,52.11849],[12.26287,52.22269],[12.29381,52.43609],[12.3156,52.66725],[12.23228,52.88969],[12.02889,53.08245],[11.75002,53.23734],[11.43068,53.36116],[11.09689,53.47057]]}},{"type":"Feature","properties":{"name":"Svir","scalerank":5,"na":0,"zb":"b4","len":4.32},"geometry":{"type":"LineString","coordinates":[[35.26306,61.91201],[35.56121,61.79359],[35.81488,61.65321],[36.02647,61.49723],[36.16714,61.32353],[36.18094,61.13751],[36.03925,60.9627],[35.75918,60.83406],[35.38419,60.78839],[34.99554,60.80464],[34.60602,60.80335],[34.2268,60.7604],[33.91337,60.64776],[33.60202,60.53209]]}},{"type":"Feature","properties":{"name":"Tapaj\u00f3s","scalerank":5,"na":0,"zb":"b4","len":5.49},"geometry":{"type":"LineString","coordinates":[[-58.0572,-6.88529],[-57.73626,-6.67091],[-57.43778,-6.42361],[-57.19231,-6.12342],[-56.9157,-5.84981],[-56.67276,-5.54653],[-56.47328,-5.21278],[-56.17542,-4.97976],[-55.88329,-4.72354],[-55.61781,-4.43856],[-55.35224,-4.15361],[-55.12317,-3.83929],[-54.94451,-3.4935],[-54.80364,-3.13038],[-54.64735,-2.7741]]}},{"type":"Feature","properties":{"name":"Xingu","scalerank":5,"na":0,"zb":"b4","len":4.81},"geometry":{"type":"LineString","coordinates":[[-53.08438,-8.24557],[-53.09324,-7.86716],[-53.01302,-7.49578],[-52.87817,-7.13958],[-52.69259,-6.80721],[-52.69025,-6.50219],[-52.87971,-6.1707],[-53.0458,-5.8267],[-53.1832,-5.47035],[-53.24892,-5.0954],[-53.19561,-4.71871],[-53.11262,-4.3453],[-53.04189,-3.96912],[-52.90816,-3.61208]]}},{"type":"Feature","properties":{"name":"Black Volta","scalerank":5,"na":0,"zb":"b4","len":7.11},"geometry":{"type":"LineString","coordinates":[[-1.96295,7.92958],[-2.3311,7.99349],[-2.62504,8.22928],[-2.85536,8.52865],[-3.0456,8.85393],[-3.11001,9.21975],[-3.11281,9.59453],[-3.14178,9.96852],[-3.17219,10.34197],[-3.20015,10.71516],[-3.222,11.08829],[-3.23672,11.46127],[-3.25156,11.83361],[-3.37191,12.08707],[-3.59188,11.78319],[-3.83109,11.49358],[-4.10575,11.23592],[-4.42987,11.04203],[-4.78164,10.89943]]}},{"type":"Feature","properties":{"name":"Tennessee","scalerank":5,"na":1,"zb":"b4","len":6.19},"geometry":{"type":"LineString","coordinates":[[-84.55255,35.30608],[-84.80187,35.05977],[-85.08535,34.84016],[-85.43507,34.70124],[-85.707,34.4701],[-86.00224,34.25985],[-86.36612,34.14856],[-86.75046,34.18643],[-87.11195,34.30941],[-87.46328,34.45095],[-87.84921,34.48987],[-88.20345,34.62248],[-88.50553,34.82448],[-88.63266,35.11812],[-88.51612,35.41943],[-88.38699,35.71077],[-88.37524,36.02751],[-88.43887,36.33766],[-88.55763,36.63724]]}},{"type":"Feature","properties":{"name":"Panj","scalerank":5,"na":0,"zb":"b4","len":4.29},"geometry":{"type":"LineString","coordinates":[[72.48712,37.31943],[72.14761,37.19314],[71.88741,37.2083],[71.89159,37.50567],[71.90826,37.80189],[71.7999,38.08095],[71.6136,38.32039],[71.41244,38.5642],[71.08544,38.69815],[70.71868,38.66856],[70.40282,38.51355],[70.13755,38.30658],[69.92063,38.06724]]}},{"type":"Feature","properties":{"name":"Usumacinta","scalerank":5,"na":1,"zb":"b4","len":3.26},"geometry":{"type":"LineString","coordinates":[[-92.83775,18.48113],[-92.65643,18.16805],[-92.4757,17.85548],[-92.17854,17.63961],[-91.8401,17.48558],[-91.7194,17.1471],[-91.50333,16.85336],[-91.24347,16.59296],[-90.96608,16.34903],[-90.68792,16.10561]]}},{"type":"Feature","properties":{"name":"San Juan","scalerank":5,"na":1,"zb":"b4","len":2.95},"geometry":{"type":"LineString","coordinates":[[-83.52196,10.53749],[-83.91458,10.43759],[-84.31563,10.47978],[-84.69035,10.63286],[-85.04522,10.82693],[-85.37249,11.0631],[-85.67688,11.32691],[-85.96149,11.61106],[-86.2793,11.85324]]}},{"type":"Feature","properties":{"name":"Sacramento","scalerank":5,"na":1,"zb":"b4","len":3.62},"geometry":{"type":"LineString","coordinates":[[-121.97116,40.72071],[-121.84701,40.42784],[-121.72103,40.13409],[-121.62021,39.83358],[-121.5825,39.52377],[-121.48817,39.2218],[-121.31118,38.93895],[-121.22872,38.63409],[-121.26652,38.32082],[-121.35643,38.01021]]}},{"type":"Feature","properties":{"name":"Neva","scalerank":5,"na":0,"zb":"b4","len":1.51},"geometry":{"type":"LineString","coordinates":[[31.75105,60.12568],[31.54027,59.97185],[31.2689,59.84387],[30.93652,59.76029],[30.5707,59.72286],[30.19902,59.70312]]}},{"type":"Feature","properties":{"name":"Klamath","scalerank":5,"na":1,"zb":"b4","len":3.17},"geometry":{"type":"LineString","coordinates":[[-121.54386,42.57768],[-121.46589,42.29939],[-121.63957,42.04724],[-121.95184,41.87626],[-122.29926,41.74597],[-122.65741,41.63258],[-123.02033,41.53724],[-123.17092,41.26845],[-123.42585,41.05292],[-123.79592,40.98205],[-124.13187,41.12153],[-124.39276,41.33858]]}},{"type":"Feature","properties":{"name":"Volta","scalerank":5,"na":0,"zb":"b4","len":3.54},"geometry":{"type":"LineString","coordinates":[[-0.7105,8.95997],[-0.41269,8.70101],[-0.11914,8.43722],[0.15342,8.15225],[0.3847,7.83375],[0.52585,7.46781],[0.56842,7.07737],[0.55423,6.68396],[0.68313,6.32227],[0.95945,6.03931]]}},{"type":"Feature","properties":{"name":"Culuene","scalerank":5,"na":0,"zb":"b4","len":4.54},"geometry":{"type":"LineString","coordinates":[[-54.48547,-15.35349],[-54.12161,-15.23885],[-53.76421,-15.10706],[-53.44737,-14.90385],[-53.23965,-14.59377],[-53.06771,-14.26259],[-52.90658,-13.92583],[-52.75723,-13.58351],[-52.63162,-13.23193],[-52.55771,-12.86672],[-52.62307,-12.5012],[-52.80159,-12.17171],[-53.03065,-11.87183],[-53.04841,-11.5143]]}},{"type":"Feature","properties":{"name":"Holston","scalerank":5,"na":1,"zb":"b4","len":2.94},"geometry":{"type":"LineString","coordinates":[[-81.56434,37.30816],[-81.92885,37.19469],[-82.28786,37.07043],[-82.64043,36.93469],[-82.98807,36.79082],[-83.33041,36.63872],[-83.66696,36.47823],[-83.99312,36.30433],[-84.27243,36.0842]]}},{"type":"Feature","properties":{"name":"Pamir","scalerank":5,"na":0,"zb":"b4","len":1.11},"geometry":{"type":"LineString","coordinates":[[73.55643,37.76244],[73.11929,37.68847],[72.73958,37.50075],[72.39527,37.27223]]}},{"type":"Feature","properties":{"name":"Sprague","scalerank":5,"na":1,"zb":"b4","len":1.05},"geometry":{"type":"LineString","coordinates":[[-120.79296,42.6894],[-121.342,42.74516],[-121.89622,42.77047]]}},{"type":"Feature","properties":{"name":"Juruena","scalerank":5,"na":0,"zb":"b4","len":3.68},"geometry":{"type":"LineString","coordinates":[[-59.47226,-14.53676],[-59.46875,-14.14338],[-59.44099,-13.75014],[-59.40139,-13.3572],[-59.35597,-12.96419],[-59.30528,-12.57119],[-59.24207,-12.17934],[-59.15777,-11.79079],[-59.05803,-11.40529],[-59.05984,-11.00866]]}},{"type":"Feature","properties":{"name":"Chixoy","scalerank":5,"na":1,"zb":"b4","len":2.02},"geometry":{"type":"LineString","coordinates":[[-91.67848,15.0554],[-91.50216,15.45156],[-91.13883,15.67804],[-90.9979,16.08739],[-90.80877,16.47825]]}},{"type":"Feature","properties":{"name":"B\u00edo B\u00edo","scalerank":5,"na":0,"zb":"b4","len":3.31},"geometry":{"type":"LineString","coordinates":[[-70.8383,-38.7695],[-70.85718,-38.46533],[-70.98763,-38.17766],[-71.18627,-37.91325],[-71.41399,-37.66281],[-71.69597,-37.45044],[-72.05511,-37.33155],[-72.37929,-37.16781],[-72.59048,-36.90605],[-72.78445,-36.63462]]}},{"type":"Feature","properties":{"name":"Santa Cruz","scalerank":5,"na":0,"zb":"b4","len":3.03},"geometry":{"type":"LineString","coordinates":[[-71.96985,-50.48022],[-71.57924,-50.47289],[-71.18864,-50.46556],[-70.79813,-50.45642],[-70.40815,-50.44087],[-70.01972,-50.41426],[-69.63432,-50.37331],[-69.25393,-50.31633],[-68.87628,-50.25218]]}},{"type":"Feature","properties":{"name":"Narmada","scalerank":6,"na":0,"zb":"b4","len":5.39},"geometry":{"type":"LineString","coordinates":[[79.16809,22.68813],[78.78666,22.65159],[78.40804,22.59636],[78.04082,22.49526],[77.68527,22.36255],[77.33428,22.21961],[76.97869,22.08675],[76.61214,21.98312],[76.23759,21.90691],[75.86058,21.84183],[75.48251,21.78219],[75.10433,21.72311],[74.72623,21.66357],[74.34839,21.60261],[73.96948,21.54794]]}},{"type":"Feature","properties":{"name":"Uruguay","scalerank":6,"na":0,"zb":"b4","len":5.41},"geometry":{"type":"LineString","coordinates":[[-55.68178,-27.73974],[-55.94479,-27.97876],[-56.19372,-28.22873],[-56.43485,-28.48403],[-56.67711,-28.73788],[-56.92271,-28.98865],[-57.17038,-29.23724],[-57.42018,-29.48361],[-57.66148,-29.73566],[-57.88162,-30.00116],[-58.05591,-30.28973],[-58.18043,-30.5966],[-58.28673,-30.90764],[-58.38565,-31.21946],[-58.47302,-31.53276],[-58.54461,-31.84788]]}},{"type":"Feature","properties":{"name":"Brazos","scalerank":6,"na":1,"zb":"b4","len":5.16},"geometry":{"type":"LineString","coordinates":[[-98.88906,33.7097],[-98.58765,33.50812],[-98.29797,33.29381],[-98.00588,33.08126],[-97.71977,32.86262],[-97.45405,32.62609],[-97.21457,32.36978],[-97.00011,32.09733],[-96.80886,31.81182],[-96.61696,31.52574],[-96.41511,31.24382],[-96.20924,30.96316],[-96.01179,30.67733],[-95.84171,30.37798],[-95.706,30.06488]]}},{"type":"Feature","properties":{"name":"Porcupine","scalerank":6,"na":1,"zb":"b4","len":6.73},"geometry":{"type":"LineString","coordinates":[[-138.93741,67.75746],[-139.30139,67.72005],[-139.66123,67.6765],[-140.02411,67.63651],[-140.3881,67.59793],[-140.75129,67.55821],[-141.1128,67.51631],[-141.46847,67.46756],[-141.8164,67.41118],[-142.15166,67.3442],[-142.48114,67.27286],[-142.81321,67.20313],[-143.15033,67.13696],[-143.49258,67.0747],[-143.83854,67.01548],[-144.18724,66.95862],[-144.5371,66.90271],[-144.8878,66.8475],[-145.23851,66.79216]]}},{"type":"Feature","properties":{"name":"Red","scalerank":6,"na":0,"zb":"b4","len":3.83},"geometry":{"type":"LineString","coordinates":[[103.35814,23.39324],[103.68662,23.1857],[103.99469,22.95277],[104.28926,22.70492],[104.57936,22.45218],[104.86442,22.19411],[105.15032,21.93637],[105.45332,21.69618],[105.79185,21.5004],[106.09795,21.26316],[106.34702,20.97351]]}},{"type":"Feature","properties":{"name":"Olenyok","scalerank":6,"na":0,"zb":"b4","len":5.6},"geometry":{"type":"LineString","coordinates":[[104.81437,67.42435],[105.16902,67.3727],[105.52391,67.32118],[105.8837,67.27489],[106.24781,67.23394],[106.61517,67.19751],[106.984,67.16326],[107.35425,67.13134],[107.72489,67.10008],[108.0962,67.07002],[108.46932,67.04354],[108.84411,67.02095],[109.22104,67.00486],[109.5999,67.00374],[109.96305,67.04319],[110.27608,67.12597],[110.5499,67.22764]]}},{"type":"Feature","properties":{"name":"Taz","scalerank":6,"na":0,"zb":"b4","len":4.08},"geometry":{"type":"LineString","coordinates":[[81.78891,66.62435],[81.58256,66.74566],[81.23779,66.81212],[80.879,66.86626],[80.51924,66.91927],[80.16636,66.97872],[79.8288,67.05031],[79.50243,67.12925],[79.18599,67.2138],[78.87598,67.30157],[78.56974,67.391]]}},{"type":"Feature","properties":{"name":"Vilyuy","scalerank":6,"na":0,"zb":"b4","len":4.81},"geometry":{"type":"LineString","coordinates":[[123.08333,64.14105],[122.70201,64.08912],[122.31095,64.05251],[121.91914,64.01741],[121.52961,63.97781],[121.14728,63.92655],[120.78537,63.85233],[120.44497,63.75978],[120.06613,63.70593],[119.66938,63.68392],[119.27235,63.66265],[118.8797,63.6293],[118.49708,63.57787]]}},{"type":"Feature","properties":{"name":"Glomma","scalerank":6,"na":0,"zb":"b4","len":5.05},"geometry":{"type":"LineString","coordinates":[[11.16693,62.80055],[10.92447,62.65867],[10.67375,62.51926],[10.44546,62.37258],[10.36542,62.19468],[10.38615,62.01121],[10.46082,61.82955],[10.55634,61.64893],[10.67129,61.46986],[10.80834,61.29332],[10.96088,61.11874],[11.1303,60.94687],[11.30811,60.77606],[11.4894,60.60521],[11.67068,60.43345]]}},{"type":"Feature","properties":{"name":"Nelson","scalerank":6,"na":1,"zb":"b4","len":5.16},"geometry":{"type":"LineString","coordinates":[[-96.9976,50.95279],[-97.03681,51.18776],[-97.10524,51.41848],[-97.24258,51.63599],[-97.41915,51.84148],[-97.60929,52.04144],[-97.78406,52.24567],[-97.93401,52.45621],[-98.05317,52.67291],[-98.14348,52.89356],[-98.20637,53.11657],[-98.24637,53.34034],[-98.25919,53.56405],[-98.23224,53.78608],[-98.18035,54.0055]]}},{"type":"Feature","properties":{"name":"Kwango","scalerank":6,"na":0,"zb":"b4","len":5.05},"geometry":{"type":"LineString","coordinates":[[18.13335,-9.84908],[17.88672,-9.56662],[17.68298,-9.2533],[17.55041,-8.90375],[17.37383,-8.57354],[17.17072,-8.25793],[16.9634,-7.94474],[16.76906,-7.62337],[16.60851,-7.28396],[16.47534,-6.93277],[16.36486,-6.57363],[16.27739,-6.20803],[16.21267,-5.83752],[16.16897,-5.46371],[16.14444,-5.0879]]}},{"type":"Feature","properties":{"name":"Koyukuk","scalerank":6,"na":1,"zb":"b4","len":5.53},"geometry":{"type":"LineString","coordinates":[[-150.42313,68.02194],[-150.45845,67.8738],[-150.44176,67.72409],[-150.4092,67.57376],[-150.40786,67.42205],[-150.47074,67.27141],[-150.59095,67.1251],[-150.76691,66.98672],[-150.97899,66.85538],[-151.21378,66.72944],[-151.48899,66.61645],[-151.79402,66.51577],[-152.12897,66.43111],[-152.48553,66.3616],[-152.85047,66.29915],[-153.21702,66.23808]]}},{"type":"Feature","properties":{"name":"Tanana","scalerank":6,"na":1,"zb":"b4","len":5.11},"geometry":{"type":"LineString","coordinates":[[-141.79586,63.21137],[-142.07631,63.32222],[-142.38839,63.41399],[-142.7095,63.4993],[-143.03349,63.58217],[-143.35748,63.66481],[-143.68058,63.74787],[-144.0014,63.83238],[-144.30397,63.92857],[-144.54875,64.05176],[-144.8231,64.16104],[-145.15702,64.23348],[-145.50728,64.28981],[-145.86163,64.341],[-146.20385,64.40543]]}},{"type":"Feature","properties":{"name":"Don","scalerank":6,"na":0,"zb":"b4","len":3.75},"geometry":{"type":"LineString","coordinates":[[43.57497,48.13981],[43.35054,47.91914],[43.09403,47.71425],[42.78372,47.54593],[42.42621,47.42716],[42.04114,47.35723],[41.64446,47.32854],[41.24725,47.30301],[40.86758,47.22293],[40.52195,47.08741],[40.16052,46.97244]]}},{"type":"Feature","properties":{"name":"Back","scalerank":6,"na":1,"zb":"b4","len":4.35},"geometry":{"type":"LineString","coordinates":[[-102.35258,65.46475],[-102.71982,65.41889],[-103.05939,65.34496],[-103.37018,65.25076],[-103.67476,65.15267],[-104.00202,65.06851],[-104.35442,65.00444],[-104.7256,64.96399],[-105.10838,64.95632],[-105.48899,64.97667],[-105.86019,65.01805],[-106.22162,65.07278],[-106.57669,65.13445]]}},{"type":"Feature","properties":{"name":"Helmand","scalerank":6,"na":0,"zb":"b4","len":5.36},"geometry":{"type":"LineString","coordinates":[[67.09408,33.52629],[66.78501,33.33236],[66.49631,33.11687],[66.22365,32.88662],[65.97282,32.63905],[65.73062,32.38455],[65.47826,32.13648],[65.21637,31.89493],[64.96202,31.6471],[64.75096,31.37102],[64.60551,31.06484],[64.43615,30.76688],[64.19149,30.50988],[63.88795,30.30362],[63.54744,30.14526]]}},{"type":"Feature","properties":{"name":"Tarim","scalerank":6,"na":0,"zb":"b4","len":4.88},"geometry":{"type":"LineString","coordinates":[[85.81599,41.33638],[85.43178,41.32968],[85.05308,41.37903],[84.67659,41.43737],[84.29294,41.43118],[83.92434,41.34962],[83.54408,41.30799],[83.15969,41.29312],[82.77592,41.27143],[82.3971,41.22067],[82.02599,41.14418],[81.66385,41.04617],[81.30811,40.93523],[80.95429,40.82064]]}},{"type":"Feature","properties":{"name":"Kheta","scalerank":6,"na":0,"zb":"b4","len":4.62},"geometry":{"type":"LineString","coordinates":[[94.9926,70.75907],[95.36832,70.74483],[95.74446,70.73187],[96.12115,70.72071],[96.4985,70.71243],[96.87623,70.70769],[97.25401,70.71114],[97.62546,70.73385],[97.97316,70.7811],[98.25546,70.86268],[98.46853,70.96469],[98.67245,71.06789],[98.93962,71.15408],[99.24189,71.22729]]}},{"type":"Feature","properties":{"name":"Mur","scalerank":6,"na":0,"zb":"b4","len":4.01},"geometry":{"type":"LineString","coordinates":[[15.87837,47.09753],[16.15204,46.91385],[16.52875,46.80075],[16.88089,46.65499],[17.19833,46.47543],[17.50745,46.28834],[17.87456,46.16083],[18.26047,46.06165],[18.64382,45.95757],[19.02174,45.84406]]}},{"type":"Feature","properties":{"name":"Kama","scalerank":6,"na":0,"zb":"b4","len":4.41},"geometry":{"type":"LineString","coordinates":[[53.88555,60.45294],[53.54325,60.36726],[53.21906,60.26543],[52.91317,60.15023],[52.63829,60.01681],[52.42591,59.85733],[52.33273,59.67107],[52.37447,59.4787],[52.51829,59.29776],[52.6943,59.12307],[52.84893,58.94253],[52.9506,58.75098],[53.04792,58.55774],[53.15536,58.36492]]}},{"type":"Feature","properties":{"name":"Pilcomayo River","scalerank":6,"na":0,"zb":"b4","len":6.26},"geometry":{"type":"LineString","coordinates":[[-63.16815,-22.14784],[-62.96662,-22.44432],[-62.71576,-22.70627],[-62.46397,-22.96539],[-62.23573,-23.24331],[-61.96684,-23.48825],[-61.67827,-23.71336],[-61.37551,-23.92182],[-61.05472,-24.10594],[-60.71232,-24.25354],[-60.35369,-24.36504],[-60.00449,-24.49849],[-59.6728,-24.66506],[-59.35159,-24.84774],[-59.02625,-25.02401],[-58.6911,-25.1841],[-58.34868,-25.33105],[-58.0158,-25.49373]]}},{"type":"Feature","properties":{"name":"Po","scalerank":6,"na":0,"zb":"b4","len":3.56},"geometry":{"type":"LineString","coordinates":[[8.70665,45.36836],[9.10528,45.39968],[9.50557,45.41765],[9.90431,45.39285],[10.29153,45.31929],[10.6724,45.2932],[11.06941,45.32226],[11.47005,45.30662],[11.86924,45.27735],[12.26969,45.25866]]}},{"type":"Feature","properties":{"name":"Tisza","scalerank":6,"na":0,"zb":"b4","len":4.9},"geometry":{"type":"LineString","coordinates":[[21.48827,48.4134],[21.1736,48.26913],[20.88643,48.10083],[20.62011,47.91712],[20.35921,47.7293],[20.12123,47.52765],[19.92014,47.30765],[19.77668,47.06732],[19.71253,46.81028],[19.72021,46.54813],[19.73931,46.28581],[19.71273,46.02282],[19.74412,45.75757],[19.79758,45.49267],[19.85418,45.22684]]}},{"type":"Feature","properties":{"name":"Meta","scalerank":6,"na":0,"zb":"b4","len":4.37},"geometry":{"type":"LineString","coordinates":[[-72.11121,4.01144],[-71.73884,4.13281],[-71.38242,4.29519],[-71.04459,4.49301],[-70.73676,4.73428],[-70.45388,5.00446],[-70.12241,5.21175],[-69.80965,5.44644],[-69.50526,5.69096],[-69.11563,5.73055],[-68.72422,5.75248],[-68.33419,5.79124]]}},{"type":"Feature","properties":{"name":"Susitna","scalerank":6,"na":1,"zb":"b4","len":5.52},"geometry":{"type":"LineString","coordinates":[[-146.50358,62.66997],[-146.85307,62.75045],[-147.20371,62.82964],[-147.56147,62.90152],[-147.93379,62.95553],[-148.31813,62.98748],[-148.70803,63.0007],[-149.09864,62.99652],[-149.48475,62.96916],[-149.8527,62.91007],[-150.16103,62.8025],[-150.35049,62.64626],[-150.47334,62.47564],[-150.52314,62.29596],[-150.55623,62.11427],[-150.60778,61.93244],[-150.67735,61.75085]]}},{"type":"Feature","properties":{"name":"Douro","scalerank":6,"na":0,"zb":"b4","len":4.78},"geometry":{"type":"LineString","coordinates":[[-3.57409,41.93265],[-3.97448,41.93272],[-4.37253,41.89876],[-4.76766,41.84879],[-5.16481,41.80903],[-5.56499,41.7984],[-5.96528,41.80881],[-6.35632,41.74816],[-6.71504,41.61623],[-7.05422,41.45709],[-7.44688,41.446],[-7.84632,41.46783],[-8.24709,41.46781]]}},{"type":"Feature","properties":{"name":"Dniester","scalerank":6,"na":0,"zb":"b4","len":5.82},"geometry":{"type":"LineString","coordinates":[[29.31032,47.86481],[29.12085,48.08491],[28.83873,48.2541],[28.52241,48.39564],[28.21002,48.54059],[27.88626,48.67352],[27.53283,48.76665],[27.15639,48.80035],[26.77596,48.78694],[26.40292,48.83504],[26.04754,48.92547],[25.70448,49.03462],[25.36812,49.1522],[25.03837,49.27722],[24.71389,49.4077],[24.38948,49.53788],[24.05729,49.65905]]}},{"type":"Feature","properties":{"name":"Gan","scalerank":6,"na":0,"zb":"b4","len":3.9},"geometry":{"type":"LineString","coordinates":[[115.82379,29.88017],[115.6802,29.55505],[115.57103,29.21903],[115.49044,28.87565],[115.36319,28.54281],[115.17505,28.23159],[114.96875,27.92824],[114.79133,27.61026],[114.6621,27.27373],[114.52674,26.94079],[114.3769,26.61381]]}},{"type":"Feature","properties":{"name":"Okavango","scalerank":6,"na":0,"zb":"b4","len":5.88},"geometry":{"type":"LineString","coordinates":[[22.08085,-19.07069],[21.82058,-18.81271],[21.55095,-18.56306],[21.22267,-18.42872],[20.84718,-18.39667],[20.47706,-18.32987],[20.10818,-18.25873],[19.73322,-18.22122],[19.35777,-18.18825],[18.9839,-18.14226],[18.6203,-18.0499],[18.32173,-17.83668],[18.08614,-17.5564],[17.86222,-17.26695],[17.65412,-16.96657],[17.47437,-16.64944],[17.3299,-16.31562]]}},{"type":"Feature","properties":{"name":"Liard","scalerank":6,"na":1,"zb":"b4","len":4.81},"geometry":{"type":"LineString","coordinates":[[-131.62279,61.05211],[-131.31022,60.93128],[-131.01402,60.80059],[-130.72225,60.66701],[-130.432,60.53207],[-130.1412,60.39686],[-129.84954,60.26153],[-129.55459,60.12742],[-129.25287,59.99657],[-128.93826,59.87324],[-128.59608,59.76959],[-128.21386,59.71585],[-127.82757,59.71738]]}},{"type":"Feature","properties":{"name":"Salado","scalerank":6,"na":0,"zb":"b4","len":5.03},"geometry":{"type":"LineString","coordinates":[[-64.43387,-25.55051],[-64.28267,-25.86202],[-64.18851,-26.19102],[-64.13849,-26.52692],[-64.10404,-26.86352],[-64.05745,-27.19791],[-63.98972,-27.52836],[-63.89186,-27.85192],[-63.72974,-28.15179],[-63.50665,-28.42075],[-63.26741,-28.67815],[-63.05907,-28.9543],[-62.87393,-29.24237],[-62.62907,-29.49182],[-62.3015,-29.65173]]}},{"type":"Feature","properties":{"name":"Han","scalerank":6,"na":0,"zb":"b4","len":4.06},"geometry":{"type":"LineString","coordinates":[[109.35618,33.15061],[109.73883,33.1991],[110.12577,33.20076],[110.50943,33.15773],[110.8882,33.09001],[111.26146,33.00374],[111.60897,32.86369],[111.88276,32.63554],[112.12712,32.38349],[112.42674,32.17803],[112.63587,31.90273],[112.78162,31.59775],[112.90556,31.28471]]}},{"type":"Feature","properties":{"name":"Yamuna","scalerank":6,"na":0,"zb":"b4","len":5.02},"geometry":{"type":"LineString","coordinates":[[76.8094,28.94967],[76.9004,28.62215],[77.00616,28.29704],[77.12613,27.97479],[77.25673,27.65483],[77.43646,27.35361],[77.67209,27.08387],[77.96022,26.85761],[78.28925,26.68039],[78.62147,26.50724],[78.91131,26.28228],[79.20793,26.06302],[79.52968,25.87367],[79.86204,25.69935],[80.20645,25.54514]]}},{"type":"Feature","properties":{"name":"Tom","scalerank":6,"na":0,"zb":"b4","len":3.9},"geometry":{"type":"LineString","coordinates":[[86.68816,55.33818],[86.39882,55.50395],[86.12273,55.67649],[85.80305,55.8219],[85.43489,55.92505],[85.3143,56.13628],[85.23811,56.36092],[85.11654,56.57815],[84.96715,56.78893],[84.80674,56.99612]]}},{"type":"Feature","properties":{"name":"Tshuapa","scalerank":6,"na":0,"zb":"b4","len":5.44},"geometry":{"type":"LineString","coordinates":[[24.96857,-3.02926],[24.82217,-2.66679],[24.65775,-2.31206],[24.48864,-1.95947],[24.35668,-1.59138],[24.18088,-1.24348],[23.89752,-0.97769],[23.53822,-0.82695],[23.17275,-0.68789],[22.81967,-0.51919],[22.46661,-0.35038],[22.10747,-0.19501],[21.74154,-0.0564],[21.36925,0.06411],[20.98956,0.15775],[20.60045,0.16921]]}},{"type":"Feature","properties":{"name":"Limpopo","scalerank":6,"na":0,"zb":"b4","len":5.47},"geometry":{"type":"LineString","coordinates":[[26.68224,-23.47217],[26.96352,-23.23906],[27.27163,-23.03608],[27.56389,-22.81556],[27.82836,-22.56509],[28.13077,-22.35451],[28.45941,-22.17981],[28.80293,-22.0312],[29.15135,-21.89271],[29.51653,-21.80296],[29.89315,-21.82721],[30.26482,-21.89648],[30.64077,-21.93876],[31.01841,-21.96116],[31.38713,-22.04165],[31.73188,-22.1863],[32.03697,-22.39369]]}},{"type":"Feature","properties":{"name":"Chenab","scalerank":6,"na":0,"zb":"b4","len":5.13},"geometry":{"type":"LineString","coordinates":[[74.38346,33.16014],[74.1001,32.952],[73.78608,32.77576],[73.46654,32.60623],[73.15728,32.42346],[72.88427,32.20334],[72.5865,32.007],[72.27866,31.82127],[71.99386,31.61072],[71.78603,31.34265],[71.61644,31.05399],[71.39901,30.78992],[71.15203,30.54426],[70.95706,30.26594],[70.81626,29.96298]]}},{"type":"Feature","properties":{"name":"Dal\u00e4lven","scalerank":6,"na":0,"zb":"b4","len":5.96},"geometry":{"type":"LineString","coordinates":[[16.96483,60.08834],[16.6506,59.97919],[16.27451,59.96461],[15.95214,60.06048],[15.72224,60.2127],[15.42765,60.33401],[15.11562,60.44382],[14.80555,60.55405],[14.53321,60.68593],[14.29686,60.83313],[14.04253,60.97249],[13.77635,61.10593],[13.50989,61.23869],[13.24281,61.3706],[12.96991,61.49916],[12.69004,61.62376],[12.4076,61.74656],[12.12813,61.87039]]}},{"type":"Feature","properties":{"name":"Branco","scalerank":6,"na":0,"zb":"b4","len":5.06},"geometry":{"type":"LineString","coordinates":[[-62.10464,3.62003],[-61.7239,3.69905],[-61.34106,3.7669],[-60.95528,3.81437],[-60.57179,3.76728],[-60.27077,3.53332],[-60.1906,3.16137],[-60.27002,2.78196],[-60.39225,2.41322],[-60.52997,2.04981],[-60.67348,1.68856],[-60.82079,1.32878],[-60.97243,0.97074],[-61.13064,0.61553],[-61.28486,0.25874],[-61.37444,-0.1189]]}},{"type":"Feature","properties":{"name":"Coppermine","scalerank":6,"na":1,"zb":"b4","len":6.74},"geometry":{"type":"LineString","coordinates":[[-115.46985,67.90214],[-115.67638,67.78298],[-115.88292,67.66321],[-116.08366,67.54141],[-116.26536,67.41479],[-116.40615,67.28004],[-116.47903,67.13685],[-116.43837,66.99129],[-116.31127,66.85233],[-116.08604,66.73338],[-115.79695,66.63778],[-115.48272,66.55488],[-115.2266,66.4456],[-115.05079,66.31213],[-114.91783,66.1699],[-114.82164,66.02201],[-114.72995,65.87278],[-114.63799,65.7227],[-114.52417,65.5743],[-114.36539,65.43279]]}},{"type":"Feature","properties":{"name":"Liao","scalerank":6,"na":0,"zb":"b4","len":4.33},"geometry":{"type":"LineString","coordinates":[[123.15175,43.47932],[123.15756,43.18395],[123.17869,42.88763],[123.25912,42.59584],[123.0315,42.40272],[122.74565,42.19061],[122.53039,41.93551],[122.37372,41.65624],[122.21237,41.37723],[122.01624,41.11008],[121.80008,40.85053]]}},{"type":"Feature","properties":{"name":"Ottawa","scalerank":6,"na":1,"zb":"b4","len":5.1},"geometry":{"type":"LineString","coordinates":[[-79.8812,47.49926],[-79.7739,47.25577],[-79.6623,47.01207],[-79.53089,46.77199],[-79.36983,46.53954],[-79.16685,46.32242],[-78.89605,46.14437],[-78.55185,46.0439],[-78.18825,45.97964],[-77.82305,45.92075],[-77.49553,45.79326],[-77.17085,45.66317],[-76.90944,45.47587],[-76.62399,45.30589],[-76.28479,45.19569],[-75.91385,45.16913]]}},{"type":"Feature","properties":{"name":"Chari","scalerank":6,"na":0,"zb":"b4","len":4.64},"geometry":{"type":"LineString","coordinates":[[15.55495,10.57287],[15.90189,10.37738],[16.27068,10.22355],[16.65884,10.13049],[17.02317,10.03607],[17.28571,9.73846],[17.53976,9.43306],[17.82462,9.15527],[18.13181,8.90133],[18.44783,8.65789],[18.71236,8.36747],[18.86908,8.00247]]}},{"type":"Feature","properties":{"name":"Sutlej","scalerank":6,"na":0,"zb":"b4","len":5.06},"geometry":{"type":"LineString","coordinates":[[76.13233,31.36894],[75.73855,31.37123],[75.34656,31.40504],[74.95795,31.4609],[74.57442,31.3946],[74.2337,31.22651],[73.93712,31.00417],[73.66343,30.76059],[73.33857,30.57365],[72.98212,30.42824],[72.62929,30.27617],[72.28085,30.11652],[71.947,29.93587],[71.58861,29.8073]]}},{"type":"Feature","properties":{"name":"Chubut","scalerank":6,"na":0,"zb":"b4","len":5.15},"geometry":{"type":"LineString","coordinates":[[-65.03199,-43.62505],[-65.43044,-43.63858],[-65.79636,-43.74439],[-66.12117,-43.91117],[-66.49012,-44.01839],[-66.88473,-44.04988],[-67.28247,-44.0292],[-67.68115,-44.03584],[-68.07908,-44.05631],[-68.47764,-44.06319],[-68.86968,-44.01538],[-69.2055,-43.86629],[-69.43976,-43.63388],[-69.63307,-43.38081],[-69.82438,-43.12586]]}},{"type":"Feature","properties":{"name":"Kemijoki","scalerank":6,"na":0,"zb":"b4","len":5.87},"geometry":{"type":"LineString","coordinates":[[29.17693,68.13135],[29.21955,67.98729],[29.16021,67.84287],[29.04247,67.70248],[28.88663,67.56661],[28.71931,67.43193],[28.54511,67.29779],[28.36975,67.16312],[28.19228,67.02811],[28.01847,66.89165],[27.86372,66.75094],[27.77354,66.60164],[27.72217,66.44792],[27.56017,66.30847],[27.22502,66.23451],[26.83757,66.2318],[26.45391,66.25855],[26.06873,66.28194]]}},{"type":"Feature","properties":{"name":"Albany","scalerank":6,"na":1,"zb":"b4","len":5.07},"geometry":{"type":"LineString","coordinates":[[-91.80943,50.94343],[-91.46622,50.82376],[-91.0708,50.8186],[-90.67439,50.8308],[-90.28654,50.87901],[-89.91035,50.95691],[-89.54715,51.05761],[-89.17894,51.15048],[-88.79485,51.21118],[-88.40043,51.20844],[-88.01953,51.13936],[-87.63151,51.08894],[-87.23582,51.09236],[-86.855,51.15925],[-86.50195,51.27241]]}},{"type":"Feature","properties":{"name":"Anadyr","scalerank":6,"na":0,"zb":"b4","len":4.86},"geometry":{"type":"LineString","coordinates":[[170.57414,66.63148],[170.27474,66.52852],[169.98619,66.42036],[169.72046,66.30278],[169.49707,66.1713],[169.33931,66.02449],[169.20195,65.87384],[168.96231,65.7453],[168.69158,65.62644],[168.46364,65.49311],[168.33303,65.33828],[168.30792,65.17352],[168.38043,65.01015],[168.54714,64.85879],[168.81705,64.73632]]}},{"type":"Feature","properties":{"name":"Rupert","scalerank":6,"na":1,"zb":"b4","len":5.15},"geometry":{"type":"LineString","coordinates":[[-78.64282,51.74108],[-78.26537,51.68828],[-77.88505,51.6444],[-77.49906,51.63177],[-77.11314,51.64702],[-76.72724,51.6556],[-76.3466,51.66448],[-75.96963,51.71854],[-75.58737,51.7539],[-75.2055,51.72865],[-74.83309,51.66893],[-74.44893,51.64018],[-74.06675,51.60326],[-73.70975,51.51397],[-73.43158,51.34862]]}},{"type":"Feature","properties":{"name":"Songhwa","scalerank":6,"na":0,"zb":"b4","len":5.4},"geometry":{"type":"LineString","coordinates":[[130.41307,46.56526],[130.12382,46.39414],[129.88696,46.18037],[129.61811,45.9851],[129.29824,45.83148],[128.9396,45.72687],[128.55977,45.66728],[128.17077,45.65406],[127.78111,45.65234],[127.39189,45.66313],[127.01141,45.66434],[126.69281,45.5076],[126.3487,45.37991],[125.98609,45.28018],[125.60734,45.2168]]}},{"type":"Feature","properties":{"name":"Great Bear","scalerank":6,"na":1,"zb":"b4","len":6.99},"geometry":{"type":"LineString","coordinates":[[-104.03243,59.13872],[-104.39375,59.21296],[-104.74133,59.29907],[-105.10328,59.36491],[-105.49031,59.37992],[-105.85156,59.45257],[-106.23374,59.49053],[-106.62073,59.51358],[-107.00857,59.53239],[-107.39773,59.54155],[-107.78735,59.54118],[-108.17654,59.5319],[-108.56457,59.51453],[-108.94874,59.4819],[-109.32619,59.43334],[-109.68888,59.36092],[-110.03834,59.27323],[-110.37088,59.16949],[-110.69476,59.05831],[-111.01542,58.94431]]}},{"type":"Feature","properties":{"name":"Wabash","scalerank":6,"na":1,"zb":"b4","len":5.23},"geometry":{"type":"LineString","coordinates":[[-85.23566,41.09385],[-85.61504,41.14897],[-85.9992,41.10158],[-86.37455,41.02339],[-86.73317,40.9094],[-87.06624,40.75702],[-87.37033,40.57263],[-87.63491,40.35583],[-87.79869,40.08882],[-87.8238,39.79164],[-87.9258,39.50226],[-87.98677,39.20507],[-88.00439,38.903],[-88.0749,38.605],[-88.20477,38.31756],[-88.35033,38.03351]]}},{"type":"Feature","properties":{"name":"Purus","scalerank":6,"na":0,"zb":"b4","len":4.68},"geometry":{"type":"LineString","coordinates":[[-72.44284,-10.44988],[-72.04806,-10.40556],[-71.69411,-10.22556],[-71.39961,-9.96543],[-71.19148,-9.62999],[-70.94596,-9.31948],[-70.66956,-9.03593],[-70.33961,-8.81593],[-69.96103,-8.69379],[-69.58449,-8.56451],[-69.20812,-8.43503],[-68.81232,-8.44527],[-68.44399,-8.59358]]}},{"type":"Feature","properties":{"name":"Jubba","scalerank":6,"na":0,"zb":"b4","len":4.7},"geometry":{"type":"LineString","coordinates":[[42.20278,4.64767],[42.51681,4.41105],[42.76231,4.10735],[42.89448,3.7387],[42.93405,3.34835],[42.91323,2.9562],[42.81801,2.57546],[42.64715,2.22199],[42.73797,1.85817],[42.87383,1.48874],[42.98951,1.11248],[43.07527,0.72829],[43.11484,0.33705],[43.08063,-0.05455]]}},{"type":"Feature","properties":{"name":"Yarkand","scalerank":6,"na":0,"zb":"b4","len":5.47},"geometry":{"type":"LineString","coordinates":[[76.61502,37.56594],[76.96069,37.68117],[77.2802,37.85431],[77.52508,38.09071],[77.70278,38.36154],[77.84855,38.64325],[78.03496,38.90801],[78.31542,39.11435],[78.65778,39.25535],[79.02665,39.34893],[79.3888,39.45698],[79.7379,39.58816],[80.07839,39.73197],[80.41137,39.88556]]}},{"type":"Feature","properties":{"name":"Dadu","scalerank":6,"na":0,"zb":"b4","len":4.31},"geometry":{"type":"LineString","coordinates":[[100.97036,32.74732],[101.19005,32.49052],[101.35972,32.20679],[101.72374,32.15811],[102.08255,32.06878],[102.33409,31.8395],[102.39353,31.52577],[102.3544,31.20633],[102.35345,30.8851],[102.45305,30.57351],[102.55229,30.26051],[102.6167,29.93979],[102.66834,29.6162]]}},{"type":"Feature","properties":{"name":"Kafue","scalerank":6,"na":0,"zb":"b4","len":4.74},"geometry":{"type":"LineString","coordinates":[[26.74774,-14.03773],[26.38761,-14.17244],[26.06441,-14.37984],[25.78631,-14.63967],[25.60758,-14.9699],[25.5712,-15.34023],[25.64051,-15.70657],[25.84753,-16.01667],[26.21038,-16.12958],[26.59368,-16.08048],[26.9745,-16.01201],[27.36164,-16.01644],[27.7448,-16.07357],[28.1241,-16.15132],[28.50133,-16.2379],[28.87828,-16.32558]]}},{"type":"Feature","properties":{"name":"Kade\u00ef","scalerank":6,"na":0,"zb":"b4","len":4.77},"geometry":{"type":"LineString","coordinates":[[15.0191,5.8651],[14.99443,5.4735],[14.88109,5.09693],[14.74148,4.72866],[14.99306,4.5245],[15.35886,4.37567],[15.71065,4.19645],[16.04231,3.98265],[16.32814,3.71171],[16.52534,3.37194],[16.606,2.9875],[16.53789,2.60053],[16.55976,2.20855]]}},{"type":"Feature","properties":{"name":"Kuskokwim","scalerank":6,"na":1,"zb":"b4","len":6.23},"geometry":{"type":"LineString","coordinates":[[-155.22059,62.76722],[-155.35822,62.60117],[-155.4852,62.43228],[-155.61492,62.26288],[-155.74937,62.09333],[-155.90725,61.9274],[-156.11168,61.77247],[-156.38824,61.6452],[-156.74636,61.57833],[-157.13211,61.57023],[-157.51482,61.59813],[-157.89596,61.63047],[-158.18001,61.51275],[-158.53353,61.43915],[-158.9145,61.40666],[-159.30001,61.38856],[-159.68431,61.36576],[-160.0606,61.32204]]}},{"type":"Feature","properties":{"name":"Kamchatka","scalerank":6,"na":0,"zb":"b4","len":6.21},"geometry":{"type":"LineString","coordinates":[[157.80351,54.50217],[158.05969,54.64523],[158.28468,54.82084],[158.49769,55.00059],[158.69507,55.18527],[158.88978,55.37002],[159.11776,55.54096],[159.25681,55.72633],[159.30781,55.93677],[159.44993,56.13218],[159.66712,56.30387],[159.93917,56.44849],[160.28242,56.53464],[160.65534,56.56699],[161.03282,56.55696],[161.40775,56.52916],[161.78241,56.5]]}},{"type":"Feature","properties":{"name":"Desaguadero","scalerank":6,"na":0,"zb":"b4","len":7.12},"geometry":{"type":"LineString","coordinates":[[-66.21766,-38.33476],[-66.29619,-38.0483],[-66.55191,-37.82843],[-66.81247,-37.61085],[-67.02202,-37.36094],[-67.1571,-37.07971],[-67.21449,-36.78097],[-67.20027,-36.47693],[-67.15815,-36.17341],[-67.06351,-35.87669],[-66.98669,-35.57548],[-66.95604,-35.26764],[-66.99839,-34.96013],[-67.10065,-34.66034],[-67.18248,-34.35591],[-67.2267,-34.04745],[-67.36769,-33.75527],[-67.49779,-33.45868],[-67.60044,-33.15365],[-67.67628,-32.84206]]}},{"type":"Feature","properties":{"name":"Gila","scalerank":6,"na":1,"zb":"b4","len":4.32},"geometry":{"type":"LineString","coordinates":[[-109.60854,33.26575],[-109.95589,33.40983],[-110.33567,33.46801],[-110.71893,33.42147],[-111.10322,33.4292],[-111.49012,33.4511],[-111.87226,33.49962],[-112.23592,33.61193],[-112.61969,33.61132],[-112.94219,33.43915],[-113.29399,33.33588],[-113.66275,33.23445],[-114.02621,33.12023]]}},{"type":"Feature","properties":{"name":"Paraiba","scalerank":6,"na":0,"zb":"b4","len":5.5},"geometry":{"type":"LineString","coordinates":[[-44.83738,-23.36348],[-45.16965,-23.54314],[-45.5281,-23.67199],[-45.90997,-23.71346],[-46.25341,-23.57459],[-46.37694,-23.25095],[-46.19267,-22.94844],[-45.88868,-22.72997],[-45.56855,-22.53121],[-45.23143,-22.35838],[-44.87333,-22.22647],[-44.4959,-22.15444],[-44.11569,-22.09726],[-43.75708,-21.96699],[-43.41271,-21.80555],[-43.0658,-21.64867],[-42.71672,-21.49581],[-42.36514,-21.34811],[-41.99284,-21.26179]]}},{"type":"Feature","properties":{"name":"Madre de Dios","scalerank":6,"na":0,"zb":"b4","len":7.7},"geometry":{"type":"LineString","coordinates":[[-71.76541,-12.22374],[-71.54549,-12.23224],[-71.23692,-12.45733],[-70.91875,-12.66893],[-70.57988,-12.84669],[-70.2176,-12.97247],[-69.83567,-13.01676],[-69.45081,-13.01254],[-69.0691,-12.96447],[-68.69213,-12.888],[-68.33619,-12.75085],[-68.04575,-12.5053],[-67.77456,-12.23824],[-67.49339,-11.98125],[-67.16488,-11.78997],[-66.79711,-11.67869],[-66.44168,-11.53351],[-66.09604,-11.36742],[-65.76859,-11.16898],[-65.45793,-10.94571]]}},{"type":"Feature","properties":{"name":"Coco","scalerank":6,"na":1,"zb":"b4","len":4.31},"geometry":{"type":"LineString","coordinates":[[-87.0021,13.77995],[-86.62637,13.92805],[-86.22708,13.97048],[-85.95954,14.21677],[-85.65777,14.47895],[-85.40867,14.78456],[-85.10841,15.03962],[-84.71119,15.07762],[-84.31236,15.12722],[-83.92565,15.24561],[-83.53563,15.35328],[-83.13339,15.38055]]}},{"type":"Feature","properties":{"name":"Rh\u00f4ne","scalerank":6,"na":0,"zb":"b4","len":4.7},"geometry":{"type":"LineString","coordinates":[[5.89042,46.3627],[5.6392,46.16513],[5.34333,46.08668],[4.96923,46.0414],[4.65818,45.89464],[4.49114,45.65802],[4.44531,45.39364],[4.44212,45.12529],[4.41337,44.85701],[4.3598,44.58918],[4.36308,44.31725],[4.39241,44.04464],[4.40212,43.77012],[4.39007,43.49431]]}},{"type":"Feature","properties":{"name":"Krishna","scalerank":6,"na":0,"zb":"b4","len":5.39},"geometry":{"type":"LineString","coordinates":[[74.80531,16.22532],[75.19263,16.1807],[75.55927,16.05462],[75.92255,15.91902],[76.30962,15.88445],[76.68652,15.97536],[77.0492,16.08481],[77.42204,15.97498],[77.75804,15.7846],[78.11733,15.64152],[78.50585,15.62625],[78.88527,15.71089],[79.2169,15.90363],[79.49143,16.16903],[79.87171,16.24241]]}},{"type":"Feature","properties":{"name":"Copper","scalerank":6,"na":1,"zb":"b4","len":5.11},"geometry":{"type":"LineString","coordinates":[[-143.38988,62.61166],[-143.67703,62.72576],[-144.02261,62.79426],[-144.39904,62.79267],[-144.74581,62.72278],[-145.05376,62.62085],[-145.33958,62.50546],[-145.58562,62.37198],[-145.72689,62.21032],[-145.68864,62.03592],[-145.52469,61.87549],[-145.30067,61.73044],[-145.0772,61.58454],[-145.06733,61.42236],[-145.1854,61.24979],[-145.20887,61.06717],[-145.16839,60.8839]]}},{"type":"Feature","properties":{"name":"Ruvuma","scalerank":6,"na":0,"zb":"b4","len":5.13},"geometry":{"type":"LineString","coordinates":[[35.149,-11.71468],[35.46563,-11.90678],[35.84146,-11.89541],[36.20344,-11.99996],[36.57593,-12.0604],[36.94952,-11.99951],[37.32686,-12.02133],[37.69751,-11.9625],[38.0156,-11.76449],[38.38627,-11.75275],[38.75953,-11.69088],[39.12157,-11.581],[39.47546,-11.44766],[39.82415,-11.30164],[40.16465,-11.1382],[40.48717,-10.9429]]}},{"type":"Feature","properties":{"name":"Skeena","scalerank":6,"na":1,"zb":"b4","len":5.13},"geometry":{"type":"LineString","coordinates":[[-128.26617,57.22186],[-128.02007,57.06758],[-127.77397,56.91265],[-127.53143,56.75542],[-127.30816,56.5895],[-127.17453,56.39691],[-127.22731,56.19375],[-127.46291,56.04063],[-127.37448,55.83594],[-127.32407,55.62625],[-127.31553,55.41367],[-127.39591,55.20542],[-127.59309,55.0242],[-127.87116,54.87908],[-128.04033,54.69122],[-128.19905,54.49492]]}},{"type":"Feature","properties":{"name":"Omo","scalerank":6,"na":0,"zb":"b4","len":3.92},"geometry":{"type":"LineString","coordinates":[[36.95488,8.31775],[37.17314,7.99168],[37.07117,7.6033],[37.03676,7.20575],[36.70513,7.05392],[36.33221,6.89894],[35.99858,6.67111],[35.73551,6.36651],[35.58323,5.99439],[35.55421,5.59285]]}},{"type":"Feature","properties":{"name":"Alabama","scalerank":6,"na":1,"zb":"b4","len":5.44},"geometry":{"type":"LineString","coordinates":[[-85.25231,34.58624],[-85.63888,34.53615],[-85.98177,34.39122],[-86.23059,34.1419],[-86.45295,33.87482],[-86.66527,33.60154],[-86.8239,33.30306],[-86.90435,32.98397],[-86.84622,32.67861],[-87.22382,32.59253],[-87.56261,32.43138],[-87.78047,32.15904],[-87.90783,31.84537],[-88.05819,31.53967],[-88.26869,31.25902],[-88.37818,30.93898]]}},{"type":"Feature","properties":{"name":"Mah\u00e4na Nad\u00ef","scalerank":6,"na":0,"zb":"b4","len":6.94},"geometry":{"type":"LineString","coordinates":[[86.53123,20.31838],[86.25833,20.56985],[85.92834,20.74656],[85.54984,20.77479],[85.17522,20.80979],[84.83088,20.96584],[84.49523,21.13768],[84.25143,21.3819],[84.14683,21.71295],[83.84599,21.91809],[83.4788,22.01767],[83.10028,22.06933],[82.71828,22.09254],[82.34026,22.14379],[81.96258,22.18767],[81.60061,22.08001],[81.29013,21.87459],[81.04609,21.60145],[80.80639,21.32411],[80.5243,21.08304],[80.28761,20.80335]]}},{"type":"Feature","properties":{"name":"Ouham","scalerank":6,"na":0,"zb":"b4","len":4.68},"geometry":{"type":"LineString","coordinates":[[16.21244,5.9298],[16.56146,6.07543],[16.90078,6.11239],[17.28061,6.09558],[17.65825,6.14322],[17.99894,6.30588],[18.25033,6.58904],[18.45136,6.9101],[18.53523,7.27533],[18.40287,7.62267],[18.15385,7.89579],[18.16917,8.27053],[18.28784,8.62818],[18.46308,8.96129]]}},{"type":"Feature","properties":{"name":"Yuan","scalerank":6,"na":0,"zb":"b4","len":4.25},"geometry":{"type":"LineString","coordinates":[[111.31014,29.17213],[110.9403,29.14366],[110.59148,29.02887],[110.27756,28.85461],[110.02622,28.61438],[109.84455,28.3288],[109.79568,28.00624],[109.86227,27.69788],[109.61049,27.4941],[109.30217,27.31212],[109.05279,27.06568],[108.70206,27.06163]]}},{"type":"Feature","properties":{"name":"South Saskatchewan","scalerank":6,"na":1,"zb":"b4","len":9.59},"geometry":{"type":"LineString","coordinates":[[-107.34606,51.01247],[-107.70876,50.9416],[-108.08337,50.99303],[-108.43062,51.09917],[-108.7896,51.18718],[-109.17031,51.22465],[-109.55494,51.21011],[-109.92169,51.13749],[-110.2529,51.01354],[-110.53075,50.84571],[-110.76762,50.65284],[-110.97072,50.44465],[-111.1961,50.26075],[-111.54651,50.32494],[-111.81287,50.5027],[-112.06713,50.68698],[-112.36042,50.84521],[-112.69417,50.96663],[-113.06059,51.04189],[-113.44149,51.08095],[-113.80645,51.15499],[-114.12231,51.29381],[-114.47394,51.38876],[-114.85795,51.39896],[-115.24034,51.40286]]}},{"type":"Feature","properties":{"name":"R. des Outaouais","scalerank":6,"na":1,"zb":"b4","len":3.09},"geometry":{"type":"LineString","coordinates":[[-79.42736,47.30885],[-79.02569,47.35586],[-78.62983,47.4201],[-78.28725,47.48724],[-77.88487,47.47551],[-77.56939,47.32475],[-77.17458,47.25698],[-76.77064,47.24707]]}},{"type":"Feature","properties":{"name":"Kem","scalerank":6,"na":0,"zb":"b4","len":3.0},"geometry":{"type":"LineString","coordinates":[[32.28199,64.96275],[32.47751,64.81317],[32.58904,64.64711],[32.66542,64.4763],[32.71699,64.30271],[32.73304,64.12681],[32.67563,63.95177],[32.5062,63.79125],[32.19209,63.68238],[31.79504,63.65446],[31.41019,63.70645]]}},{"type":"Feature","properties":{"name":"Suez Canal","scalerank":6,"na":0,"zb":"b4","len":1.55},"geometry":{"type":"LineString","coordinates":[[32.72556,31.24726],[32.71648,30.91911],[32.72394,30.59004],[32.91375,30.3057],[32.96781,29.981]]}},{"type":"Feature","properties":{"name":"Ismailiya Canal","scalerank":6,"na":0,"zb":"b4","len":1.24},"geometry":{"type":"LineString","coordinates":[[32.22812,30.93248],[31.74398,30.84498],[31.30477,30.65485],[30.9471,30.361]]}},{"type":"Feature","properties":{"name":"Great Bear","scalerank":6,"na":0,"zb":"b4","len":1.81},"geometry":{"type":"LineString","coordinates":[[169.1767,-45.33787],[169.16329,-45.6064],[169.19686,-45.87213],[169.27994,-46.13157],[169.25314,-46.39508],[169.15061,-46.64888]]}},{"type":"Feature","properties":{"name":"Waitaki","scalerank":6,"na":0,"zb":"b4","len":1.65},"geometry":{"type":"LineString","coordinates":[[170.15276,-43.87025],[169.97818,-44.11472],[169.89634,-44.3803],[169.99606,-44.64048],[170.1942,-44.8709],[170.48665,-45.04334],[170.8252,-45.16769]]}},{"type":"Feature","properties":{"name":"Ishikari","scalerank":6,"na":0,"zb":"b4","len":2.07},"geometry":{"type":"LineString","coordinates":[[143.29998,43.93549],[142.94476,44.09456],[142.53387,44.13635],[142.13755,44.04316],[141.7831,43.88325],[141.52421,43.64831],[141.16357,43.49398]]}},{"type":"Feature","properties":{"name":"Kayan","scalerank":6,"na":0,"zb":"b4","len":3.16},"geometry":{"type":"LineString","coordinates":[[114.55893,2.10723],[114.90934,2.28545],[115.29433,2.36683],[115.65417,2.51279],[116.00519,2.64067],[116.27987,2.92219],[116.61634,3.12337],[117.00307,3.18783],[117.37887,3.28309]]}},{"type":"Feature","properties":{"name":"Barito","scalerank":6,"na":0,"zb":"b4","len":4.78},"geometry":{"type":"LineString","coordinates":[[115.1927,0.37576],[114.98053,0.03746],[114.64716,-0.17343],[114.82665,-0.3093],[115.16592,-0.50369],[115.30269,-0.8745],[115.29402,-1.27399],[115.27613,-1.67385],[115.27889,-2.07405],[115.25801,-2.47333],[115.19282,-2.86762],[115.0644,-3.24553],[114.8652,-3.59178]]}},{"type":"Feature","properties":{"name":"Purari","scalerank":6,"na":0,"zb":"b4","len":2.96},"geometry":{"type":"LineString","coordinates":[[143.11989,-6.08974],[143.29846,-6.45401],[143.5671,-6.75781],[143.92268,-6.94828],[144.31974,-6.96958],[144.65418,-7.20212],[144.73638,-7.54013],[144.80429,-7.93803]]}},{"type":"Feature","properties":{"name":"Batang Indragiri","scalerank":6,"na":0,"zb":"b4","len":2.89},"geometry":{"type":"LineString","coordinates":[[100.46716,-0.95901],[100.84525,-1.02537],[101.22873,-1.03802],[101.61033,-0.99698],[101.98696,-0.92195],[102.36693,-0.87171],[102.75078,-0.88146],[103.13255,-0.84427],[103.5053,-0.75172]]}},{"type":"Feature","properties":{"name":"Semliki","scalerank":6,"na":0,"zb":"b4","len":4.46},"geometry":{"type":"LineString","coordinates":[[29.75244,-1.59323],[29.38897,-1.49954],[29.10174,-1.26616],[29.00814,-0.90708],[29.06603,-0.53642],[29.15426,-0.1712],[29.162,0.20328],[29.22503,0.57219],[29.41537,0.89363],[29.68863,1.15095],[29.988,1.37806],[30.28344,1.61006],[30.55382,1.87097],[30.81343,2.14244],[31.0467,2.43684]]}},{"type":"Feature","properties":{"name":"Koukourou","scalerank":6,"na":0,"zb":"b4","len":1.43},"geometry":{"type":"LineString","coordinates":[[21.1581,7.01074],[20.8101,6.79816],[20.41644,6.70078],[20.01773,6.779],[19.66967,6.98826],[19.4096,7.30046]]}},{"type":"Feature","properties":{"name":"Panama Canal","scalerank":6,"na":1,"zb":"b4","len":0.59},"geometry":{"type":"LineString","coordinates":[[-79.23747,9.17231],[-79.52943,9.47268]]}},{"type":"Feature","properties":{"name":"Jordan","scalerank":6,"na":0,"zb":"b4","len":2.88},"geometry":{"type":"LineString","coordinates":[[35.00683,31.30007],[35.09724,31.6192],[35.15732,31.94195],[35.16012,32.26781],[35.16527,32.59249],[35.20037,32.91485],[35.25591,33.23399],[35.34966,33.54524],[35.55711,33.81276]]}},{"type":"Feature","properties":{"name":"Grande de Santiago","scalerank":6,"na":1,"zb":"b4","len":3.46},"geometry":{"type":"LineString","coordinates":[[-102.36907,20.23271],[-102.51312,20.5571],[-102.80064,20.79027],[-103.0114,21.08851],[-103.29433,21.32287],[-103.66051,21.3779],[-103.98409,21.56493],[-104.23613,21.82693],[-104.52518,22.05541],[-104.89198,22.14571],[-105.27101,22.14833],[-105.62431,22.01216]]}},{"type":"Feature","properties":{"name":"Great Bear","scalerank":6,"na":1,"zb":"b4","len":4.71},"geometry":{"type":"LineString","coordinates":[[-136.60164,61.20075],[-136.66438,61.01854],[-136.81061,60.84742],[-137.07722,60.7143],[-137.3759,60.59839],[-137.49674,60.42068],[-137.546,60.23287],[-137.56329,60.04258],[-137.53493,59.85141],[-137.48578,59.66031],[-137.51819,59.46922],[-137.70075,59.29934],[-137.96001,59.15536],[-138.23405,59.01802]]}},{"type":"Feature","properties":{"name":"North Fork Kuskokwim River","scalerank":6,"na":1,"zb":"b4","len":4.27},"geometry":{"type":"LineString","coordinates":[[-151.71733,64.12745],[-152.04236,64.06836],[-152.24872,63.91716],[-152.48721,63.77464],[-152.74514,63.63807],[-153.01522,63.50553],[-153.28994,63.37429],[-153.57067,63.24505],[-153.86793,63.12303],[-154.18339,63.01033],[-154.52955,62.91789]]}},{"type":"Feature","properties":{"name":"Genale","scalerank":6,"na":0,"zb":"b4","len":4.47},"geometry":{"type":"LineString","coordinates":[[38.40208,6.45294],[38.57226,6.11596],[38.8343,5.84455],[39.13597,5.61491],[39.39724,5.33999],[39.71321,5.13168],[40.078,5.03052],[40.45571,5.05694],[40.81322,5.18475],[41.03592,4.96594],[41.21979,4.6341],[41.4252,4.31512],[41.6839,4.03759]]}},{"type":"Feature","properties":{"name":"Churchill","scalerank":6,"na":1,"zb":"b4","len":5.49},"geometry":{"type":"LineString","coordinates":[[-60.49878,53.49714],[-60.84328,53.40734],[-61.18933,53.31953],[-61.5402,53.23876],[-61.89956,53.19516],[-62.20467,53.32522],[-62.5514,53.41137],[-62.91194,53.47469],[-63.27035,53.54195],[-63.61895,53.62566],[-63.96974,53.70581],[-64.34098,53.72802],[-64.69673,53.66041],[-64.97586,53.51564],[-65.08131,53.30283],[-65.07144,53.07775],[-65.01901,52.85357]]}},{"type":"Feature","properties":{"name":"San Joaquin","scalerank":6,"na":1,"zb":"b4","len":3.79},"geometry":{"type":"LineString","coordinates":[[-121.86603,37.88744],[-121.66644,37.63585],[-121.45069,37.39207],[-121.21587,37.15884],[-120.9716,36.93118],[-120.68097,36.74159],[-120.33819,36.62272],[-119.96559,36.62103],[-119.60013,36.68862],[-119.30538,36.86601],[-119.06256,36.90773]]}},{"type":"Feature","properties":{"name":"Chattahoochee","scalerank":6,"na":1,"zb":"b4","len":6.45},"geometry":{"type":"LineString","coordinates":[[-84.14299,34.76972],[-84.26273,34.47346],[-84.54565,34.25241],[-84.82582,34.02842],[-85.0924,33.79287],[-85.3189,33.5296],[-85.46686,33.23013],[-85.51764,32.90717],[-85.47362,32.58259],[-85.38448,32.26283],[-85.46747,31.94404],[-85.45883,31.61319],[-85.41977,31.28264],[-85.36674,30.95226],[-85.35125,30.62925],[-85.45612,30.30648],[-85.45351,29.97102],[-85.35428,29.64447]]}},{"type":"Feature","properties":{"name":"Tugaloo","scalerank":6,"na":1,"zb":"b4","len":0.68},"geometry":{"type":"LineString","coordinates":[[-82.56511,34.62345],[-83.12416,34.97826]]}},{"type":"Feature","properties":{"name":"Chattooga","scalerank":6,"na":1,"zb":"b4","len":0.51},"geometry":{"type":"LineString","coordinates":[[-83.73019,34.82859],[-83.46873,35.24097]]}},{"type":"Feature","properties":{"name":"Savannah","scalerank":6,"na":1,"zb":"b4","len":3.42},"geometry":{"type":"LineString","coordinates":[[-83.17189,34.20718],[-82.98754,33.92884],[-82.75958,33.67326],[-82.50816,33.43216],[-82.26146,33.18701],[-82.02189,32.93629],[-81.79989,32.67393],[-81.62088,32.38827],[-81.41916,32.11272],[-81.20787,31.84145]]}},{"type":"Feature","properties":{"name":"Vuoksa","scalerank":6,"na":0,"zb":"b4","len":3.38},"geometry":{"type":"LineString","coordinates":[[31.14175,60.08754],[30.8527,60.21815],[30.56002,60.34621],[30.20805,60.41753],[29.83455,60.47285],[29.48448,60.55717],[29.17271,60.67201],[28.89098,60.80398],[28.63955,60.94915],[28.43601,61.11016]]}},{"type":"Feature","properties":{"name":"Ord","scalerank":6,"na":0,"zb":"b4","len":3.69},"geometry":{"type":"LineString","coordinates":[[128.50595,-14.99542],[128.79374,-15.22732],[129.02382,-15.51065],[129.12282,-15.85635],[129.13866,-16.21634],[129.143,-16.57604],[129.18402,-16.9327],[129.2065,-17.28885],[129.07326,-17.61983],[128.80902,-17.87026],[128.46463,-18.00406],[128.0951,-17.97037],[127.75187,-17.96856]]}},{"type":"Feature","properties":{"name":"Atbarah","scalerank":6,"na":0,"zb":"b4","len":3.92},"geometry":{"type":"LineString","coordinates":[[36.29606,14.5856],[36.2956,14.96552],[36.21284,15.33714],[36.10201,15.70156],[35.9773,16.06074],[35.80503,16.40066],[35.59943,16.72297],[35.37448,17.03227],[35.11525,17.31556],[34.82298,17.56747],[34.50653,17.79127],[34.18614,18.0097]]}},{"type":"Feature","properties":{"name":"Biya","scalerank":6,"na":0,"zb":"b4","len":3.87},"geometry":{"type":"LineString","coordinates":[[88.10505,51.48865],[87.91957,51.69335],[87.75172,51.90282],[87.60623,52.11762],[87.44354,52.32652],[87.22644,52.51493],[86.9517,52.67226],[86.627,52.78779],[86.26113,52.84277],[85.88392,52.84498],[85.50934,52.81489],[85.14709,52.75105],[84.82395,52.63334]]}},{"type":"Feature","properties":{"name":"Rainy","scalerank":6,"na":1,"zb":"b4","len":4.66},"geometry":{"type":"LineString","coordinates":[[-94.89516,48.62668],[-94.56183,48.51433],[-94.2264,48.40454],[-93.8792,48.31268],[-93.51052,48.28273],[-93.16319,48.36895],[-92.7948,48.41196],[-92.42884,48.46331],[-92.06495,48.52079],[-91.70158,48.57951],[-91.33052,48.59564],[-90.98556,48.68827],[-90.68536,48.83506],[-90.40577,48.99834],[-90.16661,49.18571]]}},{"type":"Feature","properties":{"name":"Winnipeg","scalerank":6,"na":1,"zb":"b4","len":4.81},"geometry":{"type":"LineString","coordinates":[[-96.22552,51.07525],[-96.07587,50.85901],[-95.8203,50.68694],[-95.56913,50.54606],[-95.1994,50.53533],[-94.86463,50.43002],[-94.57279,50.28048],[-94.33781,50.09449],[-94.20355,49.87112],[-94.18898,49.6301],[-94.277,49.39431],[-94.40197,49.16587],[-94.32217,48.92634]]}},{"type":"Feature","properties":{"name":"White Volta","scalerank":6,"na":0,"zb":"b4","len":6.7},"geometry":{"type":"LineString","coordinates":[[-2.48359,13.97874],[-2.47607,13.61582],[-2.49153,13.25275],[-2.35207,12.91973],[-2.05745,12.70067],[-1.6994,12.59692],[-1.48982,12.33013],[-1.36191,11.98652],[-1.19646,11.65803],[-1.00929,11.3404],[-0.83027,11.01807],[-1.07452,10.83738],[-1.3276,10.57239],[-1.41816,10.2188],[-1.53076,9.9038],[-1.67605,9.57049],[-1.61721,9.20908],[-1.48404,8.8636],[-1.34953,8.51829]]}},{"type":"Feature","properties":{"name":"Pit","scalerank":6,"na":1,"zb":"b4","len":2.5},"geometry":{"type":"LineString","coordinates":[[-122.33051,40.45949],[-121.96721,40.53075],[-121.66794,40.69474],[-121.29004,40.70198],[-120.94745,40.81502],[-120.75712,41.05904],[-120.45141,41.22355],[-120.16516,41.40769],[-120.03099,41.6679]]}},{"type":"Feature","properties":{"name":"Sassandra","scalerank":6,"na":0,"zb":"b4","len":5.09},"geometry":{"type":"LineString","coordinates":[[-7.56561,9.76935],[-7.61622,9.39371],[-7.63463,9.01497],[-7.60005,8.6368],[-7.55053,8.25976],[-7.50433,7.88197],[-7.46922,7.50266],[-7.44836,7.122],[-7.4318,6.74079],[-7.38606,6.36223],[-7.25611,6.00341],[-7.06138,5.67428],[-6.83294,5.3666],[-6.61048,5.05447],[-6.39908,4.73464]]}},{"type":"Feature","properties":{"name":"Waikato","scalerank":6,"na":0,"zb":"b4","len":3.06},"geometry":{"type":"LineString","coordinates":[[176.11001,-39.20094],[176.32305,-38.9433],[176.56021,-38.69631],[176.56496,-38.39376],[176.29046,-38.181],[176.01973,-37.98311],[175.82341,-37.71113],[175.55897,-37.4774],[175.3656,-37.20178],[175.04961,-37.01745],[174.65953,-37.03048]]}},{"type":"Feature","properties":{"name":"Vorma","scalerank":6,"na":0,"zb":"b4","len":3.0},"geometry":{"type":"LineString","coordinates":[[11.69879,60.63857],[11.47822,60.48467],[11.25765,60.33004],[11.03773,60.17445],[10.88209,60.00012],[10.7662,59.81883],[10.78859,59.62606],[10.74567,59.43551],[10.58165,59.25905]]}},{"type":"Feature","properties":{"name":"Jequitinhonha","scalerank":6,"na":0,"zb":"b4","len":5.95},"geometry":{"type":"LineString","coordinates":[[-43.7942,-18.40182],[-43.90725,-18.04727],[-44.00397,-17.69024],[-43.88509,-17.34641],[-43.57023,-17.13],[-43.292,-16.86886],[-43.01497,-16.60607],[-42.69814,-16.3898],[-42.32258,-16.2965],[-41.93395,-16.28198],[-41.56228,-16.16889],[-41.19473,-16.04462],[-40.84951,-15.87035],[-40.48468,-15.7393],[-40.10514,-15.65323],[-39.72139,-15.58611],[-39.33692,-15.52277],[-38.95232,-15.46013]]}},{"type":"Feature","properties":{"name":"Mendoza","scalerank":6,"na":0,"zb":"b4","len":1.49},"geometry":{"type":"LineString","coordinates":[[-70.20266,-32.57292],[-69.80133,-32.57979],[-69.48791,-32.3724],[-69.33588,-32.05589],[-69.19669,-31.73244],[-69.04542,-31.41175]]}},{"type":"Feature","properties":{"name":"Lom","scalerank":6,"na":0,"zb":"b4","len":2.41},"geometry":{"type":"LineString","coordinates":[[15.05757,6.61021],[14.94273,6.25709],[14.74289,5.94209],[14.51788,5.64388],[14.2811,5.35474],[14.01074,5.09723],[13.68211,4.92345],[13.41846,4.65826]]}},{"type":"Feature","properties":{"name":"Mananantanana","scalerank":6,"na":0,"zb":"b4","len":1.81},"geometry":{"type":"LineString","coordinates":[[47.42621,-21.72582],[47.09952,-21.44758],[46.78914,-21.15292],[46.4003,-20.96176],[45.96081,-20.95824],[45.53426,-21.0702]]}},{"type":"Feature","properties":{"name":"Thames","scalerank":6,"na":0,"zb":"b4","len":2.49},"geometry":{"type":"LineString","coordinates":[[-2.02402,51.93456],[-1.60359,51.92874],[-1.19159,51.87765],[-0.78774,51.80428],[-0.37635,51.75156],[0.04392,51.7388],[0.46303,51.71433]]}},{"type":"Feature","properties":{"name":"Ari\u00e8ge","scalerank":6,"na":0,"zb":"b4","len":1.82},"geometry":{"type":"LineString","coordinates":[[1.4687,42.46906],[1.29869,42.72364],[1.17236,42.99132],[1.05771,43.26067],[0.94599,43.52949],[0.83481,43.79724]]}},{"type":"Feature","properties":{"name":"Garonne","scalerank":6,"na":0,"zb":"b4","len":2.42},"geometry":{"type":"LineString","coordinates":[[1.4664,44.10938],[1.11844,44.30273],[0.76789,44.49304],[0.4083,44.67382],[0.03061,44.83424],[-0.17484,45.10571]]}},{"type":"Feature","properties":{"name":"Xar Moron","scalerank":6,"na":0,"zb":"b4","len":4.11},"geometry":{"type":"LineString","coordinates":[[116.8066,42.59855],[116.81797,42.88369],[116.94581,43.14529],[117.26282,43.30663],[117.61839,43.41987],[117.99054,43.4999],[118.37434,43.54261],[118.76214,43.55807],[119.15058,43.56254],[119.53817,43.5813],[119.92367,43.61588],[120.30683,43.66238],[120.68957,43.71059]]}},{"type":"Feature","properties":{"name":"Kapuas","scalerank":6,"na":0,"zb":"b4","len":4.67},"geometry":{"type":"LineString","coordinates":[[113.75253,0.92023],[113.45122,0.66904],[113.08832,0.51626],[112.71262,0.39695],[112.33919,0.27111],[112.00145,0.07194],[111.67183,-0.14062],[111.29894,-0.26715],[110.91405,-0.35192],[110.52623,-0.42263],[110.14318,-0.51503],[109.77899,-0.66385],[109.38881,-0.683],[109.0135,-0.56402]]}},{"type":"Feature","properties":{"name":"Katherine","scalerank":6,"na":0,"zb":"b4","len":2.03},"geometry":{"type":"LineString","coordinates":[[133.53228,-13.35482],[133.46074,-13.73296],[133.28692,-14.07659],[133.02839,-14.36652],[132.72227,-14.60917],[132.39463,-14.82403],[132.06233,-15.03198]]}},{"type":"Feature","properties":{"name":"Taritatu","scalerank":6,"na":0,"zb":"b4","len":1.68},"geometry":{"type":"LineString","coordinates":[[140.20193,-4.10152],[139.77059,-3.99832],[139.34159,-3.88596],[138.92283,-3.74079],[138.52276,-3.54982]]}},{"type":"Feature","properties":{"name":"Mitchell","scalerank":6,"na":0,"zb":"b4","len":2.36},"geometry":{"type":"LineString","coordinates":[[143.34341,-16.85039],[142.97531,-16.71183],[142.62782,-16.53008],[142.29289,-16.32765],[141.9877,-16.0859],[141.73348,-15.79472],[141.43624,-15.55702]]}},{"type":"Feature","properties":{"name":"Double Mountain Fork Brazos","scalerank":6,"na":1,"zb":"b4","len":1.39},"geometry":{"type":"LineString","coordinates":[[-101.89963,33.2665],[-101.51126,33.03549],[-101.11437,32.81452],[-100.70315,32.61215]]}},{"type":"Feature","properties":{"name":"Finlay","scalerank":6,"na":1,"zb":"b4","len":3.78},"geometry":{"type":"LineString","coordinates":[[-127.44151,57.00313],[-127.18454,57.16427],[-127.00426,57.35756],[-126.80252,57.54343],[-126.51732,57.69123],[-126.14208,57.7558],[-125.7616,57.6949],[-125.44968,57.56113],[-125.17065,57.40695],[-124.92087,57.23815],[-124.69842,57.05759],[-124.49135,56.87074]]}},{"type":"Feature","properties":{"name":"Verde","scalerank":6,"na":1,"zb":"b4","len":1.95},"geometry":{"type":"LineString","coordinates":[[-100.56451,21.80495],[-100.2543,21.59569],[-99.93582,21.39888],[-99.56493,21.31509],[-99.18546,21.35741],[-98.82829,21.4869],[-98.47464,21.62344]]}},{"type":"Feature","properties":{"name":"Potomac","scalerank":6,"na":1,"zb":"b4","len":3.69},"geometry":{"type":"LineString","coordinates":[[-79.90356,38.5915],[-79.68327,38.84443],[-79.46027,39.095],[-79.2332,39.34248],[-78.9984,39.58473],[-78.73166,39.80395],[-78.37476,39.92089],[-77.98462,39.91528],[-77.63123,39.79226],[-77.37108,39.56836],[-77.13073,39.32996],[-76.81386,39.15252]]}},{"type":"Feature","properties":{"name":"Hudson","scalerank":6,"na":1,"zb":"b4","len":3.99},"geometry":{"type":"LineString","coordinates":[[-73.67954,44.04564],[-73.57466,43.79406],[-73.42694,43.53174],[-73.32551,43.25686],[-73.29651,42.9717],[-73.31839,42.68466],[-73.37462,42.39872],[-73.44244,42.11279],[-73.50511,41.82492],[-73.55006,41.53399],[-73.56791,41.24009]]}},{"type":"Feature","properties":{"name":"Saint John","scalerank":6,"na":1,"zb":"b4","len":6.56},"geometry":{"type":"LineString","coordinates":[[-70.61605,46.31811],[-70.4147,46.54505],[-70.18076,46.75598],[-69.93254,46.95835],[-69.6633,47.1468],[-69.3616,47.31026],[-69.027,47.44038],[-68.66478,47.5297],[-68.28165,47.55148],[-67.91821,47.4719],[-67.63055,47.29932],[-67.44449,47.07022],[-67.32746,46.81913],[-67.23484,46.5619],[-67.0951,46.31544],[-66.73146,46.24355],[-66.37523,46.14197],[-66.06206,45.98613],[-65.81585,45.7805],[-65.71624,45.52298],[-65.79561,45.2584]]}},{"type":"Feature","properties":{"name":"Yadkin","scalerank":6,"na":1,"zb":"b4","len":1.13},"geometry":{"type":"LineString","coordinates":[[-81.64632,36.39318],[-81.27546,36.44586],[-80.90459,36.49851],[-80.53372,36.55113]]}},{"type":"Feature","properties":{"name":"Fitzroy","scalerank":6,"na":0,"zb":"b4","len":4.31},"geometry":{"type":"LineString","coordinates":[[127.2548,-17.75382],[126.8627,-17.83667],[126.46648,-17.88437],[126.16912,-18.13915],[125.8878,-18.41155],[125.56779,-18.64118],[125.19708,-18.78409],[124.79872,-18.77588],[124.43419,-18.62052],[124.0756,-18.45894],[123.70479,-18.32301],[123.43213,-18.04537],[123.21981,-17.72062]]}},{"type":"Feature","properties":{"name":"Digul","scalerank":6,"na":0,"zb":"b4","len":3.29},"geometry":{"type":"LineString","coordinates":[[141.07595,-4.94021],[140.98013,-5.30724],[140.80019,-5.64137],[140.67248,-5.97761],[140.73867,-6.35085],[140.7089,-6.72579],[140.54881,-7.06761],[140.29077,-7.34238],[139.95161,-7.51049],[139.57618,-7.57049],[139.19537,-7.58883]]}},{"type":"Feature","properties":{"name":"Willamette","scalerank":6,"na":1,"zb":"b4","len":3.68},"geometry":{"type":"LineString","coordinates":[[-122.35971,43.20196],[-122.65664,43.39719],[-122.93934,43.60267],[-123.2113,43.8149],[-123.45417,44.04326],[-123.55483,44.31729],[-123.52394,44.60195],[-123.46764,44.88339],[-123.38827,45.16052],[-123.23121,45.41785],[-123.12805,45.66942]]}},{"type":"Feature","properties":{"name":"San Juan","scalerank":6,"na":0,"zb":"b4","len":2.56},"geometry":{"type":"LineString","coordinates":[[-69.61388,-31.58262],[-69.22555,-31.74603],[-68.80429,-31.82909],[-68.60004,-32.13126],[-68.29834,-32.3915],[-67.91617,-32.56297],[-67.51542,-32.70283]]}},{"type":"Feature","properties":{"name":"Mangoky","scalerank":6,"na":0,"zb":"b4","len":2.42},"geometry":{"type":"LineString","coordinates":[[45.88959,-21.73071],[45.56718,-21.92649],[45.20178,-22.03962],[44.82354,-22.11021],[44.44076,-22.15459],[44.05564,-22.14732],[43.6885,-22.04428],[43.39991,-21.81418],[43.19768,-21.50875]]}},{"type":"Feature","properties":{"name":"Tekez\u00e9","scalerank":6,"na":0,"zb":"b4","len":2.36},"geometry":{"type":"LineString","coordinates":[[37.55002,13.58275],[37.23875,13.86831],[36.85458,13.90283],[36.42673,13.88565],[36.00253,13.93237],[35.6472,14.15104],[35.50234,14.53712]]}},{"type":"Feature","properties":{"name":"Daly","scalerank":6,"na":0,"zb":"b4","len":2.21},"geometry":{"type":"LineString","coordinates":[[131.54427,-14.96527],[131.25227,-14.6494],[130.97012,-14.3249],[130.5848,-14.1584],[130.25604,-13.87933],[129.96128,-13.56436]]}},{"type":"Feature","properties":{"name":"Mamberamo","scalerank":6,"na":0,"zb":"b4","len":1.98},"geometry":{"type":"LineString","coordinates":[[138.35332,-3.39028],[138.128,-3.00563],[137.84373,-2.66335],[137.57418,-2.31086],[137.46806,-1.8812],[137.51159,-1.43739]]}},{"type":"Feature","properties":{"name":"Chulyshman","scalerank":6,"na":0,"zb":"b4","len":2.44},"geometry":{"type":"LineString","coordinates":[[87.37126,51.29056],[87.53116,51.0608],[87.78549,50.86525],[88.08277,50.69428],[88.39825,50.53652],[88.75511,50.4196],[89.14114,50.34999],[89.51949,50.26336]]}},{"type":"Feature","properties":{"name":"Great Bear","scalerank":6,"na":1,"zb":"b4","len":2.23},"geometry":{"type":"LineString","coordinates":[[-125.72846,65.059],[-125.29906,65.11016],[-124.86966,65.16123],[-124.44026,65.21219],[-124.01086,65.26306],[-123.58146,65.31383]]}},{"type":"Feature","properties":{"name":"P\u00e1nuco","scalerank":6,"na":1,"zb":"b4","len":0.87},"geometry":{"type":"LineString","coordinates":[[-97.59829,21.94802],[-98.01962,21.77592],[-98.45294,21.6301]]}},{"type":"Feature","properties":{"name":"Konqi He","scalerank":6,"na":0,"zb":"b4","len":3.17},"geometry":{"type":"LineString","coordinates":[[86.44288,40.94449],[86.78,40.86261],[87.12099,40.73435],[87.48177,40.64067],[87.84964,40.56411],[88.21936,40.49272],[88.59061,40.4261],[88.96438,40.36811],[89.34218,40.32868]]}},{"type":"Feature","properties":{"name":"R\u00e1ckeve-Soroks\u00e1r Danube","scalerank":6,"na":0,"zb":"b4","len":0.67},"geometry":{"type":"LineString","coordinates":[[18.5401,47.08397],[18.6648,47.53144]]}},{"type":"Feature","properties":{"name":"Ferenc Csatorna","scalerank":6,"na":0,"zb":"b4","len":0.63},"geometry":{"type":"LineString","coordinates":[[18.44027,45.87194],[18.52107,46.30266]]}},{"type":"Feature","properties":{"name":"Bahr el Zeraf","scalerank":6,"na":0,"zb":"b4","len":1.8},"geometry":{"type":"LineString","coordinates":[[30.81225,9.65697],[30.59044,9.33818],[30.43346,8.98409],[30.32399,8.61203],[30.23175,8.235],[30.14376,7.8566]]}},{"type":"Feature","properties":{"name":"Sanaga","scalerank":6,"na":0,"zb":"b4","len":3.67},"geometry":{"type":"LineString","coordinates":[[13.12813,5.33408],[12.73759,5.3237],[12.36024,5.22846],[12.01757,5.0413],[11.67333,4.85748],[11.28981,4.78777],[10.9298,4.64062],[10.57382,4.49037],[10.20334,4.37128],[9.86662,4.17387],[9.54166,3.95708]]}},{"type":"Feature","properties":{"name":"G\u00f6ta \u00e4lv","scalerank":6,"na":0,"zb":"b4","len":1.3},"geometry":{"type":"LineString","coordinates":[[11.3731,57.86418],[11.57496,58.06787],[11.77683,58.27041],[11.9787,58.4718]]}},{"type":"Feature","properties":{"name":"Xiliao","scalerank":6,"na":0,"zb":"b4","len":2.94},"geometry":{"type":"LineString","coordinates":[[123.7568,43.73494],[123.41188,43.88007],[123.04708,43.99497],[122.65169,44.02398],[122.26946,43.94489],[121.90042,43.83646],[121.51007,43.7771],[121.11353,43.74354],[120.71646,43.71331]]}},{"type":"Feature","properties":{"name":"Kokem\u00e4enjoki","scalerank":6,"na":0,"zb":"b4","len":1.24},"geometry":{"type":"LineString","coordinates":[[21.8457,61.72839],[22.1727,61.60716],[22.4997,61.48545],[22.8267,61.36327]]}},{"type":"Feature","properties":{"name":"Pee Dee","scalerank":6,"na":1,"zb":"b4","len":3.76},"geometry":{"type":"LineString","coordinates":[[-80.86599,36.23027],[-80.85692,35.90831],[-80.75144,35.59821],[-80.53333,35.32731],[-80.39961,35.02115],[-80.27956,34.70938],[-80.14403,34.40078],[-79.98882,34.09741],[-79.80696,33.80353],[-79.59801,33.53344]]}},{"type":"Feature","properties":{"name":"Sangha","scalerank":6,"na":0,"zb":"b4","len":3.37},"geometry":{"type":"LineString","coordinates":[[17.17623,-1.50641],[17.40027,-1.18359],[17.55298,-0.82331],[17.60536,-0.43465],[17.58567,-0.0426],[17.47638,0.33372],[17.24565,0.64838],[17.0278,0.96439],[16.88311,1.32896],[16.65773,1.64969],[16.38621,1.93378]]}},{"type":"Feature","properties":{"name":"Min","scalerank":6,"na":0,"zb":"b4","len":1.26},"geometry":{"type":"LineString","coordinates":[[103.40224,29.32136],[103.68985,29.006],[104.01999,28.72415],[104.39445,28.48737]]}},{"type":"Feature","properties":{"name":"Khatanga","scalerank":6,"na":0,"zb":"b4","len":4.13},"geometry":{"type":"LineString","coordinates":[[101.76029,72.02801],[101.99715,72.122],[102.23658,72.21487],[102.48837,72.30418],[102.75836,72.38798],[103.04733,72.46545],[103.34794,72.53845],[103.65348,72.60929],[103.96407,72.67789],[104.27974,72.74413],[104.59697,72.80948],[104.91421,72.87459]]}},{"type":"Feature","properties":{"name":"Pend Oreille","scalerank":6,"na":1,"zb":"b4","len":1.84},"geometry":{"type":"LineString","coordinates":[[-116.64076,47.98554],[-117.06984,48.04995],[-117.43519,48.2082],[-117.63679,48.46506],[-117.71266,48.75181]]}},{"type":"Feature","properties":{"name":"Volga\u2013Don Canal","scalerank":6,"na":0,"zb":"b4","len":1.18},"geometry":{"type":"LineString","coordinates":[[44.94883,48.50472],[44.75993,48.28398],[44.39408,48.20946],[44.02089,48.28249],[43.65825,48.36222]]}},{"type":"Feature","properties":{"name":"Suda","scalerank":7,"na":0,"zb":"b4","len":1.83},"geometry":{"type":"LineString","coordinates":[[37.99314,59.24877],[38.20536,59.03616],[38.39766,58.81707],[38.58652,58.59578],[38.77539,58.37308]]}},{"type":"Feature","properties":{"name":"Tiber","scalerank":7,"na":0,"zb":"b4","len":3.22},"geometry":{"type":"LineString","coordinates":[[12.45326,43.78504],[12.61397,43.52813],[12.79588,43.27231],[12.82878,42.98647],[12.75759,42.70173],[12.8803,42.45966],[13.03141,42.195],[12.9152,41.91832],[12.74417,41.65446],[12.42671,41.4793]]}},{"type":"Feature","properties":{"name":"Sheksna","scalerank":9,"na":0,"zb":"b4","len":3.22},"geometry":{"type":"LineString","coordinates":[[37.83403,58.87803],[38.21794,58.93006],[38.55269,59.03563],[38.74736,59.21109],[38.79183,59.41156],[38.76303,59.61228],[38.678,59.80766],[38.52388,59.99085],[38.31309,60.15838],[38.0114,60.28539],[37.65288,60.36856],[37.26276,60.39913]]}},{"type":"Feature","properties":{"name":"White Sea \u2013 Baltic Canal","scalerank":10,"na":0,"zb":"b4","len":4.61},"geometry":{"type":"LineString","coordinates":[[34.38425,64.63365],[34.19828,64.47535],[34.01974,64.31458],[33.89603,64.14424],[33.88043,63.96418],[33.99541,63.79],[34.1657,63.62352],[34.30352,63.45032],[34.3819,63.2688],[34.42232,63.08349]]}},{"type":"Feature","properties":{"name":"Kovzha","scalerank":12,"na":0,"zb":"b4","len":2.7},"geometry":{"type":"LineString","coordinates":[[37.72933,60.25988],[37.63967,60.46398],[37.53636,60.66517],[37.38171,60.85684],[37.14211,61.02482],[36.82167,61.15732],[36.48831,61.28201],[36.17185,61.41612]]}}]}