{"type":"FeatureCollection","features":[{"type":"Feature","geometry":{"type":"LineString","coordinates":[[-72.995,46.17912],[-73.07856,46.16013],[-73.1463,46.12354],[-73.17718,46.07062],[-73.16385,46.04409]]},"properties":{"sw":0.2,"scalerank":5,"name":"","featurecla":"River","na":1}},{"type":"Feature","geometry":{"type":"LineString","coordinates":[[-4.18886,43.01117],[-4.10225,43.00148],[-4.05476,42.95252],[-4.01745,42.86105],[-3.96267,42.82503],[-3.89038,42.84441],[-3.82196,42.84186],[-3.75739,42.81728],[-3.70925,42.83263],[-3.67752,42.8879],[-3.62678,42.898],[-3.52213,42.84545]]},"properties":{"sw":0.15,"scalerank":5,"name":"Ebro","featurecla":"River","na":0,"cl":"Ebro#0"}},{"type":"Feature","geometry":{"type":"LineString","coordinates":[[-1.74761,42.23592],[-1.99442,42.39085],[-2.18294,42.46625],[-2.39543,42.51379],[-2.52219,42.52733],[-2.56315,42.50686],[-2.64102,42.51761],[-2.7558,42.55968],[-2.82305,42.60184],[-2.84279,42.64417],[-2.90542,42.69528],[-3.0109,42.75522],[-3.15466,42.78741],[-3.33661,42.79186],[-3.45123,42.80692],[-3.52213,42.84545]]},"properties":{"sw":0.2,"scalerank":5,"name":"Ebro","featurecla":"River","na":0,"cl":"Ebro#0"}},{"type":"Feature","geometry":{"type":"LineString","coordinates":[[-1.74761,42.23592],[-1.40521,41.97826],[-1.11019,41.8021],[-0.7484,41.62152],[-0.52642,41.47892],[-0.44423,41.37432],[-0.30109,41.30942],[-0.09707,41.2842],[0.04034,41.30606],[0.11114,41.37499],[0.1671,41.41065],[0.20813,41.41313],[0.26275,41.39889],[0.33086,41.36797],[0.36221,41.32843],[0.35675,41.28027],[0.3643,41.25573],[0.39502,41.2543]]},"properties":{"sw":0.25,"scalerank":5,"name":"Ebro","featurecla":"River","na":0,"cl":"Ebro#0"}},{"type":"Feature","geometry":{"type":"LineString","coordinates":[[0.39502,41.2543],[0.52543,41.2489],[0.58987,41.21963],[0.63172,41.1647],[0.6525,41.1192],[0.65198,41.08313],[0.61384,41.03752],[0.53788,40.98238],[0.51705,40.90389],[0.55126,40.80203],[0.65059,40.74462],[0.89111,40.72236]]},"properties":{"sw":0.3,"scalerank":5,"name":"Ebro","featurecla":"River","na":0,"cl":"Ebro#0"}},{"type":"Feature","geometry":{"type":"LineString","coordinates":[[-94.50681,47.45641],[-94.63706,47.44]]},"properties":{"sw":0.2,"scalerank":1,"name":"Mississippi","featurecla":"Lake Centerline","na":1,"cl":"Mississippi#0"}},{"type":"Feature","geometry":{"type":"LineString","coordinates":[[-94.32648,47.40563],[-94.20166,47.45731],[-94.14358,47.46408],[-94.09412,47.43279]]},"properties":{"sw":0.25,"scalerank":1,"name":"Mississippi","featurecla":"Lake Centerline","na":1,"cl":"Mississippi#0"}},{"type":"Feature","geometry":{"type":"LineString","coordinates":[[-95.02582,47.15611],[-94.9681,47.3175]]},"properties":{"sw":0.15,"scalerank":1,"name":"Mississippi","featurecla":"River","na":1,"cl":"Mississippi#0"}},{"type":"Feature","geometry":{"type":"LineString","coordinates":[[-94.9681,47.3175],[-94.87707,47.45142],[-94.79429,47.48206],[-94.63706,47.44]]},"properties":{"sw":0.2,"scalerank":1,"name":"Mississippi","featurecla":"River","na":1,"cl":"Mississippi#0"}},{"type":"Feature","geometry":{"type":"LineString","coordinates":[[-94.50774,47.45654],[-94.32648,47.40563]]},"properties":{"sw":0.2,"scalerank":1,"name":"Mississippi","featurecla":"River","na":1,"cl":"Mississippi#0"}},{"type":"Feature","geometry":{"type":"LineString","coordinates":[[-94.09412,47.43279],[-93.97583,47.33584],[-93.90057,47.30623],[-93.82894,47.31166],[-93.79484,47.29032],[-93.79825,47.24223],[-93.75869,47.22844],[-93.67611,47.2489],[-93.59276,47.24316],[-93.50855,47.21128],[-93.44494,47.16012],[-93.40186,47.08974],[-93.3566,47.04405],[-93.30916,47.02318],[-93.32481,46.94432],[-93.40367,46.80743],[-93.48605,46.72521],[-93.57203,46.69756],[-93.64061,46.65118],[-93.6918,46.58602],[-93.79809,46.55855],[-93.95948,46.56879],[-94.05722,46.54318],[-94.09138,46.48174],[-94.18344,46.39551],[-94.33346,46.28446],[-94.39423,46.19429],[-94.36578,46.12489],[-94.36315,46.05083],[-94.3864,45.97208],[-94.38883,45.90606],[-94.37054,45.85281],[-94.32015,45.78873],[-94.23778,45.71382],[-94.20171,45.66163],[-94.212,45.63212],[-94.18921,45.57704],[-94.13329,45.49634],[-94.06299,45.43919],[-93.93586,45.38865]]},"properties":{"sw":0.25,"scalerank":1,"name":"Mississippi","featurecla":"River","na":1,"cl":"Mississippi#0"}},{"type":"Feature","geometry":{"type":"LineString","coordinates":[[-93.93586,45.38865],[-93.40786,45.20236],[-93.349,45.16665],[-93.29053,45.08691],[-93.23249,44.96304],[-93.17524,44.91323],[-93.11876,44.93746],[-93.07041,44.9124],[-93.03021,44.83814],[-92.96256,44.79019],[-92.81988,44.75779]]},"properties":{"sw":0.3,"scalerank":1,"name":"Mississippi","featurecla":"River","na":1,"cl":"Mississippi#0"}},{"type":"Feature","geometry":{"type":"LineString","coordinates":[[-92.81988,44.75779],[-92.64354,44.64534],[-92.53703,44.60079],[-92.44159,44.58658],[-92.36694,44.55227],[-92.31309,44.4978],[-92.24031,44.46214],[-92.14858,44.44525],[-92.05512,44.39982],[-91.91229,44.28887]]},"properties":{"sw":0.35,"scalerank":1,"name":"Mississippi","featurecla":"River","na":1,"cl":"Mississippi#0"}},{"type":"Feature","geometry":{"type":"LineString","coordinates":[[-91.91229,44.28887],[-91.84098,44.19415],[-91.71644,44.12645],[-91.51485,44.05421],[-91.38269,43.9908],[-91.31992,43.93628],[-91.27843,43.79743],[-91.23828,43.44024],[-91.21869,43.39528],[-91.17836,43.35893],[-91.1172,43.33115],[-91.10697,43.27803],[-91.14758,43.19959],[-91.16133,43.10233],[-91.14815,42.98621],[-91.11759,42.88165],[-91.06958,42.78855],[-90.95995,42.72034],[-90.78874,42.67693],[-90.68787,42.61032],[-90.65733,42.52051],[-90.58963,42.4448],[-90.48473,42.38325],[-90.42504,42.32566],[-90.4105,42.27207],[-90.34657,42.21484],[-90.23322,42.15402],[-90.16751,42.1003],[-90.14943,42.05371],[-90.15245,41.98152],[-90.17661,41.88365],[-90.21777,41.81311],[-90.27601,41.77001],[-90.31924,41.70965],[-90.34753,41.63203],[-90.43667,41.56036],[-90.58674,41.49473],[-90.75407,41.44982],[-90.93876,41.42559],[-91.04811,41.3691],[-91.08211,41.28032],[-91.0665,41.20591],[-91.00134,41.14596],[-90.96382,41.08253],[-90.954,41.01558],[-91.00012,40.90469],[-91.10213,40.74979],[-91.21512,40.64956],[-91.33904,40.60398],[-91.39418,40.53665],[-91.38054,40.44756],[-91.39077,40.39712],[-91.44196,40.37945]]},"properties":{"sw":0.4,"scalerank":1,"name":"Mississippi","featurecla":"River","na":1,"cl":"Mississippi#0"}},{"type":"Feature","geometry":{"type":"LineString","coordinates":[[-91.44196,40.37945],[-91.49978,40.22602],[-91.50164,40.09753],[-91.46681,39.94286],[-91.42586,39.82682],[-91.37873,39.74941],[-91.20991,39.6028],[-90.91938,39.3869],[-90.73722,39.18179],[-90.66353,38.98749],[-90.57708,38.90961],[-90.47796,38.94811],[-90.35435,38.93021],[-90.22007,38.89768],[-90.14992,38.8599],[-90.13421,38.84667],[-90.12677,38.83262],[-90.13219,38.81864]]},"properties":{"sw":0.45,"scalerank":1,"name":"Mississippi","featurecla":"River","na":1,"cl":"Mississippi#0"}},{"type":"Feature","geometry":{"type":"LineString","coordinates":[[-92.21227,18.20447],[-92.26276,18.36059],[-92.30961,18.42606],[-92.37136,18.46719],[-92.42244,18.5306],[-92.48531,18.66479]]},"properties":{"sw":0.25,"scalerank":5,"name":"Usumacinta","featurecla":"River","na":1,"cl":"Usumacinta#0"}},{"type":"Feature","geometry":{"type":"LineString","coordinates":[[-90.41698,16.39099],[-90.47109,16.43957],[-90.57578,16.46783],[-90.63407,16.51072],[-90.63438,16.56514],[-90.65996,16.63092],[-90.71071,16.70813],[-90.81603,16.78709],[-90.97581,16.86781],[-91.11187,16.9762],[-91.22417,17.11226],[-91.3192,17.19978],[-91.39232,17.23642],[-91.41687,17.26399]]},"properties":{"sw":0.2,"scalerank":5,"name":"Usumacinta","featurecla":"River","na":1,"cl":"Usumacinta#0"}},{"type":"Feature","geometry":{"type":"LineString","coordinates":[[-91.41687,17.26399],[-91.41746,17.28665],[-91.39951,17.3145],[-91.41364,17.35031],[-91.46609,17.38442],[-91.49627,17.42044],[-91.50415,17.45831],[-91.48834,17.48069],[-91.44878,17.48751],[-91.4495,17.51482],[-91.49046,17.56262],[-91.47325,17.58916],[-91.3978,17.59443],[-91.36597,17.62673],[-91.3777,17.6861],[-91.40005,17.71091],[-91.43302,17.70119],[-91.44627,17.71468],[-91.43987,17.75135],[-91.45578,17.7791],[-91.49402,17.79793],[-91.52415,17.79369],[-91.54616,17.76641],[-91.56704,17.77297],[-91.58673,17.81333],[-91.61288,17.81819],[-91.64549,17.78744],[-91.65153,17.76434],[-91.64001,17.75013],[-91.64135,17.73587],[-91.6905,17.73153],[-91.73194,17.76155],[-91.78982,17.84413],[-91.84981,17.87759],[-91.91188,17.86188],[-91.99288,17.88744],[-92.0928,17.9543],[-92.1375,18.01265],[-92.12696,18.06246],[-92.14427,18.12179],[-92.18943,18.19054],[-92.21227,18.20447],[-92.29599,18.25542],[-92.46383,18.31645],[-92.5722,18.33537],[-92.62109,18.31222],[-92.65176,18.33309],[-92.67036,18.4305],[-92.67467,18.48068],[-92.67858,18.54308],[-92.68832,18.57817],[-92.71011,18.61167]]},"properties":{"sw":0.25,"scalerank":5,"name":"Usumacinta","featurecla":"River","na":1,"cl":"Usumacinta#0"}},{"type":"Feature","geometry":{"type":"LineString","coordinates":[[-128.12982,57.29196],[-127.93921,57.36988],[-127.83304,57.39407],[-127.70515,57.3888]]},"properties":{"sw":0.15,"scalerank":5,"name":"Stikine","featurecla":"River","na":1,"cl":"Stikine#0"}},{"type":"Feature","geometry":{"type":"LineString","coordinates":[[-127.70515,57.3888],[-127.60102,57.4319],[-127.59637,57.48962],[-127.65644,57.57628],[-127.66437,57.63927],[-127.62009,57.6785],[-127.72315,57.70604],[-127.97353,57.72185],[-128.1277,57.76175],[-128.18563,57.82572],[-128.28583,57.89032],[-128.42825,57.95553],[-128.61512,57.9761],[-128.84647,57.95202],[-129.04,57.94876],[-129.19575,57.96633],[-129.33218,57.96049],[-129.44922,57.93124],[-129.7335,57.97543],[-130.18489,58.0931],[-130.47542,58.14813],[-130.60502,58.14048],[-130.75953,58.10477],[-130.93895,58.04095],[-131.05504,57.98755],[-131.10783,57.94463],[-131.1902,57.90939],[-131.30219,57.88182],[-131.41805,57.82076],[-131.59765,57.67901]]},"properties":{"sw":0.2,"scalerank":5,"name":"Stikine","featurecla":"River","na":1,"cl":"Stikine#0"}},{"type":"Feature","geometry":{"type":"LineString","coordinates":[[-131.59765,57.67901],[-131.72792,57.55323],[-131.76655,57.46724],[-131.75689,57.37919],[-131.77521,57.33304],[-131.82143,57.32885],[-131.84068,57.3056],[-131.83293,57.26333],[-131.79425,57.21449],[-131.72469,57.15915],[-131.71033,57.11618],[-131.75115,57.08564],[-131.77487,56.97756],[-131.78146,56.79199],[-131.80058,56.75318],[-131.8337,56.71483],[-131.88143,56.70321],[-132.0748,56.71122],[-132.20645,56.69618],[-132.3114,56.639],[-132.35767,56.62588]]},"properties":{"sw":0.25,"scalerank":5,"name":"Stikine","featurecla":"River","na":1,"cl":"Stikine#0"}},{"type":"Feature","geometry":{"type":"LineString","coordinates":[[-84.76981,11.11754],[-84.97775,11.20748],[-85.25316,11.45253],[-85.87137,12.09776]]},"properties":{"sw":0.2,"scalerank":5,"name":"San Juan","featurecla":"Lake Centerline","na":1,"cl":"San Juan#0"}},{"type":"Feature","geometry":{"type":"LineString","coordinates":[[-86.10474,12.20763],[-85.87137,12.09776]]},"properties":{"sw":0.2,"scalerank":5,"name":"San Juan","featurecla":"River","na":1,"cl":"San Juan#0"}},{"type":"Feature","geometry":{"type":"LineString","coordinates":[[-84.76914,11.11769],[-84.48827,11.04403],[-84.34828,10.9799],[-84.25555,10.90073],[-84.20496,10.84133],[-84.19659,10.80172],[-84.16835,10.78035],[-84.09621,10.7757]]},"properties":{"sw":0.2,"scalerank":5,"name":"San Juan","featurecla":"River","na":1,"cl":"San Juan#0"}},{"type":"Feature","geometry":{"type":"LineString","coordinates":[[-84.09621,10.7757],[-83.91929,10.73537],[-83.81118,10.74325],[-83.71295,10.78588],[-83.65894,10.83686],[-83.64074,10.91522]]},"properties":{"sw":0.25,"scalerank":5,"name":"San Juan","featurecla":"River","na":1,"cl":"San Juan#0"}},{"type":"Feature","geometry":{"type":"LineString","coordinates":[[10.082,53.43994],[10.04753,53.51591],[9.98764,53.5381],[9.89979,53.55172],[9.78398,53.55464]]},"properties":{"sw":0.2,"scalerank":5,"name":"Elbe","featurecla":"River","na":0,"cl":"Elbe#0"}},{"type":"Feature","geometry":{"type":"LineString","coordinates":[[15.58275,50.6928],[15.615,50.61391],[15.65256,50.57598],[15.7062,50.55268],[15.73406,50.52219],[15.73602,50.48441],[15.78227,50.44013],[15.86418,50.39408],[15.88382,50.37227]]},"properties":{"sw":0.15,"scalerank":5,"name":"Elbe","featurecla":"River","na":0,"cl":"Elbe#0"}},{"type":"Feature","geometry":{"type":"LineString","coordinates":[[15.88382,50.37227],[15.88904,50.32752],[15.84485,50.27202],[15.81938,50.19663],[15.81721,50.10697],[15.67742,50.05193],[15.39992,50.03142],[15.23559,50.0347],[15.1588,50.07521]]},"properties":{"sw":0.2,"scalerank":5,"name":"Elbe","featurecla":"River","na":0,"cl":"Elbe#0"}},{"type":"Feature","geometry":{"type":"LineString","coordinates":[[14.47295,50.34272],[14.3882,50.43811],[14.33244,50.46043],[14.27735,50.44157],[14.24056,50.45416],[14.22206,50.49821],[14.17808,50.52007],[14.10873,50.51966],[14.06248,50.53537],[14.03943,50.56709],[14.03959,50.58939],[14.06295,50.60226],[14.06739,50.61851],[14.06956,50.64143],[14.08398,50.66073],[14.16036,50.68626],[14.20289,50.74967],[14.21157,50.85098],[14.13617,50.91787],[13.9767,50.95033],[13.87381,50.99136],[13.82761,51.04099],[13.74379,51.07869],[13.62246,51.10448],[13.5222,51.1414],[13.44304,51.18951],[13.39756,51.23496],[13.38578,51.2778],[13.34495,51.31242],[13.27509,51.33883],[13.2262,51.38245],[13.18434,51.47363]]},"properties":{"sw":0.25,"scalerank":5,"name":"Elbe","featurecla":"River","na":0,"cl":"Elbe#0"}},{"type":"Feature","geometry":{"type":"LineString","coordinates":[[13.19116,51.47363],[12.93423,51.62259],[12.84204,51.71142],[12.82891,51.78971],[12.74158,51.84278],[12.57994,51.87063],[12.3817,51.88097],[12.14699,51.87378],[11.99475,51.90869],[11.92519,51.98564],[11.84334,52.03129],[11.74939,52.04566],[11.69084,52.0716],[11.66779,52.10907],[11.66821,52.15529],[11.69208,52.2102],[11.75725,52.27275],[11.91693,52.37797]]},"properties":{"sw":0.25,"scalerank":5,"name":"Elbe","featurecla":"River","na":0,"cl":"Elbe#0"}},{"type":"Feature","geometry":{"type":"LineString","coordinates":[[14.47295,50.34272],[14.63097,50.2221],[14.77887,50.18094],[14.96935,50.17903],[15.0881,50.15237],[15.1588,50.07521]]},"properties":{"sw":0.25,"scalerank":5,"name":"Elbe","featurecla":"River","na":0,"cl":"Elbe#0"}},{"type":"Feature","geometry":{"type":"LineString","coordinates":[[11.91693,52.37797],[11.9779,52.43773],[12.00343,52.56186],[12.01377,52.77032],[11.92054,52.91848],[11.72386,53.00627],[11.55509,53.05418],[11.41432,53.06219],[11.29691,53.09304],[11.20297,53.14683],[11.1393,53.16629],[11.10592,53.15146],[10.99435,53.20011],[10.80449,53.31217],[10.68243,53.36909],[10.60104,53.37168]]},"properties":{"sw":0.3,"scalerank":5,"name":"Elbe","featurecla":"River","na":0,"cl":"Elbe#0"}},{"type":"Feature","geometry":{"type":"LineString","coordinates":[[10.60104,53.37168],[10.41299,53.41684],[10.30514,53.42552],[10.21481,53.41281],[10.082,53.43994],[9.81897,53.54035],[9.78398,53.55464]]},"properties":{"sw":0.35,"scalerank":5,"name":"Elbe","featurecla":"River","na":0,"cl":"Elbe#0"}},{"type":"Feature","geometry":{"type":"LineString","coordinates":[[-101.81114,64.41126],[-101.53623,64.49317]]},"properties":{"sw":0.2,"scalerank":5,"name":"Thelon","featurecla":"Lake Centerline","na":1,"cl":"Thelon#0"}},{"type":"Feature","geometry":{"type":"LineString","coordinates":[[-104.8336,63.0715],[-104.72926,63.12814],[-104.6973,63.17769],[-104.70572,63.26973]]},"properties":{"sw":0.2,"scalerank":5,"name":"Thelon","featurecla":"Lake Centerline","na":1,"cl":"Thelon#0"}},{"type":"Feature","geometry":{"type":"LineString","coordinates":[[-105.94249,62.35552],[-105.66375,62.41009],[-105.30463,62.43903],[-104.77226,62.46053],[-104.58604,62.48647],[-104.544,62.50016],[-104.54987,62.51678],[-104.59795,62.55117],[-104.67619,62.57703],[-104.73363,62.5891],[-104.75709,62.60473],[-104.73461,62.62233],[-104.74339,62.6585],[-104.76262,62.68227],[-104.77182,62.70878],[-104.7437,62.72899],[-104.76127,62.7616],[-104.81866,62.80805],[-104.80107,62.86376],[-104.76882,62.9058],[-104.76722,62.93683],[-104.81693,62.94799],[-104.84566,62.98277],[-104.8336,63.0715]]},"properties":{"sw":0.2,"scalerank":5,"name":"Thelon","featurecla":"River","na":1,"cl":"Thelon#0"}},{"type":"Feature","geometry":{"type":"LineString","coordinates":[[-104.70572,63.26973],[-104.68138,63.35197],[-104.61198,63.44029],[-104.48933,63.56209],[-104.45222,63.62997],[-104.50062,63.64392],[-104.46775,63.6912],[-104.35357,63.77177],[-104.21438,63.83595],[-104.05015,63.88375],[-103.90063,63.97449],[-103.76581,64.10823],[-103.69627,64.19257],[-103.69209,64.22745],[-103.53236,64.26882],[-103.21713,64.31662],[-102.96611,64.32762],[-102.77935,64.30184],[-102.67618,64.26295],[-102.65654,64.21091],[-102.62608,64.1782],[-102.58474,64.16471],[-102.40886,64.1836],[-102.09841,64.23479],[-101.91021,64.29809],[-101.8112,64.41126]]},"properties":{"sw":0.2,"scalerank":5,"name":"Thelon","featurecla":"River","na":1,"cl":"Thelon#0"}},{"type":"Feature","geometry":{"type":"LineString","coordinates":[[-95.44768,64.15789],[-95.0489,64.1581],[-94.81129,64.12606],[-94.60189,64.06188],[-94.42914,64.04136],[-94.22497,64.07619]]},"properties":{"sw":0.25,"scalerank":5,"name":"Thelon","featurecla":"Lake Centerline","na":1,"cl":"Thelon#0"}},{"type":"Feature","geometry":{"type":"LineString","coordinates":[[-96.27337,64.3014],[-95.44768,64.15789]]},"properties":{"sw":0.25,"scalerank":5,"name":"Thelon","featurecla":"Lake Centerline","na":1,"cl":"Thelon#0"}},{"type":"Feature","geometry":{"type":"LineString","coordinates":[[-97.10327,64.76132],[-97.16298,64.71476],[-97.29214,64.71631],[-97.51063,64.75047],[-97.77317,64.74052],[-98.07982,64.68652],[-98.26407,64.66592],[-98.32598,64.67874],[-98.38215,64.65174],[-98.43259,64.58495],[-98.49279,64.55513],[-98.56276,64.56226],[-98.68661,64.53947],[-98.86427,64.48681],[-99.00341,64.49084],[-99.10405,64.55169],[-99.29313,64.58283],[-99.57064,64.58433],[-99.78923,64.60303],[-99.9488,64.63905],[-100.08838,64.63345],[-100.20796,64.58629],[-100.39958,64.57306],[-100.79508,64.60412]]},"properties":{"sw":0.25,"scalerank":5,"name":"Thelon","featurecla":"Lake Centerline","na":1,"cl":"Thelon#0"}},{"type":"Feature","geometry":{"type":"LineString","coordinates":[[-101.53623,64.49317],[-100.79508,64.60412]]},"properties":{"sw":0.2,"scalerank":5,"name":"Thelon","featurecla":"River","na":1,"cl":"Thelon#0"}},{"type":"Feature","geometry":{"type":"LineString","coordinates":[[-94.2245,64.07609],[-93.7659,63.99351],[-93.65581,63.97279]]},"properties":{"sw":0.25,"scalerank":5,"name":"Thelon","featurecla":"River","na":1,"cl":"Thelon#0"}},{"type":"Feature","geometry":{"type":"LineString","coordinates":[[-97.10327,64.76132],[-96.72771,64.69703],[-96.58028,64.65505],[-96.53583,64.61396],[-96.50359,64.55355],[-96.48354,64.47382],[-96.42349,64.40082],[-96.27339,64.3014]]},"properties":{"sw":0.25,"scalerank":5,"name":"Thelon","featurecla":"River","na":1,"cl":"Thelon#0"}},{"type":"Feature","geometry":{"type":"LineString","coordinates":[[-103.21951,61.68104],[-103.19222,61.64298],[-103.224,61.60908],[-103.30576,61.56666],[-103.37182,61.50048],[-103.44743,61.36561]]},"properties":{"sw":0.2,"scalerank":5,"name":"","featurecla":"Lake Centerline","na":1}},{"type":"Feature","geometry":{"type":"LineString","coordinates":[[-103.44743,61.36561],[-103.46812,61.28287],[-103.54972,61.21231],[-103.69909,61.1263],[-103.75945,61.05043],[-103.71643,60.95178]]},"properties":{"sw":0.2,"scalerank":5,"name":"","featurecla":"River","na":1}},{"type":"Feature","geometry":{"type":"LineString","coordinates":[[-103.15768,61.83623],[-103.2355,61.77272],[-103.25098,61.73391],[-103.21951,61.68104]]},"properties":{"sw":0.2,"scalerank":5,"name":"","featurecla":"River","na":1}},{"type":"Feature","geometry":{"type":"LineString","coordinates":[[-101.5294,62.66403],[-101.53723,62.7909],[-101.58064,62.86159],[-101.66002,62.91854],[-101.78342,62.94138],[-102.03467,62.92458]]},"properties":{"sw":0.2,"scalerank":5,"name":"","featurecla":"Lake Centerline","na":1}},{"type":"Feature","geometry":{"type":"LineString","coordinates":[[-102.91937,62.31852],[-102.90888,62.28111],[-102.86248,62.25951],[-102.77669,62.24124],[-102.72703,62.21535],[-102.7136,62.18179],[-102.78338,62.13026],[-102.93642,62.06076],[-103.04913,61.97854],[-103.15768,61.83623]]},"properties":{"sw":0.2,"scalerank":5,"name":"","featurecla":"Lake Centerline","na":1}},{"type":"Feature","geometry":{"type":"LineString","coordinates":[[-102.66037,62.75958],[-102.68011,62.69377],[-102.66517,62.64209],[-102.62218,62.58261],[-102.63438,62.51735],[-102.73548,62.41076]]},"properties":{"sw":0.2,"scalerank":5,"name":"","featurecla":"Lake Centerline","na":1}},{"type":"Feature","geometry":{"type":"LineString","coordinates":[[-102.73664,62.4103],[-102.91937,62.31852]]},"properties":{"sw":0.2,"scalerank":5,"name":"","featurecla":"River","na":1}},{"type":"Feature","geometry":{"type":"LineString","coordinates":[[-102.03467,62.92458],[-102.11849,62.91461],[-102.18097,62.88363],[-102.25008,62.82828],[-102.37858,62.79035],[-102.66037,62.75958]]},"properties":{"sw":0.2,"scalerank":5,"name":"","featurecla":"River","na":1}},{"type":"Feature","geometry":{"type":"LineString","coordinates":[[-101.83104,62.52001],[-101.84654,62.45066],[-101.82626,62.38968],[-101.77538,62.31395],[-101.65402,62.29454],[-101.36626,62.34989]]},"properties":{"sw":0.2,"scalerank":5,"name":"","featurecla":"Lake Centerline","na":1}},{"type":"Feature","geometry":{"type":"LineString","coordinates":[[-100.552,62.35511],[-100.07438,62.22695],[-99.84054,62.21326],[-99.61665,62.30044]]},"properties":{"sw":0.2,"scalerank":5,"name":"","featurecla":"Lake Centerline","na":1}},{"type":"Feature","geometry":{"type":"LineString","coordinates":[[-101.16276,62.36668],[-100.73483,62.35552]]},"properties":{"sw":0.2,"scalerank":5,"name":"","featurecla":"Lake Centerline","na":1}},{"type":"Feature","geometry":{"type":"LineString","coordinates":[[-101.16276,62.36668],[-101.31836,62.34483]]},"properties":{"sw":0.2,"scalerank":5,"name":"","featurecla":"","na":1}},{"type":"Feature","geometry":{"type":"LineString","coordinates":[[-95.8783,63.65648],[-96.30107,63.61296],[-96.56945,63.608],[-96.95191,63.63663]]},"properties":{"sw":0.25,"scalerank":5,"name":"","featurecla":"Lake Centerline","na":1}},{"type":"Feature","geometry":{"type":"LineString","coordinates":[[-95.49747,64.05066],[-95.44745,64.158]]},"properties":{"sw":0.25,"scalerank":5,"name":"","featurecla":"Lake Centerline","na":1}},{"type":"Feature","geometry":{"type":"LineString","coordinates":[[-98.34968,62.61561],[-98.23992,62.71661],[-98.08241,62.75493],[-97.84066,62.76428],[-97.69739,62.82154],[-97.63016,62.97931]]},"properties":{"sw":0.25,"scalerank":5,"name":"","featurecla":"Lake Centerline","na":1}},{"type":"Feature","geometry":{"type":"LineString","coordinates":[[-97.45901,63.15746],[-97.28718,63.51411]]},"properties":{"sw":0.25,"scalerank":5,"name":"","featurecla":"Lake Centerline","na":1}},{"type":"Feature","geometry":{"type":"LineString","coordinates":[[-99.61758,62.3009],[-98.57416,62.25199],[-98.20927,62.25207],[-98.17511,62.28483],[-98.20596,62.37981],[-98.34968,62.61561]]},"properties":{"sw":0.2,"scalerank":5,"name":"","featurecla":"River","na":1}},{"type":"Feature","geometry":{"type":"LineString","coordinates":[[-101.83104,62.52001],[-101.5294,62.66403]]},"properties":{"sw":0.2,"scalerank":5,"name":"","featurecla":"River","na":1}},{"type":"Feature","geometry":{"type":"LineString","coordinates":[[-97.28754,63.51375],[-97.23543,63.57333],[-97.18236,63.59302],[-97.11094,63.59271],[-97.08402,63.60351],[-97.07079,63.63464],[-97.01353,63.64025],[-96.95191,63.63663]]},"properties":{"sw":0.25,"scalerank":5,"name":"","featurecla":"River","na":1}},{"type":"Feature","geometry":{"type":"LineString","coordinates":[[-97.63016,62.97931],[-97.6098,63.04711],[-97.56701,63.0916],[-97.45901,63.15746]]},"properties":{"sw":0.25,"scalerank":5,"name":"","featurecla":"River","na":1}},{"type":"Feature","geometry":{"type":"LineString","coordinates":[[-95.87822,63.65648],[-95.81138,63.66898],[-95.79893,63.69389],[-95.8089,63.71875],[-95.79893,63.74614],[-95.72255,63.76567],[-95.67746,63.79817],[-95.67746,63.84564],[-95.63057,63.89812],[-95.53675,63.95553],[-95.49166,64.00069],[-95.49711,64.05002]]},"properties":{"sw":0.25,"scalerank":5,"name":"","featurecla":"River","na":1}},{"type":"Feature","geometry":{"type":"LineString","coordinates":[[-100.73483,62.35552],[-100.552,62.35511]]},"properties":{"sw":0.2,"scalerank":5,"name":"","featurecla":"River","na":1}},{"type":"Feature","geometry":{"type":"LineString","coordinates":[[-101.36626,62.34989],[-101.31836,62.34483]]},"properties":{"sw":0.2,"scalerank":5,"name":"","featurecla":"River","na":1}},{"type":"Feature","geometry":{"type":"LineString","coordinates":[[-105.8208,40.1846],[-105.86136,40.16468]]},"properties":{"sw":0.2,"scalerank":5,"name":"Colorado","featurecla":"Lake Centerline","na":1,"cl":"Colorado#0"}},{"type":"Feature","geometry":{"type":"LineString","coordinates":[[-110.36773,37.89792],[-110.39881,37.8826],[-110.42114,37.83216],[-110.43023,37.7718],[-110.46992,37.70152],[-110.54035,37.62618],[-110.6543,37.52128],[-110.69233,37.48324],[-110.69771,37.45182],[-110.7221,37.40552],[-110.7808,37.33607],[-110.91558,37.15665],[-111.01893,37.12688],[-111.30057,37.05407],[-111.43087,37.00348],[-111.47345,36.93214]]},"properties":{"sw":0.35,"scalerank":5,"name":"Colorado","featurecla":"Lake Centerline","na":1,"cl":"Colorado#0"}},{"type":"Feature","geometry":{"type":"LineString","coordinates":[[-114.74136,36.01351],[-114.71576,36.08498],[-114.66915,36.12172],[-114.59297,36.14756],[-114.50528,36.15642],[-114.40609,36.14831],[-114.33154,36.1163],[-114.28157,36.06033],[-114.23214,36.0317],[-114.18321,36.03031],[-114.11944,36.07666],[-114.06192,36.17521],[-114.00459,36.19505],[-113.94947,36.15976],[-113.75987,36.00664]]},"properties":{"sw":0.4,"scalerank":5,"name":"Colorado","featurecla":"Lake Centerline","na":1,"cl":"Colorado#0"}},{"type":"Feature","geometry":{"type":"LineString","coordinates":[[-114.59098,35.35278],[-114.64853,35.47592],[-114.66207,35.54535],[-114.64517,35.63054]]},"properties":{"sw":0.4,"scalerank":5,"name":"Colorado","featurecla":"Lake Centerline","na":1,"cl":"Colorado#0"}},{"type":"Feature","geometry":{"type":"LineString","coordinates":[[-113.75987,36.00664],[-113.63577,35.83091]]},"properties":{"sw":0.4,"scalerank":5,"name":"Colorado","featurecla":"Lake Centerline","na":1,"cl":"Colorado#0"}},{"type":"Feature","geometry":{"type":"LineString","coordinates":[[-114.37691,34.5397],[-114.37102,34.48849],[-114.30803,34.43289],[-114.15879,34.35522],[-114.12507,34.31718],[-114.12502,34.31408],[-114.12561,34.28651],[-114.16352,34.25336]]},"properties":{"sw":0.45,"scalerank":5,"name":"Colorado","featurecla":"Lake Centerline","na":1,"cl":"Colorado#0"}},{"type":"Feature","geometry":{"type":"LineString","coordinates":[[-105.84558,40.4041],[-105.8164,40.2153],[-105.82064,40.18491]]},"properties":{"sw":0.15,"scalerank":5,"name":"Colorado","featurecla":"River","na":1,"cl":"Colorado#0"}},{"type":"Feature","geometry":{"type":"LineString","coordinates":[[-105.86136,40.16468],[-105.98523,40.12742],[-106.12579,40.0927],[-106.28464,40.09099],[-106.40112,40.0621],[-106.4821,40.01851],[-106.59481,39.92265],[-106.63837,39.89408],[-106.6762,39.88989],[-106.72632,39.92025],[-106.79314,39.92444],[-106.87665,39.90247],[-106.96941,39.82811],[-107.07137,39.70138],[-107.13203,39.64373],[-107.23539,39.60239],[-107.54079,39.5789]]},"properties":{"sw":0.2,"scalerank":5,"name":"Colorado","featurecla":"River","na":1,"cl":"Colorado#0"}},{"type":"Feature","geometry":{"type":"LineString","coordinates":[[-107.54079,39.5789],[-107.73373,39.57919],[-107.84672,39.55676],[-107.94408,39.5117],[-108.10608,39.41018],[-108.24233,39.31455],[-108.31403,39.17831],[-108.43356,39.09942],[-108.55786,39.08986],[-108.80111,39.18397],[-108.86686,39.2005],[-108.95203,39.19838],[-109.05062,39.14102]]},"properties":{"sw":0.25,"scalerank":5,"name":"Colorado","featurecla":"River","na":1,"cl":"Colorado#0"}},{"type":"Feature","geometry":{"type":"LineString","coordinates":[[-109.05062,39.14102],[-109.19558,39.03289],[-109.26472,38.93514],[-109.30632,38.81184],[-109.36285,38.73417],[-109.43427,38.70221],[-109.49874,38.65121],[-109.55628,38.58119],[-109.59566,38.55377],[-109.61416,38.56142],[-109.63452,38.54617],[-109.64847,38.48535],[-109.67038,38.45285],[-109.70015,38.44866],[-109.72299,38.4143],[-109.7389,38.34975],[-109.78453,38.27937],[-109.89745,38.16516]]},"properties":{"sw":0.3,"scalerank":5,"name":"Colorado","featurecla":"River","na":1,"cl":"Colorado#0"}},{"type":"Feature","geometry":{"type":"LineString","coordinates":[[-111.47345,36.93214],[-111.59083,36.84953],[-111.68276,36.74771],[-111.78839,36.59914],[-111.85195,36.48795],[-111.87355,36.41416],[-111.86482,36.32001],[-111.82575,36.20559],[-111.83443,36.12586],[-111.89076,36.0808],[-111.99502,36.07284],[-112.14715,36.10198],[-112.25617,36.15144],[-112.3221,36.22115],[-112.3766,36.24611],[-112.4197,36.22626],[-112.45931,36.22875],[-112.49538,36.2536],[-112.4992,36.28812],[-112.47078,36.33236],[-112.46742,36.36595],[-112.48917,36.38879],[-112.53258,36.40065],[-112.5977,36.40153],[-112.69304,36.37158],[-112.88137,36.28042]]},"properties":{"sw":0.35,"scalerank":5,"name":"Colorado","featurecla":"River","na":1,"cl":"Colorado#0"}},{"type":"Feature","geometry":{"type":"LineString","coordinates":[[-109.89745,38.16516],[-110.13092,37.96177],[-110.24846,37.89495],[-110.36757,37.89792]]},"properties":{"sw":0.35,"scalerank":5,"name":"Colorado","featurecla":"River","na":1,"cl":"Colorado#0"}},{"type":"Feature","geometry":{"type":"LineString","coordinates":[[-112.87639,36.28042],[-113.20629,36.1242],[-113.29559,36.0477],[-113.32483,35.9947],[-113.32313,35.83536],[-113.35556,35.76404],[-113.42201,35.76242],[-113.57924,35.80133],[-113.63569,35.83084]]},"properties":{"sw":0.4,"scalerank":5,"name":"Colorado","featurecla":"River","na":1,"cl":"Colorado#0"}},{"type":"Feature","geometry":{"type":"LineString","coordinates":[[-114.74136,36.01351],[-114.73232,35.98367],[-114.6871,35.91734],[-114.68369,35.8136],[-114.67708,35.72981],[-114.65013,35.68351],[-114.64517,35.63054]]},"properties":{"sw":0.4,"scalerank":5,"name":"Colorado","featurecla":"River","na":1,"cl":"Colorado#0"}},{"type":"Feature","geometry":{"type":"LineString","coordinates":[[-114.59098,35.35278],[-114.61052,34.99761],[-114.61093,34.9074],[-114.55747,34.79457],[-114.398,34.5897],[-114.37888,34.54063]]},"properties":{"sw":0.4,"scalerank":5,"name":"Colorado","featurecla":"River","na":1,"cl":"Colorado#0"}},{"type":"Feature","geometry":{"type":"LineString","coordinates":[[-114.72095,32.72449],[-114.788,32.56481],[-114.83932,32.50432],[-114.8973,32.48983],[-114.95908,32.41983],[-115.02463,32.29431],[-115.09305,32.21297],[-115.16431,32.17571],[-115.1986,32.12424],[-115.19591,32.05846],[-115.18694,32.04357],[-115.17289,32.04523],[-115.15294,32.03629],[-115.12565,31.9882],[-115.09279,31.96464],[-115.0352,31.96609],[-115.00949,31.94606],[-114.98109,31.91766],[-114.93359,31.90073]]},"properties":{"sw":0.45,"scalerank":5,"name":"Colorado","featurecla":"River","na":1,"cl":"Colorado#0"}},{"type":"Feature","geometry":{"type":"LineString","coordinates":[[-114.16352,34.25336],[-114.32932,34.14202],[-114.41828,34.05115],[-114.50905,33.90393],[-114.4951,33.78466],[-114.49926,33.68588],[-114.52156,33.60761],[-114.556,33.53563],[-114.60261,33.4699],[-114.65116,33.43062],[-114.7017,33.41781],[-114.71943,33.33086],[-114.70439,33.16978],[-114.64809,33.07175],[-114.55055,33.0368],[-114.49086,32.98362],[-114.469,32.91231],[-114.47753,32.842],[-114.51647,32.77275],[-114.58217,32.73472],[-114.7209,32.72449]]},"properties":{"sw":0.45,"scalerank":5,"name":"Colorado","featurecla":"River","na":1,"cl":"Colorado#0"}},{"type":"Feature","geometry":{"type":"LineString","coordinates":[[-47.07327,-20.28434],[-46.74104,-20.47973],[-46.6195,-20.56438],[-46.58707,-20.62282]]},"properties":{"sw":0.2,"scalerank":5,"name":"Grande","featurecla":"Lake Centerline","na":0,"cl":"Grande#0"}},{"type":"Feature","geometry":{"type":"LineString","coordinates":[[-45.20463,-21.09261],[-45.25178,-21.08574],[-45.27565,-21.06719],[-45.33586,-21.03458],[-45.44324,-21.01102],[-45.57701,-20.91753],[-45.73713,-20.75403],[-45.84678,-20.68623],[-45.906,-20.71403],[-45.95068,-20.71388],[-45.98086,-20.68561],[-46.07845,-20.67052],[-46.32593,-20.66752]]},"properties":{"sw":0.2,"scalerank":5,"name":"Grande","featurecla":"Lake Centerline","na":0,"cl":"Grande#0"}},{"type":"Feature","geometry":{"type":"LineString","coordinates":[[-44.38713,-21.46474],[-44.61624,-21.31803]]},"properties":{"sw":0.2,"scalerank":5,"name":"Grande","featurecla":"Lake Centerline","na":0,"cl":"Grande#0"}},{"type":"Feature","geometry":{"type":"LineString","coordinates":[[-49.38491,-19.98002],[-50.36467,-19.85832]]},"properties":{"sw":0.25,"scalerank":5,"name":"Grande","featurecla":"Lake Centerline","na":0,"cl":"Grande#0"}},{"type":"Feature","geometry":{"type":"LineString","coordinates":[[-50.99409,-20.10172],[-50.58207,-19.82013]]},"properties":{"sw":0.25,"scalerank":5,"name":"Grande","featurecla":"Lake Centerline","na":0,"cl":"Grande#0"}},{"type":"Feature","geometry":{"type":"LineString","coordinates":[[-44.45033,-22.15524],[-44.30414,-22.04728],[-44.2075,-21.94807],[-44.11159,-21.82156],[-44.06178,-21.73351],[-44.05805,-21.68379],[-44.06834,-21.65847],[-44.09263,-21.65733],[-44.12678,-21.61253],[-44.17076,-21.52391],[-44.24135,-21.4759],[-44.38713,-21.46474]]},"properties":{"sw":0.15,"scalerank":5,"name":"Grande","featurecla":"River","na":0,"cl":"Grande#0"}},{"type":"Feature","geometry":{"type":"LineString","coordinates":[[-44.61624,-21.31803],[-44.6859,-21.23627],[-44.73894,-21.20641],[-44.79863,-21.20134],[-44.8572,-21.17581],[-44.91469,-21.12992],[-44.97084,-21.12486],[-45.02562,-21.16067],[-45.07613,-21.17535],[-45.12238,-21.16884],[-45.16445,-21.13985],[-45.20463,-21.09261]]},"properties":{"sw":0.2,"scalerank":5,"name":"Grande","featurecla":"River","na":0,"cl":"Grande#0"}},{"type":"Feature","geometry":{"type":"LineString","coordinates":[[-46.32593,-20.66752],[-46.58707,-20.62282]]},"properties":{"sw":0.2,"scalerank":5,"name":"Grande","featurecla":"River","na":0,"cl":"Grande#0"}},{"type":"Feature","geometry":{"type":"LineString","coordinates":[[-47.07348,-20.28419],[-47.32897,-20.11753],[-47.42777,-20.03624],[-47.45986,-20.00105],[-47.51777,-19.99428],[-47.59417,-20.01862],[-47.65582,-20.02271],[-47.69551,-19.99098],[-47.74974,-19.97702],[-47.81852,-19.98074],[-47.86015,-20.0119],[-47.8617,-20.05557],[-47.90878,-20.08182],[-47.99107,-20.0828],[-48.05114,-20.12017],[-48.10949,-20.1166],[-48.17837,-20.0828],[-48.2533,-20.09299],[-48.361,-20.13924],[-48.7157,-20.14389]]},"properties":{"sw":0.2,"scalerank":5,"name":"Grande","featurecla":"River","na":0,"cl":"Grande#0"}},{"type":"Feature","geometry":{"type":"LineString","coordinates":[[-50.36444,-19.85853],[-50.43366,-19.80024],[-50.48857,-19.79088],[-50.58409,-19.82117]]},"properties":{"sw":0.25,"scalerank":5,"name":"Grande","featurecla":"River","na":0,"cl":"Grande#0"}},{"type":"Feature","geometry":{"type":"LineString","coordinates":[[-48.7157,-20.14389],[-48.81198,-20.15903],[-48.85836,-20.23277],[-48.88698,-20.37007],[-48.91838,-20.42919],[-48.95248,-20.41012],[-48.97796,-20.33824],[-48.9947,-20.2137],[-49.03966,-20.18735],[-49.11284,-20.25928],[-49.16622,-20.29504],[-49.19981,-20.29442],[-49.23893,-20.24559],[-49.28358,-20.14859],[-49.29019,-20.07242],[-49.25872,-20.01702],[-49.27846,-19.98705],[-49.38491,-19.98002]]},"properties":{"sw":0.25,"scalerank":5,"name":"Grande","featurecla":"River","na":0,"cl":"Grande#0"}},{"type":"Feature","geometry":{"type":"LineString","coordinates":[[-2.7336,40.52825],[-2.57681,40.72439]]},"properties":{"sw":0.2,"scalerank":5,"name":"Tagus","featurecla":"Lake Centerline","na":0,"cl":"Tagus#0"}},{"type":"Feature","geometry":{"type":"LineString","coordinates":[[-5.99557,39.85186],[-5.85088,39.80716],[-5.6557,39.79726],[-5.2149,39.8123]]},"properties":{"sw":0.25,"scalerank":5,"name":"Tagus","featurecla":"Lake Centerline","na":0,"cl":"Tagus#0"}},{"type":"Feature","geometry":{"type":"LineString","coordinates":[[-1.90554,40.60104],[-2.0601,40.74485],[-2.14428,40.79741],[-2.24239,40.8112]]},"properties":{"sw":0.15,"scalerank":5,"name":"Tagus","featurecla":"River","na":0,"cl":"Tagus#0"}},{"type":"Feature","geometry":{"type":"LineString","coordinates":[[-2.24239,40.8112],[-2.57681,40.72439]]},"properties":{"sw":0.2,"scalerank":5,"name":"Tagus","featurecla":"River","na":0,"cl":"Tagus#0"}},{"type":"Feature","geometry":{"type":"LineString","coordinates":[[-2.73272,40.52838],[-2.961,40.27506],[-3.09993,40.15621],[-3.22561,40.08745],[-3.3808,40.04815],[-3.56549,40.03828],[-3.73891,39.99549],[-3.90102,39.91979],[-4.05905,39.88108],[-4.21299,39.87937],[-4.31836,39.83943],[-4.42792,39.86692],[-4.62806,39.9479],[-4.75733,39.98159],[-4.81564,39.9679],[-4.88923,39.92079],[-4.97799,39.84023],[-5.07098,39.803],[-5.21673,39.81214]]},"properties":{"sw":0.2,"scalerank":5,"name":"Tagus","featurecla":"River","na":0,"cl":"Tagus#0"}},{"type":"Feature","geometry":{"type":"LineString","coordinates":[[-5.99557,39.85186],[-6.32615,39.76359],[-6.5329,39.7461],[-6.72607,39.77005],[-6.8964,39.75693],[-7.11767,39.68169]]},"properties":{"sw":0.25,"scalerank":5,"name":"Tagus","featurecla":"River","na":0,"cl":"Tagus#0"}},{"type":"Feature","geometry":{"type":"LineString","coordinates":[[18.81046,49.92504],[18.93686,49.93189]]},"properties":{"sw":0.2,"scalerank":5,"name":"Vistula","featurecla":"Lake Centerline","na":0,"cl":"Vistula#0"}},{"type":"Feature","geometry":{"type":"LineString","coordinates":[[18.87919,49.64384],[18.78819,49.81742],[18.77098,49.8877],[18.81025,49.92501]]},"properties":{"sw":0.15,"scalerank":5,"name":"Vistula","featurecla":"River","na":0,"cl":"Vistula#0"}},{"type":"Feature","geometry":{"type":"LineString","coordinates":[[18.93686,49.93189],[19.06817,49.9523],[19.14129,49.98659],[19.19989,50.04155],[19.34826,50.04573],[19.58628,49.99922],[19.85164,50.00604],[20.29068,50.09632]]},"properties":{"sw":0.2,"scalerank":5,"name":"Vistula","featurecla":"River","na":0,"cl":"Vistula#0"}},{"type":"Feature","geometry":{"type":"LineString","coordinates":[[19.63956,52.54927],[19.96357,52.42078],[20.22236,52.39163],[20.52405,52.41892],[20.73055,52.41639],[20.84196,52.38393],[20.97384,52.30185],[21.12629,52.17012],[21.22122,52.06731],[21.25873,51.99347],[21.2654,51.94381],[21.24122,51.91833],[21.27646,51.87725],[21.37113,51.82043],[21.42963,51.76286],[21.45195,51.70452],[21.55262,51.64718],[21.73173,51.5908],[21.82402,51.54207],[21.8296,51.50099],[21.85399,51.47794],[21.89709,51.47298],[21.9328,51.44244],[21.96102,51.38632],[21.93523,51.3348],[21.85554,51.28793],[21.80501,51.23909],[21.78382,51.18835],[21.79002,51.05722],[21.82361,50.84571],[21.78366,50.68859],[21.67008,50.5859],[21.50528,50.48488],[21.28927,50.38556],[21.08195,50.32639],[20.8832,50.30732],[20.73768,50.26107],[20.64528,50.18766],[20.52198,50.1373],[20.29068,50.09632]]},"properties":{"sw":0.25,"scalerank":5,"name":"Vistula","featurecla":"River","na":0,"cl":"Vistula#0"}},{"type":"Feature","geometry":{"type":"LineString","coordinates":[[19.63956,52.54927],[19.20175,52.64394],[18.95918,52.75983],[18.76591,52.92845],[18.53756,53.03826],[18.27411,53.08927],[18.1998,53.17402],[18.31462,53.29256],[18.46314,53.38263],[18.64535,53.44423],[18.7394,53.51947],[18.7453,53.60841],[18.77728,53.67383],[18.83537,53.71579],[18.87082,53.77723],[18.88353,53.85816],[18.87283,53.94663],[18.83862,54.04257],[18.85304,54.12853],[18.91598,54.20455],[18.94921,54.27155],[18.97624,54.34893]]},"properties":{"sw":0.3,"scalerank":5,"name":"Vistula","featurecla":"River","na":0,"cl":"Vistula#0"}},{"type":"Feature","geometry":{"type":"LineString","coordinates":[[-122.36922,40.76335],[-122.41061,40.72144]]},"properties":{"sw":0.25,"scalerank":5,"name":"Sacramento","featurecla":"Lake Centerline","na":1,"cl":"Sacramento#0"}},{"type":"Feature","geometry":{"type":"LineString","coordinates":[[-122.41061,40.72144],[-122.43208,40.64775],[-122.37408,40.57354],[-122.24375,40.47417],[-122.18166,40.40115],[-122.18781,40.35438],[-122.17721,40.32689],[-122.14983,40.31862],[-122.15311,40.28183],[-122.18708,40.21646],[-122.18409,40.17548],[-122.14409,40.15889],[-122.10399,40.06691],[-122.06371,39.89958],[-122.01694,39.79401],[-121.96364,39.75021],[-121.95578,39.63226],[-121.99332,39.44018],[-122.00529,39.31664],[-121.99164,39.26174],[-121.94085,39.18645],[-121.853,39.09084],[-121.80504,39.00175],[-121.79703,38.91925],[-121.7623,38.85052],[-121.70083,38.79559],[-121.64882,38.76931],[-121.60624,38.77164],[-121.58392,38.74435],[-121.58074,38.65888]]},"properties":{"sw":0.25,"scalerank":5,"name":"Sacramento","featurecla":"River","na":1,"cl":"Sacramento#0"}},{"type":"Feature","geometry":{"type":"LineString","coordinates":[[-121.58076,38.65878],[-121.51374,38.6178],[-121.50351,38.5801],[-121.52769,38.53202],[-121.5311,38.47538],[-121.51374,38.41019],[-121.51886,38.36582],[-121.54645,38.34221],[-121.54423,38.31141],[-121.51209,38.27337],[-121.54433,38.22769],[-121.5725,38.19514],[-121.68926,38.14767],[-121.7081,38.12816],[-121.72463,38.10088],[-121.74864,38.08047]]},"properties":{"sw":0.3,"scalerank":5,"name":"Sacramento","featurecla":"River","na":1,"cl":"Sacramento#0"}},{"type":"Feature","geometry":{"type":"LineString","coordinates":[[31.04279,59.95099],[31.18087,59.98295],[31.27368,60.05391],[31.41403,60.23482]]},"properties":{"sw":0.25,"scalerank":5,"name":"Neva","featurecla":"Lake Centerline","na":0,"cl":"Neva#0"}},{"type":"Feature","geometry":{"type":"LineString","coordinates":[[31.04279,59.95099],[31.01354,59.93257],[30.98155,59.88224],[30.90574,59.84317],[30.79505,59.81092],[30.65222,59.83547],[30.47745,59.91689],[30.34743,59.94725],[30.21969,59.91624],[30.15684,59.9043]]},"properties":{"sw":0.25,"scalerank":5,"name":"Neva","featurecla":"River","na":0,"cl":"Neva#0"}},{"type":"Feature","geometry":{"type":"LineString","coordinates":[[-86.89851,34.57476],[-87.2418,34.75408],[-87.3996,34.81862],[-87.48631,34.82818],[-87.5724,34.81808],[-87.70046,34.77338]]},"properties":{"sw":0.25,"scalerank":5,"name":"Tennessee","featurecla":"Lake Centerline","na":1,"cl":"Tennessee#0"}},{"type":"Feature","geometry":{"type":"LineString","coordinates":[[-87.9754,35.94525],[-88.00364,35.96153],[-87.99165,36.01129],[-87.94881,36.09997],[-87.95941,36.21577],[-88.02348,36.35871],[-88.05589,36.48356],[-88.05671,36.59033],[-88.11366,36.73817],[-88.28329,37.02151]]},"properties":{"sw":0.45,"scalerank":5,"name":"Tennessee","featurecla":"Lake Centerline","na":1,"cl":"Tennessee#0"}},{"type":"Feature","geometry":{"type":"LineString","coordinates":[[-83.96949,35.87014],[-84.22878,35.76678],[-84.34358,35.7358],[-84.40032,35.74278],[-84.45696,35.77549],[-84.54176,35.86329]]},"properties":{"sw":0.2,"scalerank":5,"name":"Tennessee","featurecla":"River","na":1,"cl":"Tennessee#0"}},{"type":"Feature","geometry":{"type":"LineString","coordinates":[[-84.54176,35.86329],[-84.59822,35.80272],[-84.63,35.78924],[-84.65594,35.80267],[-84.70121,35.74942],[-84.76583,35.62948],[-84.81952,35.56618],[-84.86223,35.55948],[-84.88967,35.52822],[-84.90187,35.47231],[-84.92442,35.44977],[-84.95732,35.46063],[-85.01302,35.39143],[-85.09154,35.24214],[-85.18231,35.13246],[-85.28536,35.0623],[-85.3468,35.04975],[-85.36664,35.09478],[-85.39243,35.09646],[-85.42406,35.05486],[-85.46018,35.04959],[-85.50069,35.0807],[-85.55893,35.08044],[-85.63495,35.04887],[-85.68011,35.00975],[-85.69448,34.96314],[-85.83938,34.80268],[-86.11474,34.52838],[-86.29413,34.40307],[-86.37754,34.42663],[-86.46156,34.47795],[-86.54616,34.55693],[-86.666,34.59102],[-86.89851,34.57476]]},"properties":{"sw":0.25,"scalerank":5,"name":"Tennessee","featurecla":"River","na":1,"cl":"Tennessee#0"}},{"type":"Feature","geometry":{"type":"LineString","coordinates":[[-88.08444,34.93288],[-88.19079,35.01205],[-88.30621,35.12579],[-88.31117,35.18506],[-88.28182,35.23865],[-88.2182,35.28655],[-88.18774,35.32885],[-88.19048,35.36554],[-88.13929,35.3906],[-88.03418,35.40409],[-87.99372,35.41841],[-88.0179,35.43365],[-88.01527,35.4644],[-87.98579,35.51075],[-87.98734,35.5794],[-88.01994,35.67041],[-88.01031,35.76653],[-87.95842,35.86773],[-87.94318,35.92509],[-87.9754,35.94525]]},"properties":{"sw":0.4,"scalerank":5,"name":"Tennessee","featurecla":"River","na":1,"cl":"Tennessee#0"}},{"type":"Feature","geometry":{"type":"LineString","coordinates":[[-87.70046,34.77338],[-87.81404,34.76315],[-87.96486,34.84384],[-88.08444,34.93288]]},"properties":{"sw":0.35,"scalerank":5,"name":"Tennessee","featurecla":"River","na":1,"cl":"Tennessee#0"}},{"type":"Feature","geometry":{"type":"LineString","coordinates":[[-88.28329,37.02151],[-88.47167,37.08838]]},"properties":{"sw":0.45,"scalerank":5,"name":"Tennessee","featurecla":"River","na":1,"cl":"Tennessee#0"}},{"type":"Feature","geometry":{"type":"LineString","coordinates":[[68.4558,41.10677],[68.17318,41.12953],[68.05045,41.16524],[68.0027,41.21237],[67.99082,41.25472]]},"properties":{"sw":0.25,"scalerank":5,"name":"Syr Dar","featurecla":"Lake Centerline","na":0,"cl":"Syr Dar#0"}},{"type":"Feature","geometry":{"type":"LineString","coordinates":[[70.35501,40.43536],[70.31853,40.37118],[70.1865,40.33051],[69.82698,40.27268]]},"properties":{"sw":0.25,"scalerank":5,"name":"Syr Dar","featurecla":"Lake Centerline","na":0,"cl":"Syr Dar#0"}},{"type":"Feature","geometry":{"type":"LineString","coordinates":[[61.76019,46.02112],[61.56237,46.10954]]},"properties":{"sw":0.3,"scalerank":5,"name":"Syr Dar","featurecla":"Lake Centerline","na":0,"cl":"Syr Dar#0"}},{"type":"Feature","geometry":{"type":"LineString","coordinates":[[69.82698,40.27268],[69.68446,40.30183],[69.5625,40.28571],[69.41368,40.23398],[69.29895,40.22519],[69.21824,40.25935],[69.1523,40.338],[69.10114,40.4612],[69.08693,40.53918],[69.0937,40.57721],[69.08176,40.59866],[69.01964,40.65783],[68.81655,40.79686],[68.70163,40.89833],[68.67486,40.96228],[68.61006,41.02238],[68.4558,41.10677]]},"properties":{"sw":0.25,"scalerank":5,"name":"Syr Dar","featurecla":"River","na":0,"cl":"Syr Dar#0"}},{"type":"Feature","geometry":{"type":"LineString","coordinates":[[67.99082,41.25472],[68.00823,41.28549],[68.06926,41.33598],[68.08652,41.46259],[68.05148,41.65826],[68.0673,41.83424],[68.13386,41.99051],[68.18564,42.0811],[68.20114,42.09916],[68.20713,42.13221],[68.19215,42.15024],[68.18765,42.18166],[68.25473,42.23696],[68.2846,42.30212],[68.27726,42.37716],[68.25292,42.4434],[68.21148,42.50082],[68.20806,42.55389],[68.24269,42.60262],[68.25483,42.66295],[68.2446,42.73496],[68.22905,42.76907],[68.22398,42.79424],[68.20005,42.82511],[68.13484,42.86638],[68.11897,42.90798],[68.12905,42.9466],[68.0889,42.99094],[67.9286,43.03133],[67.83827,43.12109],[67.81791,43.26023],[67.78887,43.34139],[67.75114,43.36454],[67.72014,43.35844],[67.69342,43.33131],[67.66035,43.34332],[67.64567,43.38898],[67.60454,43.41813],[67.54779,43.42076],[67.51446,43.45931],[67.50444,43.53383],[67.44382,43.63103],[67.33251,43.75087],[67.25866,43.81107],[67.22228,43.81159],[67.1949,43.83929],[67.1764,43.89425],[67.10736,43.94871],[66.98757,44.00271],[66.90168,44.00879],[66.84959,43.96688],[66.77063,43.95882],[66.6649,43.98455],[66.60253,43.98874],[66.56052,44.00905],[66.53313,44.10186],[66.49375,44.15167],[66.44218,44.15849],[66.41815,44.18066],[66.42156,44.21823],[66.38203,44.26789],[66.29945,44.32965],[66.26333,44.37078],[66.18803,44.42535],[66.01946,44.45695],[65.97451,44.50927],[65.95714,44.53976],[65.9159,44.5841],[65.83343,44.6403],[65.79405,44.68732],[65.79121,44.72259],[65.7384,44.74817],[65.61613,44.75634],[65.4934,44.81592],[65.3703,44.92692],[65.2299,44.99281],[65.07229,45.01358],[64.96382,45.01234],[64.90439,44.98914],[64.78388,45.00221],[64.60229,45.05162],[64.46607,45.11322],[64.37543,45.18701],[64.3343,45.23414],[64.31838,45.27016],[64.26081,45.28078],[64.22061,45.32189],[64.19756,45.39351],[64.11209,45.44622],[63.96398,45.47996],[63.88301,45.51107],[63.86905,45.53944],[63.87706,45.56727],[63.90693,45.5945],[63.87582,45.63202],[63.78373,45.6798],[63.75159,45.71313],[63.70017,45.71806],[63.33601,45.63473],[63.12419,45.63282],[63.00544,45.70005],[62.90033,45.71938],[62.80886,45.6907],[62.73315,45.6908],[62.67321,45.71969],[62.63409,45.75909],[62.6158,45.80904],[62.56541,45.81341],[62.48283,45.77214],[62.37643,45.75834],[62.2461,45.77199],[62.12709,45.75132],[62.0194,45.69641],[61.89703,45.7047],[61.75998,45.77617],[61.70257,45.83281],[61.72479,45.87462],[61.76288,45.90293],[61.81672,45.9179],[61.82282,45.94929],[61.76019,46.02112]]},"properties":{"sw":0.3,"scalerank":5,"name":"Syr Dar","featurecla":"River","na":0,"cl":"Syr Dar#0"}},{"type":"Feature","geometry":{"type":"LineString","coordinates":[[61.56196,46.10974],[61.2642,46.05099],[61.09325,46.05791],[60.91192,46.12458]]},"properties":{"sw":0.3,"scalerank":5,"name":"Syr Dar","featurecla":"River","na":0,"cl":"Syr Dar#0"}},{"type":"Feature","geometry":{"type":"LineString","coordinates":[[73.30026,41.77621],[72.93243,41.78954],[72.77078,41.76236],[72.65368,41.66743]]},"properties":{"sw":0.25,"scalerank":5,"name":"Naryn","featurecla":"Lake Centerline","na":0,"cl":"Naryn#0"}},{"type":"Feature","geometry":{"type":"LineString","coordinates":[[77.7372,41.87964],[77.97765,41.86869],[78.01863,41.83626],[77.90112,41.74991]]},"properties":{"sw":0.15,"scalerank":5,"name":"Naryn","featurecla":"River","na":0,"cl":"Naryn#0"}},{"type":"Feature","geometry":{"type":"LineString","coordinates":[[77.90112,41.74991],[77.76283,41.62376],[77.67307,41.56656],[77.58573,41.53628],[77.27821,41.51757],[76.75039,41.51044],[76.38777,41.49245],[76.09151,41.4493]]},"properties":{"sw":0.2,"scalerank":5,"name":"Naryn","featurecla":"River","na":0,"cl":"Naryn#0"}},{"type":"Feature","geometry":{"type":"LineString","coordinates":[[76.09151,41.4493],[75.88191,41.45943],[75.74698,41.44194],[75.61686,41.40021],[75.4779,41.39659],[75.33021,41.43104],[75.06604,41.44641],[74.6856,41.44269],[74.4358,41.42385],[74.31684,41.3899],[74.1799,41.4005],[74.02497,41.45561],[73.9458,41.51896],[73.94218,41.59059],[73.92239,41.64947],[73.88632,41.69562],[73.79728,41.74014],[73.65517,41.78308],[73.5126,41.7974],[73.29788,41.776]]},"properties":{"sw":0.25,"scalerank":5,"name":"Naryn","featurecla":"River","na":0,"cl":"Naryn#0"}},{"type":"Feature","geometry":{"type":"LineString","coordinates":[[72.65368,41.66743],[72.34931,41.49747],[72.22208,41.37603],[72.17051,41.24637],[72.0532,41.11713],[71.87017,40.98825],[71.597,40.9066],[71.23372,40.87229],[71.10122,40.8418],[71.06153,40.82195],[71.02639,40.80862],[70.9648,40.79622],[70.86341,40.75638],[70.69835,40.66116],[70.35501,40.43536]]},"properties":{"sw":0.25,"scalerank":5,"name":"Naryn","featurecla":"River","na":0,"cl":"Naryn#0"}},{"type":"Feature","geometry":{"type":"LineString","coordinates":[[-121.92121,42.47513],[-121.91573,42.41891],[-121.80936,42.25125]]},"properties":{"sw":0.25,"scalerank":5,"name":"Klamath","featurecla":"Lake Centerline","na":1,"cl":"Klamath#0"}},{"type":"Feature","geometry":{"type":"LineString","coordinates":[[-121.80936,42.25125],[-121.78489,42.21484],[-121.80003,42.18115],[-121.84519,42.13691],[-121.90064,42.12629],[-121.96627,42.14931],[-122.05159,42.11903],[-122.1566,42.03552],[-122.257,41.99103],[-122.35286,41.98555],[-122.44717,41.9509],[-122.53998,41.88708],[-122.63703,41.86659],[-122.73832,41.88943],[-122.81229,41.89202],[-122.88221,41.86564]]},"properties":{"sw":0.25,"scalerank":5,"name":"Klamath","featurecla":"River","na":1,"cl":"Klamath#0"}},{"type":"Feature","geometry":{"type":"LineString","coordinates":[[-122.88221,41.86564],[-122.99933,41.82561],[-123.09982,41.83026],[-123.22271,41.86623],[-123.34205,41.8113],[-123.45786,41.66547],[-123.5115,41.53204],[-123.50292,41.41096],[-123.53527,41.31489],[-123.60855,41.24379],[-123.67888,41.22542],[-123.77983,41.27696]]},"properties":{"sw":0.25,"scalerank":5,"name":"Klamath","featurecla":"River","na":1,"cl":"Klamath#0"}},{"type":"Feature","geometry":{"type":"LineString","coordinates":[[-123.77986,41.27686],[-123.83711,41.30244],[-123.88352,41.36249],[-123.93814,41.46553],[-123.99116,41.52258],[-124.06836,41.53914],[-124.09441,41.53924]]},"properties":{"sw":0.3,"scalerank":5,"name":"Klamath","featurecla":"River","na":1,"cl":"Klamath#0"}},{"type":"Feature","geometry":{"type":"LineString","coordinates":[[-111.28039,58.78845],[-111.20817,58.71988],[-111.14197,58.69554],[-111.01557,58.69115]]},"properties":{"sw":0.25,"scalerank":5,"name":"Athabasca","featurecla":"Lake Centerline","na":1,"cl":"Athabasca#0"}},{"type":"Feature","geometry":{"type":"LineString","coordinates":[[-111.01557,58.69099],[-111.07497,58.5048]]},"properties":{"sw":0.25,"scalerank":5,"name":"Athabasca","featurecla":"Lake Centerline","na":1,"cl":"Athabasca#0"}},{"type":"Feature","geometry":{"type":"LineString","coordinates":[[-117.57455,52.17061],[-117.54339,52.20896],[-117.55155,52.27118],[-117.64473,52.45556]]},"properties":{"sw":0.15,"scalerank":5,"name":"Athabasca","featurecla":"River","na":1,"cl":"Athabasca#0"}},{"type":"Feature","geometry":{"type":"LineString","coordinates":[[-117.64473,52.45556],[-117.67361,52.53705],[-117.72668,52.57829],[-117.81353,52.6064],[-117.86396,52.6473],[-117.87797,52.70097],[-117.92579,52.75686],[-118.00744,52.81486],[-118.04511,52.8722],[-118.03871,52.92879],[-118.05183,52.97736],[-118.08449,53.0179],[-118.03605,53.11319],[-117.90654,53.26318],[-117.67925,53.41534],[-117.35415,53.56965],[-117.18429,53.67636],[-117.16964,53.73548],[-117.17256,53.77527],[-117.19302,53.79573],[-117.17163,53.83948],[-117.10832,53.90653],[-116.9235,54.01024],[-116.61717,54.15067],[-116.41426,54.22832],[-116.31483,54.24325],[-116.1326,54.22444],[-115.8676,54.17194],[-115.61451,54.14874],[-115.37339,54.15483],[-115.17552,54.20013],[-115.02091,54.28459],[-114.85875,54.33136],[-114.68904,54.3404],[-114.53577,54.39038],[-114.39893,54.48133],[-114.33219,54.56509],[-114.3356,54.64176],[-114.26529,54.80358],[-114.04931,55.17415]]},"properties":{"sw":0.2,"scalerank":5,"name":"Athabasca","featurecla":"River","na":1,"cl":"Athabasca#0"}},{"type":"Feature","geometry":{"type":"LineString","coordinates":[[-111.28039,58.78845],[-111.19998,58.89196],[-111.23258,58.94612],[-111.41077,59.00506]]},"properties":{"sw":0.25,"scalerank":5,"name":"Athabasca","featurecla":"River","na":1,"cl":"Athabasca#0"}},{"type":"Feature","geometry":{"type":"LineString","coordinates":[[-114.04246,55.16795],[-113.7599,55.22849],[-113.59898,55.1717],[-113.46555,55.01775],[-113.41256,54.90117],[-113.44005,54.82195],[-113.41046,54.77082],[-113.32375,54.74777],[-113.25853,54.77294],[-113.21482,54.84632],[-113.07741,54.90895],[-112.84641,54.96091],[-112.73348,55.00047],[-112.73864,55.02765],[-112.772,55.04964],[-112.8336,55.06641],[-112.84967,55.11589],[-112.82016,55.19797],[-112.77433,55.25647],[-112.71211,55.2913],[-112.70759,55.38499],[-112.76073,55.53749],[-112.7397,55.64766],[-112.64451,55.71557],[-112.61397,55.78895],[-112.64808,55.8678],[-112.65831,55.94661],[-112.64467,56.02544],[-112.61038,56.0982],[-112.55548,56.16494],[-112.57951,56.25574],[-112.68255,56.37056],[-112.64997,56.46397],[-112.48176,56.53596],[-112.2565,56.57277],[-111.97417,56.57448],[-111.72798,56.61492],[-111.51786,56.69414],[-111.42257,56.79785],[-111.44211,56.92606],[-111.48769,57.0235],[-111.55921,57.09016],[-111.61217,57.1692],[-111.64659,57.26064],[-111.65734,57.33666],[-111.64442,57.39732],[-111.57039,57.51298],[-111.43523,57.68361],[-111.38082,57.80761],[-111.40712,57.88497],[-111.39911,57.95052],[-111.35681,58.00432],[-111.34764,58.04777],[-111.37157,58.081],[-111.37749,58.12069],[-111.36532,58.16689],[-111.39105,58.20694],[-111.45466,58.24079],[-111.49688,58.2936],[-111.51766,58.36527],[-111.51422,58.41225],[-111.48652,58.43447],[-111.3717,58.44827],[-111.16975,58.45369],[-111.07032,58.46847],[-111.07497,58.5048]]},"properties":{"sw":0.25,"scalerank":5,"name":"Athabasca","featurecla":"River","na":1,"cl":"Athabasca#0"}},{"type":"Feature","geometry":{"type":"LineString","coordinates":[[31.41403,60.23482],[31.59459,60.40768],[31.7983,60.51972],[32.08551,60.6286],[32.3564,60.65457],[32.61106,60.59765],[32.71064,60.54362],[32.82113,60.48334]]},"properties":{"sw":0.25,"scalerank":5,"name":"Svir","featurecla":"Lake Centerline","na":0,"cl":"Svir#0"}},{"type":"Feature","geometry":{"type":"LineString","coordinates":[[34.01718,60.95773],[34.08612,60.92574],[34.29339,60.94295],[34.84638,61.02664]]},"properties":{"sw":0.2,"scalerank":5,"name":"Svir","featurecla":"River","na":0,"cl":"Svir#0"}},{"type":"Feature","geometry":{"type":"LineString","coordinates":[[32.81575,60.48189],[32.8634,60.47719],[32.9958,60.51109],[33.13987,60.5761],[33.29045,60.6795],[33.4382,60.73815],[33.5832,60.75216],[33.71301,60.81097],[33.82773,60.91463],[33.91812,60.96424],[34.01718,60.95773]]},"properties":{"sw":0.25,"scalerank":5,"name":"Svir","featurecla":"River","na":0,"cl":"Svir#0"}},{"type":"Feature","geometry":{"type":"LineString","coordinates":[[-1.71284,8.63058],[-1.57026,8.68182],[-1.50171,8.7142],[-1.43694,8.75611],[-1.37601,8.76182],[-1.29981,8.7142],[-1.17664,8.67244],[-0.97624,8.66162]]},"properties":{"sw":0.35,"scalerank":5,"name":"Black Volta","featurecla":"Lake Centerline","na":0,"cl":"Black Volta#0"}},{"type":"Feature","geometry":{"type":"LineString","coordinates":[[-5.26316,11.1388],[-5.18482,11.12449],[-5.12562,11.15438],[-5.05948,11.22373],[-4.98953,11.26435],[-4.87895,11.28218]]},"properties":{"sw":0.15,"scalerank":5,"name":"Black Volta","featurecla":"River","na":0,"cl":"Black Volta#0"}},{"type":"Feature","geometry":{"type":"LineString","coordinates":[[-4.87895,11.28218],[-4.71462,11.40602],[-4.63855,11.43202],[-4.59592,11.40153],[-4.53943,11.41331],[-4.4691,11.46739],[-4.38161,11.50741],[-4.27702,11.5333],[-4.12395,11.69673],[-3.92239,11.99767],[-3.81955,12.17621],[-3.81545,12.23238],[-3.78408,12.29568],[-3.72537,12.36607],[-3.66646,12.40136],[-3.60737,12.40152],[-3.56864,12.47712],[-3.55024,12.62812],[-3.51071,12.71493],[-3.45004,12.73757],[-3.40596,12.72031],[-3.37852,12.66326],[-3.33576,12.64527],[-3.27775,12.66636],[-3.24863,12.64011],[-3.24848,12.56652],[-3.20755,12.49988],[-3.12585,12.44015],[-3.02291,12.39743],[-2.89871,12.3717],[-2.8493,12.33852],[-2.87463,12.29791],[-2.86367,12.23543],[-2.81639,12.1512],[-2.8239,12.09787],[-2.88617,12.07546],[-2.89571,12.01859],[-2.85256,11.92723],[-2.85416,11.86057],[-2.90057,11.81861],[-2.8831,11.77944],[-2.80181,11.74295],[-2.7905,11.60622],[-2.8491,11.36913],[-2.85778,11.24236],[-2.81654,11.22588],[-2.80445,11.16534],[-2.83005,11.00845]]},"properties":{"sw":0.2,"scalerank":5,"name":"Black Volta","featurecla":"River","na":0,"cl":"Black Volta#0"}},{"type":"Feature","geometry":{"type":"LineString","coordinates":[[-2.83005,11.00845],[-2.90734,10.72798],[-2.91488,10.59233],[-2.8784,10.50794],[-2.83721,10.45466],[-2.79117,10.43244],[-2.78662,10.4019],[-2.82347,10.36293],[-2.82031,10.32283],[-2.77711,10.28159],[-2.76652,10.23816],[-2.78848,10.19258],[-2.78321,10.08308],[-2.75073,9.90965],[-2.74983,9.79723],[-2.78052,9.74584],[-2.76595,9.65807],[-2.70619,9.53394],[-2.68611,9.43172],[-2.70575,9.35139],[-2.70179,9.30168],[-2.67422,9.28261],[-2.68921,9.21861],[-2.74667,9.10963],[-2.74693,9.04513],[-2.68988,9.02508],[-2.64921,8.95661],[-2.62492,8.83962],[-2.55705,8.73112],[-2.44556,8.63108],[-2.36365,8.51395],[-2.31135,8.3797],[-2.2467,8.27384],[-2.16966,8.19637],[-2.08741,8.16048],[-1.9999,8.16617],[-1.93489,8.19177],[-1.89239,8.23728],[-1.84502,8.25472],[-1.79275,8.24407],[-1.76761,8.26043],[-1.76952,8.30373],[-1.79738,8.32797],[-1.85107,8.33319],[-1.88678,8.35652],[-1.90448,8.39799],[-1.89936,8.46997],[-1.8714,8.5725],[-1.82128,8.62547],[-1.71284,8.63058]]},"properties":{"sw":0.25,"scalerank":5,"name":"Black Volta","featurecla":"River","na":0,"cl":"Black Volta#0"}},{"type":"Feature","geometry":{"type":"LineString","coordinates":[[-0.97624,8.66162],[-0.72571,8.36241],[-0.5264,8.1979],[-0.29483,8.06832],[-0.15309,7.94512],[-0.1012,7.82828],[-0.05402,7.75911],[-0.01149,7.73762],[0.03915,7.64801],[0.09785,7.49029],[0.1546,7.39417],[0.20927,7.35973],[0.23056,7.24493],[0.21836,7.04975],[0.1949,6.92247],[0.16015,6.86304],[0.1609,6.80227],[0.19723,6.74016],[0.19402,6.68786],[0.13426,6.6345],[0.1076,6.55069],[0.10336,6.33819]]},"properties":{"sw":0.35,"scalerank":5,"name":"Volta","featurecla":"Lake Centerline","na":0,"cl":"Volta#0"}},{"type":"Feature","geometry":{"type":"LineString","coordinates":[[0.10336,6.33819],[0.09871,6.18812],[0.15656,6.11368],[0.27531,6.0649],[0.37985,6.04222],[0.47018,6.04563],[0.54362,6.02108],[0.60015,5.96847],[0.63927,5.8968],[0.67182,5.75972]]},"properties":{"sw":0.35,"scalerank":5,"name":"Volta","featurecla":"River","na":0,"cl":"Volta#0"}},{"type":"Feature","geometry":{"type":"LineString","coordinates":[[-54.60914,-14.9841],[-54.3573,-14.89661],[-54.25115,-14.83656],[-54.20679,-14.77476],[-54.13625,-14.75791],[-54.03962,-14.78592],[-53.96691,-14.79016],[-53.89384,-14.7608]]},"properties":{"sw":0.15,"scalerank":5,"name":"Culuene","featurecla":"River","na":0,"cl":"Culuene#0"}},{"type":"Feature","geometry":{"type":"LineString","coordinates":[[-53.89384,-14.7608],[-53.65943,-14.59151],[-53.51218,-14.34589],[-53.37389,-13.96762],[-53.26871,-13.73606],[-53.19657,-13.6511],[-53.16019,-13.5831],[-53.15946,-13.53184],[-53.08004,-13.34368],[-52.92191,-13.01864],[-52.87679,-12.80733],[-52.94464,-12.70966],[-52.96997,-12.64429],[-52.95265,-12.61112],[-53.0043,-12.51686],[-53.12484,-12.36147],[-53.21336,-12.26752],[-53.26984,-12.23491],[-53.32912,-12.16148],[-53.39115,-12.04717],[-53.4589,-11.96609],[-53.53233,-11.91824],[-53.57892,-11.84605],[-53.59871,-11.74952],[-53.56745,-11.63686],[-53.4441,-11.44369]]},"properties":{"sw":0.2,"scalerank":5,"name":"Culuene","featurecla":"River","na":0,"cl":"Culuene#0"}},{"type":"Feature","geometry":{"type":"LineString","coordinates":[[3.08325,46.98543],[3.02186,47.14927]]},"properties":{"sw":0.2,"scalerank":5,"name":"Loire","featurecla":"River","na":0,"cl":"Loire#0"}},{"type":"Feature","geometry":{"type":"LineString","coordinates":[[3.02186,47.14927],[2.91593,47.28724],[2.89288,47.36326],[2.91748,47.42341],[2.88275,47.49881],[2.7886,47.58955],[2.61434,47.69115],[2.35989,47.80359],[2.14538,47.87126],[1.97082,47.89418],[1.84519,47.89253],[1.7685,47.86628],[1.6082,47.76437],[1.36439,47.58689],[1.1582,47.47374],[0.98974,47.42501],[0.81543,47.39582],[0.63529,47.38626],[0.42776,47.34062],[0.20741,47.24404],[0.0754,47.21818],[-0.03831,47.24903],[-0.21636,47.36424],[-0.41803,47.40243],[-0.73124,47.37096]]},"properties":{"sw":0.25,"scalerank":5,"name":"Loire","featurecla":"River","na":0,"cl":"Loire#0"}},{"type":"Feature","geometry":{"type":"LineString","coordinates":[[-0.73124,47.37096],[-1.05639,47.3746],[-1.2487,47.33641],[-1.41657,47.25758],[-1.55905,47.21632],[-1.63253,47.20162],[-1.74253,47.21597]]},"properties":{"sw":0.3,"scalerank":5,"name":"Loire","featurecla":"River","na":0,"cl":"Loire#0"}},{"type":"Feature","geometry":{"type":"LineString","coordinates":[[73.65249,20.01278],[73.88865,19.9902],[73.98983,19.99888],[74.03469,20.03134],[74.08357,20.03635],[74.16295,20.00286]]},"properties":{"sw":0.15,"scalerank":5,"name":"Godavari","featurecla":"River","na":0,"cl":"Godavari#0"}},{"type":"Feature","geometry":{"type":"LineString","coordinates":[[74.16295,20.00286],[74.42247,19.91767],[74.58897,19.83486],[74.74896,19.72598],[74.91691,19.65213],[75.09292,19.61333],[75.19741,19.57865],[75.24691,19.53286]]},"properties":{"sw":0.2,"scalerank":5,"name":"Godavari","featurecla":"River","na":0,"cl":"Godavari#0"}},{"type":"Feature","geometry":{"type":"LineString","coordinates":[[75.24691,19.53286],[75.47279,19.42533],[75.59123,19.38014],[75.67753,19.36151],[75.76905,19.3614],[75.84553,19.37582],[75.90506,19.36259],[75.91659,19.3259],[75.94051,19.31412],[75.98671,19.33259],[76.01131,19.32629],[76.02743,19.31017],[76.09177,19.29097],[76.31899,19.25717],[76.34721,19.24125],[76.3533,19.20229],[76.33728,19.14028],[76.34664,19.1239],[76.36777,19.11987],[76.39589,19.11113],[76.42679,19.07687],[76.47309,19.07274],[76.53458,19.09883],[76.58171,19.0863],[76.61448,19.03522],[76.65726,19.00163],[76.71018,18.98551],[76.74775,18.99641],[76.76997,19.03426],[76.8556,19.07041],[77.00474,19.10488],[77.0929,19.10832],[77.12008,19.08075],[77.19553,19.08927],[77.31914,19.13392],[77.40482,19.12023],[77.45267,19.04824],[77.57891,18.96579],[77.78366,18.87293],[77.96835,18.8704],[78.13299,18.95817],[78.23536,18.98411],[78.27546,18.94825],[78.31939,18.94567],[78.36724,18.97639],[78.42884,18.97982],[78.50418,18.9559],[78.57549,18.96649],[78.64278,19.0115],[78.70117,19.02744],[78.75088,19.01424],[78.83481,19.0261],[78.95294,19.063],[79.04962,19.03341],[79.12476,18.93737],[79.20104,18.87092],[79.31715,18.81562]]},"properties":{"sw":0.25,"scalerank":5,"name":"Godavari","featurecla":"River","na":0,"cl":"Godavari#0"}},{"type":"Feature","geometry":{"type":"LineString","coordinates":[[79.31715,18.81562],[79.40102,18.84324],[79.49626,18.80921],[79.63093,18.72273],[79.72715,18.69007],[79.78503,18.71126],[79.82162,18.76185],[79.87448,18.80195],[79.92513,18.80741],[80.02905,18.74361],[80.1416,18.70152],[80.24361,18.70948],[80.31864,18.68615],[80.3665,18.63158],[80.39006,18.57261],[80.38934,18.50926],[80.40825,18.46303],[80.44701,18.43394],[80.47274,18.38761],[80.48545,18.32405],[80.54075,18.26057],[80.68751,18.16553]]},"properties":{"sw":0.3,"scalerank":5,"name":"Godavari","featurecla":"River","na":0,"cl":"Godavari#0"}},{"type":"Feature","geometry":{"type":"LineString","coordinates":[[81.73881,16.94225],[81.88816,16.77655],[82.03409,16.71304],[82.33867,16.70653]]},"properties":{"sw":0.3,"scalerank":5,"name":"Godavari","featurecla":"River","na":0,"cl":"Godavari#0"}},{"type":"Feature","geometry":{"type":"LineString","coordinates":[[81.73881,16.94225],[81.83256,16.66916],[81.85566,16.55294],[81.83943,16.50253],[81.79969,16.46533],[81.73633,16.4413],[81.70641,16.40003],[81.71174,16.33447]]},"properties":{"sw":0.3,"scalerank":5,"name":"Godavari","featurecla":"River","na":0,"cl":"Godavari#0"}},{"type":"Feature","geometry":{"type":"LineString","coordinates":[[80.68751,18.16553],[80.8399,17.99554],[80.89215,17.86459],[80.89504,17.71605],[80.98604,17.62172],[81.16515,17.58161],[81.2668,17.54306],[81.29109,17.50606],[81.35207,17.48234],[81.44974,17.4718],[81.52797,17.44782],[81.58658,17.41036],[81.64662,17.27928],[81.73881,16.94225]]},"properties":{"sw":0.35,"scalerank":5,"name":"Godavari","featurecla":"River","na":0,"cl":"Godavari#0"}},{"type":"Feature","geometry":{"type":"LineString","coordinates":[[61.01481,51.49236],[60.91032,51.66884]]},"properties":{"sw":0.15,"scalerank":5,"name":"Tobol","featurecla":"River","na":0,"cl":"Tobol#0"}},{"type":"Feature","geometry":{"type":"LineString","coordinates":[[63.86404,53.42271],[63.58669,53.14557],[63.33735,52.99922],[63.02368,52.89127],[62.83372,52.79027],[62.76747,52.69616],[62.58898,52.60911],[62.29824,52.52909],[62.04674,52.48703],[61.83455,52.483],[61.77698,52.46582],[61.73482,52.4423],[61.67363,52.3705],[61.54702,52.25268],[61.50904,52.15785],[61.55958,52.08607],[61.57488,52.01641],[61.55472,51.94897],[61.56506,51.82206],[61.60568,51.63571],[61.58935,51.51314],[61.51586,51.45443],[61.36311,51.44187],[61.01481,51.49236]]},"properties":{"sw":0.2,"scalerank":5,"name":"Tobol","featurecla":"River","na":0,"cl":"Tobol#0"}},{"type":"Feature","geometry":{"type":"LineString","coordinates":[[63.86404,53.42271],[63.87567,53.56707],[63.84564,53.67088],[63.77774,53.7822],[63.75159,53.88669],[63.7671,53.98446],[63.79779,54.04094],[63.84378,54.05608],[63.85846,54.07949],[63.85934,54.11783],[63.87717,54.15251],[63.96398,54.20346],[64.00656,54.25173],[64.06294,54.30291],[64.19942,54.34743],[64.58999,54.40221],[64.80946,54.4804],[64.85793,54.5821],[64.91566,54.65155],[64.98252,54.68881],[65.00113,54.7178],[64.97147,54.73862],[64.97395,54.77294],[65.00867,54.82079],[65.0081,54.8629],[64.97224,54.89921],[64.95824,54.93582],[64.96609,54.97267],[65.04433,55.06418],[65.19285,55.21027],[65.2547,55.31213],[65.2298,55.36975],[65.26406,55.4113],[65.35739,55.43672],[65.44818,55.50057],[65.58042,55.65397]]},"properties":{"sw":0.25,"scalerank":5,"name":"Tobol","featurecla":"River","na":0,"cl":"Tobol#0"}},{"type":"Feature","geometry":{"type":"LineString","coordinates":[[65.58042,55.65397],[65.6107,55.7876],[65.64135,55.84142],[65.68238,55.85995],[65.6954,55.89938],[65.68042,55.95963],[65.75777,56.0273],[65.92758,56.10242],[65.97301,56.15208],[65.96489,56.19094],[65.99729,56.25109],[66.18504,56.30809],[66.25645,56.36214],[66.26022,56.38434],[66.27826,56.4248],[66.33748,56.48146],[66.34859,56.53133],[66.31149,56.57438],[66.32911,56.63184],[66.40156,56.70383],[66.43618,56.76604],[66.43319,56.8185],[66.46543,56.85059],[66.53292,56.86232],[66.56181,56.88431],[66.55199,56.9166],[66.5771,56.96123],[66.63715,57.01817],[66.73064,57.07101],[66.93414,57.15801],[66.96039,57.18586],[66.96349,57.2115],[66.94354,57.2349],[66.95336,57.2578],[66.99315,57.28017],[67.00431,57.29738],[67.04312,57.32004],[67.07645,57.33883],[67.09955,57.37515],[67.08023,57.43231],[67.09681,57.46435],[67.14932,57.4713],[67.16007,57.4998],[67.12896,57.54977],[67.09134,57.57979],[67.09862,57.61157],[67.1149,57.63535],[67.14756,57.67751],[67.15304,57.73487],[67.20818,57.78609],[67.31308,57.83115],[67.534,57.86438],[67.87082,57.88582],[68.05345,57.91026],[68.08187,57.93776],[68.08332,57.96961],[68.058,58.00584],[68.08854,58.06007],[68.2183,58.16839]]},"properties":{"sw":0.3,"scalerank":5,"name":"Tobol","featurecla":"River","na":0,"cl":"Tobol#0"}},{"type":"Feature","geometry":{"type":"LineString","coordinates":[[105.68867,58.06829],[105.80856,57.99972],[105.87698,57.9823],[105.96225,57.99863]]},"properties":{"sw":0.15,"scalerank":5,"name":"Nizhnyaya Tunguska","featurecla":"River","na":0,"cl":"Nizhnyaya Tunguska#0"}},{"type":"Feature","geometry":{"type":"LineString","coordinates":[[105.96225,57.99863],[106.19923,58.02752],[106.31943,58.01067],[106.40191,57.95765],[106.53394,57.90768],[106.88994,57.82629],[107.05732,57.80397],[107.17344,57.80464],[107.23845,57.82831],[107.31694,57.82675],[107.40903,57.80004],[107.50355,57.8158],[107.60039,57.87404],[107.68669,57.90163],[107.76245,57.89853],[107.89184,57.96114],[108.07488,58.08945],[108.19456,58.15201],[108.25089,58.14885],[108.34153,58.21138],[108.46669,58.3397],[108.50638,58.43478],[108.46059,58.49664],[108.4577,58.54687],[108.4977,58.58542],[108.48385,58.6436],[108.41626,58.72143],[108.40551,58.78083],[108.4516,58.82181],[108.46576,58.90317],[108.44809,59.02487],[108.39243,59.12606],[108.25213,59.24698]]},"properties":{"sw":0.2,"scalerank":5,"name":"Nizhnyaya Tunguska","featurecla":"River","na":0,"cl":"Nizhnyaya Tunguska#0"}},{"type":"Feature","geometry":{"type":"LineString","coordinates":[[108.25213,59.24698],[108.1339,59.39511],[108.07385,59.44604],[108.03261,59.44914],[108.0231,59.48484],[108.04532,59.55311],[108.01783,59.61039],[107.94063,59.65664],[107.96254,59.72581],[108.08356,59.8179],[108.09927,59.89345],[108.09069,59.93603],[108.10361,60.00164],[108.094,60.05143],[108.06207,60.08538],[108.06155,60.12287],[108.03788,60.20496],[107.89722,60.24625],[107.81908,60.29221],[107.80327,60.34291],[107.81107,60.39104],[107.84234,60.43667],[107.84094,60.49295],[107.87241,60.52416],[107.89546,60.55393],[107.89329,60.59305],[107.86585,60.62379],[107.86663,60.67909],[107.89081,60.72058],[107.95582,60.84037],[107.98047,60.91411],[107.96481,60.94181],[107.92967,60.95556],[107.875,60.95535],[107.85371,60.99473],[107.8659,61.07369],[107.90869,61.1173],[107.98207,61.12555],[108.00739,61.1448],[107.98481,61.17513],[107.95902,61.23055],[107.96719,61.26884],[108.0293,61.3275],[108.03628,61.37884],[107.98822,61.42292],[107.97814,61.46689],[108.00595,61.51082],[108.0077,61.55226],[108.05282,61.59689],[108.08491,61.63539],[108.07209,61.67391],[108.03995,61.69957],[108.01297,61.7292],[108.00026,61.75173],[108.01432,61.81509],[108.03354,61.87927],[108.0478,61.92935],[108.08852,61.971],[108.22304,62.0342],[108.24536,62.08466],[108.22051,62.13517],[108.22464,62.19083],[108.27942,62.25589],[108.28975,62.33273],[108.25575,62.42136],[108.22454,62.46751],[108.19622,62.47112],[108.17896,62.45066],[108.17265,62.40611],[108.13968,62.37252],[108.0801,62.34994],[108.02093,62.35526],[107.96212,62.38839],[107.92218,62.44247],[107.95013,62.52748],[108.06248,62.58347],[108.40654,62.64052],[108.58669,62.68072],[108.6027,62.70403],[108.59495,62.72865],[108.56322,62.75457],[108.44473,62.76253],[108.23932,62.75255],[108.17028,62.77891],[108.23746,62.84149],[108.36561,62.87756],[108.55485,62.88701],[108.59196,62.91898],[108.55165,62.9481],[108.47124,62.95476],[108.36866,62.96083],[108.31745,62.97424],[108.18785,62.97275],[108.11927,62.99016],[108.11173,63.02644],[108.14402,63.06364],[108.21606,63.10173],[108.21849,63.14305],[108.15121,63.18751],[108.07829,63.20296],[107.99974,63.18935],[107.94931,63.14757],[107.92688,63.0776],[107.88688,63.05439],[107.82911,63.07796],[107.80523,63.11072],[107.81526,63.15268],[107.77206,63.16581],[107.67573,63.15018],[107.61052,63.15878],[107.57631,63.1916],[107.52463,63.21015],[107.45528,63.21438],[107.42159,63.23648],[107.3725,63.27198],[107.27834,63.30384],[106.82938,63.33396],[106.80922,63.34952],[106.83868,63.37959],[106.91785,63.42432],[106.92467,63.47085],[106.85914,63.51917],[106.7407,63.53762],[106.56924,63.5262],[106.44118,63.49483],[106.35654,63.44357],[106.2661,63.43708],[106.17231,63.44525],[106.09939,63.4197],[106.06963,63.37463],[106.02581,63.36699],[105.81797,63.39241],[105.64588,63.38107],[105.50956,63.33293],[105.38518,63.32668],[105.27262,63.36223],[105.18317,63.40791],[105.11672,63.46378],[104.77451,63.51726],[104.15657,63.56837],[103.80651,63.6249],[103.72455,63.68697],[103.70512,63.73409],[103.63717,63.78536],[103.48663,63.82032],[103.27145,63.89943],[103.03012,64.03247],[102.83076,64.10296],[102.67356,64.11082],[102.5393,64.09774],[102.3727,64.04653]]},"properties":{"sw":0.25,"scalerank":5,"name":"Nizhnyaya Tunguska","featurecla":"River","na":0,"cl":"Nizhnyaya Tunguska#0"}},{"type":"Feature","geometry":{"type":"LineString","coordinates":[[102.3727,64.04653],[101.99365,64.09366],[101.7839,64.14045],[101.61719,64.20262],[101.43167,64.20156],[101.22755,64.13722],[101.02301,64.1304],[100.81806,64.18104],[100.67079,64.19998],[100.58118,64.18722],[100.48733,64.21122],[100.38936,64.27199],[100.27784,64.29406],[100.15268,64.27747],[100.03651,64.232],[99.92923,64.15774],[99.44306,64.1319],[98.57789,64.15459],[98.12443,64.15402],[98.08257,64.13014],[98.09709,64.10069],[98.16789,64.0656],[98.18856,64.02958],[98.159,63.99268],[98.07332,63.96049],[97.93162,63.93305],[97.90641,63.88879],[97.99767,63.82773],[98.02981,63.78525],[98.00283,63.76133],[97.77985,63.77471],[97.36096,63.82546],[96.99272,63.83683],[96.67506,63.80882],[96.47642,63.81809],[96.39663,63.8646],[96.27116,63.89222],[96.10011,63.90091],[95.8872,63.94535],[95.63244,64.0255],[95.42935,64.05898],[95.27773,64.04576],[95.07774,64.0794],[94.82918,64.15993],[94.51891,64.19066],[94.14695,64.17159],[93.71379,64.23236],[93.21966,64.37302],[92.83116,64.43793],[92.54828,64.42697],[92.38245,64.40359],[92.33357,64.36778],[92.25187,64.36553],[92.0801,64.41245]]},"properties":{"sw":0.3,"scalerank":5,"name":"Nizhnyaya Tunguska","featurecla":"River","na":0,"cl":"Nizhnyaya Tunguska#0"}},{"type":"Feature","geometry":{"type":"LineString","coordinates":[[87.96117,65.77599],[88.13171,65.83004],[88.22803,65.84384],[88.30689,65.83541],[88.38606,65.85541],[88.46554,65.90373],[88.61555,65.94151],[88.83621,65.96869],[89.21092,65.90435],[89.73977,65.74844],[90.01764,65.65612],[90.04461,65.62734],[90.03505,65.58238],[89.98896,65.52127],[89.97449,65.39926],[89.99175,65.21643],[90.0457,65.11621],[90.13655,65.09856],[90.21246,65.06559],[90.27354,65.01727],[90.30351,64.95645],[90.30232,64.88317],[90.33653,64.83108],[90.40599,64.80015],[90.51368,64.78176],[90.65972,64.77592],[90.82425,64.71804],[91.0074,64.60812],[91.34458,64.51772],[92.08144,64.41126]]},"properties":{"sw":0.35,"scalerank":5,"name":"Nizhnyaya Tunguska","featurecla":"River","na":0,"cl":"Nizhnyaya Tunguska#0"}},{"type":"Feature","geometry":{"type":"LineString","coordinates":[[32.07756,56.90774],[32.06216,56.87705],[32.09683,56.86113],[32.17652,56.84981],[32.24168,56.82061],[32.31775,56.7501]]},"properties":{"sw":0.15,"scalerank":5,"name":"Daugava","featurecla":"River","na":0,"cl":"Daugava#0"}},{"type":"Feature","geometry":{"type":"LineString","coordinates":[[32.31775,56.7501],[32.27289,56.60931],[32.2331,56.55185],[32.1836,56.53076],[32.13492,56.47834],[32.08707,56.39457],[32.07265,56.31514],[32.09156,56.24006],[32.06784,56.19386],[32.00149,56.17655],[31.97431,56.14355],[31.9863,56.09487],[31.8753,56.06888],[31.64141,56.06552],[31.47945,56.03891],[31.38964,55.98904],[31.37946,55.88884],[31.44902,55.73836],[31.41532,55.6551],[31.27838,55.63908],[31.17136,55.60064],[31.05581,55.50933]]},"properties":{"sw":0.2,"scalerank":5,"name":"Daugava","featurecla":"River","na":0,"cl":"Daugava#0"}},{"type":"Feature","geometry":{"type":"LineString","coordinates":[[31.05581,55.50933],[30.64323,55.43607],[30.40861,55.36936],[30.21441,55.28474],[30.16698,55.23487],[30.14786,55.19472],[30.0875,55.18314],[29.92523,55.20381],[29.81496,55.205],[29.75677,55.18671],[29.72576,55.16139],[29.72204,55.12894],[29.6868,55.11596],[29.62003,55.12248],[29.55482,55.10697],[29.49125,55.06943],[29.45239,55.07095],[29.43823,55.11152],[29.40573,55.13214],[29.35478,55.13281],[29.31561,55.15534],[29.28822,55.19973],[29.20207,55.25769],[29.05707,55.32918],[29.00069,55.38019],[28.99304,55.40887],[28.91868,55.45465],[28.72355,55.52364],[28.50392,55.56601],[28.25991,55.58178],[28.08715,55.62022],[27.98577,55.68141],[27.92815,55.73996],[27.9143,55.79587],[27.88086,55.81675],[27.85518,55.81923],[27.76402,55.80848],[27.60413,55.79768],[27.45913,55.80349],[27.34906,55.83148]]},"properties":{"sw":0.25,"scalerank":5,"name":"Daugava","featurecla":"River","na":0,"cl":"Daugava#0"}},{"type":"Feature","geometry":{"type":"LineString","coordinates":[[27.34906,55.83148],[27.01482,55.89853],[26.80925,55.90723],[26.62084,55.8799],[26.48916,55.89912],[26.41413,55.96485],[26.36447,56.03891],[26.34018,56.12133],[26.29434,56.17838],[26.22696,56.21006],[26.18417,56.26447],[26.16588,56.34163],[26.06428,56.41772],[25.87938,56.49283],[25.77851,56.55288],[25.76166,56.59784],[25.70978,56.60931],[25.62276,56.58719],[25.53408,56.58978],[25.44365,56.61711],[25.35771,56.61946],[25.27616,56.59691],[25.17446,56.59432],[25.05261,56.61169],[24.89071,56.66832],[24.68865,56.76424],[24.50541,56.82738],[24.34097,56.85777],[24.22031,56.89394],[24.14352,56.93583],[24.09138,56.98533],[24.05433,57.06613]]},"properties":{"sw":0.3,"scalerank":5,"name":"Daugava","featurecla":"River","na":0,"cl":"Daugava#0"}},{"type":"Feature","geometry":{"type":"LineString","coordinates":[[-76.61666,-9.91335],[-76.71138,-9.63951]]},"properties":{"sw":0.15,"scalerank":5,"name":"Mara\u00f1\u00f3n","featurecla":"River","na":0,"cl":"Mara\u00f1\u00f3n#0"}},{"type":"Feature","geometry":{"type":"LineString","coordinates":[[-76.71138,-9.63951],[-76.76515,-9.47296],[-76.76634,-9.36496],[-76.73291,-9.25995],[-76.83505,-9.11727],[-77.07278,-8.93687],[-77.2244,-8.76856],[-77.28993,-8.61229],[-77.34564,-8.52155],[-77.39152,-8.49633],[-77.43721,-8.42383],[-77.48263,-8.30394],[-77.5341,-8.21547],[-77.59164,-8.15826],[-77.6211,-8.05651],[-77.62249,-7.91016],[-77.71858,-7.62801],[-77.90937,-7.20984],[-78.00973,-6.93565],[-78.01965,-6.80532],[-78.06231,-6.66983],[-78.13773,-6.52927],[-78.21892,-6.43191],[-78.30586,-6.37765],[-78.37446,-6.30055],[-78.44978,-6.15048]]},"properties":{"sw":0.2,"scalerank":5,"name":"Mara\u00f1\u00f3n","featurecla":"River","na":0,"cl":"Mara\u00f1\u00f3n#0"}},{"type":"Feature","geometry":{"type":"LineString","coordinates":[[-78.44978,-6.15048],[-78.56752,-6.08898],[-78.64328,-6.01715],[-78.71633,-5.91457],[-78.70294,-5.76249],[-78.60313,-5.56095],[-78.52843,-5.44571],[-78.47882,-5.41688],[-78.45564,-5.35466],[-78.45885,-5.25901],[-78.4343,-5.19777],[-78.38201,-5.1709],[-78.36619,-5.11405],[-78.38694,-5.02724],[-78.38152,-4.96388],[-78.34991,-4.92409],[-78.33483,-4.87071],[-78.33627,-4.80389],[-78.30516,-4.76162],[-78.2416,-4.74384],[-78.20721,-4.70757],[-78.20199,-4.65279],[-78.16326,-4.63212],[-78.09107,-4.64576],[-77.95777,-4.5977],[-77.76339,-4.48794],[-77.62345,-4.43337],[-77.53797,-4.43379],[-77.47333,-4.4496],[-77.42951,-4.48091],[-77.40827,-4.52577],[-77.40951,-4.58427],[-77.38731,-4.61657],[-77.34171,-4.62271],[-77.33326,-4.64225],[-77.3445,-4.6514],[-77.33768,-4.68312],[-77.30693,-4.72948],[-77.28197,-4.73186],[-77.26275,-4.69031],[-77.16947,-4.70757],[-77.00219,-4.78353],[-76.83218,-4.82208],[-76.65937,-4.82312],[-76.56597,-4.83996],[-76.55191,-4.87283],[-76.5106,-4.90135],[-76.44202,-4.92554],[-76.3519,-4.93453],[-76.24017,-4.92833],[-76.17253,-4.94363],[-76.1371,-4.99913]]},"properties":{"sw":0.25,"scalerank":5,"name":"Mara\u00f1\u00f3n","featurecla":"River","na":0,"cl":"Mara\u00f1\u00f3n#0"}},{"type":"Feature","geometry":{"type":"LineString","coordinates":[[-76.1371,-4.99913],[-75.84056,-5.03912],[-75.723,-5.04346],[-75.68553,-5.02538],[-75.65416,-5.03148],[-75.62894,-5.06165],[-75.55928,-5.00626],[-75.44518,-4.86528],[-75.25941,-4.78007],[-75.00195,-4.75067],[-74.84749,-4.69062],[-74.79605,-4.60003],[-74.72202,-4.52928],[-74.62539,-4.47843],[-74.5488,-4.48515],[-74.49227,-4.54928],[-74.41326,-4.60571],[-74.31176,-4.65439],[-74.2467,-4.63775],[-74.21807,-4.55579],[-74.17735,-4.50231],[-74.12454,-4.47719],[-74.05292,-4.47358],[-73.96248,-4.49135],[-73.88791,-4.53078],[-73.82921,-4.59181],[-73.72363,-4.57941],[-73.48864,-4.44484]]},"properties":{"sw":0.3,"scalerank":5,"name":"Mara\u00f1\u00f3n","featurecla":"River","na":0,"cl":"Mara\u00f1\u00f3n#0"}},{"type":"Feature","geometry":{"type":"LineString","coordinates":[[-76.53315,1.32982],[-76.53581,1.1391],[-76.50796,1.05709],[-76.42161,1.00175]]},"properties":{"sw":0.15,"scalerank":5,"name":"Japur\u00e1","featurecla":"River","na":0,"cl":"Japur\u00e1#0"}},{"type":"Feature","geometry":{"type":"LineString","coordinates":[[-76.42161,1.00175],[-76.26286,0.97953],[-76.14496,0.98774],[-76.01494,1.01911],[-75.91952,0.99596],[-75.85865,0.91824],[-75.68966,0.84362],[-75.41257,0.77205],[-75.25222,0.67619],[-75.20861,0.55619],[-75.13921,0.48958],[-75.04392,0.47646],[-74.98785,0.42013],[-74.971,0.32055],[-74.89266,0.24081],[-74.75293,0.18087],[-74.67825,0.09958],[-74.66872,-0.00295],[-74.63771,-0.06981],[-74.58529,-0.10103],[-74.52674,-0.10826],[-74.46206,-0.09147],[-74.40421,-0.09302],[-74.35321,-0.11291],[-74.3059,-0.14919],[-74.26233,-0.20169],[-74.16586,-0.26339],[-74.01648,-0.33429],[-73.88479,-0.37403],[-73.77079,-0.38251],[-73.69268,-0.40581],[-73.62932,-0.46287]]},"properties":{"sw":0.2,"scalerank":5,"name":"Japur\u00e1","featurecla":"River","na":0,"cl":"Japur\u00e1#0"}},{"type":"Feature","geometry":{"type":"LineString","coordinates":[[-73.62932,-0.46287],[-73.51672,-0.51527],[-73.43812,-0.52777],[-73.35596,-0.5178],[-73.28756,-0.53578],[-73.23294,-0.58177],[-73.15362,-0.58524],[-73.04957,-0.54617],[-72.96942,-0.54544],[-72.91309,-0.58296],[-72.85118,-0.59113],[-72.78374,-0.56994],[-72.70364,-0.59071],[-72.61089,-0.65355],[-72.5289,-0.65293],[-72.45761,-0.5887],[-72.39764,-0.5748],[-72.34896,-0.61118],[-72.28618,-0.60725],[-72.20928,-0.56317],[-72.13913,-0.59309],[-72.07567,-0.69717],[-71.9903,-0.76533],[-71.88297,-0.79763],[-71.80303,-0.84734],[-71.75047,-0.91431],[-71.6773,-0.94707],[-71.58351,-0.94547],[-71.54325,-0.97761],[-71.55653,-1.0435],[-71.54976,-1.08655],[-71.52294,-1.10681],[-71.4769,-1.11099],[-71.37895,-1.09311]]},"properties":{"sw":0.25,"scalerank":5,"name":"Japur\u00e1","featurecla":"River","na":0,"cl":"Japur\u00e1#0"}},{"type":"Feature","geometry":{"type":"LineString","coordinates":[[-71.37895,-1.09311],[-71.22735,-1.06149],[-71.12984,-1.09539],[-71.03584,-1.18427],[-70.94515,-1.24018],[-70.85776,-1.26313],[-70.77808,-1.30529],[-70.70604,-1.36658],[-70.62315,-1.40989],[-70.52936,-1.43531],[-70.44017,-1.43831],[-70.35562,-1.41903],[-70.25589,-1.44058],[-70.14096,-1.50301],[-70.0668,-1.52957],[-70.03337,-1.52022],[-69.97546,-1.43531],[-69.89307,-1.27481],[-69.80113,-1.21455],[-69.69969,-1.25455],[-69.60047,-1.25584],[-69.52366,-1.22633],[-69.46162,-1.23073]]},"properties":{"sw":0.3,"scalerank":5,"name":"Japur\u00e1","featurecla":"River","na":0,"cl":"Japur\u00e1#0"}},{"type":"Feature","geometry":{"type":"LineString","coordinates":[[-81.41962,37.00914],[-81.69496,36.93229]]},"properties":{"sw":0.15,"scalerank":5,"name":"Holston","featurecla":"River","na":1,"cl":"Holston#0"}},{"type":"Feature","geometry":{"type":"LineString","coordinates":[[-82.58909,36.61001],[-82.66541,36.52247],[-82.93589,36.40124],[-83.02552,36.36985],[-83.19344,36.32367],[-83.38653,36.2565],[-83.45369,36.19983],[-83.74716,36.07617],[-83.89971,35.97832],[-83.97435,35.9146],[-83.96949,35.87014]]},"properties":{"sw":0.2,"scalerank":5,"name":"Holston","featurecla":"River","na":1,"cl":"Holston#0"}},{"type":"Feature","geometry":{"type":"LineString","coordinates":[[-81.69496,36.93229],[-81.87546,36.85253],[-82.1357,36.76228],[-82.58909,36.61001]]},"properties":{"sw":0.2,"scalerank":5,"name":"Holston","featurecla":"River","na":1,"cl":"Holston#0"}},{"type":"Feature","geometry":{"type":"LineString","coordinates":[[73.60463,37.44606],[73.48133,37.47167],[73.38294,37.46226],[73.21117,37.40852]]},"properties":{"sw":0.15,"scalerank":5,"name":"Pamir","featurecla":"River","na":0,"cl":"Pamir#0"}},{"type":"Feature","geometry":{"type":"LineString","coordinates":[[73.21117,37.40852],[72.89553,37.26754],[72.75709,37.17269],[72.65741,37.02906]]},"properties":{"sw":0.2,"scalerank":5,"name":"Pamir","featurecla":"River","na":0,"cl":"Pamir#0"}},{"type":"Feature","geometry":{"type":"LineString","coordinates":[[-118.31903,52.52196],[-118.57227,52.76218]]},"properties":{"sw":0.15,"scalerank":5,"name":"Fraser","featurecla":"River","na":1,"cl":"Fraser#0"}},{"type":"Feature","geometry":{"type":"LineString","coordinates":[[-118.57227,52.76218],[-118.60105,52.82455],[-118.72063,52.89132],[-118.94067,52.98323],[-119.17546,53.0226],[-119.42503,53.00948],[-119.66868,53.05557],[-119.9065,53.16094],[-120.24395,53.3455],[-120.68105,53.60929],[-121.02382,53.77811],[-121.39646,53.88891]]},"properties":{"sw":0.2,"scalerank":5,"name":"Fraser","featurecla":"River","na":1,"cl":"Fraser#0"}},{"type":"Feature","geometry":{"type":"LineString","coordinates":[[-121.39646,53.88891],[-121.5843,53.92989],[-121.64921,53.96291],[-121.65381,54.00167],[-121.73843,54.06117],[-121.90307,54.14142],[-122.08854,54.20119],[-122.29478,54.24041],[-122.43505,54.24511],[-122.50936,54.21524],[-122.55099,54.17395],[-122.55998,54.1213],[-122.61086,54.04554],[-122.70367,53.94678],[-122.74439,53.81568],[-122.73302,53.65228],[-122.70814,53.53415],[-122.66969,53.46134],[-122.70938,53.39914],[-122.82715,53.34762],[-122.80405,53.26572],[-122.64003,53.15345],[-122.53047,53.04214],[-122.47536,52.93176],[-122.45696,52.79833],[-122.47528,52.64185],[-122.43632,52.50754],[-122.34007,52.39536],[-122.28457,52.25857],[-122.26982,52.09718],[-122.27168,51.9899],[-122.29008,51.93678],[-122.32124,51.90154],[-122.36506,51.88412],[-122.39216,51.84614],[-122.40772,51.75824]]},"properties":{"sw":0.25,"scalerank":5,"name":"Fraser","featurecla":"River","na":1,"cl":"Fraser#0"}},{"type":"Feature","geometry":{"type":"LineString","coordinates":[[-122.40772,51.75824],[-122.26801,51.51851],[-122.22512,51.40725],[-122.23246,51.34451],[-122.14259,51.22137],[-121.95547,51.03782],[-121.8578,50.90144],[-121.84956,50.81225],[-121.8655,50.766],[-121.9056,50.76264],[-121.92374,50.74006],[-121.91992,50.69828],[-121.86013,50.61531],[-121.74445,50.49113],[-121.62764,50.30179],[-121.50971,50.04733],[-121.44891,49.79086],[-121.44522,49.53245],[-121.48961,49.38688],[-121.58211,49.35417],[-121.65156,49.30709],[-121.69802,49.24565],[-121.87367,49.1895],[-122.17851,49.13865],[-122.4449,49.14129],[-122.67279,49.19741],[-122.8502,49.20687],[-123.0406,49.15101],[-123.07954,49.13059]]},"properties":{"sw":0.3,"scalerank":5,"name":"Fraser","featurecla":"River","na":1,"cl":"Fraser#0"}},{"type":"Feature","geometry":{"type":"LineString","coordinates":[[144.71182,62.76798],[145.00896,62.50737]]},"properties":{"sw":0.15,"scalerank":5,"name":"Indigirka","featurecla":"River","na":0,"cl":"Indigirka#0"}},{"type":"Feature","geometry":{"type":"LineString","coordinates":[[142.05782,63.85148],[142.29982,63.72851],[142.40219,63.65803],[142.4457,63.59896],[142.66326,63.53633],[143.05507,63.47008],[143.49189,63.35078],[143.97383,63.17847],[144.24859,63.09176],[144.31608,63.09062],[144.44078,63.00913],[144.71347,62.7663]]},"properties":{"sw":0.2,"scalerank":5,"name":"Indigirka","featurecla":"River","na":0,"cl":"Indigirka#0"}},{"type":"Feature","geometry":{"type":"LineString","coordinates":[[144.88452,67.84653],[144.59389,67.81377],[144.50718,67.78522],[144.52744,67.75003],[144.58196,67.72623],[144.67068,67.7139],[144.7083,67.6922],[144.69466,67.66119],[144.6497,67.63897],[144.57353,67.62556],[144.36187,67.61386],[144.0147,67.60388],[143.77648,67.61145],[143.64708,67.63662],[143.33666,67.60045],[142.84521,67.50293],[142.6551,67.45193],[142.63639,67.42498],[142.6183,67.3949],[142.57789,67.36343],[142.57412,67.34083],[142.59861,67.31447],[142.63546,67.26468],[142.615,67.16029],[142.65448,67.00966],[142.7538,66.81277],[142.86475,66.69293],[142.98722,66.6502],[143.06758,66.57444],[143.10592,66.46576],[143.1576,66.37734],[143.22271,66.30923],[143.21914,66.18914],[143.1469,66.01711],[143.01073,65.88373],[142.81075,65.78901],[142.67969,65.69186],[142.61758,65.59222],[142.60332,65.51543],[142.63691,65.46148],[142.81385,65.4242],[143.13434,65.40358],[143.20778,65.38862],[143.22989,65.37071],[143.21847,65.34402],[143.16866,65.31167],[143.16091,65.27705],[143.15749,65.24031],[143.14013,65.19512],[143.08494,65.13422],[143.09197,65.0875],[143.16132,65.05502],[143.24343,64.98301],[143.33841,64.87149],[143.35552,64.793],[143.29464,64.74752],[143.26529,64.69419],[143.26746,64.63301],[143.1514,64.57882],[142.9171,64.53164],[142.8618,64.50102],[142.83953,64.45901],[142.83142,64.3961],[142.78873,64.30292],[142.63381,64.26864],[142.36643,64.29331],[142.15921,64.27556],[142.01214,64.21541],[141.92077,64.13588],[141.88512,64.03697],[141.91499,63.95351],[142.05782,63.85148]]},"properties":{"sw":0.25,"scalerank":5,"name":"Indigirka","featurecla":"River","na":0,"cl":"Indigirka#0"}},{"type":"Feature","geometry":{"type":"LineString","coordinates":[[147.45253,70.03929],[147.49625,70.02343],[147.51868,70.00384],[147.51899,69.95278],[147.46617,69.84716],[147.45103,69.7728],[147.47367,69.72959],[147.46318,69.69456],[147.43517,69.67725],[147.42276,69.66815],[147.42855,69.65575],[147.44452,69.64244],[147.5378,69.61883],[147.56766,69.59916],[147.5749,69.5863],[147.57469,69.55684],[147.5981,69.50821],[147.63753,69.43995],[147.59691,69.39235],[147.43413,69.35184],[147.39217,69.29463],[147.47108,69.22068],[147.48839,69.14653],[147.44431,69.07206],[147.46328,69.00287],[147.49201,68.97693],[147.48323,68.94166],[147.42189,68.93378],[147.35372,68.93858],[147.32716,68.93026],[147.32458,68.90256],[147.34618,68.85544],[147.28582,68.82146],[147.14361,68.80063],[147.05555,68.73493],[147.02175,68.62434],[146.93964,68.57297],[146.80931,68.58083],[146.71149,68.57142],[146.64607,68.54471],[146.52835,68.54677],[146.35813,68.57752],[146.20563,68.57765],[146.07075,68.54708],[145.96911,68.49825],[145.90058,68.43117],[145.91268,68.38265],[145.86927,68.35071],[145.85604,68.30374],[145.80901,68.28839],[145.71486,68.29343],[145.65316,68.26697],[145.64437,68.21842],[145.53854,68.19196],[145.4233,68.19987],[145.35767,68.17873],[145.34646,68.14207],[145.31251,68.11119],[145.2783,68.08176],[145.27871,68.04696],[145.28212,68.02288],[145.23799,67.99528],[145.16719,67.98474],[145.09309,67.9803],[145.06663,67.95384],[145.05877,67.90795],[145.02467,67.87092],[144.88452,67.84653]]},"properties":{"sw":0.3,"scalerank":5,"name":"Indigirka","featurecla":"River","na":0,"cl":"Indigirka#0"}},{"type":"Feature","geometry":{"type":"LineString","coordinates":[[149.6618,71.02993],[149.64568,71.00171],[149.62232,70.97019],[149.56062,70.92549],[149.33335,70.88128],[148.9405,70.83749],[148.73245,70.78705],[148.7092,70.72989],[148.49185,70.6792],[148.0804,70.63497],[147.86739,70.59523],[147.85282,70.55998],[147.78285,70.52185],[147.65727,70.48076],[147.57567,70.44852],[147.5379,70.42506],[147.52539,70.40216],[147.53816,70.37974],[147.48932,70.33633],[147.37905,70.27194],[147.36489,70.2246],[147.393,70.19484],[147.38473,70.16673],[147.35166,70.14357],[147.35496,70.11133],[147.38969,70.06668],[147.45253,70.03929]]},"properties":{"sw":0.35,"scalerank":5,"name":"Indigirka","featurecla":"River","na":0,"cl":"Indigirka#0"}},{"type":"Feature","geometry":{"type":"LineString","coordinates":[[149.6618,71.02993],[149.69146,71.04553],[149.84794,71.08264],[149.91284,71.1107],[149.89269,71.13132],[149.89176,71.15235],[149.91005,71.1739],[149.98426,71.20935],[150.09766,71.22656]]},"properties":{"sw":0.4,"scalerank":5,"name":"Indigirka","featurecla":"River","na":0,"cl":"Indigirka#0"}},{"type":"Feature","geometry":{"type":"LineString","coordinates":[[-120.88184,42.40041],[-121.04847,42.44067]]},"properties":{"sw":0.15,"scalerank":5,"name":"Sprague","featurecla":"River","na":1,"cl":"Sprague#0"}},{"type":"Feature","geometry":{"type":"LineString","coordinates":[[-121.04847,42.44067],[-121.43654,42.48167],[-121.60373,42.52467],[-121.67944,42.58334],[-121.77564,42.57854],[-121.88932,42.51203],[-121.92121,42.47513]]},"properties":{"sw":0.2,"scalerank":5,"name":"Sprague","featurecla":"River","na":1,"cl":"Sprague#0"}},{"type":"Feature","geometry":{"type":"LineString","coordinates":[[-59.07011,-14.53162],[-59.03631,-14.37292],[-59.03802,-14.24941],[-59.07693,-14.03759]]},"properties":{"sw":0.15,"scalerank":5,"name":"Juruena","featurecla":"River","na":0,"cl":"Juruena#0"}},{"type":"Feature","geometry":{"type":"LineString","coordinates":[[-59.07693,-14.03759],[-59.04148,-13.97915],[-59.02618,-13.82112],[-59.01923,-13.54403],[-58.9973,-13.36668],[-58.96035,-13.28911],[-58.93281,-12.99838],[-58.91462,-12.49448],[-58.86289,-12.18091],[-58.77752,-12.05771],[-58.73137,-11.92025],[-58.72445,-11.76853],[-58.69866,-11.65712],[-58.65411,-11.58601],[-58.62841,-11.5025],[-58.62158,-11.40659],[-58.63275,-11.36401],[-58.66936,-11.33026],[-58.67959,-11.2344],[-58.65913,-10.97509]]},"properties":{"sw":0.2,"scalerank":5,"name":"Juruena","featurecla":"River","na":0,"cl":"Juruena#0"}},{"type":"Feature","geometry":{"type":"LineString","coordinates":[[55.39768,62.36234],[55.18292,62.43764]]},"properties":{"sw":0.15,"scalerank":5,"name":"Vychegda","featurecla":"River","na":0,"cl":"Vychegda#0"}},{"type":"Feature","geometry":{"type":"LineString","coordinates":[[55.18292,62.43764],[55.01548,62.43774],[54.90805,62.46177],[54.8048,62.50972],[54.72739,62.50564],[54.67582,62.44952],[54.56755,62.4218],[54.4025,62.42247],[54.29739,62.39748],[54.25202,62.34684],[54.22328,62.29837],[54.21119,62.25207],[54.236,62.16453],[54.2977,62.03575],[54.39361,61.94402],[54.52363,61.8894],[54.66207,61.85752],[54.80893,61.8484],[54.89105,61.797],[54.90831,61.70344],[54.90521,61.64812],[54.88164,61.63102],[54.12572,61.53216],[53.8292,61.53898],[53.68368,61.64983]]},"properties":{"sw":0.2,"scalerank":5,"name":"Vychegda","featurecla":"River","na":0,"cl":"Vychegda#0"}},{"type":"Feature","geometry":{"type":"LineString","coordinates":[[53.69112,61.64983],[53.65252,61.68569],[53.65066,61.71313],[53.67267,61.74419],[53.63531,61.77545],[53.53857,61.80705],[53.4377,61.80915],[53.33269,61.78181],[53.25001,61.78972],[53.18965,61.83292],[53.03421,61.86522],[52.65832,61.89736]]},"properties":{"sw":0.2,"scalerank":5,"name":"Vychegda","featurecla":"River","na":0,"cl":"Vychegda#0"}},{"type":"Feature","geometry":{"type":"LineString","coordinates":[[52.65832,61.89736],[52.58276,61.93059],[52.45208,61.93886],[52.24113,61.93322],[52.07587,61.91462],[51.95629,61.88304],[51.89381,61.85421],[51.88854,61.82798],[51.77858,61.82326],[51.56391,61.84005],[51.30667,61.81494],[51.00674,61.74801],[50.87693,61.71926],[50.80298,61.75096],[50.78008,61.83586],[50.76644,61.87509],[50.762,61.96552],[50.70009,62.00505],[50.54599,62.01715],[50.31293,62.00056],[50.24218,62.04128],[50.2472,62.07714],[50.29825,62.12967],[50.34337,62.16659],[50.33107,62.20765],[50.25877,62.22145],[50.08142,62.21848],[49.86562,62.17403],[49.61127,62.0881],[49.37872,62.07358],[49.16778,62.13057],[48.90196,62.09846],[48.58125,61.9773],[48.40018,61.87917],[48.35894,61.80403],[48.23471,61.7091],[48.02759,61.59428],[47.80166,61.49495],[47.55692,61.41119],[47.22196,61.34693],[46.59109,61.28732]]},"properties":{"sw":0.25,"scalerank":5,"name":"Vychegda","featurecla":"River","na":0,"cl":"Vychegda#0"}},{"type":"Feature","geometry":{"type":"LineString","coordinates":[[-70.30201,-35.28808],[-70.22305,-35.59054],[-70.16563,-35.7218],[-70.07236,-35.81316]]},"properties":{"sw":0.15,"scalerank":5,"name":"Colorado","featurecla":"River","na":0,"cl":"Colorado#1"}},{"type":"Feature","geometry":{"type":"LineString","coordinates":[[-70.07236,-35.81316],[-69.86532,-35.86014],[-69.76235,-35.9638],[-69.69445,-36.13981],[-69.67091,-36.25975],[-69.69168,-36.32373],[-69.69339,-36.40651],[-69.67608,-36.50831],[-69.69416,-36.59611],[-69.74765,-36.67001],[-69.7848,-36.77962],[-69.80563,-36.92483],[-69.79659,-37.01976],[-69.75778,-37.06425],[-69.6992,-37.10621],[-69.62089,-37.14569],[-69.46302,-37.1737],[-69.22551,-37.19024],[-69.07637,-37.2399],[-69.0156,-37.32258],[-68.87042,-37.3833],[-68.64087,-37.42195],[-68.50147,-37.46541],[-68.45228,-37.51373],[-68.2726,-37.55797],[-67.96251,-37.59807],[-67.78325,-37.65863],[-67.73485,-37.73961],[-67.75054,-37.82048],[-67.83032,-37.90141],[-67.86627,-37.96859],[-67.85836,-38.02223],[-67.82446,-38.05571],[-67.76457,-38.06925],[-67.68953,-38.12243],[-67.5993,-38.21534],[-67.45983,-38.25203],[-67.27111,-38.23245],[-67.15003,-38.26924],[-67.09665,-38.36246],[-66.99309,-38.4359],[-66.76253,-38.51631]]},"properties":{"sw":0.2,"scalerank":5,"name":"Colorado","featurecla":"River","na":0,"cl":"Colorado#1"}},{"type":"Feature","geometry":{"type":"LineString","coordinates":[[-66.76253,-38.51631],[-66.65334,-38.56369],[-66.60322,-38.61005],[-66.5758,-38.67108],[-66.51958,-38.70973],[-66.43452,-38.72606],[-66.06821,-38.74022],[-65.89264,-38.7612],[-65.75735,-38.79903],[-65.65803,-38.8074],[-65.59478,-38.78642],[-65.51421,-38.79148],[-65.41644,-38.8228],[-65.27009,-38.82972],[-64.97773,-38.80368]]},"properties":{"sw":0.25,"scalerank":5,"name":"Colorado","featurecla":"River","na":0,"cl":"Colorado#1"}},{"type":"Feature","geometry":{"type":"LineString","coordinates":[[-64.97029,-38.80368],[-64.59628,-38.8413],[-64.3903,-38.87768],[-64.22773,-38.92543],[-63.98896,-39.0385],[-63.67401,-39.21688],[-63.45641,-39.31569],[-63.33618,-39.33491],[-63.21435,-39.38008],[-63.0909,-39.45098],[-62.91838,-39.49909],[-62.69674,-39.52441],[-62.51662,-39.60828],[-62.30878,-39.82181],[-62.27937,-39.85199],[-62.25396,-39.88047]]},"properties":{"sw":0.3,"scalerank":5,"name":"Colorado","featurecla":"River","na":0,"cl":"Colorado#1"}},{"type":"Feature","geometry":{"type":"LineString","coordinates":[[-91.27817,15.01748],[-91.26391,15.15745]]},"properties":{"sw":0.15,"scalerank":5,"name":"Chixoy","featurecla":"River","na":1,"cl":"Chixoy#0"}},{"type":"Feature","geometry":{"type":"LineString","coordinates":[[-91.26391,15.15745],[-91.30256,15.23664],[-91.29584,15.27023],[-91.25657,15.28465],[-91.04694,15.30806],[-90.88132,15.28757],[-90.67676,15.23576],[-90.55519,15.22507],[-90.49246,15.28573],[-90.48264,15.31581],[-90.53398,15.34669],[-90.64653,15.37839],[-90.67637,15.42712],[-90.62353,15.49293],[-90.61144,15.55794],[-90.64007,15.6222],[-90.68596,15.66044],[-90.74916,15.67266],[-90.79011,15.69672],[-90.80887,15.73258],[-90.78939,15.81723],[-90.73167,15.95071],[-90.6372,16.01923],[-90.50597,16.0229],[-90.44685,16.0706],[-90.45987,16.16237],[-90.45013,16.26138],[-90.41698,16.3513],[-90.41698,16.39099]]},"properties":{"sw":0.2,"scalerank":5,"name":"Chixoy","featurecla":"River","na":1,"cl":"Chixoy#0"}},{"type":"Feature","geometry":{"type":"LineString","coordinates":[[-71.2405,-38.76952],[-71.1272,-38.69102],[-71.1272,-38.60198],[-71.2405,-38.41326]]},"properties":{"sw":0.15,"scalerank":5,"name":"B\u00edo B\u00edo","featurecla":"River","na":0,"cl":"B\u00edo B\u00edo#0"}},{"type":"Feature","geometry":{"type":"LineString","coordinates":[[-71.2405,-38.41326],[-71.30425,-38.35332],[-71.3289,-38.27968],[-71.33567,-38.1724],[-71.40124,-38.08145],[-71.52568,-38.00683],[-71.61999,-37.9196],[-71.68428,-37.81976],[-71.75409,-37.75361],[-71.82954,-37.721],[-71.91819,-37.71398],[-72.02007,-37.73243],[-72.09025,-37.7192],[-72.14805,-37.6516]]},"properties":{"sw":0.2,"scalerank":5,"name":"B\u00edo B\u00edo","featurecla":"River","na":0,"cl":"B\u00edo B\u00edo#0"}},{"type":"Feature","geometry":{"type":"LineString","coordinates":[[-72.14805,-37.6516],[-72.25592,-37.59342],[-72.35537,-37.56846],[-72.48239,-37.5574],[-72.57598,-37.53089],[-72.63613,-37.48893],[-72.69109,-37.40557],[-72.74088,-37.28082],[-72.80726,-37.20502],[-72.89025,-37.17804],[-72.94058,-37.1152],[-72.95836,-37.0164],[-72.99879,-36.92653],[-73.06192,-36.8455],[-73.11173,-36.80287],[-73.13678,-36.79418]]},"properties":{"sw":0.25,"scalerank":5,"name":"B\u00edo B\u00edo","featurecla":"River","na":0,"cl":"B\u00edo B\u00edo#0"}},{"type":"Feature","geometry":{"type":"LineString","coordinates":[[72.65741,37.02906],[72.35882,36.98294],[72.15351,36.90054],[71.94195,36.76644],[71.80206,36.6943],[71.73374,36.68401],[71.66563,36.69691],[71.59752,36.73293],[71.53086,36.84509],[71.43288,37.12755]]},"properties":{"sw":0.2,"scalerank":5,"name":"Panj","featurecla":"River","na":0,"cl":"Panj#0"}},{"type":"Feature","geometry":{"type":"LineString","coordinates":[[71.43288,37.12755],[71.50502,37.60292],[71.54616,37.79565],[71.58037,37.86425],[71.58223,37.91009],[71.55194,37.93314],[71.48776,37.9319],[71.38968,37.90632],[71.31997,37.90185],[71.27852,37.91841],[71.28281,38.00791],[71.33273,38.17028],[71.25589,38.30696],[71.05218,38.41786],[70.87886,38.45641],[70.73592,38.42256],[70.61582,38.33443],[70.51857,38.19198],[70.41775,38.07545],[70.31326,37.98481],[70.23874,37.9412],[70.21466,37.92443],[70.19947,37.88601],[70.25497,37.76537],[70.25145,37.66419],[70.18872,37.58249],[70.11983,37.5435],[70.0447,37.54722],[69.98496,37.56616],[69.94062,37.60029],[69.82089,37.60959],[69.62576,37.59404],[69.49212,37.55306],[69.42008,37.4867],[69.39921,37.39932],[69.4297,37.29085],[69.4145,37.20778],[69.35383,37.15006],[69.30391,37.11693],[69.26485,37.10841],[69.1802,37.15827],[69.04998,37.26651],[68.96047,37.32506],[68.91179,37.33395],[68.88528,37.32806],[68.85536,37.31684],[68.83847,37.30284],[68.82374,37.27072],[68.78209,37.25798],[68.72323,37.26801],[68.66917,37.25842],[68.63698,37.22447],[68.54655,37.18347],[68.38686,37.13748],[68.29953,37.08843],[68.28475,37.03634],[68.26098,37.01309],[68.2121,37.02151]]},"properties":{"sw":0.25,"scalerank":5,"name":"Panj","featurecla":"River","na":0,"cl":"Panj#0"}},{"type":"Feature","geometry":{"type":"LineString","coordinates":[[-71.9817,-50.2237],[-71.36238,-50.20908],[-71.1118,-50.21487],[-71.02354,-50.23616],[-70.93678,-50.23182],[-70.85161,-50.20164],[-70.67106,-50.20433],[-70.3951,-50.23978],[-70.23932,-50.24014],[-70.20375,-50.20536],[-70.15439,-50.18779],[-70.05975,-50.18743]]},"properties":{"sw":0.2,"scalerank":5,"name":"Santa Cruz","featurecla":"River","na":0,"cl":"Santa Cruz#0"}},{"type":"Feature","geometry":{"type":"LineString","coordinates":[[-70.05975,-50.18743],[-69.83049,-50.18686],[-69.72222,-50.15813],[-69.65856,-50.10092],[-69.51598,-50.0864],[-69.2945,-50.11451],[-69.1411,-50.10066],[-69.01309,-50.01715],[-68.97959,-50.00303]]},"properties":{"sw":0.25,"scalerank":5,"name":"Santa Cruz","featurecla":"River","na":0,"cl":"Santa Cruz#0"}},{"type":"Feature","geometry":{"type":"LineString","coordinates":[[-53.4441,-11.44369],[-53.3054,-11.29797],[-53.27336,-11.17456],[-53.30183,-11.02491],[-53.26602,-10.91732],[-53.16597,-10.852],[-53.10128,-10.70606],[-53.07195,-10.47972],[-53.03234,-10.34299],[-52.98242,-10.29601],[-52.97195,-10.25049],[-53.00089,-10.20646],[-53.01084,-10.15457],[-53.00177,-10.09489],[-52.94464,-10.00471],[-52.83943,-9.8841],[-52.75468,-9.80762],[-52.69047,-9.77537],[-52.63554,-9.71548],[-52.58989,-9.62789],[-52.4795,-9.59595],[-52.30432,-9.61957],[-52.20502,-9.58463],[-52.18164,-9.49115],[-52.13257,-9.4001],[-52.05785,-9.31142],[-52.03597,-9.2367],[-52.06695,-9.17572],[-52.08333,-9.08518],[-52.08516,-8.96503],[-52.13154,-8.87786],[-52.22249,-8.8238],[-52.29249,-8.74556],[-52.34153,-8.64324],[-52.41253,-8.58072],[-52.50545,-8.55782],[-52.57211,-8.52201],[-52.61247,-8.47323],[-52.63686,-8.40016],[-52.64523,-8.3028],[-52.68812,-8.1671],[-52.76543,-7.99285],[-52.74218,-7.72568],[-52.61826,-7.36544],[-52.51307,-7.13104],[-52.42664,-7.02241],[-52.31016,-6.95374],[-52.16363,-6.925],[-52.06387,-6.86258],[-52.0108,-6.76667],[-52.01064,-6.67706],[-52.0633,-6.59396],[-52.13188,-6.54797],[-52.21637,-6.53908],[-52.30143,-6.48332],[-52.38706,-6.38059],[-52.43501,-6.2898],[-52.45038,-6.17156]]},"properties":{"sw":0.25,"scalerank":5,"name":"Xingu","featurecla":"River","na":0,"cl":"Xingu#0"}},{"type":"Feature","geometry":{"type":"LineString","coordinates":[[-52.77494,-4.74493],[-52.85566,-4.93298],[-52.90785,-5.15622],[-52.88178,-5.29849],[-52.8293,-5.39466],[-52.75039,-5.44468],[-52.66732,-5.56467],[-52.58002,-5.75443],[-52.53552,-5.90243],[-52.53379,-6.00863],[-52.51229,-6.08919],[-52.45038,-6.17156]]},"properties":{"sw":0.3,"scalerank":5,"name":"Xingu","featurecla":"River","na":0,"cl":"Xingu#0"}},{"type":"Feature","geometry":{"type":"LineString","coordinates":[[-52.61324,-3.86059],[-52.63363,-4.11432],[-52.66492,-4.23287],[-52.71391,-4.30098],[-52.71877,-4.37043],[-52.67949,-4.44143],[-52.72512,-4.62892],[-52.77494,-4.74493]]},"properties":{"sw":0.35,"scalerank":5,"name":"Xingu","featurecla":"River","na":0,"cl":"Xingu#0"}},{"type":"Feature","geometry":{"type":"LineString","coordinates":[[-52.0917,-2.38637],[-52.15296,-2.26658],[-52.22143,-2.04117],[-52.25084,-1.7462],[-52.23099,-1.68336],[-52.19668,-1.64014]]},"properties":{"sw":0.45,"scalerank":5,"name":"Xingu","featurecla":"River","na":0,"cl":"Xingu#0"}},{"type":"Feature","geometry":{"type":"LineString","coordinates":[[-52.60867,-3.85516],[-52.34494,-3.59477],[-52.23262,-3.43839],[-52.18379,-3.29928],[-52.10909,-3.27541],[-52.00858,-3.36687],[-51.95199,-3.44134],[-51.93938,-3.4988],[-51.90522,-3.54299],[-51.84941,-3.57389],[-51.78743,-3.56035],[-51.71921,-3.50237],[-51.69296,-3.44501],[-51.70867,-3.38832],[-51.69134,-3.31251],[-51.641,-3.21763],[-51.65651,-3.14952],[-51.73784,-3.10803],[-51.83637,-3.02054],[-51.95212,-2.88711],[-52.00305,-2.76536],[-51.98917,-2.6555],[-52.03912,-2.4892],[-52.0917,-2.38637]]},"properties":{"sw":0.4,"scalerank":5,"name":"Xingu","featurecla":"River","na":0,"cl":"Xingu#0"}},{"type":"Feature","geometry":{"type":"LineString","coordinates":[[-7.11767,39.68169],[-7.45409,39.68068],[-7.65335,39.63402],[-7.8276,39.54131],[-7.98222,39.49237],[-8.18474,39.48467]]},"properties":{"sw":0.25,"scalerank":5,"name":"Tagus","featurecla":"River","na":0,"cl":"Tagus#0"}},{"type":"Feature","geometry":{"type":"LineString","coordinates":[[-8.18474,39.48467],[-8.37558,39.468],[-8.52069,39.37124],[-8.66073,39.24934],[-8.74176,39.11539],[-8.7916,39.07817]]},"properties":{"sw":0.3,"scalerank":5,"name":"Tagus","featurecla":"River","na":0,"cl":"Tagus#0"}},{"type":"Feature","geometry":{"type":"LineString","coordinates":[[68.2121,37.02151],[68.06781,36.94981],[67.95795,36.97201],[67.83444,37.0642],[67.76602,37.14011],[67.7529,37.1998],[67.69998,37.22726],[67.60738,37.22251],[67.5465,37.23566],[67.51725,37.26667],[67.4417,37.25798],[67.31975,37.20959],[67.19546,37.2352],[67.06886,37.33483],[66.82768,37.37131],[66.47184,37.34472],[66.10845,37.41477],[65.73741,37.58153],[65.48017,37.68047],[65.33682,37.71165],[65.22044,37.79738],[65.13104,37.93763],[64.90739,38.08765],[64.54948,38.24738],[64.27228,38.43223],[64.07602,38.64214],[63.95318,38.79954],[63.90388,38.9045],[63.72369,39.04862],[63.4127,39.23197],[63.19845,39.33026],[63.08114,39.34354],[63.01438,39.40018],[62.99836,39.50017],[62.89697,39.60787],[62.71021,39.72321],[62.57306,39.8447],[62.44159,40.03621]]},"properties":{"sw":0.25,"scalerank":5,"name":"Amu Darya","featurecla":"River","na":0,"cl":"Amu Darya#0"}},{"type":"Feature","geometry":{"type":"LineString","coordinates":[[62.44159,40.03621],[62.37504,40.33206],[62.29804,40.4675],[62.18848,40.54119],[62.095,40.68331],[62.01759,40.89378],[61.95356,41.0306],[61.90282,41.09369],[61.79988,41.16343],[61.64454,41.23986],[61.49695,41.27609],[61.35711,41.27211],[61.26306,41.30009],[61.215,41.35998],[61.03062,41.48677],[60.71002,41.6804],[60.52698,41.82458],[60.48151,41.9192],[60.42006,41.97754],[60.34265,41.99961],[60.29113,42.04028],[60.2656,42.0996],[60.20256,42.16352],[60.1022,42.23205],[59.94955,42.29137],[59.74481,42.3415],[59.58668,42.41627],[59.47516,42.51578],[59.387,42.57404],[59.3222,42.5911],[59.29956,42.63223],[59.3193,42.69739],[59.29796,42.74401],[59.23564,42.77201],[59.21027,42.80785],[59.22184,42.85152],[59.20376,42.90407],[59.15601,42.96554],[59.13895,43.02559],[59.1526,43.08424],[59.14061,43.15235],[59.10288,43.22989],[59.09338,43.28769]]},"properties":{"sw":0.3,"scalerank":5,"name":"Amu Darya","featurecla":"River","na":0,"cl":"Amu Darya#0"}},{"type":"Feature","geometry":{"type":"LineString","coordinates":[[59.09338,43.28769],[59.0046,43.42314],[58.99302,43.52572],[59.0324,43.64318],[59.01886,43.73201],[58.9522,43.79211],[58.83107,43.83875],[58.65547,43.87184],[58.5701,43.94812],[58.57516,44.06749],[58.51217,44.20195],[58.31429,44.42796]]},"properties":{"sw":0.3,"scalerank":5,"name":"Amu Darya","featurecla":"River","na":0,"cl":"Amu Darya#0"}},{"type":"Feature","geometry":{"type":"LineString","coordinates":[[-58.65913,-10.97509],[-58.59086,-10.66441],[-58.51348,-10.52127],[-58.40421,-10.44226],[-58.31558,-10.27653],[-58.24765,-10.02414],[-58.2283,-9.80157],[-58.2575,-9.60882],[-58.35207,-9.47503],[-58.512,-9.4001],[-58.60916,-9.30253],[-58.64357,-9.18233],[-58.64027,-9.06911],[-58.59913,-8.96297],[-58.51461,-8.85806],[-58.38671,-8.75435],[-58.35791,-8.69099],[-58.42824,-8.66789],[-58.42663,-8.52299],[-58.35315,-8.25624],[-58.32881,-8.05052],[-58.35356,-7.90593],[-58.33041,-7.78014],[-58.25936,-7.67317],[-58.2238,-7.57468],[-58.22378,-7.48456],[-58.20187,-7.41459],[-58.13619,-7.34017]]},"properties":{"sw":0.25,"scalerank":5,"name":"Tapaj\u00f3s","featurecla":"River","na":0,"cl":"Tapaj\u00f3s#0"}},{"type":"Feature","geometry":{"type":"LineString","coordinates":[[-56.00774,-4.2601],[-55.94482,-4.22889],[-55.78579,-4.12755],[-55.6782,-4.02957],[-55.56676,-3.89211],[-55.39385,-3.62676]]},"properties":{"sw":0.35,"scalerank":5,"name":"Tapaj\u00f3s","featurecla":"River","na":0,"cl":"Tapaj\u00f3s#0"}},{"type":"Feature","geometry":{"type":"LineString","coordinates":[[-58.13619,-7.34017],[-58.14621,-7.26338],[-58.22835,-7.14153],[-58.38597,-6.94908],[-58.45547,-6.79385],[-58.43687,-6.67582],[-58.37455,-6.5704],[-58.26851,-6.47759],[-58.14443,-6.4133],[-58.00232,-6.37754],[-57.8723,-6.31796],[-57.75438,-6.23461],[-57.68105,-6.12733],[-57.65232,-5.99607],[-57.49204,-5.81975],[-57.20017,-5.59826],[-57.04243,-5.43476],[-57.01887,-5.32903],[-56.96954,-5.24666],[-56.89448,-5.18754],[-56.82131,-5.05917],[-56.74999,-4.86156],[-56.68622,-4.74452],[-56.62992,-4.70814],[-56.55959,-4.70044],[-56.47523,-4.72152],[-56.39743,-4.69465],[-56.32622,-4.61982],[-56.2831,-4.53331],[-56.26808,-4.43492],[-56.15533,-4.33348],[-56.00774,-4.2601]]},"properties":{"sw":0.3,"scalerank":5,"name":"Tapaj\u00f3s","featurecla":"River","na":0,"cl":"Tapaj\u00f3s#0"}},{"type":"Feature","geometry":{"type":"LineString","coordinates":[[-54.63901,-2.41934],[-54.79823,-2.38492],[-54.88974,-2.39153],[-54.99201,-2.42316],[-55.07718,-2.61984],[-55.14528,-2.98173],[-55.23298,-3.27866],[-55.39385,-3.62676]]},"properties":{"sw":0.4,"scalerank":5,"name":"Tapaj\u00f3s","featurecla":"River","na":0,"cl":"Tapaj\u00f3s#0"}},{"type":"Feature","geometry":{"type":"LineString","coordinates":[[106.46406,10.29829],[106.38537,10.33002],[106.13758,10.30614],[105.93098,10.28361]]},"properties":{"sw":0.3,"scalerank":5,"name":"","featurecla":"River","na":0}},{"type":"Feature","geometry":{"type":"LineString","coordinates":[[106.13643,10.22168],[106.18383,10.25343],[106.22207,10.2447],[106.29204,10.26175],[106.32977,10.24741],[106.35995,10.21088],[106.40759,10.11716],[106.46795,10.05042],[106.5188,10.01549],[106.57916,9.97895],[106.65811,9.94872]]},"properties":{"sw":0.3,"scalerank":5,"name":"","featurecla":"River","na":0}},{"type":"Feature","geometry":{"type":"LineString","coordinates":[[126.47464,72.35259],[126.44441,72.50808],[126.51861,72.59407],[126.71219,72.68466],[126.81079,72.76233],[126.81441,72.82718],[126.90143,72.89803],[127.07176,72.97493],[127.31836,73.03182],[127.64113,73.06877],[127.91057,73.13176],[128.25784,73.26748]]},"properties":{"sw":0.3,"scalerank":1,"name":"Lena","featurecla":"River","na":0,"cl":"Lena#0"}},{"type":"Feature","geometry":{"type":"LineString","coordinates":[[126.47464,72.35259],[126.37475,72.43496],[126.30943,72.48571],[126.29796,72.52219],[126.29837,72.58529],[126.31046,72.675],[126.3333,72.73515],[126.36694,72.76564],[126.37201,72.81907],[126.34855,72.89534],[126.41609,72.954],[126.57473,72.99503],[126.66868,73.03637],[126.69803,73.07797],[126.67581,73.13246],[126.56512,73.23346],[126.55251,73.33492]]},"properties":{"sw":0.3,"scalerank":1,"name":"Lena","featurecla":"River","na":0,"cl":"Lena#0"}},{"type":"Feature","geometry":{"type":"LineString","coordinates":[[-69.46162,-1.23073],[-69.4517,-1.29868],[-69.44689,-1.44802],[-69.33873,-1.60512],[-69.12779,-1.75374],[-68.91447,-1.81761],[-68.69872,-1.79653],[-68.45765,-1.74785],[-68.19121,-1.67158],[-67.96393,-1.63912],[-67.77573,-1.6506],[-67.62948,-1.68491],[-67.5251,-1.74217],[-67.36134,-1.79849],[-67.1382,-1.85374],[-66.80545,-1.82278],[-66.3631,-1.70558],[-65.98054,-1.71581],[-65.65777,-1.85348],[-65.44548,-1.90453],[-65.34373,-1.86898],[-65.26792,-1.90422],[-65.19312,-2.06323]]},"properties":{"sw":0.3,"scalerank":5,"name":"Japur\u00e1","featurecla":"River","na":0,"cl":"Japur\u00e1#0"}},{"type":"Feature","geometry":{"type":"LineString","coordinates":[[-65.19312,-2.06323],[-65.22663,-2.1377],[-65.18038,-2.26575],[-65.06556,-2.47205],[-65.00908,-2.60568],[-65.01094,-2.66656],[-64.97931,-2.70893],[-64.91412,-2.7328],[-64.88882,-2.77725],[-64.90345,-2.8422],[-64.87456,-2.92695],[-64.80227,-3.03149],[-64.77372,-3.10916],[-64.79028,-3.22239]]},"properties":{"sw":0.35,"scalerank":5,"name":"Japur\u00e1","featurecla":"River","na":0,"cl":"Japur\u00e1#0"}},{"type":"Feature","geometry":{"type":"LineString","coordinates":[[113.03535,22.7953],[113.29916,22.69836],[113.39544,22.65061],[113.4437,22.59903],[113.49186,22.59069],[113.55297,22.58732]]},"properties":{"sw":0.3,"scalerank":4,"name":"Xi","featurecla":"River","na":0,"cl":"Xi#0"}},{"type":"Feature","geometry":{"type":"LineString","coordinates":[[112.97991,23.04113],[113.44531,23.05508]]},"properties":{"sw":0.3,"scalerank":4,"name":"Xi","featurecla":"River","na":0,"cl":"Xi#0"}},{"type":"Feature","geometry":{"type":"LineString","coordinates":[[112.80472,23.14789],[112.91247,23.11275],[112.9736,23.05208],[113.02414,22.95421],[113.09034,22.90692],[113.21328,22.91201],[113.33779,22.88883]]},"properties":{"sw":0.3,"scalerank":4,"name":"Xi","featurecla":"River","na":0,"cl":"Xi#0"}},{"type":"Feature","geometry":{"type":"LineString","coordinates":[[111.3014,23.48066],[111.43323,23.44911],[111.49876,23.37527],[111.54206,23.24866],[111.70701,23.16143],[112.13717,23.0897]]},"properties":{"sw":0.35,"scalerank":4,"name":"Xi","featurecla":"River","na":0,"cl":"Xi#0"}},{"type":"Feature","geometry":{"type":"LineString","coordinates":[[112.13717,23.0897],[112.2709,23.1421],[112.35276,23.13171],[112.42748,23.07601],[112.49756,23.07751],[112.56308,23.13621],[112.64266,23.16512],[112.7362,23.16427],[112.80472,23.14789],[112.81909,23.0818],[112.89123,22.91775],[112.96332,22.82225],[113.03535,22.7953],[113.09494,22.73029],[113.16553,22.5756],[113.21369,22.48346],[113.26397,22.36282],[113.41574,22.17838]]},"properties":{"sw":0.4,"scalerank":4,"name":"Xi","featurecla":"River","na":0,"cl":"Xi#0"}},{"type":"Feature","geometry":{"type":"LineString","coordinates":[[146.02812,-36.01455],[146.21591,-36.05589]]},"properties":{"sw":0.25,"scalerank":3,"name":"Murray","featurecla":"Lake Centerline","na":0,"cl":"Murray#0"}},{"type":"Feature","geometry":{"type":"LineString","coordinates":[[147.04315,-36.10803],[147.09999,-36.05025],[147.15715,-36.03553],[147.27177,-36.04907]]},"properties":{"sw":0.25,"scalerank":3,"name":"Murray","featurecla":"Lake Centerline","na":0,"cl":"Murray#0"}},{"type":"Feature","geometry":{"type":"LineString","coordinates":[[148.00505,-36.96705],[148.16153,-36.73026],[148.19693,-36.625],[148.14654,-36.54583]]},"properties":{"sw":0.15,"scalerank":3,"name":"Murray","featurecla":"River","na":0,"cl":"Murray#0"}},{"type":"Feature","geometry":{"type":"LineString","coordinates":[[148.14654,-36.54583],[148.0341,-36.18089],[147.97477,-36.04571],[147.93126,-36.01863],[147.76248,-35.95579],[147.67422,-35.95362],[147.59578,-35.98214],[147.53821,-35.9838],[147.50173,-35.95858],[147.45806,-35.95445],[147.40731,-35.97119],[147.37145,-36.0038],[147.35047,-36.05217],[147.32293,-36.06953],[147.27177,-36.04907]]},"properties":{"sw":0.2,"scalerank":3,"name":"Murray","featurecla":"River","na":0,"cl":"Murray#0"}},{"type":"Feature","geometry":{"type":"LineString","coordinates":[[147.0446,-36.10761],[146.89608,-36.10002],[146.76089,-36.06658],[146.58964,-36.00478],[146.47026,-35.99362],[146.40288,-36.0331],[146.33084,-36.05356],[146.21591,-36.05589]]},"properties":{"sw":0.25,"scalerank":3,"name":"Murray","featurecla":"River","na":0,"cl":"Murray#0"}},{"type":"Feature","geometry":{"type":"LineString","coordinates":[[143.22116,-34.73318],[143.32544,-34.78801],[143.361,-34.88154],[143.36275,-35.03202],[143.37727,-35.12742],[143.40446,-35.16788],[143.45877,-35.20343],[143.54037,-35.23408],[143.58228,-35.27531],[143.58455,-35.32704],[143.7142,-35.41138],[143.97124,-35.52832],[144.16307,-35.63447],[144.28967,-35.72986],[144.37778,-35.81998],[144.42749,-35.90473],[144.52434,-35.99413],[144.66841,-36.08803],[144.79915,-36.1256],[144.91646,-36.10689],[144.96477,-36.07454],[144.94395,-36.02855],[144.94292,-35.97791],[144.96162,-35.92251],[145.00834,-35.88391],[145.08306,-35.8621],[145.22445,-35.84572],[145.43229,-35.83466],[145.58825,-35.86313],[145.69233,-35.93098],[145.81521,-35.97734],[146.02812,-36.01455]]},"properties":{"sw":0.25,"scalerank":3,"name":"Murray","featurecla":"River","na":0,"cl":"Murray#0"}},{"type":"Feature","geometry":{"type":"LineString","coordinates":[[143.22116,-34.73318],[142.96536,-34.69282],[142.85746,-34.65509],[142.8123,-34.60662],[142.77375,-34.5876],[142.74181,-34.59799],[142.70496,-34.64931],[142.66336,-34.7415],[142.61882,-34.78346],[142.57138,-34.77509],[142.50715,-34.71152],[142.42596,-34.59277],[142.38814,-34.48456],[142.39351,-34.38689],[142.37336,-34.33284],[142.32767,-34.3224],[142.28737,-34.28592],[142.25233,-34.22329],[142.15776,-34.17316],[141.92636,-34.11683]]},"properties":{"sw":0.45,"scalerank":3,"name":"Murray","featurecla":"River","na":0,"cl":"Murray#0"}},{"type":"Feature","geometry":{"type":"LineString","coordinates":[[23.62753,-29.07404],[23.57678,-29.16551],[23.53916,-29.20473],[23.49793,-29.22209],[23.45193,-29.21894],[23.41152,-29.20302],[23.37643,-29.21139],[23.34796,-29.24529],[23.28006,-29.28798],[23.16306,-29.33221],[23.0995,-29.37014],[23.08751,-29.39009],[23.05578,-29.4118],[23.01444,-29.4305],[23.00235,-29.48611],[22.98054,-29.51184],[22.92359,-29.52244],[22.89212,-29.52869]]},"properties":{"sw":0.25,"scalerank":4,"name":"Orange","featurecla":"River","na":0,"cl":"Orange#0"}},{"type":"Feature","geometry":{"type":"LineString","coordinates":[[22.89212,-29.52869],[22.87042,-29.53706],[22.85218,-29.55804],[22.86344,-29.62429],[22.85011,-29.66119],[22.81228,-29.66883],[22.74149,-29.61271],[22.63772,-29.49267],[22.50718,-29.4027],[22.34988,-29.34276],[22.26648,-29.26762],[22.25707,-29.17734],[22.20886,-29.06086],[22.12194,-28.91818],[22.05636,-28.85359],[22.01223,-28.86713],[21.96283,-28.85772],[21.90815,-28.82548],[21.83549,-28.72104],[21.74465,-28.54446],[21.66155,-28.44007],[21.586,-28.40783],[21.48627,-28.40033],[21.36214,-28.41749],[21.23563,-28.49371],[21.10665,-28.62895],[20.97033,-28.71385],[20.82677,-28.74848],[20.70404,-28.75964],[20.60224,-28.74744],[20.48498,-28.69205],[20.35238,-28.59345],[20.20975,-28.51366],[20.05731,-28.45268],[19.87784,-28.44943],[19.67144,-28.50389],[19.53982,-28.57464],[19.48287,-28.66166],[19.40722,-28.71447],[19.31265,-28.73328],[19.271,-28.77773],[19.28227,-28.84795],[19.24578,-28.90165],[19.16176,-28.93875],[19.02605,-28.92795],[18.83878,-28.86914],[18.60034,-28.85524],[18.31085,-28.88625],[18.1027,-28.87167],[17.97609,-28.81132],[17.84163,-28.7769],[17.69931,-28.76832],[17.61679,-28.7431],[17.44796,-28.69814],[17.41571,-28.62104],[17.39587,-28.56265],[17.34781,-28.50115],[17.34259,-28.45165],[17.38031,-28.41392],[17.38569,-28.3532],[17.35871,-28.26944],[17.31205,-28.22861],[17.2458,-28.23089],[17.20456,-28.19885],[17.18844,-28.13249],[17.14937,-28.08226],[17.05625,-28.031]]},"properties":{"sw":0.3,"scalerank":4,"name":"Orange","featurecla":"River","na":0,"cl":"Orange#0"}},{"type":"Feature","geometry":{"type":"LineString","coordinates":[[17.05625,-28.031],[16.93331,-28.06966],[16.87528,-28.12795],[16.84117,-28.2189],[16.81012,-28.26458],[16.79456,-28.34085],[16.78748,-28.3947],[16.75575,-28.45216],[16.72304,-28.47552],[16.68945,-28.46498],[16.6262,-28.48792],[16.48709,-28.57288],[16.44753,-28.61756]]},"properties":{"sw":0.35,"scalerank":4,"name":"Orange","featurecla":"River","na":0,"cl":"Orange#0"}},{"type":"Feature","geometry":{"type":"LineString","coordinates":[[-53.78601,-23.33325],[-53.85784,-23.42338],[-53.91575,-23.5767],[-53.98985,-23.83756],[-54.06654,-24.00427],[-54.26691,-24.06587]]},"properties":{"sw":0.2,"scalerank":2,"name":"Paran\u00e1","featurecla":"River","na":0,"cl":"Paran\u00e1#0"}},{"type":"Feature","geometry":{"type":"LineString","coordinates":[[-50.99748,-19.66758],[-50.99409,-20.10172]]},"properties":{"sw":0.25,"scalerank":2,"name":"Paran\u00e1","featurecla":"Lake Centerline","na":0,"cl":"Paran\u00e1#0"}},{"type":"Feature","geometry":{"type":"LineString","coordinates":[[-50.99409,-20.10172],[-51.06388,-20.223],[-51.16465,-20.30801],[-51.39706,-20.44185]]},"properties":{"sw":0.3,"scalerank":2,"name":"Paran\u00e1","featurecla":"Lake Centerline","na":0,"cl":"Paran\u00e1#0"}},{"type":"Feature","geometry":{"type":"LineString","coordinates":[[-51.93639,-21.42277],[-51.95483,-21.46949],[-51.98982,-21.49373],[-52.04757,-21.51099],[-52.0726,-21.55408],[-52.06496,-21.62281],[-52.12263,-21.71826],[-52.24562,-21.84027],[-52.33892,-21.95726],[-52.40256,-22.06909],[-52.56596,-22.20743],[-52.96079,-22.45475]]},"properties":{"sw":0.35,"scalerank":2,"name":"Paran\u00e1","featurecla":"Lake Centerline","na":0,"cl":"Paran\u00e1#0"}},{"type":"Feature","geometry":{"type":"LineString","coordinates":[[-54.61056,-25.43271],[-54.47316,-25.22022],[-54.43626,-25.12131],[-54.45409,-25.06524],[-54.41298,-24.86747],[-54.31293,-24.52817],[-54.281,-24.30606],[-54.31727,-24.20126],[-54.31826,-24.12809],[-54.26691,-24.06587]]},"properties":{"sw":0.4,"scalerank":2,"name":"Paran\u00e1","featurecla":"Lake Centerline","na":0,"cl":"Paran\u00e1#0"}},{"type":"Feature","geometry":{"type":"LineString","coordinates":[[-50.48973,-19.02044],[-50.53156,-19.08705],[-50.5776,-19.11227],[-50.64181,-19.11847],[-50.71328,-19.16054],[-50.79201,-19.23846],[-50.84384,-19.31081],[-50.8688,-19.37747],[-50.87082,-19.42393],[-50.86425,-19.43773],[-50.88079,-19.45923],[-50.92379,-19.46419],[-50.96422,-19.51132],[-50.99748,-19.66758]]},"properties":{"sw":0.25,"scalerank":2,"name":"Paran\u00e1","featurecla":"River","na":0,"cl":"Paran\u00e1#0"}},{"type":"Feature","geometry":{"type":"LineString","coordinates":[[-51.39675,-20.44144],[-51.53432,-20.55766],[-51.59315,-20.66649],[-51.61914,-20.80684],[-51.6919,-20.94379],[-51.81148,-21.07721],[-51.86639,-21.18263],[-51.85662,-21.26005],[-51.8729,-21.32971],[-51.93639,-21.42277]]},"properties":{"sw":0.3,"scalerank":2,"name":"Paran\u00e1","featurecla":"River","na":0,"cl":"Paran\u00e1#0"}},{"type":"Feature","geometry":{"type":"LineString","coordinates":[[-52.96079,-22.45475],[-53.11626,-22.64001],[-53.27232,-22.75194],[-53.48079,-22.8524],[-53.62005,-23.00102],[-53.69021,-23.19796],[-53.78601,-23.33325],[-53.90753,-23.40694],[-53.99554,-23.57019],[-54.05005,-23.82289],[-54.12473,-23.97843],[-54.26691,-24.06587]]},"properties":{"sw":0.35,"scalerank":2,"name":"Paran\u00e1","featurecla":"River","na":0,"cl":"Paran\u00e1#0"}},{"type":"Feature","geometry":{"type":"LineString","coordinates":[[-54.61056,-25.43271],[-54.63193,-26.0058],[-54.67772,-26.30883],[-54.7551,-26.5329],[-54.82551,-26.65222],[-54.88892,-26.6668],[-54.93447,-26.7025],[-54.96214,-26.75935],[-55.01361,-26.80668],[-55.08885,-26.84451],[-55.12963,-26.88606],[-55.13593,-26.93112],[-55.20799,-26.96016],[-55.34579,-26.97319],[-55.42666,-27.00926],[-55.45064,-27.06837],[-55.49671,-27.1153],[-55.5649,-27.15002],[-55.59725,-27.20759],[-55.59381,-27.2881],[-55.63293,-27.35714],[-55.71463,-27.41481],[-55.79,-27.41636],[-55.85904,-27.36195],[-55.95149,-27.32572],[-56.06735,-27.30774],[-56.16409,-27.32148],[-56.24173,-27.3668],[-56.31054,-27.43879],[-56.37048,-27.53739],[-56.43714,-27.55382],[-56.51052,-27.48788],[-56.60336,-27.46783],[-56.71571,-27.49377],[-56.80518,-27.48468],[-56.87174,-27.44065],[-56.97396,-27.43579],[-57.11183,-27.47011],[-57.39127,-27.43042],[-57.81223,-27.31663],[-58.16825,-27.27343],[-58.60484,-27.31435]]},"properties":{"sw":0.4,"scalerank":2,"name":"Paran\u00e1","featurecla":"River","na":0,"cl":"Paran\u00e1#0"}},{"type":"Feature","geometry":{"type":"LineString","coordinates":[[-50.48417,-12.84361],[-50.56603,-12.81973],[-50.61399,-12.76351],[-50.65538,-12.66698],[-50.66049,-12.5583],[-50.62933,-12.43738],[-50.63166,-12.2886],[-50.66752,-12.11208],[-50.67478,-11.98997],[-50.65347,-11.92227],[-50.66145,-11.85359],[-50.71742,-11.7491]]},"properties":{"sw":0.25,"scalerank":4,"name":"Araguaia","featurecla":"River","na":0,"cl":"Araguaia#0"}},{"type":"Feature","geometry":{"type":"LineString","coordinates":[[-50.71742,-11.7491],[-50.66576,-11.65185],[-50.67124,-11.57382],[-50.71661,-11.48266],[-50.70793,-11.34572],[-50.64515,-11.16278],[-50.61034,-11.00088],[-50.60011,-10.78952]]},"properties":{"sw":0.25,"scalerank":4,"name":"Araguaia","featurecla":"River","na":0,"cl":"Araguaia#0"}},{"type":"Feature","geometry":{"type":"LineString","coordinates":[[-50.60011,-10.78952],[-50.59923,-10.68984],[-50.55084,-10.56726],[-50.45462,-10.38846],[-50.40278,-10.25829],[-50.39529,-10.17669],[-50.33749,-10.03448],[-50.17533,-9.73021]]},"properties":{"sw":0.3,"scalerank":4,"name":"Araguaia","featurecla":"River","na":0,"cl":"Araguaia#0"}},{"type":"Feature","geometry":{"type":"LineString","coordinates":[[-53.11515,-17.85483],[-53.21135,-17.40917]]},"properties":{"sw":0.15,"scalerank":4,"name":"Araguaia","featurecla":"River","na":0,"cl":"Araguaia#0"}},{"type":"Feature","geometry":{"type":"LineString","coordinates":[[-53.21135,-17.40917],[-53.20158,-17.30163],[-53.1582,-17.20872],[-53.07792,-17.09472],[-53.03322,-16.99524],[-53.02412,-16.91034],[-52.94273,-16.8136],[-52.7891,-16.70497],[-52.67985,-16.57599],[-52.61503,-16.42654],[-52.54475,-16.32862],[-52.46904,-16.28211],[-52.43444,-16.21777],[-52.44095,-16.1356],[-52.41672,-16.08238],[-52.36179,-16.05819],[-52.3084,-16.00926],[-52.25662,-15.93562],[-52.14097,-15.87226],[-51.96153,-15.81914],[-51.84735,-15.7471],[-51.79851,-15.65615],[-51.77882,-15.59269],[-51.78833,-15.55693],[-51.77273,-15.52282],[-51.73203,-15.49048],[-51.69604,-15.40325],[-51.66472,-15.26124],[-51.58984,-15.1415],[-51.4714,-15.04415],[-51.37208,-15.02353],[-51.28635,-15.00275],[-51.2463,-15.00436],[-51.18868,-14.97655],[-51.11426,-14.8378],[-50.9775,-14.46335]]},"properties":{"sw":0.2,"scalerank":4,"name":"Araguaia","featurecla":"River","na":0,"cl":"Araguaia#0"}},{"type":"Feature","geometry":{"type":"LineString","coordinates":[[-50.9775,-14.46335],[-50.9412,-14.20084],[-50.90859,-14.10725],[-50.86764,-14.09516],[-50.8519,-13.99506],[-50.86136,-13.80696],[-50.79961,-13.61183],[-50.66659,-13.40967],[-50.5984,-13.24937],[-50.59499,-13.13093],[-50.56603,-13.01476],[-50.48417,-12.84361]]},"properties":{"sw":0.25,"scalerank":4,"name":"Araguaia","featurecla":"River","na":0,"cl":"Araguaia#0"}},{"type":"Feature","geometry":{"type":"LineString","coordinates":[[-50.17533,-9.73021],[-50.08417,-9.42191],[-49.97914,-9.22016],[-49.8299,-9.02203],[-49.70786,-8.89506],[-49.61304,-8.83915],[-49.50188,-8.70396],[-49.37442,-8.48946],[-49.2827,-8.30135],[-49.22678,-8.1395],[-49.18999,-7.99491],[-49.17234,-7.86737],[-49.22035,-7.75214],[-49.33396,-7.64909],[-49.34042,-7.51003],[-49.23965,-7.33485],[-49.19614,-7.16675],[-49.20978,-7.00562],[-49.07956,-6.85617],[-48.80541,-6.7183],[-48.65289,-6.59577],[-48.62194,-6.48865],[-48.58008,-6.41413],[-48.52729,-6.37217],[-48.47065,-6.35331],[-48.41017,-6.35754],[-48.39118,-6.30892],[-48.41376,-6.20742],[-48.38983,-6.1419],[-48.31945,-6.11244],[-48.29661,-6.06728],[-48.32123,-6.00661],[-48.30715,-5.96589],[-48.25434,-5.94522],[-48.24529,-5.88858],[-48.28002,-5.79587],[-48.25865,-5.72368],[-48.18124,-5.672],[-48.15925,-5.61924],[-48.19266,-5.5655],[-48.23137,-5.53325],[-48.27537,-5.5225],[-48.31728,-5.48623],[-48.35707,-5.42442],[-48.42166,-5.39838],[-48.51106,-5.40809],[-48.59762,-5.39858],[-48.72314,-5.35538]]},"properties":{"sw":0.3,"scalerank":4,"name":"Araguaia","featurecla":"River","na":0,"cl":"Araguaia#0"}},{"type":"Feature","geometry":{"type":"LineString","coordinates":[[-48.72314,-5.35538],[-48.93721,-5.30288]]},"properties":{"sw":0.35,"scalerank":4,"name":"Araguaia","featurecla":"River","na":0,"cl":"Araguaia#0"}},{"type":"Feature","geometry":{"type":"LineString","coordinates":[[28.49669,-26.99076],[28.44615,-26.97288],[28.12369,-26.86658]]},"properties":{"sw":0.2,"scalerank":4,"name":"Vaal","featurecla":"Lake Centerline","na":0,"cl":"Vaal#0"}},{"type":"Feature","geometry":{"type":"LineString","coordinates":[[26.09084,-27.60348],[26.05963,-27.68958],[26.03679,-27.69852],[26.01198,-27.65903],[25.95478,-27.62426],[25.86517,-27.59408],[25.77086,-27.60136],[25.62234,-27.66849]]},"properties":{"sw":0.25,"scalerank":4,"name":"Vaal","featurecla":"Lake Centerline","na":0,"cl":"Vaal#0"}},{"type":"Feature","geometry":{"type":"LineString","coordinates":[[30.13473,-26.3834],[30.20966,-26.47859],[30.18827,-26.55998],[30.04905,-26.70891]]},"properties":{"sw":0.15,"scalerank":4,"name":"Vaal","featurecla":"River","na":0,"cl":"Vaal#0"}},{"type":"Feature","geometry":{"type":"LineString","coordinates":[[28.12369,-26.86658],[27.99987,-26.71661],[27.90897,-26.69444],[27.80965,-26.75005],[27.71555,-26.76782],[27.62677,-26.74777],[27.5568,-26.77175],[27.50564,-26.83996],[27.43691,-26.87118],[27.35051,-26.86539],[27.27558,-26.88699],[27.21222,-26.93598],[27.11848,-26.9366],[26.99446,-26.88885],[26.9434,-26.8904],[26.92144,-26.93277],[26.88671,-26.94848],[26.8246,-26.93484],[26.69788,-26.99024],[26.50658,-27.11468],[26.44953,-27.17705],[26.44968,-27.21679],[26.46705,-27.23467],[26.47681,-27.27864],[26.45893,-27.3282],[26.46575,-27.36241],[26.43185,-27.39755],[26.33341,-27.40716],[26.22789,-27.46034],[26.09084,-27.60348]]},"properties":{"sw":0.2,"scalerank":4,"name":"Vaal","featurecla":"River","na":0,"cl":"Vaal#0"}},{"type":"Feature","geometry":{"type":"LineString","coordinates":[[30.04905,-26.70891],[29.83945,-26.81113],[29.69713,-26.84544],[29.55234,-26.84585],[29.47348,-26.8672],[29.46066,-26.90936],[29.41488,-26.92389],[29.33602,-26.91076],[29.26936,-26.93277],[29.21479,-26.98983],[29.15618,-27.02476],[29.10358,-27.04202],[29.06224,-27.04409]]},"properties":{"sw":0.2,"scalerank":4,"name":"Vaal","featurecla":"River","na":0,"cl":"Vaal#0"}},{"type":"Feature","geometry":{"type":"LineString","coordinates":[[29.06224,-27.04409],[28.99185,-27.00672],[28.93346,-27.00553],[28.85946,-27.02796],[28.77977,-27.01835],[28.6943,-26.9767],[28.66536,-26.97587],[28.65606,-26.99344],[28.62681,-27.01907],[28.56532,-27.04533],[28.53074,-27.04295],[28.52356,-27.01442],[28.49555,-26.99003]]},"properties":{"sw":0.2,"scalerank":4,"name":"Vaal","featurecla":"River","na":0,"cl":"Vaal#0"}},{"type":"Feature","geometry":{"type":"LineString","coordinates":[[25.62234,-27.66849],[25.36551,-27.75779],[25.22325,-27.8552],[25.10987,-27.99059],[24.99024,-28.06976],[24.86435,-28.0926],[24.77407,-28.14862],[24.7194,-28.23781],[24.69423,-28.33594],[24.69858,-28.44317],[24.67625,-28.49588],[24.63057,-28.50291],[24.6053,-28.5303],[24.60111,-28.56187],[24.58158,-28.5812],[24.55476,-28.56399],[24.51647,-28.55407],[24.46836,-28.57242],[24.42412,-28.55557],[24.40175,-28.50911],[24.35927,-28.46312],[24.29736,-28.43191],[24.21581,-28.47325],[24.11474,-28.58714],[24.04001,-28.72347],[23.99175,-28.88222],[23.88271,-28.98939],[23.62805,-29.07311]]},"properties":{"sw":0.25,"scalerank":4,"name":"Vaal","featurecla":"River","na":0,"cl":"Vaal#0"}},{"type":"Feature","geometry":{"type":"LineString","coordinates":[[123.56613,56.52771],[123.20471,56.56102]]},"properties":{"sw":0.15,"scalerank":4,"name":"Aldan","featurecla":"River","na":0,"cl":"Aldan#0"}},{"type":"Feature","geometry":{"type":"LineString","coordinates":[[123.20471,56.56102],[123.10135,56.55833],[123.0657,56.57998],[123.06332,56.62512],[123.08616,56.68029],[123.13432,56.74553],[123.16977,56.83653],[123.19262,56.95332],[123.29411,57.09062],[123.47436,57.2485],[123.55538,57.34133],[123.5373,57.36919],[123.55151,57.40681],[123.59812,57.45417],[123.59042,57.48512],[123.52831,57.49969],[123.50526,57.53897],[123.52117,57.60294],[123.54608,57.65069],[123.57988,57.68227],[123.63031,57.68459],[123.69729,57.65772],[123.75723,57.66888],[123.81005,57.71808],[123.80384,57.78908],[123.73863,57.88197],[123.7192,57.97708],[123.74555,58.07449],[123.82431,58.15356],[123.95526,58.21433],[123.98492,58.27068],[123.98895,58.29117],[124.02099,58.31489],[124.10098,58.32843],[124.22883,58.33179],[124.29839,58.36551],[124.30965,58.42956],[124.34758,58.50325],[124.44463,58.62831]]},"properties":{"sw":0.2,"scalerank":4,"name":"Aldan","featurecla":"River","na":0,"cl":"Aldan#0"}},{"type":"Feature","geometry":{"type":"LineString","coordinates":[[124.44463,58.62831],[124.57842,58.72045],[124.65402,58.74879],[124.71593,58.74409],[124.75872,58.76132],[124.78229,58.80049],[124.8445,58.82406],[124.94538,58.83202],[125.03178,58.8599],[125.10371,58.90772],[125.14371,58.95036],[125.15167,58.98777],[125.20505,59.01601],[125.30375,59.03508],[125.33889,59.06546],[125.31047,59.10714],[125.30939,59.14213],[125.33574,59.17037],[125.3376,59.20615],[125.31502,59.24946],[125.31414,59.28599],[125.33512,59.31581],[125.40592,59.31398],[125.52663,59.28057],[125.63619,59.22579],[125.73458,59.14962],[125.8771,59.0921],[126.06365,59.05324],[126.19316,59.00746],[126.2654,58.95475],[126.47076,58.8961],[126.80904,58.8315],[127.0083,58.78029],[127.06845,58.74249],[127.13951,58.74732],[127.22141,58.79486],[127.32022,58.8106],[127.43592,58.79453],[127.52145,58.80543],[127.57674,58.84328],[127.65674,58.84995],[127.76133,58.82543],[127.81497,58.79207],[127.81781,58.7499],[127.85548,58.71554],[127.92814,58.68905],[128.00354,58.71187],[128.08177,58.78401],[128.15707,58.8177],[128.22941,58.81295],[128.28677,58.79176],[128.32905,58.75419],[128.37747,58.76572],[128.43193,58.82638],[128.47782,58.81739],[128.51513,58.73869],[128.56934,58.69412],[128.64034,58.68365],[128.68789,58.64841],[128.71186,58.58847],[128.81573,58.54503],[128.9995,58.51811],[129.16961,58.51793],[129.32625,58.54454],[129.48908,58.53844],[129.65806,58.49963],[129.83717,58.52413],[130.02646,58.6119],[130.23436,58.64461],[130.46091,58.62224],[130.5856,58.6281],[130.60844,58.66216],[130.60932,58.71445],[130.58813,58.78484],[130.60167,58.83517],[130.64973,58.8654],[130.78182,58.89956],[130.99793,58.93764],[131.14076,58.93744],[131.21042,58.89904],[131.26582,58.9038],[131.30695,58.9517],[131.36194,58.9655],[131.43092,58.94519],[131.52627,58.94653],[131.64812,58.96966],[131.76842,59.00971],[131.88717,59.06671],[131.94784,59.11567],[131.95032,59.15665],[132.00293,59.17161],[132.10566,59.1606],[132.20927,59.1768],[132.36601,59.24189]]},"properties":{"sw":0.25,"scalerank":4,"name":"Aldan","featurecla":"River","na":0,"cl":"Aldan#0"}},{"type":"Feature","geometry":{"type":"LineString","coordinates":[[132.36601,59.24189],[132.63824,59.37198],[132.80588,59.41214],[132.95982,59.40573],[133.05816,59.45927],[133.10105,59.5728],[133.17872,59.63486],[133.29128,59.64551],[133.53043,59.7902],[133.8962,60.06905],[134.19773,60.2673],[134.55378,60.4438]]},"properties":{"sw":0.3,"scalerank":4,"name":"Aldan","featurecla":"River","na":0,"cl":"Aldan#0"}},{"type":"Feature","geometry":{"type":"LineString","coordinates":[[134.55378,60.4438],[134.70488,60.45993],[134.83929,60.44003],[135.00745,60.38949],[135.10445,60.39161],[135.13039,60.44639],[135.08946,60.50576],[134.98177,60.56974],[134.92668,60.62943],[134.9243,60.68482],[135.01913,60.75376],[135.21126,60.83634],[135.36231,60.94631],[135.47238,61.08366],[135.50571,61.18686],[135.46241,61.25595],[135.46184,61.31254],[135.50401,61.35672],[135.47786,61.39382],[135.3834,61.42395],[135.38288,61.46989],[135.47631,61.5317],[135.52644,61.57986],[135.53336,61.61438],[135.48546,61.63221],[135.38283,61.63324],[135.29276,61.66184],[135.21514,61.71799],[135.26351,61.76099],[135.43766,61.7907],[135.52959,61.84287],[135.5392,61.91744],[135.59909,61.9819],[135.70937,62.03627],[135.73805,62.09445],[135.68524,62.15649],[135.71464,62.21186],[135.82616,62.26054],[135.83432,62.31516],[135.73903,62.37573],[135.65144,62.4734],[135.57155,62.60812],[135.48907,62.67674],[135.40396,62.67917],[135.32505,62.66088],[135.25219,62.62181],[135.10972,62.61721],[134.89774,62.64708],[134.63848,62.71788],[134.33204,62.82952],[134.18399,62.91079],[134.19442,62.96164],[134.1459,62.98871],[134.03852,62.99197],[133.97201,63.00732],[133.94638,63.03476],[133.94617,63.07439],[133.80292,63.13175],[133.44078,63.09062],[133.22363,63.0917],[133.15139,63.13501],[133.14643,63.17728],[133.20875,63.21857],[133.23645,63.27428],[133.22973,63.34451],[132.97398,63.35634],[132.46931,63.30983],[132.01761,63.31836],[131.61877,63.38192],[131.34282,63.38605],[131.18975,63.33076],[131.00702,63.3126],[130.68859,63.34104]]},"properties":{"sw":0.3,"scalerank":4,"name":"Aldan","featurecla":"River","na":0,"cl":"Aldan#0"}},{"type":"Feature","geometry":{"type":"LineString","coordinates":[[129.38366,63.48992],[130.10496,63.3767],[130.43114,63.33949],[130.68859,63.34104]]},"properties":{"sw":0.35,"scalerank":4,"name":"Aldan","featurecla":"River","na":0,"cl":"Aldan#0"}},{"type":"Feature","geometry":{"type":"LineString","coordinates":[[-111.04787,43.20651],[-111.09339,43.23372],[-111.18595,43.33829]]},"properties":{"sw":0.2,"scalerank":4,"name":"Snake","featurecla":"Lake Centerline","na":1,"cl":"Snake#0"}},{"type":"Feature","geometry":{"type":"LineString","coordinates":[[-112.86367,42.81305],[-112.63953,43.02347]]},"properties":{"sw":0.25,"scalerank":4,"name":"Snake","featurecla":"Lake Centerline","na":1,"cl":"Snake#0"}},{"type":"Feature","geometry":{"type":"LineString","coordinates":[[-110.72737,43.61956],[-110.78049,43.53528],[-110.82225,43.51161],[-110.83703,43.4782],[-110.82483,43.43492],[-110.79171,43.40167],[-110.73765,43.37836],[-110.72525,43.33565],[-110.7544,43.27353],[-110.83711,43.2256],[-110.98255,43.18956],[-111.04787,43.20651]]},"properties":{"sw":0.2,"scalerank":4,"name":"Snake","featurecla":"River","na":1,"cl":"Snake#0"}},{"type":"Feature","geometry":{"type":"LineString","coordinates":[[-110.63058,43.83707],[-110.72737,43.61956]]},"properties":{"sw":0.15,"scalerank":4,"name":"Snake","featurecla":"River","na":1,"cl":"Snake#0"}},{"type":"Feature","geometry":{"type":"LineString","coordinates":[[-111.18812,43.33888],[-111.34826,43.44797],[-111.40937,43.50995],[-111.4248,43.56127],[-111.58649,43.6347],[-111.89443,43.73035],[-112.04341,43.70798],[-112.03339,43.56757],[-112.07186,43.44603],[-112.15883,43.3433],[-112.31156,43.22486],[-112.63929,43.02358]]},"properties":{"sw":0.2,"scalerank":4,"name":"Snake","featurecla":"River","na":1,"cl":"Snake#0"}},{"type":"Feature","geometry":{"type":"LineString","coordinates":[[-112.8644,42.81191],[-113.02229,42.68595],[-113.13526,42.64639],[-113.31628,42.65362]]},"properties":{"sw":0.25,"scalerank":4,"name":"Snake","featurecla":"River","na":1,"cl":"Snake#0"}},{"type":"Feature","geometry":{"type":"LineString","coordinates":[[-113.47392,42.67476],[-113.62378,42.57792],[-113.78519,42.53766],[-114.00805,42.52167],[-114.28436,42.55394],[-114.61406,42.6345],[-114.81322,42.7067],[-114.88174,42.77057],[-114.91347,42.82534],[-114.90841,42.87103],[-114.96127,42.90017],[-115.07212,42.91288],[-115.14359,42.9412],[-115.17563,42.98513],[-115.25653,42.98906],[-115.38626,42.95288],[-115.56945,42.95614],[-115.80605,42.99882],[-115.9162,42.99484],[-115.97403,42.97831],[-116.07945,43.01913],[-116.25711,43.12874],[-116.35943,43.21196],[-116.3863,43.26888],[-116.43852,43.30361],[-116.51611,43.31622],[-116.60556,43.36428],[-116.7069,43.44779],[-116.76674,43.51378],[-116.78514,43.5623],[-116.86503,43.61739],[-117.00642,43.67909],[-117.06378,43.73387],[-117.02365,43.80565]]},"properties":{"sw":0.3,"scalerank":4,"name":"Snake","featurecla":"River","na":1,"cl":"Snake#0"}},{"type":"Feature","geometry":{"type":"LineString","coordinates":[[-117.02365,43.80565],[-116.95764,43.96414],[-116.94397,44.03767],[-116.96068,44.07912],[-116.94978,44.11901],[-116.91131,44.15741],[-116.91242,44.19947],[-116.95319,44.24531],[-117.02895,44.27554],[-117.13974,44.29027],[-117.19731,44.34381],[-117.2017,44.4362],[-117.11892,44.57831],[-116.94895,44.77011],[-116.85586,44.90573],[-116.83956,44.98516],[-116.73734,45.16885],[-116.54916,45.45673],[-116.47705,45.64109],[-116.52092,45.72191],[-116.61683,45.79917],[-116.76473,45.87291],[-116.86919,45.95849],[-116.9302,46.05595],[-116.94784,46.12432],[-116.92211,46.16364],[-116.94296,46.23211],[-117.0104,46.32963],[-117.039,46.39655],[-117.02877,46.43288],[-117.06988,46.44915],[-117.16238,46.44543],[-117.2139,46.46809],[-117.22444,46.51711],[-117.28418,46.58248],[-117.39309,46.66421],[-117.50347,46.70852],[-117.61532,46.7155],[-117.70203,46.69759],[-117.76358,46.65485],[-117.87463,46.61783],[-118.03514,46.58646],[-118.20547,46.57726],[-118.38551,46.59023],[-118.54643,46.52662],[-118.68818,46.38652],[-118.82677,46.29113],[-119.03606,46.20648]]},"properties":{"sw":0.35,"scalerank":4,"name":"Snake","featurecla":"River","na":1,"cl":"Snake#0"}},{"type":"Feature","geometry":{"type":"LineString","coordinates":[[-113.31628,42.65362],[-113.47222,42.67502]]},"properties":{"sw":0.3,"scalerank":4,"name":"Snake","featurecla":"Lake Centerline","na":1,"cl":"Snake#0"}},{"type":"Feature","geometry":{"type":"LineString","coordinates":[[-45.17615,-18.80082],[-45.08872,-19.05088]]},"properties":{"sw":0.2,"scalerank":4,"name":"S\u00e3o Francisco","featurecla":"Lake Centerline","na":0,"cl":"S\u00e3o Francisco#0"}},{"type":"Feature","geometry":{"type":"LineString","coordinates":[[-45.17615,-18.80082],[-45.20248,-18.59127],[-45.24868,-18.50063],[-45.32351,-18.45908],[-45.33609,-18.37955],[-45.2616,-18.20333]]},"properties":{"sw":0.2,"scalerank":4,"name":"S\u00e3o Francisco","featurecla":"Lake Centerline","na":0,"cl":"S\u00e3o Francisco#0"}},{"type":"Feature","geometry":{"type":"LineString","coordinates":[[-43.14994,-11.14299],[-43.05744,-10.9877],[-42.94482,-10.88766],[-42.78126,-10.79097],[-42.63292,-10.63759],[-42.4998,-10.42748],[-42.43872,-10.27338],[-42.44973,-10.17535],[-42.40374,-10.09039],[-42.30069,-10.01851],[-42.20892,-9.91107],[-42.12835,-9.76803],[-41.9102,-9.69558],[-41.55438,-9.69393],[-41.33528,-9.67636],[-41.2529,-9.64303],[-41.17497,-9.56846],[-41.10159,-9.4527],[-41.00323,-9.40568],[-40.81817,-9.43829]]},"properties":{"sw":0.3,"scalerank":4,"name":"S\u00e3o Francisco","featurecla":"Lake Centerline","na":0,"cl":"S\u00e3o Francisco#0"}},{"type":"Feature","geometry":{"type":"LineString","coordinates":[[-45.26219,-18.20426],[-45.24243,-18.12577],[-45.22057,-18.10262],[-45.19008,-18.10861],[-45.1599,-18.03631],[-45.13003,-17.88573],[-45.08611,-17.7971],[-45.02812,-17.77044],[-45.00828,-17.71716],[-45.02663,-17.63732],[-45.00709,-17.51402],[-44.94963,-17.34726],[-44.88839,-17.21936],[-44.82333,-17.13027],[-44.86979,-16.9401],[-45.02771,-16.6487],[-45.08856,-16.48328],[-45.05231,-16.4438],[-45.03797,-16.31575],[-45.04929,-15.99086]]},"properties":{"sw":0.2,"scalerank":4,"name":"S\u00e3o Francisco","featurecla":"River","na":0,"cl":"S\u00e3o Francisco#0"}},{"type":"Feature","geometry":{"type":"LineString","coordinates":[[-45.04929,-15.99086],[-44.92208,-15.95897],[-44.8609,-15.91691],[-44.82328,-15.85407],[-44.74416,-15.79464],[-44.5633,-15.71093]]},"properties":{"sw":0.25,"scalerank":4,"name":"S\u00e3o Francisco","featurecla":"River","na":0,"cl":"S\u00e3o Francisco#0"}},{"type":"Feature","geometry":{"type":"LineString","coordinates":[[-44.5633,-15.71093],[-44.27096,-15.45823],[-44.15417,-15.311],[-44.11552,-15.18496],[-44.05439,-15.0566],[-43.97077,-14.92596],[-43.90623,-14.75181],[-43.86086,-14.53436],[-43.80003,-14.36992],[-43.72376,-14.25841],[-43.654,-14.06224],[-43.59067,-13.78143],[-43.53248,-13.61255],[-43.47941,-13.55581],[-43.45437,-13.40823],[-43.45732,-13.17],[-43.44282,-13.00825],[-43.41083,-12.92319],[-43.34247,-12.81963],[-43.23774,-12.69767],[-43.20891,-12.55887],[-43.25604,-12.40322],[-43.26472,-12.29103],[-43.235,-12.2223],[-43.25441,-12.1296],[-43.32301,-12.01286],[-43.34776,-11.93142],[-43.32864,-11.88517],[-43.3359,-11.80502],[-43.36957,-11.69091],[-43.36223,-11.61392],[-43.31391,-11.57418],[-43.2548,-11.45145],[-43.14994,-11.14299]]},"properties":{"sw":0.3,"scalerank":4,"name":"S\u00e3o Francisco","featurecla":"River","na":0,"cl":"S\u00e3o Francisco#0"}},{"type":"Feature","geometry":{"type":"LineString","coordinates":[[-40.81817,-9.43829],[-40.67082,-9.47436],[-40.55202,-9.45658],[-40.41264,-9.39695],[-40.31973,-9.29308],[-40.27322,-9.14502],[-40.21229,-9.10161],[-40.14806,-9.09531],[-40.07773,-9.08828],[-40.00499,-9.05805],[-39.94882,-9.02198],[-39.90921,-8.98018],[-39.88782,-8.92395],[-39.88469,-8.85326],[-39.83485,-8.80902],[-39.73837,-8.79125],[-39.68768,-8.74928],[-39.68277,-8.68293],[-39.60081,-8.61958],[-39.44175,-8.55922],[-39.327,-8.56614],[-39.25659,-8.64035],[-39.09257,-8.71838],[-38.83501,-8.80029],[-38.70546,-8.87987],[-38.66771,-8.89605],[-38.61916,-8.89605],[-38.58425,-8.86618],[-38.54428,-8.83114],[-38.5047,-8.83496],[-38.484,-8.8777],[-38.48225,-8.9595],[-38.43292,-9.00364],[-38.336,-9.01025],[-38.29422,-9.04301],[-38.30755,-9.10213],[-38.28316,-9.20362],[-38.2211,-9.34765],[-37.93822,-9.53787],[-37.18269,-9.89263]]},"properties":{"sw":0.3,"scalerank":4,"name":"S\u00e3o Francisco","featurecla":"River","na":0,"cl":"S\u00e3o Francisco#0"}},{"type":"Feature","geometry":{"type":"LineString","coordinates":[[-37.18269,-9.89263],[-37.01921,-9.95707],[-36.95637,-10.0136],[-36.93968,-10.08367],[-36.87978,-10.1537],[-36.77674,-10.22356],[-36.69902,-10.25731],[-36.64672,-10.25488],[-36.60704,-10.29291],[-36.57993,-10.37136],[-36.53846,-10.41058],[-36.48255,-10.41058],[-36.44296,-10.43197],[-36.41161,-10.48993]]},"properties":{"sw":0.35,"scalerank":4,"name":"S\u00e3o Francisco","featurecla":"River","na":0,"cl":"S\u00e3o Francisco#0"}},{"type":"Feature","geometry":{"type":"LineString","coordinates":[[9.18283,47.67068],[9.55438,47.51116]]},"properties":{"sw":0.2,"scalerank":4,"name":"Rhine","featurecla":"Lake Centerline","na":0,"cl":"Rhine#0"}},{"type":"Feature","geometry":{"type":"LineString","coordinates":[[9.12754,47.67068],[8.88114,47.65639]]},"properties":{"sw":0.2,"scalerank":4,"name":"Rhine","featurecla":"Lake Centerline","na":0,"cl":"Rhine#0"}},{"type":"Feature","geometry":{"type":"LineString","coordinates":[[8.75082,46.67632],[9.04558,46.75777]]},"properties":{"sw":0.15,"scalerank":4,"name":"Rhine","featurecla":"River","na":0,"cl":"Rhine#0"}},{"type":"Feature","geometry":{"type":"LineString","coordinates":[[9.40876,46.83461],[9.51676,46.90675],[9.53382,46.96308],[9.49589,47.02765],[9.47945,47.09751],[9.48431,47.17268],[9.52751,47.27076],[9.60906,47.39178],[9.6259,47.46703],[9.55438,47.51116]]},"properties":{"sw":0.2,"scalerank":4,"name":"Rhine","featurecla":"River","na":0,"cl":"Rhine#0"}},{"type":"Feature","geometry":{"type":"LineString","coordinates":[[9.04558,46.75777],[9.41558,46.83461]]},"properties":{"sw":0.2,"scalerank":4,"name":"Rhine","featurecla":"River","na":0,"cl":"Rhine#0"}},{"type":"Feature","geometry":{"type":"LineString","coordinates":[[9.12754,47.67068],[9.18283,47.67068]]},"properties":{"sw":0.2,"scalerank":4,"name":"Rhine","featurecla":"River","na":0,"cl":"Rhine#0"}},{"type":"Feature","geometry":{"type":"LineString","coordinates":[[39.05346,59.86844],[39.5001,59.61584],[39.68639,59.53001],[39.79864,59.52523]]},"properties":{"sw":0.2,"scalerank":4,"name":"Northern Dvina","featurecla":"Lake Centerline","na":0,"cl":"Northern Dvina#0"}},{"type":"Feature","geometry":{"type":"LineString","coordinates":[[38.92809,59.93887],[38.65617,59.92988]]},"properties":{"sw":0.15,"scalerank":4,"name":"Northern Dvina","featurecla":"River","na":0,"cl":"Northern Dvina#0"}},{"type":"Feature","geometry":{"type":"LineString","coordinates":[[39.05346,59.86844],[38.92809,59.93887]]},"properties":{"sw":0.2,"scalerank":4,"name":"Northern Dvina","featurecla":"River","na":0,"cl":"Northern Dvina#0"}},{"type":"Feature","geometry":{"type":"LineString","coordinates":[[39.79812,59.5252],[40.09903,59.4758],[40.21541,59.4465],[40.24755,59.42087],[40.26238,59.37963],[40.26,59.32268],[40.34971,59.3023],[40.53161,59.31847],[40.68447,59.35229],[40.80829,59.40382],[40.91722,59.41834],[41.01127,59.39586],[41.15514,59.39059],[41.34872,59.40252],[41.55842,59.43015],[41.78425,59.4734],[41.90016,59.51187],[41.90626,59.54564],[41.95427,59.58435],[42.04418,59.62801],[42.16883,59.65657],[42.3283,59.67005],[42.46188,59.69997],[42.56968,59.74628],[42.65262,59.81622],[42.71071,59.90978],[42.85261,59.98171],[43.1913,60.05721]]},"properties":{"sw":0.2,"scalerank":4,"name":"Northern Dvina","featurecla":"River","na":0,"cl":"Northern Dvina#0"}},{"type":"Feature","geometry":{"type":"LineString","coordinates":[[43.1913,60.05721],[43.7308,60.19018],[44.03249,60.29211],[44.2763,60.40732],[44.49158,60.47435],[44.67854,60.49318],[44.83523,60.52615],[44.96173,60.5732],[45.15614,60.59961],[45.41845,60.6054],[45.60624,60.63219],[45.71951,60.67999],[45.83057,60.69717],[45.9394,60.68379],[46.05107,60.69857],[46.16569,60.74156],[46.2522,60.7596],[46.33994,60.74916]]},"properties":{"sw":0.25,"scalerank":4,"name":"Northern Dvina","featurecla":"River","na":0,"cl":"Northern Dvina#0"}},{"type":"Feature","geometry":{"type":"LineString","coordinates":[[99.42673,51.3487],[99.30984,51.41043]]},"properties":{"sw":0.2,"scalerank":4,"name":"Yenisey","featurecla":"Lake Centerline","na":0,"cl":"Yenisey#0"}},{"type":"Feature","geometry":{"type":"LineString","coordinates":[[98.80899,50.62699],[98.9851,50.55666],[99.06308,50.55247],[99.12091,50.61024]]},"properties":{"sw":0.15,"scalerank":4,"name":"Yenisey","featurecla":"River","na":0,"cl":"Yenisey#0"}},{"type":"Feature","geometry":{"type":"LineString","coordinates":[[99.12091,50.61024],[99.20659,50.75055],[99.32193,50.80925],[99.40254,50.89808],[99.47768,51.04805],[99.49143,51.14882],[99.44357,51.20034],[99.46641,51.32909],[99.42394,51.34948]]},"properties":{"sw":0.2,"scalerank":4,"name":"Yenisey","featurecla":"River","na":0,"cl":"Yenisey#0"}},{"type":"Feature","geometry":{"type":"LineString","coordinates":[[99.30984,51.41043],[99.00422,51.47257],[98.76403,51.47446],[98.48746,51.43678],[98.26194,51.44198],[98.00025,51.51409]]},"properties":{"sw":0.2,"scalerank":4,"name":"Yenisey","featurecla":"River","na":0,"cl":"Yenisey#0"}},{"type":"Feature","geometry":{"type":"LineString","coordinates":[[-48.95246,-18.32637],[-49.10837,-18.38844]]},"properties":{"sw":0.2,"scalerank":4,"name":"Parana\u00edba","featurecla":"Lake Centerline","na":0,"cl":"Parana\u00edba#0"}},{"type":"Feature","geometry":{"type":"LineString","coordinates":[[-48.22702,-18.34033],[-48.95246,-18.32637]]},"properties":{"sw":0.2,"scalerank":4,"name":"Parana\u00edba","featurecla":"Lake Centerline","na":0,"cl":"Parana\u00edba#0"}},{"type":"Feature","geometry":{"type":"LineString","coordinates":[[-47.4465,-18.17067],[-47.78607,-18.3795],[-47.92877,-18.44544],[-48.01727,-18.43427]]},"properties":{"sw":0.2,"scalerank":4,"name":"Parana\u00edba","featurecla":"Lake Centerline","na":0,"cl":"Parana\u00edba#0"}},{"type":"Feature","geometry":{"type":"LineString","coordinates":[[-50.48973,-19.02044],[-50.49906,-18.95311],[-50.45756,-18.87663],[-50.36826,-18.76862],[-50.24703,-18.69018],[-50.09381,-18.64139],[-49.96007,-18.61638],[-49.78876,-18.61452]]},"properties":{"sw":0.25,"scalerank":4,"name":"Parana\u00edba","featurecla":"Lake Centerline","na":0,"cl":"Parana\u00edba#0"}},{"type":"Feature","geometry":{"type":"LineString","coordinates":[[-46.31394,-19.17066],[-46.56067,-18.85223]]},"properties":{"sw":0.15,"scalerank":4,"name":"Parana\u00edba","featurecla":"River","na":0,"cl":"Parana\u00edba#0"}},{"type":"Feature","geometry":{"type":"LineString","coordinates":[[-48.01794,-18.43443],[-48.22702,-18.34033]]},"properties":{"sw":0.2,"scalerank":4,"name":"Parana\u00edba","featurecla":"River","na":0,"cl":"Parana\u00edba#0"}},{"type":"Feature","geometry":{"type":"LineString","coordinates":[[-46.56067,-18.85223],[-46.51692,-18.79312],[-46.51429,-18.7649],[-46.53816,-18.7478],[-46.53987,-18.71012],[-46.5194,-18.65173],[-46.53491,-18.5644],[-46.58643,-18.44802],[-46.69717,-18.35469],[-46.86719,-18.28441],[-46.99162,-18.25847],[-47.07058,-18.27677],[-47.15164,-18.22798],[-47.23476,-18.11202],[-47.31889,-18.08319],[-47.4465,-18.17067]]},"properties":{"sw":0.2,"scalerank":4,"name":"Parana\u00edba","featurecla":"River","na":0,"cl":"Parana\u00edba#0"}},{"type":"Feature","geometry":{"type":"LineString","coordinates":[[-49.10837,-18.38844],[-49.17929,-18.40482],[-49.24745,-18.46848],[-49.33654,-18.58486],[-49.4168,-18.60274],[-49.48827,-18.52212],[-49.55327,-18.51014],[-49.61188,-18.56693],[-49.67807,-18.6001],[-49.78876,-18.61452]]},"properties":{"sw":0.25,"scalerank":4,"name":"Parana\u00edba","featurecla":"River","na":0,"cl":"Parana\u00edba#0"}},{"type":"Feature","geometry":{"type":"LineString","coordinates":[[-72.03376,53.59792],[-71.92571,53.57156],[-71.87142,53.58355],[-71.81654,53.64592]]},"properties":{"sw":0.2,"scalerank":4,"name":"La Grande","featurecla":"Lake Centerline","na":1,"cl":"La Grande#0"}},{"type":"Feature","geometry":{"type":"LineString","coordinates":[[-70.84324,53.42702],[-70.94843,53.43935],[-70.9914,53.46836],[-71.00721,53.51818],[-71.04054,53.55503],[-71.11684,53.59079]]},"properties":{"sw":0.2,"scalerank":4,"name":"La Grande","featurecla":"Lake Centerline","na":1,"cl":"La Grande#0"}},{"type":"Feature","geometry":{"type":"LineString","coordinates":[[-74.43333,53.68453],[-74.69711,53.63146],[-74.85199,53.62804],[-74.96532,53.64763],[-75.23879,53.65564],[-75.61685,53.67409],[-75.80206,53.66417],[-75.89466,53.71047],[-76.13553,53.69884],[-76.66418,53.66835],[-77.03984,53.67719],[-77.19639,53.69889],[-77.31106,53.73179],[-77.42028,53.79791]]},"properties":{"sw":0.25,"scalerank":4,"name":"La Grande","featurecla":"Lake Centerline","na":1,"cl":"La Grande#0"}},{"type":"Feature","geometry":{"type":"LineString","coordinates":[[-72.03606,53.59823],[-72.09446,53.60241],[-72.10208,53.616],[-72.07841,53.6404],[-72.08193,53.65466],[-72.11267,53.65884],[-72.27951,53.62099],[-72.34951,53.63011],[-72.38857,53.67497],[-72.50262,53.69119],[-72.69176,53.67874],[-72.72685,53.70385],[-72.85232,53.76496],[-73.14295,53.8663],[-73.3279,53.91593],[-73.40722,53.91394],[-73.53595,53.87707],[-73.7141,53.8054],[-73.96215,53.74814],[-74.43907,53.68391]]},"properties":{"sw":0.2,"scalerank":4,"name":"La Grande","featurecla":"River","na":1,"cl":"La Grande#0"}},{"type":"Feature","geometry":{"type":"LineString","coordinates":[[-70.47998,53.40646],[-70.42006,53.40826],[-70.3874,53.43488],[-70.36198,53.48686],[-70.47311,53.49157],[-70.84461,53.42754]]},"properties":{"sw":0.15,"scalerank":4,"name":"La Grande","featurecla":"River","na":1,"cl":"La Grande#0"}},{"type":"Feature","geometry":{"type":"LineString","coordinates":[[-71.11682,53.59079],[-71.27727,53.66404],[-71.45214,53.67786],[-71.81633,53.64603]]},"properties":{"sw":0.2,"scalerank":4,"name":"La Grande","featurecla":"River","na":1,"cl":"La Grande#0"}},{"type":"Feature","geometry":{"type":"LineString","coordinates":[[-77.41966,53.7978],[-77.62562,53.82007],[-77.8255,53.80648],[-78.08802,53.7645],[-78.38983,53.76194],[-78.90148,53.81734],[-78.92373,53.82343],[-78.9457,53.8316]]},"properties":{"sw":0.25,"scalerank":4,"name":"La Grande","featurecla":"River","na":1,"cl":"La Grande#0"}},{"type":"Feature","geometry":{"type":"LineString","coordinates":[[-107.18141,33.1732],[-107.16999,33.35574]]},"properties":{"sw":0.25,"scalerank":4,"name":"Grande","featurecla":"Lake Centerline","na":1,"cl":"Grande#1"}},{"type":"Feature","geometry":{"type":"LineString","coordinates":[[-107.29345,32.91037],[-107.28081,33.11428]]},"properties":{"sw":0.3,"scalerank":4,"name":"Grande","featurecla":"Lake Centerline","na":1,"cl":"Grande#1"}},{"type":"Feature","geometry":{"type":"LineString","coordinates":[[-101.03897,29.4604],[-101.30353,29.63408]]},"properties":{"sw":0.4,"scalerank":4,"name":"Grande","featurecla":"Lake Centerline","na":1,"cl":"Grande#1"}},{"type":"Feature","geometry":{"type":"LineString","coordinates":[[-99.45651,27.05662],[-99.44354,27.03667],[-99.30246,26.88472],[-99.22993,26.76193],[-99.17208,26.56414]]},"properties":{"sw":0.45,"scalerank":4,"name":"Grande","featurecla":"Lake Centerline","na":1,"cl":"Grande#1"}},{"type":"Feature","geometry":{"type":"LineString","coordinates":[[-107.42656,37.77596],[-107.06695,37.74395]]},"properties":{"sw":0.15,"scalerank":4,"name":"Grande","featurecla":"River","na":1,"cl":"Grande#1"}},{"type":"Feature","geometry":{"type":"LineString","coordinates":[[-107.06695,37.74395],[-106.92435,37.80886],[-106.81391,37.79222],[-106.68813,37.71563],[-106.54155,37.6777],[-106.3742,37.67842],[-106.19597,37.64729],[-106.00683,37.5843],[-105.8786,37.52494],[-105.81124,37.46924],[-105.76346,37.40604],[-105.73525,37.33532],[-105.7316,37.23954],[-105.75248,37.11872],[-105.74292,36.97973],[-105.70282,36.82258],[-105.69481,36.65068],[-105.71894,36.46403],[-105.7607,36.33892],[-105.84986,36.24355]]},"properties":{"sw":0.2,"scalerank":4,"name":"Grande","featurecla":"River","na":1,"cl":"Grande#1"}},{"type":"Feature","geometry":{"type":"LineString","coordinates":[[-105.84986,36.24355],[-106.00626,36.13327],[-106.07262,36.04803],[-106.10104,35.95109],[-106.1661,35.85523],[-106.26769,35.76038],[-106.34319,35.64832],[-106.39249,35.51907],[-106.48732,35.37572],[-106.62759,35.21832],[-106.69242,35.08938],[-106.68178,34.98895],[-106.71627,34.78087],[-106.79585,34.46518],[-106.84985,34.29465],[-106.87828,34.26928],[-106.88636,34.14706],[-106.87417,33.9279],[-106.92802,33.74884],[-107.0479,33.60984],[-107.1234,33.49423],[-107.16994,33.356]]},"properties":{"sw":0.25,"scalerank":4,"name":"Grande","featurecla":"River","na":1,"cl":"Grande#1"}},{"type":"Feature","geometry":{"type":"LineString","coordinates":[[-107.18141,33.1732],[-107.2798,33.11578]]},"properties":{"sw":0.25,"scalerank":4,"name":"Grande","featurecla":"River","na":1,"cl":"Grande#1"}},{"type":"Feature","geometry":{"type":"LineString","coordinates":[[-107.29345,32.91034],[-107.2404,32.74286],[-107.17164,32.67441],[-107.06951,32.64914],[-106.97535,32.58385],[-106.88915,32.47853],[-106.84642,32.39931],[-106.84709,32.34629],[-106.77717,32.19473],[-106.56628,31.81953]]},"properties":{"sw":0.3,"scalerank":4,"name":"Grande","featurecla":"River","na":1,"cl":"Grande#1"}},{"type":"Feature","geometry":{"type":"LineString","coordinates":[[-106.56636,31.81953],[-106.43603,31.76447],[-106.34697,31.679],[-106.25571,31.54466],[-106.14806,31.45092],[-106.02409,31.39777],[-105.81271,31.24104],[-105.51399,30.98077],[-105.27582,30.80727],[-105.09815,30.72055],[-104.97883,30.64593],[-104.91785,30.58335],[-104.8359,30.44765],[-104.68133,30.13436]]},"properties":{"sw":0.3,"scalerank":4,"name":"Grande","featurecla":"River","na":1,"cl":"Grande#1"}},{"type":"Feature","geometry":{"type":"LineString","coordinates":[[-104.68133,30.13436],[-104.68133,29.99052],[-104.62221,29.85428],[-104.50398,29.67767],[-104.40062,29.57375],[-104.31221,29.54243],[-104.21552,29.47991],[-104.11062,29.38611],[-103.98975,29.32317],[-103.85291,29.29108],[-103.66398,29.2069],[-103.42293,29.07068],[-103.2577,29.00112],[-103.1683,28.99818],[-103.09001,29.04187],[-103.02283,29.1322],[-102.95681,29.19036],[-102.89201,29.21638],[-102.86568,29.25803],[-102.87782,29.31532],[-102.834,29.44397],[-102.73419,29.64395],[-102.61495,29.75234],[-102.47625,29.76909],[-102.38566,29.80666],[-102.34308,29.86497],[-102.26892,29.87117],[-102.16309,29.82526],[-101.9909,29.7957],[-101.75234,29.78247],[-101.6116,29.78697],[-101.5687,29.80924],[-101.54638,29.80808],[-101.54462,29.78353],[-101.5093,29.77312],[-101.44039,29.77684],[-101.38034,29.74255],[-101.30353,29.63408]]},"properties":{"sw":0.35,"scalerank":4,"name":"Grande","featurecla":"River","na":1,"cl":"Grande#1"}},{"type":"Feature","geometry":{"type":"LineString","coordinates":[[-101.03863,29.4603],[-101.01634,29.40066],[-100.92414,29.3147],[-100.75459,29.18251],[-100.65863,29.06854],[-100.63631,28.97281],[-100.5497,28.82134],[-100.3989,28.61422],[-100.33173,28.50255],[-100.34816,28.48643],[-100.33627,28.42814],[-100.29604,28.32768],[-100.22127,28.24262],[-100.11195,28.17296],[-100.00141,28.04785],[-99.88963,27.86729],[-99.75427,27.72994],[-99.59531,27.63588],[-99.50532,27.54834],[-99.48426,27.46739],[-99.48583,27.39804],[-99.51007,27.34032],[-99.49981,27.28552],[-99.45514,27.23371],[-99.44026,27.17012],[-99.45772,27.08171],[-99.45653,27.05667]]},"properties":{"sw":0.4,"scalerank":4,"name":"Grande","featurecla":"River","na":1,"cl":"Grande#1"}},{"type":"Feature","geometry":{"type":"LineString","coordinates":[[-99.17208,26.56414],[-99.10777,26.44691],[-99.01527,26.39896],[-98.87321,26.38123],[-98.76523,26.34041],[-98.69141,26.27646],[-98.59829,26.23786],[-98.48587,26.22458],[-98.37812,26.18236],[-98.27503,26.1112],[-98.08279,26.06443],[-97.80141,26.04205],[-97.58724,25.9842],[-97.44027,25.89082],[-97.37563,25.87181],[-97.35816,25.87051],[-97.34974,25.88478],[-97.33865,25.91118],[-97.28178,25.94162],[-97.14624,25.96146]]},"properties":{"sw":0.45,"scalerank":4,"name":"Grande","featurecla":"River","na":1,"cl":"Grande#1"}},{"type":"Feature","geometry":{"type":"LineString","coordinates":[[58.8351,52.19681],[58.78166,52.0715],[58.76688,51.97641],[58.77277,51.8697],[58.73955,51.78604],[58.63087,51.69509]]},"properties":{"sw":0.25,"scalerank":4,"name":"Ural","featurecla":"Lake Centerline","na":0,"cl":"Ural#0"}},{"type":"Feature","geometry":{"type":"LineString","coordinates":[[59.42627,54.51998],[59.3068,54.40296]]},"properties":{"sw":0.15,"scalerank":4,"name":"Ural","featurecla":"River","na":0,"cl":"Ural#0"}},{"type":"Feature","geometry":{"type":"LineString","coordinates":[[59.3068,54.40296],[59.19409,54.32464],[59.16174,54.27782],[59.17218,54.23638],[59.14981,54.17476],[59.09472,54.09295],[59.10226,54.01216],[59.17265,53.93237],[59.19042,53.86346],[59.1557,53.8054],[59.16851,53.74623],[59.22897,53.68595],[59.25357,53.64045],[59.24251,53.6098],[59.1821,53.57327],[59.07245,53.53089],[59.02134,53.46439],[59.02878,53.3738],[59.06692,53.30721],[59.13565,53.26471],[59.12965,53.21717],[59.04893,53.16456],[58.974,53.07071],[58.90507,52.93558],[58.90414,52.81083],[58.97142,52.69653],[58.99566,52.62025],[58.98568,52.59974],[58.98992,52.56945],[59.01028,52.54584],[59.05793,52.52677],[59.08252,52.51323],[59.08035,52.46982],[59.06216,52.41995],[58.83375,52.19578]]},"properties":{"sw":0.2,"scalerank":4,"name":"Ural","featurecla":"River","na":0,"cl":"Ural#0"}},{"type":"Feature","geometry":{"type":"LineString","coordinates":[[58.63087,51.69509],[58.62849,51.61881],[58.65929,51.56104],[58.72255,51.49634],[58.75081,51.42485],[58.74409,51.34656],[58.71262,51.28736],[58.6565,51.24726],[58.5271,51.20127],[58.32464,51.14933],[58.20929,51.10639],[58.18118,51.07244],[58.04517,51.06887],[57.80126,51.0958],[57.53569,51.16453],[57.24847,51.27517],[56.90643,51.3533],[56.50966,51.39898],[56.22373,51.47226],[56.04875,51.57313],[55.87709,51.64755],[55.70872,51.69555],[55.45618,51.73519],[55.11946,51.76645],[54.64962,51.72581],[54.04655,51.61321],[53.66719,51.55998],[53.51144,51.56613],[53.40566,51.55081],[53.34985,51.51396],[53.22738,51.48497],[53.03834,51.46373],[52.90264,51.46694],[52.82048,51.49458],[52.72813,51.49815],[52.62571,51.47763],[52.55372,51.4418],[52.51207,51.39056],[52.42794,51.3826],[52.30134,51.41779],[52.22506,51.42089],[52.19922,51.39193],[52.12822,51.38193],[52.01205,51.39092],[51.94136,51.37805],[51.91614,51.34333],[51.76876,51.2856],[51.49921,51.20489],[51.39529,51.1484],[51.36423,51.07528],[51.31643,50.99828],[51.22104,50.90377],[51.18254,50.82599],[51.20083,50.76496],[51.18921,50.70848],[51.14756,50.6566],[51.13598,50.59484],[51.15448,50.52317],[51.14967,50.47837],[51.12146,50.46033],[51.11603,50.4363],[51.13329,50.40617],[51.13138,50.36488],[51.11019,50.31233],[51.15608,50.25301],[51.26884,50.18681],[51.32909,50.12216],[51.34057,50.02744]]},"properties":{"sw":0.3,"scalerank":4,"name":"Ural","featurecla":"River","na":0,"cl":"Ural#0"}},{"type":"Feature","geometry":{"type":"LineString","coordinates":[[51.34057,50.02744],[51.31964,49.95527],[51.34708,49.91259],[51.41601,49.8753],[51.47089,49.80177],[51.51193,49.69195],[51.55771,49.63072],[51.59373,49.61385],[51.60841,49.58462],[51.63574,49.54638],[51.70737,49.48801],[51.7391,49.44902],[51.74369,49.41977],[51.76049,49.40448],[51.82777,49.37435],[51.84782,49.35229],[51.847,49.33575],[51.85857,49.32335],[51.88389,49.31415],[51.91573,49.27508],[51.94776,49.20563],[51.93629,49.13752],[51.88141,49.07078],[51.84958,49.00052],[51.841,48.92673],[51.85387,48.89505],[51.88033,48.86859],[51.87599,48.81539],[51.80359,48.62308],[51.77558,48.58564],[51.7301,48.56024],[51.66696,48.54691],[51.62499,48.51464],[51.60634,48.46872],[51.60251,48.44304]]},"properties":{"sw":0.35,"scalerank":4,"name":"Ural","featurecla":"River","na":0,"cl":"Ural#0"}},{"type":"Feature","geometry":{"type":"LineString","coordinates":[[51.60251,48.44304],[51.61047,48.42428],[51.63492,48.40454],[51.63326,48.38578],[51.60236,48.37041],[51.58867,48.31819],[51.59208,48.22915],[51.58355,48.18119],[51.56944,48.16745],[51.582,48.11944],[51.64039,48.0164],[51.65404,47.88186],[51.62303,47.7158],[51.67357,47.57859],[51.80555,47.47013],[51.87924,47.39737],[51.89464,47.36026],[51.89206,47.33132],[51.87159,47.3105],[51.87686,47.29344],[51.90787,47.28011],[51.92678,47.25014],[51.93361,47.2036],[51.88379,47.12121],[51.7282,46.94832]]},"properties":{"sw":0.4,"scalerank":4,"name":"Ural","featurecla":"River","na":0,"cl":"Ural#0"}},{"type":"Feature","geometry":{"type":"LineString","coordinates":[[-103.42123,53.65205],[-103.57967,53.629],[-103.6971,53.58619],[-103.89091,53.48077]]},"properties":{"sw":0.3,"scalerank":4,"name":"Saskatchewan","featurecla":"Lake Centerline","na":1,"cl":"Saskatchewan#0"}},{"type":"Feature","geometry":{"type":"LineString","coordinates":[[-99.22962,53.1851],[-98.41585,53.35406],[-98.08246,53.43638],[-97.9136,53.51865]]},"properties":{"sw":0.3,"scalerank":4,"name":"Saskatchewan","featurecla":"Lake Centerline","na":1,"cl":"Saskatchewan#0"}},{"type":"Feature","geometry":{"type":"LineString","coordinates":[[-100.3225,53.59254],[-100.16316,53.50325],[-100.06554,53.40506],[-99.97645,53.26817],[-99.85232,53.21231],[-99.69313,53.23747],[-99.54273,53.22737],[-99.33029,53.15942]]},"properties":{"sw":0.3,"scalerank":4,"name":"Saskatchewan","featurecla":"Lake Centerline","na":1,"cl":"Saskatchewan#0"}},{"type":"Feature","geometry":{"type":"LineString","coordinates":[[-105.06508,53.24039],[-104.90059,53.16384],[-104.81874,53.15668],[-104.76469,53.19342],[-104.571,53.23334],[-104.23769,53.27649],[-104.02664,53.34393],[-103.8936,53.48154]]},"properties":{"sw":0.25,"scalerank":4,"name":"Saskatchewan","featurecla":"River","na":1,"cl":"Saskatchewan#0"}},{"type":"Feature","geometry":{"type":"LineString","coordinates":[[-102.38054,53.96632],[-102.18841,53.90389],[-102.04025,53.88364],[-101.87205,53.88467],[-101.732,53.90426],[-101.6201,53.94234],[-101.54814,53.9811],[-101.51605,54.02058],[-101.46049,53.99443],[-101.38148,53.9027],[-101.26544,53.86245],[-101.11245,53.87377],[-101.04279,53.85862],[-101.05644,53.81703],[-101.02644,53.7609],[-100.95277,53.69021],[-100.78209,53.65983],[-100.51435,53.6698],[-100.36619,53.65378],[-100.32338,53.59079]]},"properties":{"sw":0.3,"scalerank":4,"name":"Saskatchewan","featurecla":"River","na":1,"cl":"Saskatchewan#0"}},{"type":"Feature","geometry":{"type":"LineString","coordinates":[[-103.42063,53.65285],[-103.12856,53.75222],[-103.04469,53.8086],[-103.07166,53.85501],[-103.04957,53.92183],[-102.97844,54.009],[-102.89953,54.05882],[-102.81287,54.07122],[-102.68574,54.0535],[-102.43436,53.98182]]},"properties":{"sw":0.3,"scalerank":4,"name":"Saskatchewan","featurecla":"River","na":1,"cl":"Saskatchewan#0"}},{"type":"Feature","geometry":{"type":"LineString","coordinates":[[-99.33029,53.15942],[-99.22983,53.18489]]},"properties":{"sw":0.3,"scalerank":4,"name":"Saskatchewan","featurecla":"River","na":1,"cl":"Saskatchewan#0"}},{"type":"Feature","geometry":{"type":"LineString","coordinates":[[-102.4371,53.98159],[-102.38062,53.96637]]},"properties":{"sw":0.3,"scalerank":4,"name":"Saskatchewan","featurecla":"Lake Centerline","na":1,"cl":"Saskatchewan#0"}},{"type":"Feature","geometry":{"type":"LineString","coordinates":[[90.12001,60.41652],[90.16621,60.38112],[90.17194,60.30702],[90.30883,60.23844],[90.49477,60.11491],[90.69847,59.9272],[90.78302,59.78191],[90.8042,59.7454],[90.85815,59.70664],[90.8841,59.65713],[90.88193,59.59688],[90.98952,59.49818],[91.20666,59.36092],[91.32531,59.26724],[91.34546,59.21701],[91.43094,59.16331],[91.58193,59.10616],[91.67805,59.05076],[91.71929,58.99712],[91.73262,58.95315],[91.71784,58.91878],[91.76859,58.90051],[91.88466,58.89829],[91.97669,58.87635],[92.04459,58.8347],[92.04635,58.79476],[91.98196,58.75662],[91.98232,58.72732],[92.04754,58.7068],[92.08371,58.64939],[92.09095,58.55503],[92.13901,58.49847],[92.22789,58.47971],[92.27548,58.45075],[92.28179,58.41158],[92.31982,58.38021],[92.38959,58.35665],[92.42814,58.32564],[92.43547,58.28719],[92.47258,58.24492],[92.53945,58.19888],[92.67918,58.15689],[92.99808,58.1001]]},"properties":{"sw":0.4,"scalerank":4,"name":"Yenisey","featurecla":"River","na":0,"cl":"Yenisey#0"}},{"type":"Feature","geometry":{"type":"LineString","coordinates":[[89.46982,61.82672],[89.70562,61.75083],[89.78566,61.68817],[89.78866,61.6134],[89.84344,61.58596],[89.9502,61.60575],[90.05231,61.60141],[90.14988,61.57283],[90.1737,61.53699],[90.12378,61.49387],[90.00126,61.44994],[89.80602,61.40527],[89.68458,61.33651],[89.63673,61.24376],[89.65895,61.10999],[89.75114,60.93525],[89.84705,60.81546],[89.94658,60.75058],[90.00591,60.65697],[90.02492,60.53455],[90.05583,60.45915],[90.12001,60.41652]]},"properties":{"sw":0.45,"scalerank":4,"name":"Yenisey","featurecla":"River","na":0,"cl":"Yenisey#0"}},{"type":"Feature","geometry":{"type":"LineString","coordinates":[[88.33986,62.88753],[88.43412,62.85389],[88.48047,62.80304],[88.51034,62.72377],[88.59535,62.63458],[88.7356,62.53541],[88.85729,62.47154],[88.96054,62.44286],[89.01356,62.38803],[89.01636,62.30705],[89.08255,62.17907],[89.21226,62.00417],[89.32523,61.89421],[89.46982,61.82672]]},"properties":{"sw":0.5,"scalerank":4,"name":"Yenisey","featurecla":"River","na":0,"cl":"Yenisey#0"}},{"type":"Feature","geometry":{"type":"LineString","coordinates":[[87.79478,64.81664],[87.7677,64.78669],[87.70021,64.73739],[87.63086,64.67933],[87.56409,64.59451],[87.54001,64.51632],[87.54446,64.44248],[87.57742,64.37292],[87.57929,64.27122],[87.55004,64.13733],[87.55758,64.03857],[87.60202,63.97486],[87.55117,63.88551],[87.40493,63.77047],[87.34705,63.67777],[87.37744,63.60731],[87.35951,63.5276],[87.29326,63.43861],[87.26571,63.38192],[87.27703,63.35748],[87.44177,63.29919],[87.76,63.20699],[88.02432,63.09253],[88.33986,62.88753]]},"properties":{"sw":0.55,"scalerank":4,"name":"Yenisey","featurecla":"River","na":0,"cl":"Yenisey#0"}},{"type":"Feature","geometry":{"type":"LineString","coordinates":[[87.47939,66.28905],[87.45443,66.27332],[87.31574,66.2249],[87.27496,66.18997],[87.3116,66.16309],[87.47387,66.13483],[87.76175,66.10511],[87.91394,66.06165],[87.93048,66.00447],[87.89575,65.96243],[87.80987,65.93561],[87.76548,65.90959],[87.76268,65.8844],[87.77173,65.85381],[87.79261,65.81782],[87.84991,65.79076],[87.94366,65.77268],[88.00339,65.74048],[88.02913,65.69418],[87.98019,65.4574],[87.84764,64.99939],[87.82242,64.87754],[87.79478,64.81664]]},"properties":{"sw":0.65,"scalerank":4,"name":"Yenisey","featurecla":"River","na":0,"cl":"Yenisey#0"}},{"type":"Feature","geometry":{"type":"LineString","coordinates":[[86.24779,68.70035],[86.28665,68.66583],[86.3298,68.59902],[86.3529,68.52879],[86.34453,68.456],[86.40137,68.38053],[86.52364,68.30245],[86.53563,68.21369],[86.43734,68.11432],[86.43641,68.01564],[86.48013,67.92821],[86.45083,67.84041],[86.34742,67.74847],[86.28613,67.65995],[86.2882,67.57314],[86.35342,67.48797],[86.44669,67.43676],[86.56793,67.41955],[86.61821,67.35899],[86.59764,67.25517],[86.61769,67.18419],[86.67856,67.14611],[86.69841,67.09309],[86.67743,67.02511],[86.68807,66.94243],[86.73034,66.84502],[86.6303,66.74662],[86.38794,66.6473],[86.28634,66.58457],[86.32572,66.55831],[86.47734,66.56382],[86.74146,66.60108],[87.03245,66.55682],[87.35036,66.43104],[87.45816,66.38711],[87.50528,66.34846],[87.51366,66.31957],[87.47939,66.28905]]},"properties":{"sw":0.8,"scalerank":4,"name":"Yenisey","featurecla":"River","na":0,"cl":"Yenisey#0"}},{"type":"Feature","geometry":{"type":"LineString","coordinates":[[83.10957,70.10957],[83.30657,70.04875],[83.46419,69.97614],[83.5509,69.89144],[83.79058,69.78954],[84.18332,69.67042],[84.48717,69.64696],[84.70204,69.71926],[84.90575,69.76618],[85.0983,69.78773],[85.41306,69.72133],[85.85009,69.56697],[85.95318,69.48951],[85.96295,69.38217],[85.9922,69.29432],[86.02481,69.18715],[86.05075,69.1187],[86.01173,69.03088],[85.95478,68.93311],[85.99153,68.84066],[86.1926,68.73986],[86.24779,68.70035]]},"properties":{"sw":1,"scalerank":4,"name":"Yenisey","featurecla":"River","na":0,"cl":"Yenisey#0"}},{"type":"Feature","geometry":{"type":"LineString","coordinates":[[83.77735,57.69917],[83.81647,57.64118],[83.83254,57.57956],[83.90705,57.50644],[83.94292,57.4414],[83.94013,57.38446],[83.95832,57.33939],[83.99738,57.30617],[84.10456,57.27743],[84.27974,57.25315],[84.34351,57.21046],[84.35127,57.16318],[84.3756,57.13703],[84.40609,57.10915],[84.4139,57.06727],[84.40677,57.01084],[84.43632,56.91069]]},"properties":{"sw":0.3,"scalerank":2,"name":"Ob","featurecla":"River","na":0,"cl":"Ob#0"}},{"type":"Feature","geometry":{"type":"LineString","coordinates":[[79.18269,59.64716],[79.28263,59.55763],[79.38759,59.51699],[79.53094,59.49534],[79.62328,59.4604],[79.66473,59.41208],[79.77924,59.4017],[79.96683,59.42919],[80.09318,59.42361],[80.15819,59.38495],[80.17157,59.34945],[80.13323,59.31715],[80.15204,59.28899],[80.2279,59.26501],[80.29513,59.27256],[80.35373,59.31163],[80.41114,59.33018],[80.46726,59.32829],[80.5023,59.29933],[80.51615,59.24331],[80.6162,59.17954],[80.80244,59.10802],[80.97313,59.09143],[81.12826,59.12978],[81.25647,59.11784],[81.35775,59.05567],[81.41067,59.00405],[81.41522,58.96302],[81.44436,58.94472],[81.47831,58.93651],[81.49594,58.91364],[81.50529,58.88597],[81.53485,58.84824],[81.56813,58.83088],[81.5734,58.79739],[81.54167,58.74523],[81.55443,58.7182],[81.64776,58.70099],[81.70424,58.70748],[81.7354,58.72347],[81.77535,58.73585],[81.85834,58.70192],[81.90247,58.66009],[81.90774,58.61032],[81.96464,58.58511],[82.07306,58.58438],[82.17217,58.54924],[82.26188,58.47969],[82.33867,58.43902],[82.40255,58.42729],[82.43448,58.4039],[82.43459,58.36889],[82.46259,58.35949],[82.51861,58.37553],[82.57484,58.36316],[82.63127,58.32233],[82.73426,58.30543],[82.88381,58.31254],[82.9281,58.28321],[82.93419,58.24022],[82.96096,58.1934],[83.03093,58.1504],[83.09718,58.12818],[83.15971,58.12674],[83.22353,58.05744],[83.28854,57.92034],[83.35071,57.8265],[83.41003,57.77603],[83.54976,57.74221],[83.70035,57.73048],[83.77735,57.69917]]},"properties":{"sw":0.35,"scalerank":2,"name":"Ob","featurecla":"River","na":0,"cl":"Ob#0"}},{"type":"Feature","geometry":{"type":"LineString","coordinates":[[74.86843,61.16019],[75.33337,61.12366],[75.5347,61.0824],[75.6274,61.02429],[75.71365,61.01013],[75.79354,61.03997],[75.88708,61.04976],[75.99436,61.03953],[76.13456,60.99974],[76.30767,60.93039],[76.43506,60.90548],[76.5166,60.92512],[76.62621,60.89649],[76.76377,60.8196],[76.96019,60.74549],[77.21537,60.67426],[77.39918,60.64883],[77.51153,60.66924],[77.60232,60.66209],[77.67167,60.62741],[77.71384,60.58597],[77.72883,60.53786],[77.80717,60.48313],[77.94866,60.42179],[78.11082,60.39569],[78.29344,60.40474],[78.34093,60.37135],[78.34533,60.33167],[78.38853,60.30443],[78.43721,60.29177],[78.48113,60.24366],[78.56299,60.19633],[78.68288,60.14987],[78.78535,60.13253],[78.83589,60.14052],[78.87139,60.11643],[78.87599,60.08437],[78.90922,60.06489],[78.96193,60.05455],[78.97914,60.01902],[78.95862,59.98084],[78.9518,59.93334],[78.97919,59.88399],[79.03851,59.84121],[79.12988,59.80498],[79.16585,59.76591],[79.14652,59.72395],[79.14828,59.68902],[79.18269,59.64716]]},"properties":{"sw":0.4,"scalerank":2,"name":"Ob","featurecla":"River","na":0,"cl":"Ob#0"}},{"type":"Feature","geometry":{"type":"LineString","coordinates":[[71.69467,61.26903],[72.04442,61.25497],[72.22281,61.26445],[72.34652,61.29285],[72.466,61.2884],[72.58134,61.2512],[72.67839,61.24267],[72.75704,61.26282],[72.90669,61.26344],[73.23742,61.23513]]},"properties":{"sw":0.5,"scalerank":2,"name":"Ob","featurecla":"River","na":0,"cl":"Ob#0"}},{"type":"Feature","geometry":{"type":"LineString","coordinates":[[73.23742,61.23513],[73.56624,61.19642],[73.71036,61.1959],[73.7793,61.22063],[73.87661,61.21435],[74.00218,61.17704],[74.11757,61.17464],[74.22289,61.20714],[74.31358,61.20066],[74.38453,61.16841],[74.42918,61.16841],[74.44903,61.18908],[74.51455,61.21316],[74.64529,61.21544],[74.75009,61.20247],[74.86843,61.16019]]},"properties":{"sw":0.4,"scalerank":2,"name":"Ob","featurecla":"River","na":0,"cl":"Ob#0"}},{"type":"Feature","geometry":{"type":"LineString","coordinates":[[68.85691,61.12402],[69.0105,61.19771],[69.10398,61.21342],[69.18862,61.19559],[69.29001,61.215],[69.40815,61.27158],[69.57801,61.28365],[69.7996,61.25125],[70.02124,61.25156],[70.35377,61.30122]]},"properties":{"sw":0.65,"scalerank":2,"name":"Ob","featurecla":"River","na":0,"cl":"Ob#0"}},{"type":"Feature","geometry":{"type":"LineString","coordinates":[[70.35377,61.30122],[70.78434,61.30406],[70.97895,61.29755],[71.08096,61.28262],[71.15445,61.25089],[71.19941,61.20236],[71.25749,61.19539],[71.32891,61.23006],[71.44709,61.2528],[71.69467,61.26903]]},"properties":{"sw":0.55,"scalerank":2,"name":"Ob","featurecla":"River","na":0,"cl":"Ob#0"}},{"type":"Feature","geometry":{"type":"LineString","coordinates":[[83.02535,54.84521],[82.31242,54.49086],[82.00397,54.35836],[81.86227,54.3296],[81.74052,54.26894],[81.63867,54.17633],[81.52208,54.10409],[81.39062,54.05226],[81.32716,53.99115],[81.33408,53.88563]]},"properties":{"sw":0.3,"scalerank":2,"name":"Ob","featurecla":"Lake Centerline","na":0,"cl":"Ob#0"}},{"type":"Feature","geometry":{"type":"LineString","coordinates":[[85.05623,52.4336],[84.58908,52.42187],[84.34734,52.39256],[84.17536,52.34187],[84.00328,52.33159],[83.83119,52.36177],[83.7281,52.41427],[83.6941,52.48902],[83.68257,52.59219],[83.6989,52.78949]]},"properties":{"sw":0.25,"scalerank":2,"name":"Ob","featurecla":"River","na":0,"cl":"Ob#0"}},{"type":"Feature","geometry":{"type":"LineString","coordinates":[[83.6989,52.78949],[83.65751,52.9615],[83.65751,53.04033],[83.6851,53.08332],[83.81719,53.10942],[83.86024,53.17471],[83.84856,53.19934],[83.8376,53.35328],[83.71192,53.41881],[83.49271,53.42878],[83.33153,53.45671],[83.22849,53.50265],[83.12808,53.50505],[83.03021,53.46387],[82.89694,53.43736],[82.72816,53.42542],[82.58062,53.44594],[82.45443,53.49885],[82.38756,53.5451],[82.38002,53.58469],[82.32989,53.63084],[82.23698,53.68365],[82.11362,53.71796],[81.95973,53.73372],[81.86708,53.75755],[81.83555,53.78943],[81.72703,53.79961],[81.54151,53.78814],[81.42007,53.80824],[81.33408,53.88563]]},"properties":{"sw":0.3,"scalerank":2,"name":"Ob","featurecla":"River","na":0,"cl":"Ob#0"}},{"type":"Feature","geometry":{"type":"LineString","coordinates":[[84.43632,56.91069],[84.40139,56.79245],[84.30796,56.69034],[84.14446,56.56497],[84.06394,56.45785],[84.06632,56.36896],[84.05397,56.31393],[84.02679,56.29282],[84.01687,56.2639],[84.0242,56.22721],[83.99356,56.1797],[83.92504,56.12136],[83.88675,56.03795],[83.87879,55.92945],[83.81936,55.83277],[83.70846,55.74776],[83.65022,55.67991],[83.64474,55.62921],[83.5356,55.56105],[83.32301,55.47548],[83.15552,55.43646],[83.03326,55.44408],[82.94406,55.4331],[82.88794,55.40354],[82.86898,55.34024],[82.88727,55.24319],[82.87673,55.17291],[82.83746,55.12935],[82.87906,55.06527],[83.00153,54.98068],[83.05341,54.91507],[83.02535,54.84521]]},"properties":{"sw":0.3,"scalerank":2,"name":"Ob","featurecla":"River","na":0,"cl":"Ob#0"}},{"type":"Feature","geometry":{"type":"LineString","coordinates":[[-49.68725,-3.83475],[-49.63926,-4.21106],[-49.5463,-4.54623],[-49.39238,-4.96564],[-49.28014,-5.21792],[-49.20963,-5.30309],[-49.11506,-5.33492],[-48.93721,-5.30288]]},"properties":{"sw":0.35,"scalerank":4,"name":"Tocantins","featurecla":"Lake Centerline","na":0,"cl":"Tocantins#0"}},{"type":"Feature","geometry":{"type":"LineString","coordinates":[[-49.68725,-3.83475],[-49.64898,-3.36098],[-49.66024,-3.09113],[-49.7083,-2.86742],[-49.71683,-2.7358],[-49.67043,-2.67648],[-49.63433,-2.65263]]},"properties":{"sw":0.35,"scalerank":4,"name":"Tocantins","featurecla":"River","na":0,"cl":"Tocantins#0"}},{"type":"Feature","geometry":{"type":"LineString","coordinates":[[30.50763,51.21731],[30.47771,50.90434],[30.47946,50.74915],[30.51465,50.5966]]},"properties":{"sw":0.35,"scalerank":4,"name":"Dnieper","featurecla":"Lake Centerline","na":0,"cl":"Dnieper#0"}},{"type":"Feature","geometry":{"type":"LineString","coordinates":[[33.19397,49.0939],[32.88448,49.2249],[32.60285,49.30221],[31.88646,49.5547]]},"properties":{"sw":0.4,"scalerank":4,"name":"Dnieper","featurecla":"Lake Centerline","na":0,"cl":"Dnieper#0"}},{"type":"Feature","geometry":{"type":"LineString","coordinates":[[31.43987,50.0001],[31.47966,49.93287],[31.48648,49.87137],[31.46736,49.75417]]},"properties":{"sw":0.4,"scalerank":4,"name":"Dnieper","featurecla":"Lake Centerline","na":0,"cl":"Dnieper#0"}},{"type":"Feature","geometry":{"type":"LineString","coordinates":[[33.5399,46.83125],[33.60646,46.86877],[33.66159,46.95698],[33.73875,47.04958],[33.85874,47.14922],[33.97584,47.30722],[33.99754,47.41124],[34.1549,47.48956],[34.4479,47.54221],[34.7115,47.55255],[34.94581,47.52067],[35.08797,47.52754],[35.13809,47.57327],[35.14879,47.65748],[35.10569,47.84158]]},"properties":{"sw":0.4,"scalerank":4,"name":"Dnieper","featurecla":"Lake Centerline","na":0,"cl":"Dnieper#0"}},{"type":"Feature","geometry":{"type":"LineString","coordinates":[[33.39065,54.91722],[33.10928,54.98579],[32.97792,55.00114],[32.90278,54.98615],[32.82283,54.95789],[32.73808,54.91629],[32.68703,54.87097],[32.66977,54.82193],[32.61127,54.76294],[32.51154,54.69405],[32.38162,54.69485],[32.22142,54.76539],[32.00557,54.77712],[31.59831,54.70669]]},"properties":{"sw":0.2,"scalerank":4,"name":"Dnieper","featurecla":"River","na":0,"cl":"Dnieper#0"}},{"type":"Feature","geometry":{"type":"LineString","coordinates":[[31.59831,54.70669],[30.97375,54.65514],[30.71764,54.61341],[30.62173,54.56437],[30.55212,54.54422],[30.50882,54.553],[30.46256,54.53659],[30.41327,54.49497],[30.36025,54.42479],[30.3035,54.32604],[30.31839,54.1847],[30.40489,54.00084],[30.40665,53.89901],[30.32356,53.87924],[30.27513,53.80155],[30.26139,53.66598],[30.28366,53.52283],[30.3712,53.29659]]},"properties":{"sw":0.25,"scalerank":4,"name":"Dnieper","featurecla":"River","na":0,"cl":"Dnieper#0"}},{"type":"Feature","geometry":{"type":"LineString","coordinates":[[30.3712,53.29659],[30.27901,53.2505],[30.2603,53.20598],[30.28418,53.14763],[30.25147,53.12017],[30.16207,53.12358],[30.0908,53.10061],[30.03758,53.05123],[30.03427,52.954],[30.08088,52.80884],[30.14341,52.71017],[30.22206,52.65792],[30.25808,52.60622],[30.25157,52.55501],[30.27942,52.50708],[30.34154,52.46238],[30.36546,52.42982],[30.3511,52.40931],[30.39699,52.37996],[30.50313,52.34179],[30.54582,52.3058],[30.52504,52.27195],[30.5839,52.19661],[30.72229,52.07977],[30.79619,51.99569],[30.80539,51.94432],[30.77293,51.89389],[30.69862,51.84438],[30.62483,51.76573],[30.55134,51.65788],[30.54726,51.54492],[30.61248,51.42678],[30.61072,51.33012],[30.50763,51.21731]]},"properties":{"sw":0.3,"scalerank":4,"name":"Dnieper","featurecla":"River","na":0,"cl":"Dnieper#0"}},{"type":"Feature","geometry":{"type":"LineString","coordinates":[[31.43987,50.0001],[31.24433,49.97891],[31.07121,50.0232],[30.85551,50.12578],[30.70668,50.222],[30.62483,50.31181],[30.56659,50.41666],[30.51465,50.5966]]},"properties":{"sw":0.35,"scalerank":4,"name":"Dnieper","featurecla":"River","na":0,"cl":"Dnieper#0"}},{"type":"Feature","geometry":{"type":"LineString","coordinates":[[31.88801,49.55444],[31.69066,49.63614],[31.4624,49.7567]]},"properties":{"sw":0.4,"scalerank":4,"name":"Dnieper","featurecla":"River","na":0,"cl":"Dnieper#0"}},{"type":"Feature","geometry":{"type":"LineString","coordinates":[[35.10528,47.84013],[35.12993,47.97198],[35.11763,48.03758],[35.0766,48.08089],[35.08719,48.10833],[35.14941,48.11996],[35.18491,48.15003],[35.1937,48.19861],[35.16956,48.27984],[35.11262,48.39371],[34.95883,48.47707],[34.81858,48.49216],[34.7082,48.52991],[34.41013,48.64018],[34.22538,48.73641],[34.06462,48.80782],[33.71735,48.94221],[33.5076,49.00807],[33.36306,49.0654],[33.19397,49.0939]]},"properties":{"sw":0.4,"scalerank":4,"name":"Dnieper","featurecla":"River","na":0,"cl":"Dnieper#0"}},{"type":"Feature","geometry":{"type":"LineString","coordinates":[[33.23697,46.77746],[33.35691,46.78588],[33.45127,46.8088],[33.5399,46.83125]]},"properties":{"sw":0.4,"scalerank":4,"name":"Dnieper","featurecla":"River","na":0,"cl":"Dnieper#0"}},{"type":"Feature","geometry":{"type":"LineString","coordinates":[[33.23697,46.77746],[33.06664,46.75875],[32.93368,46.71728],[32.64548,46.64961],[32.57799,46.6156]]},"properties":{"sw":0.45,"scalerank":4,"name":"Dnieper","featurecla":"River","na":0,"cl":"Dnieper#0"}},{"type":"Feature","geometry":{"type":"LineString","coordinates":[[-117.13248,52.01403],[-117.01091,52.07674],[-116.93722,52.0716],[-116.83772,51.99342]]},"properties":{"sw":0.15,"scalerank":4,"name":"Saskatchewan","featurecla":"River","na":1,"cl":"Saskatchewan#0"}},{"type":"Feature","geometry":{"type":"LineString","coordinates":[[-116.83772,51.99342],[-116.53407,52.02158],[-116.43808,52.07946],[-116.44847,52.17635],[-116.38969,52.27606],[-116.26171,52.37853],[-116.05319,52.43747],[-115.76412,52.45282],[-115.5756,52.44],[-115.48757,52.39908],[-115.39835,52.38698],[-115.30797,52.40373],[-115.21105,52.3929],[-115.10762,52.3545],[-115.02892,52.34461],[-114.97494,52.36321],[-114.98437,52.46284],[-115.05729,52.64351],[-115.11113,52.73999],[-115.14602,52.75228],[-115.16421,52.78497],[-115.16576,52.83804],[-115.18379,52.87481],[-115.21821,52.89532],[-115.22746,52.94028],[-115.21146,53.00968],[-115.15943,53.05002],[-115.07129,53.06121],[-115.01401,53.08291],[-114.97432,53.13118]]},"properties":{"sw":0.2,"scalerank":4,"name":"Saskatchewan","featurecla":"River","na":1,"cl":"Saskatchewan#0"}},{"type":"Feature","geometry":{"type":"LineString","coordinates":[[-114.97432,53.13118],[-114.84056,53.27571],[-114.72945,53.32062],[-114.59644,53.31403],[-114.48259,53.33793],[-114.38803,53.3923],[-114.26188,53.39566],[-114.10427,53.34809],[-113.94666,53.33282],[-113.78907,53.34987],[-113.6906,53.3892],[-113.65127,53.45077],[-113.56924,53.49968],[-113.44452,53.53601],[-113.30582,53.62848],[-113.15306,53.77716],[-113.02423,53.87645],[-112.91933,53.92642],[-112.85587,53.9751],[-112.83391,54.02259],[-112.73185,54.03184],[-112.54964,54.00298],[-112.41001,54.00611],[-112.31291,54.0413],[-112.19294,54.0219],[-112.05011,53.94795],[-111.91978,53.90782],[-111.80196,53.90157],[-111.73744,53.86968],[-111.72628,53.81217],[-111.57763,53.77393],[-111.29155,53.75496],[-111.09427,53.77202],[-110.9858,53.82498],[-110.85827,53.85077],[-110.71166,53.84937],[-110.56252,53.80142],[-110.4109,53.7069],[-110.30174,53.66835],[-110.235,53.68577],[-110.12332,53.66078],[-109.96664,53.59345],[-109.82624,53.56412],[-109.70201,53.5728],[-109.61255,53.54872],[-109.55778,53.49188],[-109.53452,53.45167],[-109.54277,53.42821],[-109.48192,53.40868],[-109.352,53.39315],[-109.23645,53.35969],[-109.13522,53.30832],[-109.02218,53.21582],[-108.89733,53.08224],[-108.70966,52.97088],[-108.45924,52.88184],[-108.34343,52.81853],[-108.36235,52.78107],[-108.3608,52.75528],[-108.3278,52.73425]]},"properties":{"sw":0.2,"scalerank":4,"name":"Saskatchewan","featurecla":"River","na":1,"cl":"Saskatchewan#0"}},{"type":"Feature","geometry":{"type":"LineString","coordinates":[[-108.334,52.73425],[-108.10311,52.61136],[-107.9855,52.56687],[-107.90421,52.55984],[-107.74667,52.50222],[-107.51289,52.39406],[-107.3575,52.33794],[-107.28055,52.33391],[-107.18035,52.34342],[-107.05687,52.36647],[-106.96163,52.44145],[-106.89463,52.56837],[-106.69149,52.76412],[-106.35229,53.02875],[-106.15008,53.17102],[-106.08494,53.19102],[-106.03357,53.18533],[-105.99603,53.15397],[-105.8795,53.16252],[-105.68396,53.21094],[-105.45591,53.23644],[-105.06508,53.24039]]},"properties":{"sw":0.25,"scalerank":4,"name":"Saskatchewan","featurecla":"River","na":1,"cl":"Saskatchewan#0"}},{"type":"Feature","geometry":{"type":"LineString","coordinates":[[-12.08825,10.5901],[-12.00585,10.52866],[-11.93045,10.52184],[-11.83454,10.54912],[-11.77506,10.61881],[-11.75202,10.73084],[-11.72809,10.79247],[-11.69101,10.80921]]},"properties":{"sw":0.15,"scalerank":4,"name":"Bafing","featurecla":"River","na":0,"cl":"Bafing#0"}},{"type":"Feature","geometry":{"type":"LineString","coordinates":[[-11.69101,10.80921],[-11.62117,10.812],[-11.60241,10.86352],[-11.6114,10.96471],[-11.58014,11.07271],[-11.50867,11.18761],[-11.44348,11.25107],[-11.38465,11.26311],[-11.30295,11.31693],[-11.19835,11.41253],[-11.12805,11.49816],[-11.09206,11.57392],[-11.05893,11.59955],[-11.02875,11.57506],[-10.96548,11.57369],[-10.86918,11.59544],[-10.74381,11.7343],[-10.5895,11.99028],[-10.46582,12.13869],[-10.37277,12.17954],[-10.34084,12.23062],[-10.37006,12.29191],[-10.34536,12.39495],[-10.26676,12.53975],[-10.23834,12.63595],[-10.26007,12.68352],[-10.25247,12.72455],[-10.21549,12.75896],[-10.22263,12.79682],[-10.27381,12.83808],[-10.29366,12.88304],[-10.28218,12.93161],[-10.292,12.9574],[-10.32303,12.96045],[-10.35195,13.02078],[-10.37871,13.13847],[-10.42977,13.21196],[-10.50506,13.24131],[-10.60906,13.25573],[-10.74172,13.25524],[-10.80404,13.29748],[-10.79603,13.38244],[-10.77244,13.42722],[-10.73771,13.43758],[-10.7344,13.45411],[-10.75345,13.50282],[-10.83295,13.6402],[-10.86732,13.73513],[-10.87305,13.75136],[-10.89243,13.77787]]},"properties":{"sw":0.2,"scalerank":4,"name":"Bafing","featurecla":"River","na":0,"cl":"Bafing#0"}},{"type":"Feature","geometry":{"type":"LineString","coordinates":[[13.52417,7.77746],[13.67351,7.85451],[13.71708,7.92226],[13.70457,8.00633],[13.73625,8.07093],[13.85004,8.13847]]},"properties":{"sw":0.15,"scalerank":4,"name":"Benue","featurecla":"River","na":0,"cl":"Benue#0"}},{"type":"Feature","geometry":{"type":"LineString","coordinates":[[13.85004,8.13847],[13.9599,8.24038],[13.99752,8.31234],[13.99949,8.38838],[13.97706,8.45302],[13.93014,8.50625],[13.92657,8.59738],[13.96636,8.72644],[13.9245,8.8331],[13.801,8.91741],[13.68116,9.05446],[13.56499,9.24424],[13.47518,9.31421],[13.41162,9.2644],[13.31906,9.226],[13.19742,9.19897],[13.08419,9.2228],[12.92694,9.33473]]},"properties":{"sw":0.2,"scalerank":4,"name":"Benue","featurecla":"River","na":0,"cl":"Benue#0"}},{"type":"Feature","geometry":{"type":"LineString","coordinates":[[12.92694,9.33473],[12.8208,9.37504],[12.71724,9.35126],[12.58092,9.27675],[12.45581,9.30734],[12.34181,9.44304],[12.19464,9.5058],[11.92406,9.49056]]},"properties":{"sw":0.2,"scalerank":4,"name":"Benue","featurecla":"River","na":0,"cl":"Benue#0"}},{"type":"Feature","geometry":{"type":"LineString","coordinates":[[39.64309,38.41559],[40.01847,38.34774]]},"properties":{"sw":0.15,"scalerank":4,"name":"Tigris","featurecla":"River","na":0,"cl":"Tigris#0"}},{"type":"Feature","geometry":{"type":"LineString","coordinates":[[40.01847,38.34774],[40.02436,38.30562],[40.06756,38.26872],[40.14993,38.22304],[40.17825,38.17863],[40.15252,38.1355],[40.17143,38.1063],[40.23499,38.09111],[40.26186,38.02326],[40.25194,37.90275],[40.42738,37.83201],[40.96859,37.80048]]},"properties":{"sw":0.2,"scalerank":4,"name":"Tigris","featurecla":"River","na":0,"cl":"Tigris#0"}},{"type":"Feature","geometry":{"type":"LineString","coordinates":[[40.96859,37.80048],[41.15535,37.75733],[41.35828,37.74405],[41.63971,37.74635],[41.80048,37.70881],[41.84047,37.6315],[41.85386,37.55559],[41.84053,37.48112],[41.88233,37.44084],[41.97928,37.4348],[42.09369,37.39516],[42.22567,37.32193],[42.31285,37.22961],[42.37657,37.06249]]},"properties":{"sw":0.25,"scalerank":4,"name":"Tigris","featurecla":"River","na":0,"cl":"Tigris#0"}},{"type":"Feature","geometry":{"type":"LineString","coordinates":[[33.73534,55.8737],[33.81771,55.82667],[33.82608,55.80197],[33.78774,55.78393],[33.80303,55.76409],[33.87187,55.74249],[33.89099,55.71303],[33.8452,55.65707]]},"properties":{"sw":0.15,"scalerank":4,"name":"Dnieper","featurecla":"River","na":0,"cl":"Dnieper#0"}},{"type":"Feature","geometry":{"type":"LineString","coordinates":[[33.8452,55.65707],[33.76789,55.56979],[33.70206,55.54581],[33.62186,55.55604],[33.58454,55.49821],[33.59013,55.37233],[33.56992,55.28722],[33.52393,55.24283],[33.47334,55.1448],[33.39065,54.91722]]},"properties":{"sw":0.2,"scalerank":4,"name":"Dnieper","featurecla":"River","na":0,"cl":"Dnieper#0"}},{"type":"Feature","geometry":{"type":"LineString","coordinates":[[58.88987,62.05709],[59.07601,62.0219],[59.17523,62.022],[59.28696,62.0575]]},"properties":{"sw":0.15,"scalerank":4,"name":"Pechora","featurecla":"River","na":0,"cl":"Pechora#0"}},{"type":"Feature","geometry":{"type":"LineString","coordinates":[[56.10317,62.98985],[56.20094,62.8842],[56.22657,62.8171],[56.21283,62.75333],[56.25737,62.7147],[56.36031,62.70121],[56.48299,62.66142],[56.62541,62.59533],[56.70649,62.48947],[56.72623,62.34379],[56.69952,62.23393],[56.64386,62.17755],[56.63017,62.15977],[56.63115,62.12995],[56.64092,62.10024],[56.66644,62.08246],[56.72928,62.04944],[56.796,61.98428],[56.83641,61.90284],[56.85062,61.84579],[56.84194,61.81561],[56.85739,61.80256],[56.88204,61.79654],[56.96193,61.76305],[57.00932,61.72778],[57.22868,61.69882],[57.41193,61.72011],[57.61729,61.78331],[57.75599,61.81209],[57.82782,61.80636],[57.87893,61.83992],[57.90921,61.91273],[58.0275,61.98828],[58.23379,62.06657],[58.4377,62.07321],[58.63914,62.00815],[58.77743,61.99601],[58.88987,62.05709]]},"properties":{"sw":0.2,"scalerank":4,"name":"Pechora","featurecla":"River","na":0,"cl":"Pechora#0"}},{"type":"Feature","geometry":{"type":"LineString","coordinates":[[55.02902,65.87784],[55.09269,65.9097],[55.13289,65.96848],[55.17093,66.0647],[55.26394,66.14185],[55.41184,66.19986],[55.76252,66.30159],[55.99754,66.32567],[56.28331,66.32541],[56.49116,66.25735],[56.62117,66.1216],[56.73569,66.03251],[56.80561,66.00259],[56.83739,65.97075],[56.83387,65.91179],[56.77651,65.84683],[56.74422,65.78906],[56.77744,65.68281],[56.96741,65.56768],[57.04699,65.4205],[57.01609,65.24134],[57.06797,65.14693],[57.20253,65.13737],[57.26527,65.10835],[57.25628,65.05996],[57.30124,65.03365],[57.40035,65.02942],[57.50262,64.98756],[57.60814,64.90798],[57.72193,64.84736],[57.84399,64.80571],[57.87929,64.74039],[57.82772,64.6513],[57.80725,64.579],[57.80534,64.53472],[57.79304,64.49596],[57.78669,64.47405],[57.78281,64.44291],[57.77268,64.41106],[57.72958,64.39674],[57.71578,64.37284],[57.67269,64.33959],[57.63827,64.32517],[57.6238,64.28956],[57.57915,64.25809],[57.56499,64.2314],[57.55884,64.19748],[57.58106,64.16048],[57.57734,64.12345],[57.60277,64.08994],[57.5837,64.05178],[57.525,64.01713],[57.51135,63.98643],[57.50655,63.94194],[57.46955,63.91233],[57.33601,63.88995],[56.944,63.83931],[56.71171,63.76298],[56.63905,63.66097],[56.55596,63.58919],[56.50439,63.56635],[56.46677,63.53855],[56.47788,63.50152],[56.52971,63.4645],[56.54082,63.44228],[56.5186,63.42747],[56.47043,63.41636],[56.44454,63.38306],[56.44082,63.34973],[56.41865,63.31272],[56.37049,63.30531],[56.29153,63.28975],[56.17361,63.22242],[56.05614,63.19578],[55.99289,63.22017],[55.95589,63.20906],[55.94106,63.19056],[55.93626,63.16018],[56.10317,62.98985]]},"properties":{"sw":0.25,"scalerank":4,"name":"Pechora","featurecla":"River","na":0,"cl":"Pechora#0"}},{"type":"Feature","geometry":{"type":"LineString","coordinates":[[52.62747,67.69912],[52.74332,67.7547],[53.10671,67.86426],[53.21472,67.9327],[53.08459,67.96521],[53.02729,68.01073],[53.04279,68.06918],[53.09338,68.11806],[53.17906,68.15734],[53.2266,68.19584],[53.24226,68.2418],[53.26242,68.27]]},"properties":{"sw":0.25,"scalerank":4,"name":"Pechora","featurecla":"River","na":0,"cl":"Pechora#0"}},{"type":"Feature","geometry":{"type":"LineString","coordinates":[[53.91364,68.2312],[53.74915,68.17512],[53.67231,68.12525],[53.62105,68.05652],[53.49454,67.98665],[53.19203,67.88015],[53.10671,67.86426]]},"properties":{"sw":0.25,"scalerank":4,"name":"Pechora","featurecla":"River","na":0,"cl":"Pechora#0"}},{"type":"Feature","geometry":{"type":"LineString","coordinates":[[52.28666,67.14536],[52.3805,67.11482],[52.39249,67.01358],[52.35373,66.83142],[52.37337,66.71042],[52.4513,66.65053],[52.48375,66.59896],[52.47083,66.55571],[52.47755,66.51418],[52.50411,66.47439],[52.49636,66.4377],[52.4543,66.40416],[52.4512,66.35378],[52.48685,66.28655],[52.50561,66.20562],[52.50737,66.11095],[52.52788,66.04899],[52.56706,66.01974],[52.50742,65.9597],[52.34888,65.86885],[52.23932,65.75873],[52.17866,65.62946],[52.15003,65.53202],[52.15344,65.46639],[52.32666,65.40815],[52.66989,65.35725],[52.95881,65.33214],[53.19353,65.3327],[53.40333,65.36089],[53.58823,65.41665],[53.82155,65.449],[54.10319,65.45792],[54.31465,65.51641],[54.45583,65.62452],[54.58781,65.68643],[54.7107,65.70217],[54.83632,65.75201],[55.02902,65.87784]]},"properties":{"sw":0.3,"scalerank":4,"name":"Pechora","featurecla":"River","na":0,"cl":"Pechora#0"}},{"type":"Feature","geometry":{"type":"LineString","coordinates":[[52.28666,67.14536],[52.16868,67.25972],[52.13153,67.31806],[52.13597,67.35847],[52.17018,67.39583],[52.23416,67.4302],[52.23085,67.45593],[52.16016,67.47319],[52.12584,67.50694],[52.12791,67.55717],[52.24697,67.61406],[52.48303,67.67768],[52.62747,67.69912],[52.68028,67.6784],[52.81267,67.67323],[53.02465,67.68362],[53.18418,67.73375],[53.29135,67.82361],[53.51382,67.91087],[53.85168,67.99549],[54.06712,68.08065],[54.20665,68.20925],[54.2329,68.26631]]},"properties":{"sw":0.35,"scalerank":4,"name":"Pechora","featurecla":"River","na":0,"cl":"Pechora#0"}},{"type":"Feature","geometry":{"type":"LineString","coordinates":[[-46.49891,-20.32145],[-46.32179,-20.3523]]},"properties":{"sw":0.15,"scalerank":4,"name":"Indai\u00e1","featurecla":"River","na":0,"cl":"Indai\u00e1#0"}},{"type":"Feature","geometry":{"type":"LineString","coordinates":[[-46.32179,-20.3523],[-46.0969,-20.34765],[-46.00161,-20.33669],[-45.96094,-20.31778],[-45.94729,-20.29644],[-45.96063,-20.27251],[-45.94339,-20.23137],[-45.89562,-20.17308],[-45.81914,-20.14042],[-45.71403,-20.1335],[-45.64044,-20.06849],[-45.59848,-19.9454],[-45.55357,-19.86974],[-45.50572,-19.84142],[-45.49208,-19.80029],[-45.51259,-19.74634],[-45.49616,-19.68831],[-45.44272,-19.62619],[-45.39482,-19.52449],[-45.35237,-19.38321],[-45.28134,-19.28394],[-45.18166,-19.22668],[-45.12106,-19.16126],[-45.08872,-19.05088]]},"properties":{"sw":0.2,"scalerank":4,"name":"Indai\u00e1","featurecla":"River","na":0,"cl":"Indai\u00e1#0"}},{"type":"Feature","geometry":{"type":"LineString","coordinates":[[145.60561,61.89927],[145.21597,61.85586]]},"properties":{"sw":0.15,"scalerank":4,"name":"Kolyma","featurecla":"River","na":0,"cl":"Kolyma#0"}},{"type":"Feature","geometry":{"type":"LineString","coordinates":[[148.62248,61.91322],[148.66259,61.97968],[148.62517,62.03678],[148.52378,62.10675],[148.39666,62.11936],[148.2438,62.07471],[148.11988,62.09476],[148.02495,62.17956],[147.92366,62.2291],[147.81613,62.24328],[147.7475,62.26648],[147.71794,62.29852],[147.62358,62.32012],[147.46431,62.33121],[147.34158,62.27129],[147.25528,62.14029],[147.25962,62.04484],[147.3546,61.98485],[147.41238,61.8725],[147.43289,61.70776],[147.37057,61.59025],[147.22526,61.52002],[147.11917,61.49731],[147.0523,61.52206],[146.94992,61.50762],[146.81205,61.45398],[146.65749,61.4546],[146.48623,61.50945],[146.34355,61.59009],[146.22956,61.69654],[146.09602,61.77964],[145.94316,61.83943],[145.80136,61.87679],[145.60561,61.89927]]},"properties":{"sw":0.2,"scalerank":4,"name":"Kolyma","featurecla":"River","na":0,"cl":"Kolyma#0"}},{"type":"Feature","geometry":{"type":"LineString","coordinates":[[151.10533,66.23477],[151.08006,66.22293],[151.03691,66.16211],[150.944,66.13906],[150.79806,66.1493],[150.77315,66.12852],[150.78494,66.08806],[150.77651,66.06108],[150.75476,66.04031],[150.74406,65.98595],[150.76793,65.88662],[150.87299,65.78787],[151.05934,65.68963],[151.15008,65.62788],[151.14533,65.60261],[151.20972,65.53176],[151.34314,65.41539],[151.43906,65.34852],[151.49745,65.3311],[151.53414,65.30325],[151.54923,65.26496],[151.60566,65.2371],[151.70333,65.21974],[151.75759,65.19537],[151.76824,65.16401],[151.83702,65.11303],[151.96383,65.04244],[152.12723,64.97991],[152.32727,64.92544],[152.44711,64.87857],[152.4869,64.8393],[152.61056,64.81744],[152.81809,64.81305],[153.0218,64.77938],[153.22169,64.71649],[153.49278,64.70145],[153.83509,64.73429],[154.03063,64.67109],[154.07957,64.5119],[154.17512,64.40635],[154.31743,64.35442],[154.38286,64.29455],[154.37159,64.2267],[154.40988,64.20329],[154.49784,64.22432],[154.54192,64.21272],[154.54202,64.16843],[154.51742,64.12691],[154.46792,64.0881],[154.31459,64.03253],[154.05735,63.96013],[153.84067,63.91651],[153.66445,63.90168],[153.43697,63.81946],[153.15812,63.66996],[152.98186,63.54883],[152.90811,63.45608],[152.79753,63.3936],[152.64994,63.3614],[152.58328,63.31154],[152.59754,63.244],[152.58421,63.19421],[152.54318,63.16214],[152.52953,63.11842],[152.54338,63.06302],[152.52054,62.99988],[152.46122,62.92887],[152.45615,62.86996],[152.50535,62.82319],[152.46209,62.73581],[152.32639,62.60791],[152.26981,62.52533],[152.29244,62.48812],[152.2928,62.4581],[152.271,62.43531],[152.20149,62.42498],[152.08439,62.4272],[152.01453,62.47092],[151.99199,62.55608],[151.94202,62.56548],[151.86456,62.49918],[151.79779,62.46185],[151.74167,62.4535],[151.68183,62.48601],[151.61837,62.55936],[151.4097,62.61897],[151.05572,62.66491],[150.84473,62.67158],[150.77662,62.63902],[150.76313,62.59282],[150.80416,62.53298],[150.81651,62.44885],[150.80008,62.34051],[150.76571,62.25651],[150.71352,62.19693],[150.60117,62.1407],[150.42868,62.08779],[150.29158,62.07156],[150.18973,62.09208],[150.06431,62.07502],[149.91517,62.02045],[149.83037,61.97648],[149.80991,61.9432],[149.75187,61.91679],[149.65627,61.89736],[149.60594,61.85917],[149.60087,61.80225],[149.56589,61.74065],[149.50098,61.67432],[149.37898,61.66032],[149.19986,61.69851],[149.0267,61.70032],[148.85947,61.66575],[148.75777,61.65903],[148.7217,61.68021],[148.71814,61.70368],[148.74718,61.72941],[148.72687,61.78501],[148.62248,61.91322]]},"properties":{"sw":0.25,"scalerank":4,"name":"Kolyma","featurecla":"River","na":0,"cl":"Kolyma#0"}},{"type":"Feature","geometry":{"type":"LineString","coordinates":[[156.79335,67.98195],[156.66706,67.93942],[156.502,67.93709],[156.25592,67.96081],[156.1459,67.94386],[156.13241,67.91839],[156.1321,67.8741],[156.19995,67.81922],[156.33623,67.77519],[156.35411,67.75302],[156.34765,67.73576],[156.28186,67.71706],[156.25039,67.69215],[156.24677,67.67122],[156.2168,67.65721],[156.10089,67.63598],[155.80375,67.61045],[155.55477,67.61396],[155.35375,67.64647],[154.86479,67.6199],[154.08778,67.53428],[153.6444,67.46343],[153.53474,67.40741],[153.52007,67.34571],[153.60037,67.27837],[153.63541,67.23442],[153.62523,67.21391],[153.47335,67.18608],[153.17998,67.15094],[153.02459,67.10908],[153.00723,67.06056],[152.92181,67.01224],[152.76833,66.96418],[152.64038,66.89561],[152.53796,66.80641],[152.45522,66.7582],[152.39207,66.75091],[152.38515,66.73215],[152.43424,66.70187],[152.43941,66.67329],[152.40044,66.64653],[151.92078,66.50343],[151.77769,66.44706],[151.79826,66.4208],[151.76979,66.38246],[151.69237,66.33197],[151.65362,66.285],[151.65372,66.24149],[151.63439,66.23167],[151.59564,66.25557],[151.50903,66.25043],[151.37436,66.21629],[151.25447,66.21105],[151.14796,66.23498],[151.10533,66.23477]]},"properties":{"sw":0.3,"scalerank":4,"name":"Kolyma","featurecla":"River","na":0,"cl":"Kolyma#0"}},{"type":"Feature","geometry":{"type":"LineString","coordinates":[[158.66663,68.74113],[158.54911,68.78851],[158.44607,68.77105],[158.31822,68.70459],[158.17456,68.6664],[158.01483,68.65648],[157.9631,68.61612],[158.01943,68.54543],[157.95566,68.46001],[157.7719,68.35994],[157.67134,68.26493],[157.65387,68.17501],[157.43223,68.09303],[156.79335,67.98195]]},"properties":{"sw":0.35,"scalerank":4,"name":"Kolyma","featurecla":"River","na":0,"cl":"Kolyma#0"}},{"type":"Feature","geometry":{"type":"LineString","coordinates":[[158.66663,68.74113],[159.05931,68.77436],[159.15683,68.78255],[159.18954,68.768],[159.19228,68.73547],[159.17864,68.69351],[159.2146,68.66976],[159.39537,68.63191],[160.1269,68.54026],[160.55902,68.51194],[160.67947,68.54222],[160.85606,68.53833]]},"properties":{"sw":0.4,"scalerank":4,"name":"Kolyma","featurecla":"River","na":0,"cl":"Kolyma#0"}},{"type":"Feature","geometry":{"type":"LineString","coordinates":[[-76.50734,1.94267],[-76.28126,1.89609],[-76.17878,1.89751],[-76.09747,1.94833]]},"properties":{"sw":0.15,"scalerank":4,"name":"Magdalena","featurecla":"River","na":0,"cl":"Magdalena#0"}},{"type":"Feature","geometry":{"type":"LineString","coordinates":[[-76.09747,1.94833],[-75.79103,2.11791],[-75.69008,2.19832],[-75.69245,2.24612],[-75.66194,2.29722],[-75.59858,2.35169],[-75.57241,2.40109],[-75.58347,2.44554],[-75.5181,2.56997],[-75.3763,2.77446],[-75.29238,2.98127],[-75.26623,3.1904],[-75.15915,3.46111],[-74.97115,3.79339],[-74.85809,4.03779],[-74.82005,4.19427],[-74.82359,4.27426],[-74.86871,4.27778],[-74.86108,4.42169],[-74.77052,4.84805]]},"properties":{"sw":0.2,"scalerank":4,"name":"Magdalena","featurecla":"River","na":0,"cl":"Magdalena#0"}},{"type":"Feature","geometry":{"type":"LineString","coordinates":[[-74.77052,4.84805],[-74.75561,5.1887],[-74.72316,5.3674],[-74.66828,5.4977],[-74.64627,5.61511],[-74.65717,5.71963],[-74.64055,5.82931],[-74.59642,5.94413],[-74.57575,6.05513],[-74.57854,6.16231],[-74.53097,6.26473],[-74.433,6.36251],[-74.38465,6.46511],[-74.38592,6.57252],[-74.31709,6.66724],[-74.17818,6.74925],[-74.05348,6.84764],[-73.9431,6.96239],[-73.90024,7.07828],[-73.92491,7.19532],[-73.90683,7.38523],[-73.84606,7.64806],[-73.82983,7.84583],[-73.85817,7.97853],[-73.85169,8.07119],[-73.78965,8.15017]]},"properties":{"sw":0.25,"scalerank":4,"name":"Magdalena","featurecla":"River","na":0,"cl":"Magdalena#0"}},{"type":"Feature","geometry":{"type":"LineString","coordinates":[[-73.79647,8.15017],[-73.76523,8.32905],[-73.78415,8.53483],[-73.84285,8.82711],[-73.94248,8.99216],[-74.0831,9.02999],[-74.22272,9.10355],[-74.36148,9.2128],[-74.4563,9.2613],[-74.50731,9.24902],[-74.55873,9.2777],[-74.61061,9.34729],[-74.66303,9.39111],[-74.74241,9.41824]]},"properties":{"sw":0.3,"scalerank":4,"name":"Magdalena","featurecla":"River","na":0,"cl":"Magdalena#0"}},{"type":"Feature","geometry":{"type":"LineString","coordinates":[[-74.74241,9.41824],[-74.78553,9.44097],[-74.7953,9.49423],[-74.7861,9.58559],[-74.80564,9.69093],[-74.854,9.8102],[-74.85974,9.9087],[-74.8229,9.98642],[-74.84031,10.06034],[-74.91204,10.13049],[-74.8924,10.27545],[-74.78145,10.49517],[-74.72667,10.68353],[-74.72807,10.84058],[-74.76135,10.9723],[-74.84457,11.10972]]},"properties":{"sw":0.35,"scalerank":4,"name":"Magdalena","featurecla":"River","na":0,"cl":"Magdalena#0"}},{"type":"Feature","geometry":{"type":"LineString","coordinates":[[-70.80342,-36.52883],[-70.70038,-36.90932]]},"properties":{"sw":0.15,"scalerank":4,"name":"Negro","featurecla":"River","na":0,"cl":"Negro#0"}},{"type":"Feature","geometry":{"type":"LineString","coordinates":[[-70.70038,-36.90932],[-70.64832,-37.07691],[-70.64759,-37.14931],[-70.68082,-37.18228],[-70.69788,-37.22667],[-70.69881,-37.28243],[-70.67491,-37.32511],[-70.62623,-37.35472],[-70.5097,-37.37524],[-70.32531,-37.38661],[-70.19884,-37.41958],[-70.13024,-37.47415],[-70.07732,-37.53916],[-70.04009,-37.6146],[-69.99136,-37.65832],[-69.93115,-37.67047],[-69.88645,-37.76664],[-69.85731,-37.94699],[-69.80863,-38.07762],[-69.74041,-38.15855],[-69.69975,-38.24516],[-69.68662,-38.33735],[-69.60404,-38.43481],[-69.45211,-38.53754],[-69.32532,-38.5917],[-69.22373,-38.59728],[-69.10211,-38.54344],[-68.96051,-38.43016],[-68.84938,-38.37115],[-68.76869,-38.36639],[-68.60271,-38.44721],[-68.35138,-38.61361],[-68.17281,-38.76626],[-68.01403,-38.97473]]},"properties":{"sw":0.2,"scalerank":4,"name":"Negro","featurecla":"River","na":0,"cl":"Negro#0"}},{"type":"Feature","geometry":{"type":"LineString","coordinates":[[103.92165,25.87891],[103.85457,25.80116],[103.83566,25.72489],[103.84589,25.57384]]},"properties":{"sw":0.15,"scalerank":4,"name":"Nanpan","featurecla":"River","na":0,"cl":"Nanpan#0"}},{"type":"Feature","geometry":{"type":"LineString","coordinates":[[104.35294,24.56243],[104.53732,24.74118]]},"properties":{"sw":0.25,"scalerank":4,"name":"Nanpan","featurecla":"River","na":0,"cl":"Nanpan#0"}},{"type":"Feature","geometry":{"type":"LineString","coordinates":[[103.84589,25.57384],[103.88299,25.34145],[103.86677,25.21887],[103.80961,25.12854],[103.71272,25.04783],[103.48777,24.9391],[103.44757,24.93496],[103.41563,24.95527],[103.39217,24.99997],[103.32644,25.01279],[103.21854,24.99367],[103.16474,24.94372],[103.16505,24.863],[103.13151,24.77394],[103.06402,24.67658],[103.05281,24.60865],[103.09777,24.57013],[103.10485,24.51995],[103.07415,24.45815],[103.08046,24.32138],[103.14557,24.00381]]},"properties":{"sw":0.2,"scalerank":4,"name":"Nanpan","featurecla":"River","na":0,"cl":"Nanpan#0"}},{"type":"Feature","geometry":{"type":"LineString","coordinates":[[104.53732,24.74118],[104.68119,24.65881],[104.79994,24.67286],[104.94143,24.75588],[105.05625,24.85021],[105.14441,24.95589],[105.20808,24.99106],[105.24735,24.95579],[105.30792,24.93713],[105.38967,24.93507],[105.45003,24.90486],[105.48899,24.84655],[105.58263,24.7898],[105.73115,24.73461],[105.83305,24.71245],[105.88845,24.72325],[105.9422,24.70694],[105.99439,24.66353],[106.06508,24.68883],[106.15448,24.7828],[106.18818,24.86241],[106.16637,24.92768],[106.23065,24.97922],[106.38124,25.01708],[106.50898,25.07036],[106.61399,25.13909],[106.74246,25.18875],[106.87392,25.21521],[106.94363,25.22469]]},"properties":{"sw":0.25,"scalerank":4,"name":"Nanpan","featurecla":"River","na":0,"cl":"Nanpan#0"}},{"type":"Feature","geometry":{"type":"LineString","coordinates":[[103.14557,24.00381],[103.16929,23.87012],[103.19528,23.81782],[103.23161,23.80237],[103.26236,23.80968],[103.28758,23.83976],[103.37574,23.86325],[103.52674,23.8802],[103.61024,23.9159],[103.62626,23.97037],[103.61934,24.02011],[103.58968,24.06515],[103.59081,24.10959],[103.62275,24.15346],[103.67448,24.18488],[103.7459,24.20385],[103.82501,24.27046],[103.91183,24.38474],[103.98733,24.44174],[104.05151,24.44145],[104.15094,24.47158],[104.35294,24.56243]]},"properties":{"sw":0.25,"scalerank":4,"name":"Nanpan","featurecla":"River","na":0,"cl":"Nanpan#0"}},{"type":"Feature","geometry":{"type":"LineString","coordinates":[[4.70765,47.57787],[4.58425,47.73964],[4.55355,47.81248],[4.57433,47.85036],[4.56502,47.89147],[4.50591,47.95805]]},"properties":{"sw":0.15,"scalerank":4,"name":"Seine","featurecla":"River","na":0,"cl":"Seine#0"}},{"type":"Feature","geometry":{"type":"LineString","coordinates":[[4.50591,47.95805],[4.40839,48.08182],[4.32183,48.14528],[4.21362,48.18967],[4.09611,48.28375],[3.96919,48.42743],[3.8583,48.51663],[3.76342,48.55133],[3.56121,48.52572],[3.25167,48.43983],[3.0384,48.39307],[2.92151,48.38542],[2.81893,48.40929],[2.68669,48.49244]]},"properties":{"sw":0.2,"scalerank":4,"name":"Seine","featurecla":"River","na":0,"cl":"Seine#0"}},{"type":"Feature","geometry":{"type":"LineString","coordinates":[[2.68669,48.49244],[2.57305,48.53342],[2.49931,48.58153],[2.42769,48.65042],[2.40464,48.69941],[2.43027,48.7284],[2.43006,48.76565],[2.40392,48.81113],[2.35203,48.83387],[2.29633,48.85206],[2.26987,48.87521],[2.25002,48.90828],[2.21695,48.91159],[2.17334,48.90415],[2.14419,48.92812],[2.13758,48.94797],[2.11112,48.95789],[2.06161,48.95427],[2.00828,48.9606],[1.97593,48.99608],[1.90762,49.00595],[1.80333,48.99014],[1.71817,48.99174],[1.67455,49.01742],[1.66794,49.04719],[1.63487,49.06042],[1.58505,49.05204],[1.49689,49.08419],[1.39654,49.15974],[1.3537,49.21149],[1.31406,49.21917],[1.27861,49.21245]]},"properties":{"sw":0.25,"scalerank":4,"name":"Seine","featurecla":"River","na":0,"cl":"Seine#0"}},{"type":"Feature","geometry":{"type":"LineString","coordinates":[[1.27861,49.21245],[1.2443,49.22074],[1.2381,49.24415],[1.22807,49.28201],[1.1888,49.30658],[1.09247,49.31177],[1.05609,49.32831],[1.04286,49.35477],[1.02302,49.38122],[0.97217,49.37812],[0.92979,49.38967],[0.89734,49.42422],[0.85342,49.41476],[0.82809,49.42634],[0.78489,49.47052],[0.71875,49.48044],[0.65177,49.46044],[0.58511,49.45331],[0.49313,49.49362],[0.43926,49.47319]]},"properties":{"sw":0.3,"scalerank":4,"name":"Seine","featurecla":"River","na":0,"cl":"Seine#0"}},{"type":"Feature","geometry":{"type":"LineString","coordinates":[[17.61797,49.73939],[17.84695,49.65402],[17.94643,49.63707],[18.01578,49.67175]]},"properties":{"sw":0.15,"scalerank":4,"name":"Oder","featurecla":"River","na":0,"cl":"Oder#0"}},{"type":"Feature","geometry":{"type":"LineString","coordinates":[[18.01578,49.67175],[18.14166,49.72988],[18.22486,49.79474],[18.30734,49.88564],[18.31659,49.9724],[18.25261,50.05503],[18.23101,50.13746],[18.25179,50.21967],[18.18538,50.32101],[18.0319,50.44137],[17.95821,50.53216],[17.96431,50.59329],[17.93837,50.65647],[17.88039,50.72166],[17.76225,50.78047],[17.45023,50.88196],[17.36052,50.92759],[17.30001,50.97451],[17.26869,51.02273],[17.19361,51.06784],[17.01522,51.13099]]},"properties":{"sw":0.2,"scalerank":4,"name":"Oder","featurecla":"River","na":0,"cl":"Oder#0"}},{"type":"Feature","geometry":{"type":"LineString","coordinates":[[14.44556,53.27548],[14.58064,53.44516],[14.61826,53.52583],[14.6102,53.58446],[14.5835,53.63936]]},"properties":{"sw":0.2,"scalerank":4,"name":"Oder","featurecla":"River","na":0,"cl":"Oder#0"}},{"type":"Feature","geometry":{"type":"LineString","coordinates":[[17.01522,51.13099],[16.86908,51.22876],[16.73803,51.25294],[16.57318,51.2361],[16.47468,51.24478],[16.44234,51.27899],[16.43965,51.31534],[16.46662,51.35382],[16.47412,51.42141],[16.46223,51.51804],[16.40766,51.59504],[16.31041,51.65245],[16.22312,51.677],[16.14582,51.66878],[16.02035,51.6909],[15.84661,51.74335],[15.76878,51.8112],[15.78666,51.89446],[15.75793,51.96089],[15.68248,52.01052],[15.42379,52.04576],[14.76089,52.07692]]},"properties":{"sw":0.25,"scalerank":4,"name":"Oder","featurecla":"River","na":0,"cl":"Oder#0"}},{"type":"Feature","geometry":{"type":"LineString","coordinates":[[14.76089,52.07692],[14.70461,52.1102],[14.69236,52.15005],[14.70539,52.20746],[14.67986,52.24999],[14.61568,52.27764],[14.57392,52.31417],[14.5546,52.35965],[14.56968,52.43109],[14.6194,52.5285],[14.51403,52.64562],[14.25368,52.78251],[14.12863,52.87822],[14.13886,52.93287],[14.19369,52.98235],[14.29322,53.02674],[14.36856,53.10554],[14.44556,53.27548]]},"properties":{"sw":0.3,"scalerank":4,"name":"Oder","featurecla":"River","na":0,"cl":"Oder#0"}},{"type":"Feature","geometry":{"type":"LineString","coordinates":[[-106.38076,39.22236],[-106.28581,39.07772]]},"properties":{"sw":0.15,"scalerank":4,"name":"Arkansas","featurecla":"River","na":1,"cl":"Arkansas#0"}},{"type":"Feature","geometry":{"type":"LineString","coordinates":[[-106.28581,39.07772],[-106.13535,38.80182],[-106.08657,38.67676],[-106.08936,38.61062],[-106.00456,38.52674],[-105.83224,38.4251],[-105.65411,38.39972],[-105.4702,38.45062],[-105.28308,38.4591],[-105.09278,38.4252],[-104.94036,38.37148],[-104.82584,38.29792],[-104.64924,38.26074],[-104.4106,38.25984],[-104.23722,38.23803],[-104.07506,38.17398]]},"properties":{"sw":0.2,"scalerank":4,"name":"Arkansas","featurecla":"River","na":1,"cl":"Arkansas#0"}},{"type":"Feature","geometry":{"type":"LineString","coordinates":[[-104.07506,38.17398],[-103.8326,38.13648],[-103.69914,38.09855],[-103.59388,38.04763],[-103.46748,38.04179],[-103.31994,38.08098],[-103.01707,38.10646],[-102.55888,38.11809],[-102.09539,38.06587],[-101.62661,37.94978],[-101.30394,37.91815],[-101.12739,37.97099],[-100.77607,37.935],[-99.98697,37.74772]]},"properties":{"sw":0.25,"scalerank":4,"name":"Arkansas","featurecla":"River","na":1,"cl":"Arkansas#0"}},{"type":"Feature","geometry":{"type":"LineString","coordinates":[[-99.98697,37.74772],[-99.69779,37.69687],[-99.47356,37.80488],[-99.21789,38.05478],[-99.01124,38.22253],[-98.85362,38.3082],[-98.72759,38.34934],[-98.63312,38.34598],[-98.28885,38.20465],[-97.69478,37.92539],[-97.34405,37.69023],[-97.23667,37.49918],[-97.16685,37.33219],[-97.13461,37.18933],[-97.07428,37.09805],[-96.98581,37.05841],[-96.93219,36.98108],[-96.91341,36.8661],[-96.877,36.79744],[-96.8377,36.78168],[-96.83597,36.76605],[-96.8617,36.74481],[-96.99332,36.70639],[-97.05296,36.66448],[-97.04056,36.61906],[-97.00048,36.59477],[-96.95746,36.59079],[-96.9401,36.57865],[-96.94356,36.5665],[-96.97888,36.5417],[-96.99896,36.5125],[-96.98573,36.48646],[-96.95968,36.47193],[-96.92072,36.46894],[-96.86548,36.49361],[-96.80649,36.5318],[-96.76698,36.54224],[-96.74244,36.53891],[-96.71091,36.47258],[-96.65608,36.43126],[-96.57798,36.41494],[-96.53986,36.38186],[-96.54172,36.33194],[-96.52077,36.31197],[-96.47703,36.32194],[-96.40866,36.30331],[-96.31564,36.25608],[-96.26603,36.21296],[-96.25978,36.17392],[-96.19924,36.15348],[-96.08441,36.15162],[-96.00408,36.11015],[-95.95825,36.02904],[-95.86404,35.96731],[-95.72146,35.92494],[-95.64338,35.87455],[-95.62974,35.81616],[-95.54468,35.78957],[-95.38825,35.79479],[-95.29043,35.78045],[-95.25126,35.7465],[-95.23602,35.69867],[-95.24465,35.63692],[-95.22935,35.60519],[-95.19008,35.60349],[-95.13837,35.56452],[-95.07427,35.4883],[-94.95867,35.42523],[-94.7916,35.37531],[-94.69403,35.33345],[-94.66602,35.29971],[-94.6353,35.29692],[-94.60192,35.32513],[-94.56657,35.33071],[-94.52926,35.31366],[-94.48361,35.34182],[-94.42966,35.41513],[-94.35762,35.42962],[-94.26752,35.38533],[-94.20236,35.36655],[-94.16208,35.37332],[-94.1411,35.39582],[-94.13944,35.43406],[-94.07823,35.46685],[-93.95752,35.49422],[-93.86364,35.47882],[-93.79657,35.42073],[-93.68249,35.39944],[-93.52137,35.415],[-93.35815,35.36332],[-93.19283,35.24446],[-93.05026,35.18467],[-92.93037,35.18395],[-92.83115,35.16142],[-92.7133,35.09486]]},"properties":{"sw":0.3,"scalerank":4,"name":"Arkansas","featurecla":"River","na":1,"cl":"Arkansas#0"}},{"type":"Feature","geometry":{"type":"LineString","coordinates":[[-91.07715,33.7967],[-91.12216,33.8245],[-91.14965,33.8639],[-91.16701,33.92193],[-91.21665,33.95452],[-91.29858,33.96165],[-91.32295,33.97413],[-91.33041,33.99092],[-91.34266,34.00382],[-91.38651,34.00542],[-91.41868,34.02624],[-91.43914,34.06629],[-91.48751,34.09099],[-91.56373,34.1003],[-91.68246,34.15311],[-91.84364,34.24949],[-91.92069,34.27114],[-91.93865,34.26685],[-91.97301,34.27486],[-92.01657,34.31594],[-92.10897,34.44751],[-92.15514,34.56637],[-92.15514,34.67251],[-92.22524,34.75635],[-92.36547,34.8179],[-92.44683,34.87699],[-92.46936,34.93363],[-92.50642,34.97244],[-92.55809,34.99342],[-92.57664,35.03463],[-92.56217,35.09608],[-92.59452,35.11881],[-92.7133,35.09486]]},"properties":{"sw":0.35,"scalerank":4,"name":"Arkansas","featurecla":"River","na":1,"cl":"Arkansas#0"}},{"type":"Feature","geometry":{"type":"LineString","coordinates":[[-10.89243,13.77787],[-10.91401,13.78934],[-10.95206,13.80141],[-11.01123,13.85559],[-11.06219,13.97227],[-11.12947,14.04506],[-11.21308,14.074],[-11.24564,14.10488],[-11.22724,14.13769],[-11.22952,14.1918],[-11.25251,14.26724],[-11.29959,14.34264],[-11.3708,14.41806],[-11.47684,14.4895],[-11.61771,14.55699],[-11.73964,14.59784],[-11.84263,14.612],[-11.93583,14.6467],[-12.06094,14.72949]]},"properties":{"sw":0.2,"scalerank":4,"name":"Senegal","featurecla":"River","na":0,"cl":"Senegal#0"}},{"type":"Feature","geometry":{"type":"LineString","coordinates":[[-13.07927,15.51042],[-13.0979,15.53528],[-13.10529,15.57176],[-13.14237,15.60334],[-13.20645,15.61688],[-13.258,15.70039],[-13.29701,15.85386],[-13.34755,15.9735],[-13.40964,16.05918],[-13.45408,16.09114],[-13.48695,16.097],[-13.49816,16.11031],[-13.507,16.13522],[-13.55552,16.14405],[-13.62356,16.11829],[-13.68469,16.12692],[-13.71492,16.16878],[-13.75665,16.1725],[-13.8098,16.13803],[-13.86848,16.14816],[-13.93261,16.20286],[-13.96816,16.2572],[-13.97503,16.31115],[-14.08567,16.41884],[-14.30008,16.58028],[-14.53373,16.65596],[-14.78669,16.64588],[-14.92862,16.65353],[-14.95952,16.6789],[-14.9906,16.67689],[-15.02192,16.64749],[-15.05523,16.64097],[-15.09057,16.65738],[-15.11264,16.64493],[-15.12142,16.60359],[-15.21056,16.58261],[-15.37996,16.58199],[-15.5167,16.55661],[-15.62077,16.50659],[-15.76821,16.48509],[-15.95899,16.49212],[-16.07403,16.51047],[-16.1133,16.54013],[-16.16834,16.54705],[-16.23903,16.53129],[-16.30231,16.45132],[-16.35812,16.30717],[-16.40434,16.2249],[-16.44103,16.20454],[-16.4801,16.09721],[-16.50206,15.91732],[-16.53526,15.83837]]},"properties":{"sw":0.25,"scalerank":4,"name":"Senegal","featurecla":"River","na":0,"cl":"Senegal#0"}},{"type":"Feature","geometry":{"type":"LineString","coordinates":[[-13.07927,15.51042],[-13.04853,15.49663],[-12.99432,15.50489],[-12.93086,15.45301],[-12.86272,15.34041],[-12.8519,15.28966],[-12.86265,15.26238],[-12.85851,15.24253],[-12.81317,15.22354],[-12.77033,15.18667],[-12.73524,15.13127],[-12.65964,15.08208],[-12.54354,15.039],[-12.45988,14.97464],[-12.40867,14.88901],[-12.30253,14.817],[-12.06094,14.72949]]},"properties":{"sw":0.25,"scalerank":4,"name":"Senegal","featurecla":"River","na":0,"cl":"Senegal#0"}},{"type":"Feature","geometry":{"type":"LineString","coordinates":[[98.00025,51.51409],[97.87886,51.51874],[97.70332,51.48011],[97.29797,51.35955]]},"properties":{"sw":0.2,"scalerank":4,"name":"Yenisey","featurecla":"River","na":0,"cl":"Yenisey#0"}},{"type":"Feature","geometry":{"type":"LineString","coordinates":[[97.29797,51.35955],[96.52396,51.34648],[96.2354,51.35578],[96.17432,51.38312],[96.09908,51.38312],[95.96503,51.34214]]},"properties":{"sw":0.25,"scalerank":4,"name":"Yenisey","featurecla":"River","na":0,"cl":"Yenisey#0"}},{"type":"Feature","geometry":{"type":"LineString","coordinates":[[95.96503,51.34214],[95.78002,51.29498]]},"properties":{"sw":0.3,"scalerank":4,"name":"Yenisey","featurecla":"River","na":0,"cl":"Yenisey#0"}},{"type":"Feature","geometry":{"type":"LineString","coordinates":[[91.51837,31.94304],[91.54566,31.81485],[91.60002,31.74674],[91.69056,31.696],[91.7551,31.60652],[91.7936,31.47836],[91.86285,31.41788],[91.96269,31.42511],[92.03193,31.39566],[92.07059,31.32951],[92.13353,31.29902],[92.22076,31.30419],[92.28246,31.34749],[92.31874,31.42901],[92.42829,31.48552],[92.70269,31.53275]]},"properties":{"sw":0.2,"scalerank":4,"name":"Salween","featurecla":"River","na":0,"cl":"Salween#0"}},{"type":"Feature","geometry":{"type":"LineString","coordinates":[[92.70269,31.53275],[92.86873,31.56262],[92.95828,31.55973],[93.0266,31.53404],[93.1561,31.52893],[93.34679,31.54433],[93.52352,31.53621],[93.68651,31.50449],[93.81932,31.50087],[93.92195,31.52536],[94.10602,31.52335],[94.37143,31.49482],[94.52785,31.4679],[94.57529,31.44258],[94.57565,31.38692],[94.52884,31.30088],[94.53121,31.25075],[94.58279,31.23654],[94.62867,31.19608],[94.66908,31.12934],[94.71012,31.09069],[94.75177,31.08007],[94.82132,31.10237],[94.91868,31.15756],[95.03852,31.18611],[95.18084,31.18797],[95.30088,31.17138],[95.39865,31.13642],[95.48604,31.07415],[95.56304,30.98459],[95.66737,30.95651],[95.79904,30.98989],[95.96244,30.97806],[96.15747,30.92093],[96.28325,30.87334],[96.33958,30.83525],[96.41094,30.72053],[96.49724,30.5292],[96.55419,30.43711],[96.59558,30.44791]]},"properties":{"sw":0.25,"scalerank":4,"name":"Salween","featurecla":"River","na":0,"cl":"Salween#0"}},{"type":"Feature","geometry":{"type":"LineString","coordinates":[[45.80912,32.5022],[46.02988,32.61868],[46.1366,32.63222],[46.2014,32.58755],[46.34361,32.54158],[46.56324,32.49435],[46.69217,32.44257],[46.73041,32.38634],[46.73516,32.32149],[46.70633,32.24806],[46.69889,32.1907],[46.71263,32.14943],[46.75537,32.11212],[46.82699,32.07877],[46.88849,32.01389],[46.93985,31.91746],[47.00786,31.8679],[47.09251,31.86521],[47.13855,31.82576],[47.14609,31.74948],[47.22082,31.62732],[47.36293,31.45917],[47.43393,31.28605],[47.44132,30.99909]]},"properties":{"sw":0.4,"scalerank":4,"name":"Tigris","featurecla":"River","na":0,"cl":"Tigris#0"}},{"type":"Feature","geometry":{"type":"LineString","coordinates":[[42.37657,37.06249],[42.43362,36.98978],[42.46638,36.96743],[42.48917,36.95958],[42.50932,36.94067],[42.51294,36.87584],[42.55867,36.83248],[42.71308,36.78478],[42.75856,36.75517],[42.77447,36.73316],[42.76083,36.71874],[42.85757,36.70753],[42.89519,36.6913],[42.90129,36.66156],[42.8861,36.6458],[42.84951,36.64399],[42.81116,36.60867],[42.77117,36.53984],[42.84434,36.4785],[43.03069,36.42465],[43.16866,36.33365],[43.25827,36.20544],[43.31749,36.0762],[43.34633,35.94587],[43.34323,35.85781],[43.30798,35.81203],[43.29744,35.76541],[43.3116,35.71798],[43.2993,35.68188],[43.26065,35.65707],[43.24835,35.58641],[43.2624,35.46982],[43.34803,35.31632],[43.50523,35.12587],[43.56843,35.00618],[43.53753,34.95722],[43.58404,34.83201],[43.70785,34.6305],[43.78465,34.45309],[43.81451,34.29972],[43.8542,34.19373],[43.90381,34.13507],[43.96035,34.09807],[44.05543,34.0751]]},"properties":{"sw":0.3,"scalerank":4,"name":"Tigris","featurecla":"River","na":0,"cl":"Tigris#0"}},{"type":"Feature","geometry":{"type":"LineString","coordinates":[[44.05543,34.0751],[44.23237,34.05001],[44.32854,34.01901],[44.40285,33.97371],[44.42735,33.9092],[44.40202,33.82548],[44.39846,33.7689],[44.41675,33.73944],[44.40001,33.69686],[44.34844,33.64125],[44.31826,33.58586],[44.30968,33.53067],[44.32394,33.45103],[44.36104,33.34685],[44.3967,33.29337],[44.43081,33.29058],[44.48,33.23508],[44.54429,33.12697],[44.67462,33.0237],[44.87099,32.92523],[44.98096,32.88719],[45.02659,32.89125],[45.04136,32.87916],[45.04136,32.85634],[45.04447,32.83229],[45.0795,32.80348],[45.1396,32.78539],[45.22476,32.778],[45.26021,32.75162],[45.25866,32.71366],[45.2984,32.66348],[45.38367,32.60354],[45.52201,32.55574],[45.80912,32.5022]]},"properties":{"sw":0.35,"scalerank":4,"name":"Tigris","featurecla":"River","na":0,"cl":"Tigris#0"}},{"type":"Feature","geometry":{"type":"LineString","coordinates":[[46.33994,60.74916],[46.45575,60.84321],[46.51202,60.91031],[46.54737,60.98176],[46.56489,61.04366],[46.56458,61.09604],[46.57977,61.12981],[46.61047,61.14505],[46.61713,61.18632],[46.59109,61.28732]]},"properties":{"sw":0.25,"scalerank":4,"name":"Northern Dvina","featurecla":"River","na":0,"cl":"Northern Dvina#0"}},{"type":"Feature","geometry":{"type":"LineString","coordinates":[[46.59109,61.28732],[46.25452,61.47217],[45.94513,61.59469],[45.55074,61.71654],[45.29143,61.83964],[45.1673,61.96405],[45.09118,62.06066],[45.06317,62.12954],[44.97465,62.20602],[44.82551,62.2901],[44.56196,62.34694],[44.1839,62.3765],[43.90712,62.44177],[43.73152,62.5428],[43.40369,62.67013],[42.92361,62.82387],[42.65738,62.93445],[42.60518,63.00192],[42.48726,63.04489],[42.21193,63.07258]]},"properties":{"sw":0.3,"scalerank":4,"name":"Northern Dvina","featurecla":"River","na":0,"cl":"Northern Dvina#0"}},{"type":"Feature","geometry":{"type":"LineString","coordinates":[[42.21193,63.07258],[42.07726,63.1408],[42.04072,63.19495],[42.05736,63.25777],[42.01566,63.32885],[41.91561,63.40827],[41.8721,63.48315],[41.88512,63.55349],[41.80575,63.60542],[41.63387,63.63896],[41.51471,63.68102],[41.44815,63.73159],[41.46995,63.78461],[41.58013,63.84003],[41.63274,63.87995],[41.62767,63.90432],[41.65806,63.94416],[41.72369,63.99945],[41.75159,64.05206],[41.74167,64.10198],[41.77681,64.13686],[41.85711,64.1567],[41.88357,64.19246],[41.85618,64.24419],[41.65403,64.29504],[41.277,64.34507],[40.94895,64.41643],[40.53048,64.55544],[40.45022,64.62985],[40.4078,64.75488]]},"properties":{"sw":0.35,"scalerank":4,"name":"Northern Dvina","featurecla":"River","na":0,"cl":"Northern Dvina#0"}},{"type":"Feature","geometry":{"type":"LineString","coordinates":[[11.92406,9.49056],[11.7835,9.49653],[11.57405,9.40909],[11.2488,9.23019],[11.03786,9.06071],[10.94122,8.90067],[10.85782,8.79533],[10.78764,8.74469],[10.63551,8.70743],[10.40141,8.6835],[10.21822,8.59007],[10.08582,8.42708],[9.97653,8.32724],[9.84703,8.27221]]},"properties":{"sw":0.25,"scalerank":4,"name":"Benue","featurecla":"River","na":0,"cl":"Benue#0"}},{"type":"Feature","geometry":{"type":"LineString","coordinates":[[9.84703,8.27221],[9.53004,8.12059],[9.39522,8.03873],[9.33703,7.97605],[9.14097,7.89249],[8.80704,7.78805],[8.43729,7.79934],[7.8288,7.98998]]},"properties":{"sw":0.3,"scalerank":4,"name":"Benue","featurecla":"River","na":0,"cl":"Benue#0"}},{"type":"Feature","geometry":{"type":"LineString","coordinates":[[7.8288,7.98998],[7.42154,8.01861],[7.15618,7.96752],[6.776,7.79301]]},"properties":{"sw":0.45,"scalerank":4,"name":"Benue","featurecla":"River","na":0,"cl":"Benue#0"}},{"type":"Feature","geometry":{"type":"LineString","coordinates":[[-68.01403,-38.97473],[-67.7565,-39.05162],[-67.59827,-39.07436],[-67.4535,-39.06857],[-67.31408,-39.08469],[-67.17995,-39.12273],[-66.98704,-39.12914],[-66.73528,-39.10397],[-66.53053,-39.09978],[-66.37276,-39.11653],[-66.22383,-39.15384],[-66.08369,-39.21171],[-65.93083,-39.24753],[-65.76523,-39.26122],[-65.62878,-39.33098],[-65.5215,-39.45666],[-65.43401,-39.59309],[-65.36621,-39.74026],[-65.23371,-39.82997],[-65.03652,-39.86232],[-64.89864,-39.91048],[-64.8202,-39.97456],[-64.72783,-40.02521],[-64.6215,-40.06221],[-64.50265,-40.07843],[-64.37123,-40.07399],[-64.17192,-40.16592],[-63.90472,-40.35428],[-63.73753,-40.45536],[-63.67035,-40.469],[-63.57449,-40.53422],[-63.38755,-40.70919]]},"properties":{"sw":0.25,"scalerank":4,"name":"Negro","featurecla":"River","na":0,"cl":"Negro#0"}},{"type":"Feature","geometry":{"type":"LineString","coordinates":[[-63.38755,-40.70919],[-63.17425,-40.74284],[-63.02778,-40.82593],[-62.8598,-40.94753],[-62.798,-41.04717]]},"properties":{"sw":0.3,"scalerank":4,"name":"Negro","featurecla":"River","na":0,"cl":"Negro#0"}},{"type":"Feature","geometry":{"type":"LineString","coordinates":[[7.92275,48.69853],[8.23002,48.96544]]},"properties":{"sw":0.25,"scalerank":4,"name":"Rhine","featurecla":"River","na":0,"cl":"Rhine#0"}},{"type":"Feature","geometry":{"type":"LineString","coordinates":[[8.88114,47.65639],[8.70017,47.68629],[8.61976,47.66236],[8.57966,47.59467],[8.4823,47.57617],[8.32779,47.60691],[8.19829,47.60691],[8.0938,47.57617],[7.92709,47.56384],[7.69806,47.56989],[7.56546,47.60655],[7.52939,47.67389],[7.53859,47.77362],[7.59326,47.90566],[7.60846,48.00257],[7.58417,48.0643],[7.61662,48.1568],[7.70571,48.28005],[7.76514,48.41002],[7.7948,48.54683],[7.83795,48.63605],[7.92275,48.69853]]},"properties":{"sw":0.25,"scalerank":4,"name":"Rhine","featurecla":"River","na":0,"cl":"Rhine#0"}},{"type":"Feature","geometry":{"type":"LineString","coordinates":[[6.03863,51.87218],[5.92246,51.96055],[5.74748,51.98138],[5.33108,51.96298]]},"properties":{"sw":0.25,"scalerank":4,"name":"Rhine","featurecla":"River","na":0,"cl":"Rhine#0"}},{"type":"Feature","geometry":{"type":"LineString","coordinates":[[5.33108,51.96298],[5.16132,51.99352],[4.9988,51.97732],[4.78692,51.92453],[4.59593,51.8975],[4.42591,51.89626],[4.28024,51.919],[4.08486,51.99409]]},"properties":{"sw":0.25,"scalerank":4,"name":"Rhine","featurecla":"River","na":0,"cl":"Rhine#0"}},{"type":"Feature","geometry":{"type":"LineString","coordinates":[[45.80912,32.5022],[45.90074,32.43068],[45.92849,32.37671],[45.92291,32.31643],[45.94296,32.26392],[45.98854,32.21922],[45.99753,32.13297],[45.96984,32.00513],[45.98596,31.92167],[46.04601,31.88255],[46.08931,31.77271],[46.11598,31.5921],[46.15401,31.45699],[46.20331,31.36739],[46.27566,31.28241],[46.37084,31.20208],[46.40542,31.11231],[46.36619,30.96359]]},"properties":{"sw":0.25,"scalerank":4,"name":"Shatt al-Hayy","featurecla":"River","na":0,"cl":"Shatt al-Hayy#0"}},{"type":"Feature","geometry":{"type":"LineString","coordinates":[[95.78002,51.29498],[95.55849,51.47572],[95.22967,51.58538],[94.46476,51.73369]]},"properties":{"sw":0.3,"scalerank":4,"name":"Yenisey","featurecla":"River","na":0,"cl":"Yenisey#0"}},{"type":"Feature","geometry":{"type":"LineString","coordinates":[[91.51093,53.73543],[91.4544,53.8302],[91.46639,53.90361],[91.52798,53.9873],[91.55599,54.04564],[91.55052,54.07877],[91.48432,54.16703],[91.3575,54.31054],[91.28562,54.41456],[91.26867,54.47916],[91.17876,54.55021],[91.01577,54.6278],[90.93861,54.72167],[90.94719,54.8319],[90.98838,54.92585],[91.06217,55.00352],[91.35104,55.08697],[91.85489,55.17622],[92.18226,55.29141],[92.40845,55.50312]]},"properties":{"sw":0.3,"scalerank":4,"name":"Yenisey","featurecla":"Lake Centerline","na":0,"cl":"Yenisey#0"}},{"type":"Feature","geometry":{"type":"LineString","coordinates":[[92.76936,51.58112],[92.34969,51.70113],[92.15162,51.79575],[92.03524,51.905],[92.06847,52.01202],[92.2513,52.11677],[92.37662,52.21382],[92.44441,52.30306],[92.43811,52.3776],[92.3576,52.43739],[92.31388,52.49995],[92.30701,52.56522],[92.17249,52.59658],[91.91039,52.594],[91.76875,52.6157],[91.74756,52.66175],[91.67159,52.67725],[91.54085,52.66226],[91.43946,52.67441],[91.36743,52.71358],[91.37812,52.79673],[91.47166,52.9239],[91.5007,53.01165],[91.46525,53.05991],[91.45435,53.10151],[91.46788,53.1364],[91.5378,53.16037],[91.6641,53.1734],[91.78802,53.22957],[91.90946,53.32884],[91.95483,53.39806],[91.92414,53.43718],[91.84745,53.4786],[91.72477,53.52237],[91.63387,53.56968],[91.57465,53.62055],[91.55889,53.65967],[91.58648,53.68701],[91.57801,53.70933],[91.51093,53.73543]]},"properties":{"sw":0.3,"scalerank":4,"name":"Yenisey","featurecla":"River","na":0,"cl":"Yenisey#0"}},{"type":"Feature","geometry":{"type":"LineString","coordinates":[[92.99808,58.1001],[92.98919,58.04868],[93.02825,58.02889],[93.11254,58.02354],[93.17646,57.97961],[93.22018,57.89698],[93.30534,57.63674],[93.30509,57.51551],[93.26214,57.41905],[93.29325,57.33234],[93.39836,57.25539],[93.45283,57.18276],[93.45665,57.1144],[93.43764,57.06272],[93.39583,57.02768],[93.38291,56.99327],[93.45696,56.86087],[93.50895,56.82299],[93.57975,56.8017],[93.65695,56.72589],[93.74077,56.59556],[93.73509,56.48014],[93.64,56.37961],[93.54998,56.31698],[93.46502,56.29225],[93.41779,56.26215],[93.40828,56.22665],[93.34482,56.1951],[93.22752,56.16745],[93.16179,56.13089],[93.14763,56.08541],[92.93462,56.03493],[92.52265,55.97945],[92.29977,55.92279],[92.26598,55.86486],[92.30148,55.81313],[92.40638,55.7675],[92.47005,55.71577],[92.49258,55.65795],[92.47997,55.59754],[92.40845,55.50312]]},"properties":{"sw":0.35,"scalerank":4,"name":"Yenisey","featurecla":"River","na":0,"cl":"Yenisey#0"}},{"type":"Feature","geometry":{"type":"LineString","coordinates":[[94.46476,51.73369],[94.07021,51.60416],[93.64636,51.56603],[92.76936,51.58112]]},"properties":{"sw":0.3,"scalerank":4,"name":"Yenisey","featurecla":"River","na":0,"cl":"Yenisey#0"}},{"type":"Feature","geometry":{"type":"LineString","coordinates":[[96.59558,30.44791],[96.67527,30.44331],[96.70689,30.40561],[96.71713,30.33327],[96.8536,30.24523],[97.11643,30.14152],[97.29042,30.0324],[97.37548,29.91789],[97.42416,29.81663],[97.43636,29.72868],[97.47713,29.63504],[97.54648,29.53572],[97.66032,29.44652],[97.81856,29.36736],[97.94909,29.22623],[98.05193,29.02309],[98.16334,28.87002],[98.34349,28.71546]]},"properties":{"sw":0.3,"scalerank":4,"name":"Salween","featurecla":"River","na":0,"cl":"Salween#0"}},{"type":"Feature","geometry":{"type":"LineString","coordinates":[[98.34349,28.71546],[98.36664,28.57725],[98.39056,28.52162],[98.42291,28.5025],[98.45066,28.40212],[98.47392,28.22047],[98.53552,28.08756],[98.63546,28.00341],[98.68238,27.91339],[98.67618,27.81748],[98.70894,27.72249],[98.81643,27.58147]]},"properties":{"sw":0.35,"scalerank":4,"name":"Salween","featurecla":"River","na":0,"cl":"Salween#0"}},{"type":"Feature","geometry":{"type":"LineString","coordinates":[[98.81643,27.58147],[98.86867,27.34112],[98.88919,27.05949],[98.89529,26.65641],[98.88454,26.36227],[98.85694,26.17698],[98.85601,25.93108],[98.88185,25.62453],[98.88185,25.37173],[98.85601,25.17275],[98.87121,24.99145],[98.92733,24.82784],[98.98024,24.72299],[99.02985,24.67692],[99.0358,24.59426],[98.99807,24.47504],[99.01569,24.38259],[99.08876,24.31704],[99.05765,24.24798],[98.92247,24.17548],[98.76439,24.11607],[98.58342,24.0698],[98.47257,24.02587],[98.43201,23.98427],[98.42002,23.93296],[98.43666,23.87198],[98.49593,23.78333],[98.59794,23.66703],[98.63835,23.56326],[98.61737,23.47211],[98.63515,23.41692],[98.69189,23.39769],[98.72124,23.35666],[98.7232,23.29377],[98.65406,23.24814],[98.51371,23.21972],[98.47381,23.17326],[98.53448,23.10869],[98.54843,23.06795],[98.51588,23.05094],[98.5041,23.02438],[98.51309,22.98826],[98.55448,22.95291],[98.62817,22.91839],[98.62926,22.87127],[98.55774,22.8115],[98.55262,22.70621],[98.61391,22.55542],[98.62564,22.43207],[98.58771,22.33616],[98.58745,22.25105],[98.62476,22.17663],[98.67618,22.11462],[98.7416,22.06501],[98.71804,21.99499],[98.60528,21.90455],[98.57386,21.78983],[98.62368,21.65088],[98.62864,21.56442],[98.58874,21.53052],[98.59484,21.48272],[98.64703,21.42097],[98.68062,21.3372],[98.69561,21.23139],[98.72646,21.14473],[98.77307,21.07716],[98.72424,21.02037],[98.50792,20.95125]]},"properties":{"sw":0.4,"scalerank":4,"name":"Salween","featurecla":"River","na":0,"cl":"Salween#0"}},{"type":"Feature","geometry":{"type":"LineString","coordinates":[[106.94363,25.22469],[106.96265,25.22278],[106.97438,25.19996],[106.98193,25.13431]]},"properties":{"sw":0.25,"scalerank":4,"name":"Hongshui","featurecla":"River","na":0,"cl":"Hongshui#0"}},{"type":"Feature","geometry":{"type":"LineString","coordinates":[[106.98193,25.13431],[107.01934,25.06059],[107.06285,25.02917],[107.15597,25.00871]]},"properties":{"sw":0.25,"scalerank":4,"name":"Hongshui","featurecla":"River","na":0,"cl":"Hongshui#0"}},{"type":"Feature","geometry":{"type":"LineString","coordinates":[[107.15597,25.00871],[107.27658,24.87471],[107.31503,24.79642],[107.31167,24.72924],[107.36242,24.60261],[107.46732,24.41652],[107.54194,24.31836],[107.58628,24.30813],[107.60845,24.28064],[107.60845,24.23596],[107.57775,24.18886],[107.51626,24.13935],[107.49435,24.08657],[107.51192,24.03055],[107.54747,23.98626],[107.60111,23.95371],[107.64318,23.94541],[107.67377,23.96143],[107.73299,23.9049],[107.82094,23.77581],[107.90166,23.72201],[107.97515,23.74351],[108.03922,23.78155],[108.09369,23.83612],[108.13142,23.85658],[108.15229,23.84302],[108.22278,23.88921],[108.34277,23.9952],[108.45253,24.03461],[108.55186,24.00748],[108.63149,23.95962],[108.69133,23.8911],[108.75835,23.85002],[108.83266,23.83627],[108.86486,23.80568],[108.85504,23.75824],[108.87318,23.71049],[108.91927,23.66243],[108.99886,23.66285],[109.11203,23.71178],[109.19171,23.72253],[109.23801,23.69504],[109.28142,23.6876],[109.32183,23.70021],[109.36896,23.74594],[109.4226,23.8248],[109.46927,23.84723],[109.52864,23.79638]]},"properties":{"sw":0.3,"scalerank":4,"name":"Hongshui","featurecla":"River","na":0,"cl":"Hongshui#0"}},{"type":"Feature","geometry":{"type":"LineString","coordinates":[[109.52864,23.79638],[109.5428,23.72899],[109.57453,23.70047],[109.62859,23.68837],[109.65065,23.66452],[109.64083,23.62895],[109.66311,23.57469],[109.71747,23.50172],[109.79638,23.45356],[109.89978,23.4302],[109.96324,23.43069],[109.9865,23.45508],[110.02096,23.45167],[110.08933,23.40485]]},"properties":{"sw":0.3,"scalerank":4,"name":"Qianjiang","featurecla":"River","na":0,"cl":"Qianjiang#0"}},{"type":"Feature","geometry":{"type":"LineString","coordinates":[[110.08923,23.40795],[110.20075,23.54507],[110.33397,23.55549],[110.62212,23.4496]]},"properties":{"sw":0.3,"scalerank":4,"name":"Xi","featurecla":"River","na":0,"cl":"Xi#0"}},{"type":"Feature","geometry":{"type":"LineString","coordinates":[[110.62212,23.4496],[110.74531,23.46632],[110.81353,23.44679],[110.86799,23.39658],[110.99672,23.39878],[111.3014,23.48066]]},"properties":{"sw":0.35,"scalerank":4,"name":"Xi","featurecla":"River","na":0,"cl":"Xi#0"}},{"type":"Feature","geometry":{"type":"LineString","coordinates":[[8.23002,48.96544],[8.4173,49.214],[8.48592,49.33037],[8.49822,49.3974],[8.48892,49.43621],[8.45781,49.44675],[8.42184,49.50509],[8.38081,49.61124],[8.38939,49.69007],[8.4314,49.72849],[8.43683,49.7672],[8.40148,49.81523],[8.35735,49.91137],[8.30464,49.98067],[8.24335,50.0231],[8.12904,50.0264],[7.96161,49.9907],[7.80322,50.04209],[7.65388,50.18066],[7.60675,50.22236],[7.61119,50.26644],[7.62882,50.3238],[7.60784,50.36664],[7.55662,50.40008],[7.44366,50.43279],[7.34367,50.48583],[7.25675,50.55916],[7.20362,50.62161],[7.1845,50.67319],[7.12507,50.73422],[7.02544,50.80468],[6.99454,50.85261],[6.99454,50.90402],[6.97325,50.93834],[6.96839,50.99808],[6.9377,51.04009],[6.88106,51.06427],[6.85098,51.09719],[6.84747,51.13884],[6.81631,51.16887],[6.7575,51.18726],[6.75972,51.22726],[6.74112,51.26819],[6.68955,51.30276],[6.69838,51.36446],[6.70717,51.42182],[6.69761,51.45782],[6.69342,51.48678],[6.68748,51.5244],[6.62392,51.55923],[6.59301,51.59184],[6.5958,51.63747]]},"properties":{"sw":0.3,"scalerank":4,"name":"Rhine","featurecla":"River","na":0,"cl":"Rhine#0"}},{"type":"Feature","geometry":{"type":"LineString","coordinates":[[6.5958,51.63747],[6.35721,51.77503],[6.21175,51.83699],[6.07976,51.86921],[6.03863,51.87218],[5.97527,51.87673],[5.89817,51.85957],[5.78045,51.8634],[5.62212,51.8882],[5.49158,51.87794],[5.38895,51.83268],[5.24953,51.81348],[4.98536,51.82371]]},"properties":{"sw":0.35,"scalerank":4,"name":"Rhine","featurecla":"River","na":0,"cl":"Rhine#0"}},{"type":"Feature","geometry":{"type":"LineString","coordinates":[[4.72543,51.75666],[4.58125,51.71896],[4.41837,51.74005],[4.07379,51.84107],[3.97891,51.84779]]},"properties":{"sw":0.3,"scalerank":4,"name":"Rhine","featurecla":"River","na":0,"cl":"Rhine#0"}},{"type":"Feature","geometry":{"type":"LineString","coordinates":[[4.98536,51.82371],[4.72543,51.75666]]},"properties":{"sw":0.35,"scalerank":4,"name":"Rhine","featurecla":"River","na":0,"cl":"Rhine#0"}},{"type":"Feature","geometry":{"type":"LineString","coordinates":[[-50.48404,-12.84583],[-50.39224,-12.61721],[-50.29566,-12.48993],[-50.1637,-12.38772],[-50.10523,-12.31315],[-50.12027,-12.26607],[-50.11368,-12.20851],[-50.05976,-12.09254],[-50.0364,-12.06464],[-49.99914,-12.05761],[-49.94793,-12.07125],[-49.91403,-12.03384],[-49.89744,-11.94547],[-49.90426,-11.87282],[-49.93452,-11.81597],[-49.93054,-11.69314],[-49.89238,-11.50431],[-49.88896,-11.39863],[-49.92028,-11.3761],[-49.93255,-11.31554],[-49.92573,-11.21683],[-49.9394,-11.11085],[-49.97351,-10.99757],[-49.97847,-10.77221],[-49.95428,-10.43466],[-49.96343,-10.19064],[-50.00599,-10.04016],[-50.0481,-9.96048],[-50.08983,-9.95164],[-50.12647,-9.92255],[-50.15799,-9.87314],[-50.17417,-9.81888],[-50.17533,-9.73021]]},"properties":{"sw":0.2,"scalerank":4,"name":"Java\u00e9s","featurecla":"River","na":0,"cl":"Java\u00e9s#0"}},{"type":"Feature","geometry":{"type":"LineString","coordinates":[[98.50792,20.95125],[98.50234,20.82837],[98.53779,20.71179],[98.61251,20.56055],[98.65975,20.41405],[98.67949,20.2723],[98.55226,20.14859],[98.14081,19.99002]]},"properties":{"sw":0.45,"scalerank":4,"name":"Salween","featurecla":"River","na":0,"cl":"Salween#0"}},{"type":"Feature","geometry":{"type":"LineString","coordinates":[[98.14081,19.99002],[97.94299,19.96062],[97.86517,19.9286],[97.8414,19.88416],[97.80988,19.85812],[97.7707,19.85036],[97.69608,19.71756],[97.53103,19.33068]]},"properties":{"sw":0.5,"scalerank":4,"name":"Salween","featurecla":"River","na":0,"cl":"Salween#0"}},{"type":"Feature","geometry":{"type":"LineString","coordinates":[[97.53103,19.33068],[97.45729,18.85161],[97.44023,18.83084],[97.40561,18.82805],[97.35342,18.84324],[97.33187,18.77849],[97.34096,18.6339],[97.38065,18.4943],[97.45083,18.35965],[97.52379,18.29589],[97.59935,18.30297],[97.63226,18.29036],[97.62244,18.25803],[97.65159,18.17372],[97.7197,18.0374],[97.73996,17.93531],[97.69856,17.83354]]},"properties":{"sw":0.55,"scalerank":4,"name":"Salween","featurecla":"River","na":0,"cl":"Salween#0"}},{"type":"Feature","geometry":{"type":"LineString","coordinates":[[97.69856,17.83354],[97.75541,17.57146],[97.74941,17.44392],[97.6997,17.36359],[97.65857,17.2513],[97.62601,17.10712],[97.60865,16.94736],[97.60648,16.772],[97.62239,16.65198],[97.66845,16.55161]]},"properties":{"sw":0.65,"scalerank":4,"name":"Salween","featurecla":"River","na":0,"cl":"Salween#0"}},{"type":"Feature","geometry":{"type":"LineString","coordinates":[[-119.0573,46.22028],[-119.03606,46.20648],[-118.96785,46.13238],[-118.94751,46.1099],[-118.93245,46.09486],[-118.92493,46.0798],[-118.93121,46.06344],[-118.95883,46.03838],[-118.99043,46.01864]]},"properties":{"sw":0.55,"scalerank":3,"name":"Columbia","featurecla":"River","na":1,"cl":"Columbia#0"}},{"type":"Feature","geometry":{"type":"LineString","coordinates":[[-66.87581,1.22266],[-66.89552,1.2899],[-66.88449,1.35824],[-66.9311,1.458],[-66.95836,1.56422],[-66.98151,1.60078],[-66.98813,1.68016],[-67.08954,1.94032]]},"properties":{"sw":0.25,"scalerank":3,"name":"Negro","featurecla":"River","na":0,"cl":"Negro#1"}},{"type":"Feature","geometry":{"type":"LineString","coordinates":[[-67.08954,1.94032],[-67.13143,1.99985],[-67.1138,2.05057],[-67.13143,2.10127],[-67.16548,2.14256],[-67.21522,2.27547],[-67.1976,2.33278],[-67.21083,2.39011],[-67.25276,2.42946],[-67.31224,2.47168],[-67.39162,2.5599],[-67.48642,2.64366],[-67.53494,2.67674],[-67.56801,2.68997],[-67.59667,2.76934],[-67.61871,2.7936],[-67.66723,2.80022],[-67.76645,2.83329],[-67.85906,2.7936]]},"properties":{"sw":0.2,"scalerank":3,"name":"Negro","featurecla":"River","na":0,"cl":"Negro#1"}},{"type":"Feature","geometry":{"type":"LineString","coordinates":[[-163.25884,62.01611],[-163.2406,61.93953],[-163.24155,61.88553],[-163.28938,61.84713],[-163.38834,61.82915],[-163.53851,61.83158],[-163.64404,61.8162],[-163.70491,61.78308],[-163.77382,61.77675],[-163.83627,61.79711],[-163.8447,61.83493],[-163.8602,61.85126],[-163.89831,61.85256],[-163.95898,61.83881],[-164.00169,61.85147],[-164.02642,61.89059],[-164.0868,61.87883],[-164.18282,61.81615],[-164.2641,61.78905],[-164.33066,61.79757],[-164.42921,61.78186],[-164.55977,61.74192],[-164.6464,61.74445],[-164.74575,61.76155],[-164.83133,61.73905],[-164.87941,61.69773],[-164.86918,61.66502],[-164.76632,61.62869],[-164.74283,61.59061],[-164.77813,61.55092],[-164.88835,61.50684],[-165.00742,61.48038],[-165.09121,61.44069],[-165.18823,61.39217],[-165.20585,61.33047],[-165.20146,61.28634],[-165.24395,61.26875]]},"properties":{"sw":0.55,"scalerank":3,"name":"Yukon","featurecla":"River","na":1,"cl":"Yukon#0"}},{"type":"Feature","geometry":{"type":"LineString","coordinates":[[-134.91553,61.56787],[-134.87029,61.62841],[-134.88548,61.68538],[-134.94605,61.75892],[-134.96444,61.81597],[-134.94072,61.85643],[-134.93972,61.88852],[-134.9615,61.91219],[-135.12128,61.9572],[-135.41904,62.02363],[-135.62869,62.04872],[-135.75024,62.03249],[-135.92813,62.04557],[-136.30713,62.12122],[-136.36221,62.14546],[-136.37777,62.19682],[-136.35379,62.27542],[-136.58341,62.4279],[-137.35608,62.78121],[-137.45171,62.8086],[-137.73275,62.81953],[-138.39821,62.80056]]},"properties":{"sw":0.25,"scalerank":3,"name":"Yukon","featurecla":"River","na":1,"cl":"Yukon#0"}},{"type":"Feature","geometry":{"type":"LineString","coordinates":[[-138.39821,62.80056],[-139.23638,62.9697],[-139.41782,63.01057],[-139.53197,63.07114],[-139.56442,63.16126],[-139.54453,63.23361],[-139.47239,63.28823],[-139.50608,63.35272],[-139.64568,63.42703],[-139.73035,63.51258],[-139.76012,63.60935],[-139.75945,63.67405],[-139.72844,63.70663],[-139.72315,63.75017],[-139.74361,63.80463],[-139.74283,63.86535],[-139.72082,63.9324],[-139.65346,63.9831],[-139.54078,64.01746],[-139.48164,64.05697],[-139.47611,64.10157],[-139.51135,64.1582],[-139.58747,64.22683],[-139.84898,64.29659],[-140.2959,64.36744],[-140.45264,64.40478],[-140.47734,64.42563],[-140.47018,64.45276],[-140.46457,64.49849],[-140.47925,64.52609],[-140.54516,64.51761],[-140.58883,64.52815],[-140.6103,64.55777],[-140.64911,64.5718],[-140.70523,64.5703],[-140.73022,64.5849],[-140.72401,64.61564],[-140.7458,64.62732],[-140.79553,64.62004],[-140.88217,64.64068],[-140.93315,64.67448],[-141.00573,64.68928],[-141.06479,64.72556],[-141.05942,64.74938],[-141.09255,64.77496],[-141.16425,64.8023],[-141.17603,64.83299],[-141.12792,64.86715],[-141.12877,64.88777],[-141.17859,64.8949],[-141.19802,64.9133],[-141.18701,64.94296],[-141.22993,64.95361],[-141.32669,64.94518],[-141.37346,64.96591],[-141.3686,65.04073]]},"properties":{"sw":0.3,"scalerank":3,"name":"Yukon","featurecla":"River","na":1,"cl":"Yukon#0"}},{"type":"Feature","geometry":{"type":"LineString","coordinates":[[-141.3686,65.04073],[-141.40446,65.086],[-141.53345,65.12853],[-141.76752,65.18341],[-141.92376,65.24067],[-142.00215,65.3003],[-142.14739,65.33472],[-142.35944,65.34397],[-142.50238,65.36304],[-142.57628,65.39198],[-142.65483,65.39301],[-142.73803,65.36606],[-142.92887,65.35482],[-143.22735,65.35921],[-143.44736,65.38324],[-143.5889,65.42681],[-143.67252,65.47184],[-143.69823,65.51828],[-143.78122,65.55419],[-143.92157,65.57946],[-144.02286,65.6132],[-144.08513,65.65542],[-144.08738,65.7217],[-144.02968,65.812],[-144.0166,65.87603],[-144.04815,65.91373],[-144.25078,66.02677],[-144.62442,66.21513],[-144.83216,66.33494],[-144.87394,66.38613],[-145.00285,66.45344],[-145.21891,66.53684],[-145.45342,66.58663],[-145.8329,66.61097]]},"properties":{"sw":0.35,"scalerank":3,"name":"Yukon","featurecla":"River","na":1,"cl":"Yukon#0"}},{"type":"Feature","geometry":{"type":"LineString","coordinates":[[-145.82546,66.61097],[-146.66422,66.50811],[-147.01539,66.44458],[-147.15858,66.38603],[-147.3232,66.35246],[-147.50926,66.34383],[-147.59649,66.32112],[-147.58481,66.28427],[-147.74568,66.26422],[-148.0791,66.26092],[-148.36419,66.22464],[-148.60098,66.15534],[-148.72867,66.10372],[-148.76438,66.06744],[-148.79042,66.06152],[-148.81246,66.08527],[-148.87282,66.09033],[-148.97144,66.07669],[-149.01392,66.05625],[-149.00018,66.02892],[-149.05376,66.00703],[-149.17458,65.99065],[-149.25135,65.95659],[-149.28401,65.90492],[-149.43813,65.88936],[-149.71367,65.90988],[-149.92038,65.89009],[-150.0582,65.82988],[-150.0482,65.79828],[-149.8903,65.79523],[-149.82705,65.75542],[-149.85847,65.67889],[-149.92968,65.65],[-150.04073,65.66886],[-150.12528,65.64059],[-150.18326,65.56525],[-150.32436,65.52019],[-150.54858,65.50541],[-150.7919,65.44632],[-151.05431,65.34294],[-151.40111,65.25979],[-152.04785,65.16538]]},"properties":{"sw":0.4,"scalerank":3,"name":"Yukon","featurecla":"River","na":1,"cl":"Yukon#0"}},{"type":"Feature","geometry":{"type":"LineString","coordinates":[[-152.04785,65.16538],[-152.34922,65.12393],[-152.53428,65.13416],[-152.69894,65.18222],[-152.85656,65.20132],[-153.00712,65.19147],[-153.12644,65.16564],[-153.2146,65.12388],[-153.33118,65.11163],[-153.47618,65.12884],[-153.73986,65.08381],[-154.12224,64.97645],[-154.40248,64.92704],[-154.58066,64.93557],[-154.84767,64.90224],[-155.13407,64.86705],[-155.38147,64.78964]]},"properties":{"sw":0.45,"scalerank":3,"name":"Yukon","featurecla":"River","na":1,"cl":"Yukon#0"}},{"type":"Feature","geometry":{"type":"LineString","coordinates":[[-155.38147,64.78964],[-155.57549,64.75566],[-155.754,64.76372],[-155.99835,64.72075],[-156.20242,64.71269],[-156.42499,64.68042],[-156.7326,64.66422],[-156.75957,64.69569],[-156.80916,64.71843],[-156.91716,64.72954],[-156.99276,64.75507],[-157.03589,64.79491],[-157.27143,64.82553],[-157.39625,64.81966],[-157.50953,64.84364],[-157.76915,64.85033],[-157.84191,64.86927],[-157.91335,64.85754]]},"properties":{"sw":0.5,"scalerank":3,"name":"Yukon","featurecla":"River","na":1,"cl":"Yukon#0"}},{"type":"Feature","geometry":{"type":"LineString","coordinates":[[-157.91335,64.85754],[-158.00255,64.80095],[-158.16861,64.68132],[-158.28643,64.64277],[-158.50089,64.46356],[-158.6785,64.34282],[-158.69057,64.3108],[-158.6592,64.22275],[-158.67372,64.13833],[-158.73413,64.05756],[-158.82567,63.9941],[-159.00972,63.92491]]},"properties":{"sw":0.55,"scalerank":3,"name":"Yukon","featurecla":"River","na":1,"cl":"Yukon#0"}},{"type":"Feature","geometry":{"type":"LineString","coordinates":[[-159.00972,63.92491],[-159.14878,63.88396],[-159.20252,63.84758],[-159.2173,63.8021],[-159.25593,63.76732],[-159.31846,63.74309],[-159.3859,63.67896],[-159.45819,63.57488],[-159.47889,63.49411],[-159.44796,63.43675],[-159.50222,63.37231],[-159.64165,63.30074],[-159.7251,63.21351],[-159.75254,63.11057],[-159.82567,63.03491],[-159.94452,62.98654],[-160.01891,62.91569],[-160.04886,62.82247],[-160.0904,62.75627],[-160.14363,62.7171],[-160.17024,62.66031],[-160.17035,62.5859],[-160.13304,62.52295],[-160.05831,62.47148],[-160.00643,62.41454],[-159.97524,62.37066],[-159.96292,62.32085]]},"properties":{"sw":0.65,"scalerank":3,"name":"Yukon","featurecla":"River","na":1,"cl":"Yukon#0"}},{"type":"Feature","geometry":{"type":"LineString","coordinates":[[-159.96292,62.32085],[-159.95563,62.27987],[-159.91264,62.25346],[-159.80525,62.2361],[-159.74433,62.21426],[-159.72991,62.18796],[-159.74244,62.15445],[-159.78192,62.11373],[-159.85171,62.0858],[-159.95181,62.07066],[-160.03216,62.03306],[-160.09283,61.97301],[-160.33597,61.94072],[-160.76165,61.93612],[-161.06714,61.90676],[-161.2525,61.85261],[-161.33865,61.80501],[-161.32563,61.76403],[-161.3464,61.71995],[-161.40097,61.67277],[-161.52758,61.63717],[-161.75361,61.61655],[-161.82557,61.60102]]},"properties":{"sw":0.8,"scalerank":3,"name":"Yukon","featurecla":"River","na":1,"cl":"Yukon#0"}},{"type":"Feature","geometry":{"type":"LineString","coordinates":[[-161.82557,61.60102],[-161.9204,61.57573],[-161.95566,61.59689],[-161.96295,61.65606],[-162.02266,61.74491],[-162.13475,61.86346],[-162.24939,61.92327],[-162.3666,61.92439],[-162.44,61.94785],[-162.46961,61.99366],[-162.52744,62.00585],[-162.61348,61.98438],[-162.66795,61.95684],[-162.69084,61.92317],[-162.7396,61.91813],[-162.81422,61.94165],[-162.88827,61.94004],[-162.96175,61.91322],[-163.04301,61.90751],[-163.132,61.92289],[-163.20396,61.95906],[-163.25884,62.01611],[-163.43449,62.0605],[-163.73088,62.09226],[-163.90371,62.13357],[-163.95301,62.18447],[-163.94795,62.24829],[-163.88852,62.32514],[-163.85942,62.39164],[-163.86074,62.44787],[-163.92986,62.53156],[-164.0668,62.64274],[-164.22188,62.71007],[-164.48169,62.74532],[-164.52236,62.73715],[-164.58946,62.70936]]},"properties":{"sw":1,"scalerank":3,"name":"Yukon","featurecla":"River","na":1,"cl":"Yukon#0"}},{"type":"Feature","geometry":{"type":"LineString","coordinates":[[141.92636,-34.11683],[141.76094,-34.11172],[141.6658,-34.13719],[141.58591,-34.19145],[141.46985,-34.18298],[141.31761,-34.11166],[141.19245,-34.0726],[141.09436,-34.06567],[141.02564,-34.04324],[140.9969,-34.01555],[140.94791,-33.99891]]},"properties":{"sw":0.55,"scalerank":3,"name":"Murray","featurecla":"River","na":0,"cl":"Murray#0"}},{"type":"Feature","geometry":{"type":"LineString","coordinates":[[140.94791,-33.99891],[140.91432,-34.0111],[140.80632,-34.06154],[140.76317,-34.09554],[140.78389,-34.11342],[140.7872,-34.14474],[140.77283,-34.18939],[140.71496,-34.24602],[140.61346,-34.31465],[140.5654,-34.3747],[140.57078,-34.42617],[140.53306,-34.43268],[140.45213,-34.39418],[140.39177,-34.32426],[140.35188,-34.22298],[140.2479,-34.17523],[140.07996,-34.18101],[139.97857,-34.17574],[139.94394,-34.15957],[139.9334,-34.13585],[139.9303,-34.10278],[139.88581,-34.07446],[139.80142,-34.05653],[139.75259,-34.0511],[139.72122,-34.07683],[139.65662,-34.14841],[139.60732,-34.38307],[139.60329,-34.54409],[139.64453,-34.63148],[139.63544,-34.69473],[139.5758,-34.73395],[139.56976,-34.78656],[139.61714,-34.8525],[139.59223,-34.87828],[139.49477,-34.86387],[139.39969,-34.88402],[139.30688,-34.93859],[139.2891,-34.98086],[139.34651,-35.01083],[139.35463,-35.04809],[139.31349,-35.09274],[139.29851,-35.13269],[139.30956,-35.16803],[139.35101,-35.207],[139.42263,-35.24968],[139.43462,-35.29748],[139.37406,-35.36539],[139.30255,-35.39943]]},"properties":{"sw":0.65,"scalerank":3,"name":"Murray","featurecla":"River","na":0,"cl":"Murray#0"}},{"type":"Feature","geometry":{"type":"LineString","coordinates":[[88.43975,22.98648],[88.51845,22.97534],[88.59793,22.97477],[88.68216,22.95379],[88.75627,22.91498],[88.82045,22.85837],[88.84262,22.80285],[88.82288,22.74833],[88.84525,22.70024],[88.90964,22.65854],[88.97145,22.51093],[89.04994,22.27464],[89.05584,22.18624],[89.05146,22.09316]]},"properties":{"sw":0.45,"scalerank":3,"name":"Ganges","featurecla":"River","na":0,"cl":"Ganges#0"}},{"type":"Feature","geometry":{"type":"LineString","coordinates":[[79.84074,30.88848],[79.82028,30.83683],[79.8288,30.78701],[79.8595,30.72182],[79.86461,30.67901],[79.83392,30.64828]]},"properties":{"sw":0.15,"scalerank":3,"name":"Ganges","featurecla":"River","na":0,"cl":"Ganges#0"}},{"type":"Feature","geometry":{"type":"LineString","coordinates":[[79.83392,30.64828],[79.74493,30.5432],[79.66711,30.52212],[79.57078,30.55002],[79.47022,30.51599],[79.31312,30.37207]]},"properties":{"sw":0.2,"scalerank":3,"name":"Ganges","featurecla":"River","na":0,"cl":"Ganges#0"}},{"type":"Feature","geometry":{"type":"LineString","coordinates":[[79.31312,30.37207],[79.23209,30.30089],[79.15892,30.28477],[79.06652,30.30006],[78.9393,30.29185],[78.77724,30.26007],[78.66872,30.20136],[78.61384,30.11573],[78.51979,30.08982],[78.38656,30.12364],[78.28104,30.09289],[78.20311,29.9976],[78.17035,29.88913],[78.18286,29.76754],[78.13945,29.67307],[78.04013,29.60569],[78.02219,29.49184],[78.08555,29.33154],[78.10601,29.18088],[78.08359,29.03983],[78.09831,28.88211],[78.17603,28.6205]]},"properties":{"sw":0.25,"scalerank":3,"name":"Ganges","featurecla":"River","na":0,"cl":"Ganges#0"}},{"type":"Feature","geometry":{"type":"LineString","coordinates":[[78.17603,28.6205],[78.24249,28.52172],[78.27102,28.44333],[78.28373,28.35238],[78.33685,28.25342],[78.43039,28.14642],[78.60314,28.02643],[78.85522,27.89349],[79.02482,27.82476],[79.11195,27.82021],[79.1675,27.78629],[79.19158,27.72299],[79.25514,27.68017],[79.35839,27.6578],[79.44619,27.62036],[79.51864,27.56777],[79.59057,27.46649],[79.66199,27.3165],[79.73279,27.21743],[79.83805,27.14524]]},"properties":{"sw":0.3,"scalerank":3,"name":"Ganges","featurecla":"River","na":0,"cl":"Ganges#0"}},{"type":"Feature","geometry":{"type":"LineString","coordinates":[[79.83805,27.14524],[79.92249,27.12558],[79.99835,27.02486],[80.09385,26.83655],[80.23772,26.64804],[80.42985,26.45926],[80.5439,26.31731],[80.57976,26.22217],[80.65175,26.13835],[80.75996,26.06595],[80.86869,26.03753],[80.97814,26.05319],[81.12283,25.98878],[81.30277,25.84437],[81.3946,25.74551],[81.39822,25.69226],[81.45754,25.64585],[81.57257,25.60634],[81.64874,25.56361],[81.68605,25.51767],[81.75556,25.49893],[81.85715,25.50741],[81.90681,25.48692],[81.90325,25.41276]]},"properties":{"sw":0.35,"scalerank":3,"name":"Ganges","featurecla":"River","na":0,"cl":"Ganges#0"}},{"type":"Feature","geometry":{"type":"LineString","coordinates":[[81.90325,25.41276],[82.04205,25.31236],[82.11998,25.28466],[82.18313,25.29623],[82.21517,25.27246],[82.21703,25.25892],[82.22587,25.2435],[82.23909,25.2413],[82.25449,25.24569],[82.27429,25.26177],[82.29987,25.26047],[82.31837,25.23019],[82.34498,25.22652],[82.37981,25.24936],[82.43562,25.23505],[82.51262,25.18358],[82.55215,25.18397],[82.56347,25.20278],[82.58496,25.21841],[82.61959,25.2197],[82.78593,25.14402],[82.8788,25.14162],[82.9651,25.18766],[83.01662,25.2388],[83.03326,25.29497],[83.07403,25.33013],[83.13894,25.34424],[83.1593,25.37654],[83.13522,25.42698],[83.13873,25.47152],[83.17005,25.51017],[83.24157,25.51886],[83.3535,25.49759],[83.43959,25.46571],[83.48925,25.44416],[83.51349,25.46178],[83.51349,25.49707],[83.51814,25.53384],[83.59958,25.58407]]},"properties":{"sw":0.5,"scalerank":3,"name":"Ganges","featurecla":"River","na":0,"cl":"Ganges#0"}},{"type":"Feature","geometry":{"type":"LineString","coordinates":[[89.10937,23.99192],[89.21856,23.80847],[89.30176,23.73251],[89.38124,23.6938],[89.44718,23.64019],[89.49958,23.57166],[89.52005,23.52477],[89.50868,23.49944],[89.52687,23.48337],[89.57472,23.47655],[89.59833,23.44309],[89.59782,23.38304],[89.61503,23.33697],[89.63249,23.30108],[89.63756,23.25248],[89.65973,23.22292],[89.70949,23.19233],[89.71864,23.13339],[89.76535,23.02007],[89.92627,22.84018],[90.00756,22.68523],[90.01356,22.56348],[89.98513,22.46638]]},"properties":{"sw":0.55,"scalerank":3,"name":"Ganges","featurecla":"River","na":0,"cl":"Ganges#0"}},{"type":"Feature","geometry":{"type":"LineString","coordinates":[[87.91983,24.82505],[87.94019,24.66601],[88.01884,24.54253],[88.1746,24.3888],[88.23806,24.23426],[88.20901,24.07897],[88.2054,23.94469],[88.227,23.83141],[88.21542,23.73964],[88.18338,23.7001],[88.21372,23.63675],[88.27185,23.58735],[88.30379,23.54267],[88.34461,23.53032],[88.36074,23.46056],[88.35216,23.33336],[88.37521,23.25543],[88.42998,23.22677],[88.46688,23.18613],[88.48605,23.13352],[88.45871,23.02748],[88.43975,22.98648],[88.38502,22.86796],[88.34668,22.73525],[88.34379,22.62927],[88.29004,22.5494],[88.18535,22.4956],[88.11755,22.41023],[88.08707,22.21774]]},"properties":{"sw":0.55,"scalerank":3,"name":"Ganges","featurecla":"River","na":0,"cl":"Ganges#0"}},{"type":"Feature","geometry":{"type":"LineString","coordinates":[[88.39696,24.38926],[88.51013,24.26139],[88.53375,24.20847],[88.52693,24.16555],[88.55421,24.12886],[88.61571,24.09848],[88.64299,24.05936],[88.63617,24.01158],[88.69023,23.96776],[88.80526,23.92792],[88.86443,23.85591],[88.86784,23.75173],[88.83719,23.66579],[88.77239,23.59809],[88.76371,23.53066],[88.81104,23.46348],[88.8528,23.44071],[88.88468,23.42345],[88.90551,23.38994],[88.92597,23.36348],[88.98891,23.33279],[89.00173,23.26336],[89.02752,23.18608],[89.08875,23.11259],[89.11294,23.04048],[89.09981,22.96968],[89.11346,22.89256],[89.15387,22.80912],[89.20844,22.74874],[89.26843,22.7075],[89.27551,22.70267],[89.27086,22.67895],[89.2997,22.61885]]},"properties":{"sw":0.55,"scalerank":3,"name":"Ganges","featurecla":"River","na":0,"cl":"Ganges#0"}},{"type":"Feature","geometry":{"type":"LineString","coordinates":[[90.07438,23.57342],[90.09603,23.34031],[90.12724,23.25194],[90.18088,23.20592],[90.22843,23.17848],[90.24362,23.13825],[90.26522,23.11559],[90.29876,23.08807],[90.30212,23.05451],[90.31524,23.0156],[90.36165,22.96105],[90.36134,22.87586],[90.39431,22.77484],[90.43506,22.75192]]},"properties":{"sw":0.55,"scalerank":3,"name":"Ganges","featurecla":"River","na":0,"cl":"Ganges#0"}},{"type":"Feature","geometry":{"type":"LineString","coordinates":[[89.4832,22.27553],[89.42527,22.49553],[89.37215,22.58118],[89.2997,22.61885],[89.26078,22.57356],[89.25546,22.44535],[89.28647,22.30758],[89.35375,22.1603],[89.37856,22.05809],[89.3522,21.9723],[89.35055,21.88564],[89.33582,21.78839],[89.35373,21.72112]]},"properties":{"sw":0.55,"scalerank":3,"name":"Ganges","featurecla":"River","na":0,"cl":"Ganges#0"}},{"type":"Feature","geometry":{"type":"LineString","coordinates":[[83.59958,25.58407],[83.66965,25.60702],[83.71275,25.59032],[83.75223,25.54162],[83.80339,25.51893],[83.86623,25.52232],[83.95909,25.57704],[84.08198,25.68319],[84.17102,25.7221],[84.22621,25.69383],[84.28352,25.70104],[84.34289,25.74375],[84.42847,25.74716],[84.53999,25.71125],[84.63414,25.70833],[84.71093,25.73833],[84.82669,25.74701],[84.98141,25.7344],[85.11897,25.68257],[85.23917,25.59156],[85.33849,25.54397],[85.41244,25.5348],[85.45611,25.53777]]},"properties":{"sw":0.55,"scalerank":3,"name":"Ganges","featurecla":"River","na":0,"cl":"Ganges#0"}},{"type":"Feature","geometry":{"type":"LineString","coordinates":[[85.45611,25.53777],[85.50081,25.5449],[85.55512,25.54363],[85.61775,25.49374],[85.69661,25.47379],[85.78601,25.49457],[85.88006,25.46222],[85.97897,25.37669],[86.09783,25.32362],[86.23673,25.303],[86.37073,25.3408],[86.49982,25.4371],[86.57103,25.44767],[86.58436,25.37253],[86.61676,25.31535],[86.66813,25.27608],[86.74285,25.27983],[86.84093,25.32662],[86.96496,25.32008],[87.11513,25.26024],[87.21858,25.26699],[87.27532,25.34037],[87.35046,25.38271],[87.44389,25.39401],[87.51764,25.36644],[87.57169,25.29998],[87.64373,25.25696],[87.73375,25.2374],[87.77932,25.19319],[87.78046,25.12436],[87.82433,25.06436],[87.91105,25.0132],[87.94242,24.95594],[87.91854,24.89264],[87.91983,24.82505],[87.94629,24.75317],[87.99936,24.66144],[88.07905,24.54992],[88.14545,24.48579],[88.22503,24.46063]]},"properties":{"sw":0.65,"scalerank":3,"name":"Ganges","featurecla":"River","na":0,"cl":"Ganges#0"}},{"type":"Feature","geometry":{"type":"LineString","coordinates":[[88.22503,24.46063],[88.28715,24.47975],[88.33753,24.45386],[88.39696,24.38926],[88.49856,24.34663],[88.64232,24.32596],[88.7235,24.2749],[88.74221,24.19341],[88.76976,24.14429],[88.80624,24.12749],[88.85828,24.13109],[88.92597,24.15506],[89.00964,24.10868],[89.10937,23.99192],[89.19975,23.93265],[89.28089,23.93079],[89.37995,23.90113],[89.49705,23.84356],[89.60402,23.82309],[89.74928,23.84805]]},"properties":{"sw":0.8,"scalerank":3,"name":"Ganges","featurecla":"River","na":0,"cl":"Ganges#0"}},{"type":"Feature","geometry":{"type":"LineString","coordinates":[[67.6458,23.91987],[67.7112,23.95663],[67.71383,24.00086],[67.71342,24.06639],[67.66076,24.10486]]},"properties":{"sw":0.2,"scalerank":3,"name":"Indus","featurecla":"River","na":0,"cl":"Indus#0"}},{"type":"Feature","geometry":{"type":"LineString","coordinates":[[67.71342,24.06639],[67.76013,24.05285],[67.80075,24.05851],[67.92415,24.05595]]},"properties":{"sw":0.2,"scalerank":3,"name":"Indus","featurecla":"River","na":0,"cl":"Indus#0"}},{"type":"Feature","geometry":{"type":"LineString","coordinates":[[67.85997,23.90268],[67.92519,24.00076]]},"properties":{"sw":0.2,"scalerank":3,"name":"Indus","featurecla":"River","na":0,"cl":"Indus#0"}},{"type":"Feature","geometry":{"type":"LineString","coordinates":[[67.92519,24.00076],[67.99955,24.00711],[68.0166,23.99068],[68.02451,23.93368],[68.04244,23.89167],[68.03701,23.84824]]},"properties":{"sw":0.2,"scalerank":3,"name":"Indus","featurecla":"River","na":0,"cl":"Indus#0"}},{"type":"Feature","geometry":{"type":"LineString","coordinates":[[67.92519,24.00076],[67.92415,24.05595]]},"properties":{"sw":0.2,"scalerank":3,"name":"Indus","featurecla":"River","na":0,"cl":"Indus#0"}},{"type":"Feature","geometry":{"type":"LineString","coordinates":[[72.78164,34.62254],[72.83476,34.37149],[72.84757,34.25796],[72.83796,34.19822],[72.80158,34.14766],[72.70701,34.08557]]},"properties":{"sw":0.3,"scalerank":3,"name":"Indus","featurecla":"Lake Centerline","na":0,"cl":"Indus#0"}},{"type":"Feature","geometry":{"type":"LineString","coordinates":[[79.7346,32.44394],[79.42981,32.74498]]},"properties":{"sw":0.2,"scalerank":3,"name":"Indus","featurecla":"River","na":0,"cl":"Indus#0"}},{"type":"Feature","geometry":{"type":"LineString","coordinates":[[79.43725,32.73813],[79.34082,32.88068],[79.22031,32.99646],[79.04368,33.13299],[78.90674,33.18903],[78.80948,33.16454],[78.63983,33.20779],[78.24549,33.39796],[78.18337,33.4453],[78.15164,33.49336],[78.1504,33.54214],[78.07692,33.62002],[77.9313,33.72693],[77.79213,33.85737],[77.65953,34.01121],[77.52977,34.10614],[77.33939,34.16014]]},"properties":{"sw":0.25,"scalerank":3,"name":"Indus","featurecla":"River","na":0,"cl":"Indus#0"}},{"type":"Feature","geometry":{"type":"LineString","coordinates":[[77.33939,34.16014],[76.96691,34.28778],[76.78211,34.3863],[76.66078,34.49828],[76.52931,34.58264],[76.38762,34.63938],[76.28509,34.70832],[76.22153,34.78938],[76.19621,34.86118],[76.20892,34.92366],[76.1419,35.00758],[75.99503,35.1129],[75.90201,35.20953],[75.86284,35.29743],[75.79148,35.33459],[75.68781,35.32095],[75.56772,35.35709],[75.43109,35.44298],[75.35285,35.51086],[75.33311,35.5607],[75.26386,35.58966],[75.14521,35.59772],[75.00072,35.63235],[74.8304,35.69353],[74.74007,35.75348],[74.72973,35.81218],[74.70105,35.83637],[74.65403,35.82603],[74.63103,35.74753],[74.63207,35.60082],[74.57532,35.50003],[74.46081,35.44512],[74.34247,35.41458],[74.22031,35.40841],[74.05846,35.43587],[73.85692,35.49696],[73.6452,35.53101],[73.4233,35.53804],[73.3016,35.47117],[73.28021,35.3304],[73.1751,35.20426],[72.98638,35.09274],[72.88519,35.00448],[72.87166,34.93937],[72.89481,34.88635],[72.95465,34.84537],[72.94457,34.80888],[72.86447,34.77684],[72.81373,34.72625],[72.78164,34.62254]]},"properties":{"sw":0.3,"scalerank":3,"name":"Indus","featurecla":"River","na":0,"cl":"Indus#0"}},{"type":"Feature","geometry":{"type":"LineString","coordinates":[[72.70691,34.08554],[72.65162,34.03175],[72.59178,34.0155],[72.50899,34.0188],[72.41075,33.99984],[72.29717,33.95857],[72.23883,33.89493],[72.23573,33.809],[72.19748,33.77197],[72.1241,33.78393],[72.07103,33.77897],[72.03827,33.75709],[71.98592,33.66546],[71.91388,33.50408],[71.83921,33.40633],[71.7618,33.37228],[71.72196,33.27378],[71.71968,33.11085],[71.65096,32.99388],[71.51567,32.9228],[71.42472,32.83769],[71.35454,32.68888]]},"properties":{"sw":0.35,"scalerank":3,"name":"Indus","featurecla":"River","na":0,"cl":"Indus#0"}},{"type":"Feature","geometry":{"type":"LineString","coordinates":[[71.35454,32.68888],[71.3441,32.48355],[71.27299,32.3111],[71.07022,31.99908]]},"properties":{"sw":0.4,"scalerank":3,"name":"Indus","featurecla":"River","na":0,"cl":"Indus#0"}},{"type":"Feature","geometry":{"type":"LineString","coordinates":[[71.07022,31.99908],[70.86108,31.56949],[70.80077,31.29969],[70.82899,30.91984]]},"properties":{"sw":0.5,"scalerank":3,"name":"Indus","featurecla":"River","na":0,"cl":"Indus#0"}},{"type":"Feature","geometry":{"type":"LineString","coordinates":[[70.82899,30.91984],[70.76977,30.81076],[70.77452,30.71629],[70.82351,30.6001],[70.82951,30.48548],[70.79251,30.37241],[70.79152,30.2119],[70.82656,30.00396],[70.79189,29.82516],[70.6876,29.6755],[70.65665,29.55039],[70.69913,29.44988],[70.70233,29.35348],[70.66626,29.26124],[70.65122,29.17602],[70.65711,29.09786],[70.61164,29.02311],[70.51459,28.9518],[70.44297,28.91575],[70.39677,28.91501],[70.28737,28.83545],[70.11487,28.67711],[69.96201,28.57572],[69.82879,28.53128],[69.71495,28.44439],[69.62059,28.31496],[69.53491,28.24577],[69.45801,28.23688],[69.40944,28.21239],[69.38918,28.17239],[69.35631,28.15673],[69.31084,28.16541],[69.24893,28.14136],[69.17059,28.08454],[69.10729,28.05777],[69.05902,28.06105],[69.0259,28.04005],[69.00791,27.99478],[68.97985,27.97517],[68.94171,27.98126],[68.92947,27.9553],[68.94311,27.89732],[68.92761,27.85313],[68.88306,27.82275],[68.88446,27.79213],[68.9319,27.76128],[68.94988,27.73696],[68.93841,27.71919],[68.82648,27.67779],[68.76245,27.69779],[68.70519,27.75949],[68.66907,27.7705],[68.65408,27.73089],[68.57311,27.68774],[68.42624,27.64105],[68.33736,27.6025],[68.30656,27.57212],[68.30005,27.51119],[68.31772,27.41983],[68.29741,27.3714],[68.23902,27.36588],[68.19401,27.34213],[68.16228,27.30014],[68.16026,27.26309],[68.18786,27.23095],[68.17478,27.20762],[68.12104,27.19312],[68.09892,27.16294],[68.10854,27.11705],[68.06322,27.06202],[67.96307,26.99778],[67.91092,26.90978],[67.90472,26.74209]]},"properties":{"sw":0.55,"scalerank":3,"name":"Indus","featurecla":"River","na":0,"cl":"Indus#0"}},{"type":"Feature","geometry":{"type":"LineString","coordinates":[[67.90472,26.74209],[67.89093,26.48686],[67.89956,26.36862],[67.92591,26.30222],[67.98193,26.24336],[68.06761,26.19199],[68.1168,26.14027],[68.12972,26.08812],[68.20155,25.99893],[68.33229,25.87271],[68.3788,25.79481],[68.34087,25.76525],[68.34811,25.72817],[68.4003,25.68355],[68.39844,25.62066],[68.34242,25.53942],[68.3231,25.44393],[68.34046,25.33416],[68.33715,25.26156],[68.31317,25.22606],[68.31855,25.19169],[68.35317,25.15841],[68.35157,25.13862],[68.31364,25.13226],[68.2862,25.08911],[68.26935,25.00922],[68.24506,24.97853],[68.21354,24.99705],[68.18347,24.97326],[68.15494,24.90716],[68.11649,24.87264],[68.06823,24.8698],[68.02461,24.76035],[67.98575,24.54434],[67.93563,24.43019],[67.87413,24.41799],[67.85005,24.39551],[67.86338,24.36278],[67.84865,24.34384],[67.80597,24.33867],[67.79589,24.31795],[67.81832,24.28167],[67.78711,24.23919],[67.70215,24.19051],[67.65926,24.14555],[67.65854,24.10437],[67.6267,24.07796],[67.53234,24.06052],[67.45393,24.03987]]},"properties":{"sw":0.65,"scalerank":3,"name":"Indus","featurecla":"River","na":0,"cl":"Indus#0"}},{"type":"Feature","geometry":{"type":"LineString","coordinates":[[-3.22184,16.40802],[-3.18897,16.30009],[-3.18722,16.25288],[-3.20603,16.22534],[-3.2338,16.20728],[-3.27052,16.1987],[-3.3022,16.16341],[-3.32878,16.10139],[-3.39576,16.06248],[-3.50311,16.04667],[-3.57035,16.00546],[-3.59753,15.93887],[-3.63468,15.89446],[-3.68191,15.87224],[-3.70832,15.81805],[-3.71385,15.73196],[-3.7484,15.6838],[-3.81193,15.67357],[-3.84945,15.65966],[-3.86092,15.64215],[-3.78677,15.61972],[-3.79558,15.60287],[-3.92293,15.50352],[-3.92712,15.46743],[-3.85345,15.4558],[-3.81785,15.43175],[-3.82028,15.39524],[-3.85224,15.35359],[-3.91368,15.30677],[-3.95415,15.29028],[-3.97949,15.28119]]},"properties":{"sw":0.2,"scalerank":3,"name":"Niger","featurecla":"River","na":0,"cl":"Niger#0"}},{"type":"Feature","geometry":{"type":"LineString","coordinates":[[-3.50311,16.04667],[-3.46746,16.16103]]},"properties":{"sw":0.2,"scalerank":3,"name":"Niger","featurecla":"River","na":0,"cl":"Niger#0"}},{"type":"Feature","geometry":{"type":"LineString","coordinates":[[-3.97954,15.28124],[-4.16633,15.36506],[-4.24741,15.42149],[-4.30389,15.50696]]},"properties":{"sw":0.3,"scalerank":3,"name":"Niger","featurecla":"Lake Centerline","na":0,"cl":"Niger#0"}},{"type":"Feature","geometry":{"type":"LineString","coordinates":[[4.62569,9.86451],[4.52942,10.23855],[4.53712,10.42474],[4.65659,10.60928]]},"properties":{"sw":0.5,"scalerank":3,"name":"Niger","featurecla":"Lake Centerline","na":0,"cl":"Niger#0"}},{"type":"Feature","geometry":{"type":"LineString","coordinates":[[-10.73208,9.08991],[-10.66495,9.15376],[-10.62175,9.23504],[-10.58012,9.35511],[-10.58341,9.45286],[-10.6557,9.56598]]},"properties":{"sw":0.15,"scalerank":3,"name":"Niger","featurecla":"River","na":0,"cl":"Niger#0"}},{"type":"Feature","geometry":{"type":"LineString","coordinates":[[-10.6557,9.56598],[-10.64201,9.75039],[-10.68448,9.91505],[-10.77856,10.12145],[-10.81572,10.24775],[-10.79595,10.29392],[-10.74665,10.3218],[-10.66779,10.33141],[-10.63369,10.35859],[-10.64423,10.40327],[-10.61338,10.42562],[-10.54103,10.42562],[-10.48098,10.45153],[-10.43321,10.50336],[-10.36306,10.52401],[-10.27056,10.51347],[-10.21826,10.49094],[-10.19862,10.47755],[-10.17405,10.47161],[-10.15118,10.48241],[-10.05326,10.56868],[-9.97001,10.6084],[-9.90143,10.60152],[-9.86593,10.62478],[-9.84823,10.64248],[-9.80139,10.66245],[-9.65835,10.67837],[-9.53546,10.78063],[-9.43257,10.96925],[-9.34338,11.0648],[-9.26783,11.06728],[-9.19868,11.0971],[-9.1359,11.15433],[-9.11652,11.23947],[-9.1405,11.35249],[-9.0889,11.41858],[-8.96177,11.4377],[-8.85188,11.50493],[-8.75918,11.62025],[-8.65097,11.71887],[-8.5272,11.80083],[-8.43268,11.90488],[-8.36742,12.031],[-8.28143,12.14365],[-8.17472,12.24279],[-8.09808,12.37472],[-8.05142,12.53939],[-7.96434,12.62652],[-7.83685,12.63605],[-7.66637,12.74666],[-7.45292,12.95833],[-7.27906,13.10401],[-7.07768,13.22353]]},"properties":{"sw":0.2,"scalerank":3,"name":"Niger","featurecla":"River","na":0,"cl":"Niger#0"}},{"type":"Feature","geometry":{"type":"LineString","coordinates":[[-7.07768,13.22353],[-6.94921,13.32477],[-6.78793,13.36177],[-6.55091,13.36823],[-6.36733,13.40905],[-6.23716,13.48429],[-6.14611,13.57199],[-6.09412,13.67224],[-6.02115,13.71033],[-5.90245,13.7187],[-5.78525,13.74523],[-5.59536,13.88711],[-5.43517,13.96173],[-5.30468,13.96917],[-5.21415,14.00814],[-5.16356,14.07862],[-4.9962,14.15467],[-4.71214,14.23629],[-4.54899,14.26636],[-4.48693,14.27432],[-4.41448,14.31331],[-4.20054,14.55071]]},"properties":{"sw":0.25,"scalerank":3,"name":"Niger","featurecla":"River","na":0,"cl":"Niger#0"}},{"type":"Feature","geometry":{"type":"LineString","coordinates":[[-4.30392,15.50701],[-4.33826,15.62057],[-4.31697,15.68294],[-4.25154,15.73196],[-4.20757,15.79278],[-4.18514,15.86541],[-4.13786,15.89216],[-4.06572,15.87304],[-3.96123,15.92451],[-3.82444,16.04657],[-3.68936,16.11282],[-3.55595,16.12325],[-3.46746,16.16103],[-3.42389,16.22625],[-3.37914,16.26138],[-3.33331,16.26645],[-3.31041,16.29167],[-3.31046,16.33704],[-3.26277,16.38572],[-3.22184,16.40802],[-3.16722,16.43776],[-3.10639,16.51127],[-3.08019,16.60633],[-3.02751,16.6502],[-2.94826,16.64286],[-2.7429,16.69004],[-2.41135,16.79174],[-2.19741,16.83709],[-2.10103,16.82608],[-2.04289,16.83505],[-2.02295,16.86398],[-1.8966,16.91504],[-1.66395,16.98821],[-1.44846,17.03547],[-1.25018,17.05681],[-1.11788,17.04795],[-1.05153,17.00894],[-0.96451,16.9955],[-0.85682,17.00775],[-0.77036,16.99258],[-0.70515,16.95008],[-0.60055,16.9376],[-0.45653,16.95517],[-0.34602,16.87282],[-0.269,16.69061],[-0.20285,16.57739],[-0.14771,16.53315],[-0.08939,16.42587],[0.0028,16.17025]]},"properties":{"sw":0.3,"scalerank":3,"name":"Niger","featurecla":"River","na":0,"cl":"Niger#0"}},{"type":"Feature","geometry":{"type":"LineString","coordinates":[[-4.20054,14.55071],[-4.11693,14.77176],[-4.0421,14.88483],[-3.94815,14.96361],[-3.92076,15.07257],[-3.97949,15.28119]]},"properties":{"sw":0.3,"scalerank":3,"name":"Niger","featurecla":"River","na":0,"cl":"Niger#0"}},{"type":"Feature","geometry":{"type":"LineString","coordinates":[[0.0028,16.17025],[0.14351,15.98311],[0.25942,15.87211],[0.39742,15.7749],[0.47127,15.67915],[0.48088,15.58479],[0.54775,15.51045],[0.67188,15.45616],[0.73885,15.40971],[0.74867,15.3711],[0.72733,15.28258],[0.67493,15.14419],[0.65746,15.04585],[0.67503,14.98759],[0.72205,14.94772],[0.79854,14.92622],[0.85497,14.86072],[0.89135,14.75117],[0.96499,14.63027],[1.07588,14.49798],[1.20828,14.38119],[1.36217,14.27988],[1.4634,14.14617],[1.51198,13.98008],[1.58112,13.84693],[1.67073,13.74671],[1.8117,13.65054],[2.00384,13.55837],[2.12455,13.47569],[2.17385,13.40244],[2.23555,13.34342],[2.30966,13.29862],[2.35462,13.17604],[2.37033,12.97567],[2.41539,12.81818],[2.4897,12.70351],[2.5206,12.62734],[2.50799,12.58962],[2.51523,12.55195],[2.53977,12.52856],[2.57052,12.53011],[2.59667,12.55164],[2.61512,12.55164],[2.62628,12.53102],[2.6531,12.52234],[2.69201,12.53011],[2.71816,12.51934],[2.73645,12.46797],[2.76782,12.43211],[2.81505,12.41937],[2.84368,12.39942]]},"properties":{"sw":0.35,"scalerank":3,"name":"Niger","featurecla":"River","na":0,"cl":"Niger#0"}},{"type":"Feature","geometry":{"type":"LineString","coordinates":[[2.84368,12.39942],[3.14955,12.11807],[3.26738,11.99188],[3.29911,11.92713],[3.35993,11.88046],[3.44985,11.85194],[3.5317,11.78745],[3.59542,11.69629],[3.69469,11.61996],[3.85137,11.56991]]},"properties":{"sw":0.4,"scalerank":3,"name":"Niger","featurecla":"River","na":0,"cl":"Niger#0"}},{"type":"Feature","geometry":{"type":"LineString","coordinates":[[3.85137,11.56991],[4.02232,11.48398],[4.13311,11.39065],[4.2407,11.2613],[4.36752,11.16958],[4.51335,11.1155],[4.62011,11.04473],[4.6877,10.95729],[4.70517,10.83696],[4.65618,10.60721]]},"properties":{"sw":0.45,"scalerank":3,"name":"Niger","featurecla":"River","na":0,"cl":"Niger#0"}},{"type":"Feature","geometry":{"type":"LineString","coordinates":[[6.2658,4.99143],[6.27097,4.43211]]},"properties":{"sw":0.5,"scalerank":3,"name":"Niger","featurecla":"River","na":0,"cl":"Niger#0"}},{"type":"Feature","geometry":{"type":"LineString","coordinates":[[4.62569,9.86451],[4.64414,9.75517],[4.63112,9.66949],[4.59277,9.57102],[4.58642,9.47255],[4.61215,9.374],[4.65437,9.3123],[4.71318,9.28744],[4.74961,9.24342],[4.76377,9.18032],[4.82961,9.16071],[4.94712,9.18466],[5.05683,9.14957],[5.15863,9.05542],[5.29165,8.98865],[5.45587,8.94917],[5.60408,8.88256],[5.80236,8.74184]]},"properties":{"sw":0.5,"scalerank":3,"name":"Niger","featurecla":"River","na":0,"cl":"Niger#0"}},{"type":"Feature","geometry":{"type":"LineString","coordinates":[[6.45483,5.3628],[6.39396,5.30097],[6.34858,5.25627],[6.33039,5.22082],[6.33349,5.19555],[6.35778,5.18038],[6.35365,5.15323],[6.32099,5.11411],[6.29184,5.09483],[6.26611,5.09545],[6.25743,5.06098],[6.2658,4.99143],[6.22368,4.91913],[6.13118,4.84405],[6.07754,4.70987],[6.05537,4.41989],[6.07656,4.29063]]},"properties":{"sw":0.55,"scalerank":3,"name":"Niger","featurecla":"River","na":0,"cl":"Niger#0"}},{"type":"Feature","geometry":{"type":"LineString","coordinates":[[6.55632,5.54134],[6.49509,5.46427],[6.47984,5.42179],[6.49018,5.38815],[6.45483,5.3628],[6.3738,5.34569],[6.30233,5.31603],[6.24043,5.27381],[6.20968,5.23544],[6.21009,5.20097],[6.1703,5.16395],[6.0902,5.12442],[5.99217,5.13044],[5.87611,5.18201],[5.73756,5.19141],[5.47598,5.15385]]},"properties":{"sw":0.55,"scalerank":3,"name":"Niger","featurecla":"River","na":0,"cl":"Niger#0"}},{"type":"Feature","geometry":{"type":"LineString","coordinates":[[6.55694,5.54225],[6.60614,5.38561],[6.58748,5.30118],[6.52248,5.23531],[6.47436,5.15648],[6.44315,5.0647],[6.46052,5.00259],[6.52645,4.97014],[6.57255,4.90781],[6.5988,4.81562],[6.64293,4.72912],[6.70877,4.60747],[6.71518,4.50058],[6.71006,4.45164],[6.71006,4.42459],[6.71518,4.34243]]},"properties":{"sw":0.55,"scalerank":3,"name":"Niger","featurecla":"River","na":0,"cl":"Niger#0"}},{"type":"Feature","geometry":{"type":"LineString","coordinates":[[5.80236,8.74184],[6.01987,8.75445],[6.15873,8.74246],[6.29133,8.71017],[6.3846,8.62844],[6.43845,8.49734],[6.52118,8.37724],[6.6327,8.26813],[6.7159,8.14436],[6.77068,8.00589],[6.776,7.79301],[6.7098,7.36198]]},"properties":{"sw":0.55,"scalerank":3,"name":"Niger","featurecla":"River","na":0,"cl":"Niger#0"}},{"type":"Feature","geometry":{"type":"LineString","coordinates":[[6.7098,7.36198],[6.66438,6.9734],[6.65957,6.743],[6.69058,6.44036]]},"properties":{"sw":0.65,"scalerank":3,"name":"Niger","featurecla":"River","na":0,"cl":"Niger#0"}},{"type":"Feature","geometry":{"type":"LineString","coordinates":[[6.69058,6.44036],[6.74091,6.20228],[6.70732,5.97754],[6.55632,5.54134]]},"properties":{"sw":0.8,"scalerank":3,"name":"Niger","featurecla":"River","na":0,"cl":"Niger#0"}},{"type":"Feature","geometry":{"type":"LineString","coordinates":[[18.59673,3.67869],[18.62215,3.30404],[18.49094,2.9244],[18.21158,2.41492],[18.07221,2.01326],[18.07283,1.71938],[18.05779,1.53487],[18.01175,1.42211]]},"properties":{"sw":0.55,"scalerank":3,"name":"Ubangi","featurecla":"River","na":0,"cl":"Ubangi#0"}},{"type":"Feature","geometry":{"type":"LineString","coordinates":[[18.01175,1.42211],[17.90245,1.11807],[17.88576,0.8569],[17.92524,0.53728],[17.88773,0.23415],[17.77311,-0.0524],[17.72412,-0.27755],[17.75285,-0.54906]]},"properties":{"sw":0.65,"scalerank":3,"name":"Ubangi","featurecla":"River","na":0,"cl":"Ubangi#0"}},{"type":"Feature","geometry":{"type":"LineString","coordinates":[[-132.09539,59.60711],[-132.35264,59.92066],[-132.54519,60.06889],[-132.75876,60.15643],[-132.96038,60.26227],[-133.24483,60.44856]]},"properties":{"sw":0.2,"scalerank":3,"name":"Yukon","featurecla":"Lake Centerline","na":1,"cl":"Yukon#0"}},{"type":"Feature","geometry":{"type":"LineString","coordinates":[[-131.20824,59.08699],[-131.39303,59.07164],[-131.51316,59.08358],[-131.68865,59.13479]]},"properties":{"sw":0.15,"scalerank":3,"name":"Yukon","featurecla":"River","na":1,"cl":"Yukon#0"}},{"type":"Feature","geometry":{"type":"LineString","coordinates":[[-131.68865,59.13479],[-131.79247,59.14099],[-131.86138,59.17794],[-131.93,59.2476],[-131.99711,59.36361],[-132.09539,59.60711]]},"properties":{"sw":0.2,"scalerank":3,"name":"Yukon","featurecla":"River","na":1,"cl":"Yukon#0"}},{"type":"Feature","geometry":{"type":"LineString","coordinates":[[-133.24483,60.44856],[-134.28823,61.08893],[-134.6465,61.35163],[-134.66746,61.45013],[-134.73676,61.51697],[-134.91331,61.56973]]},"properties":{"sw":0.2,"scalerank":3,"name":"Yukon","featurecla":"River","na":1,"cl":"Yukon#0"}},{"type":"Feature","geometry":{"type":"LineString","coordinates":[[44.76981,31.47885],[45.04188,31.44072],[45.15815,31.40266],[45.20931,31.35201],[45.29287,31.32132],[45.46692,31.3052]]},"properties":{"sw":0.55,"scalerank":3,"name":"Euphrates","featurecla":"River","na":0,"cl":"Euphrates#0"}},{"type":"Feature","geometry":{"type":"LineString","coordinates":[[40.99257,34.42847],[41.11907,34.38772],[41.1769,34.39289],[41.20821,34.43041],[41.27586,34.44286],[41.37993,34.43025],[41.43006,34.43604],[41.44825,34.43989],[41.47052,34.44916],[41.50179,34.43604],[41.59072,34.44834],[41.71712,34.49712],[41.82719,34.50906],[41.92094,34.48415],[41.98961,34.44611],[42.05504,34.36932]]},"properties":{"sw":0.3,"scalerank":3,"name":"Euphrates","featurecla":"River","na":0,"cl":"Euphrates#0"}},{"type":"Feature","geometry":{"type":"LineString","coordinates":[[43.53562,33.41799],[43.64967,33.38367],[43.77576,33.31143],[43.8325,33.2257],[43.87229,33.19865],[43.90536,33.19865],[43.94763,33.19467],[44.02908,33.15971],[44.12204,33.05294],[44.25366,32.82818],[44.26255,32.79293]]},"properties":{"sw":0.45,"scalerank":3,"name":"Euphrates","featurecla":"River","na":0,"cl":"Euphrates#0"}},{"type":"Feature","geometry":{"type":"LineString","coordinates":[[42.44654,34.04051],[42.50974,34.00064],[42.55113,33.94359],[42.54141,33.8878],[42.56343,33.87034],[42.61717,33.89121],[42.67288,33.88961],[42.73045,33.86548],[42.74755,33.81964],[42.72409,33.752],[42.76729,33.67112],[42.87716,33.57692],[42.96547,33.52085],[43.03234,33.50281],[43.07895,33.50462],[43.10551,33.52617],[43.15523,33.51501],[43.22819,33.47114],[43.28767,33.45483],[43.33367,33.46615],[43.45433,33.44243],[43.53562,33.41799]]},"properties":{"sw":0.4,"scalerank":3,"name":"Euphrates","featurecla":"River","na":0,"cl":"Euphrates#0"}},{"type":"Feature","geometry":{"type":"LineString","coordinates":[[42.05504,34.36932],[42.12216,34.30173],[42.1696,34.28814],[42.21973,34.30594],[42.24805,34.29698],[42.26293,34.28956],[42.28618,34.2922],[42.30324,34.33408],[42.32985,34.34648],[42.36592,34.32943],[42.36633,34.30183],[42.33099,34.26365],[42.33181,34.23122],[42.36892,34.2045],[42.38328,34.16541],[42.37512,34.11389],[42.41724,34.05898],[42.44654,34.04051]]},"properties":{"sw":0.35,"scalerank":3,"name":"Euphrates","featurecla":"River","na":0,"cl":"Euphrates#0"}},{"type":"Feature","geometry":{"type":"LineString","coordinates":[[44.26255,32.79293],[44.26358,32.72699],[44.23661,32.624],[44.25547,32.49636],[44.32131,32.34852],[44.35495,32.23545],[44.3565,32.15721],[44.38735,32.07246],[44.4476,31.98128],[44.47685,31.87787],[44.47509,31.7623],[44.54811,31.64809],[44.76981,31.47885]]},"properties":{"sw":0.5,"scalerank":3,"name":"Euphrates","featurecla":"River","na":0,"cl":"Euphrates#0"}},{"type":"Feature","geometry":{"type":"LineString","coordinates":[[45.4631,31.3052],[45.54077,31.22874],[45.6851,31.18404],[45.92209,31.14554],[46.12114,31.08609],[46.36309,30.96537]]},"properties":{"sw":0.55,"scalerank":3,"name":"Euphrates","featurecla":"River","na":0,"cl":"Euphrates#0"}},{"type":"Feature","geometry":{"type":"LineString","coordinates":[[46.36309,30.96537],[46.48329,30.90258],[46.57962,30.90168],[46.69207,30.94178],[46.88554,30.95883],[47.16015,30.95292],[47.33141,30.96656],[47.39931,30.99981],[47.4421,31.00444],[47.46845,30.96847]]},"properties":{"sw":0.65,"scalerank":3,"name":"Euphrates","featurecla":"River","na":0,"cl":"Euphrates#0"}},{"type":"Feature","geometry":{"type":"LineString","coordinates":[[81.6398,31.44958],[81.5488,31.40447],[81.50038,31.40005],[81.44612,31.43183]]},"properties":{"sw":0.15,"scalerank":3,"name":"Shiquan He","featurecla":"River","na":0,"cl":"Shiquan He#0"}},{"type":"Feature","geometry":{"type":"LineString","coordinates":[[81.44612,31.43183],[81.29295,31.53523],[81.22505,31.60226],[81.19135,31.66732],[81.18743,31.74266],[81.21316,31.82829],[81.26809,31.89986],[81.35212,31.95748],[81.36592,32.0019],[81.30959,32.03319],[81.28189,32.07998],[81.28282,32.1423],[81.25151,32.22387],[81.18784,32.32464],[81.02888,32.41962],[80.77474,32.50882],[80.53465,32.553],[80.30862,32.55215],[80.08041,32.52473],[79.7346,32.44394]]},"properties":{"sw":0.2,"scalerank":3,"name":"Shiquan He","featurecla":"River","na":0,"cl":"Shiquan He#0"}},{"type":"Feature","geometry":{"type":"LineString","coordinates":[[-117.51708,51.65922],[-117.87275,51.87022]]},"properties":{"sw":0.2,"scalerank":3,"name":"Columbia","featurecla":"Lake Centerline","na":1,"cl":"Columbia#0"}},{"type":"Feature","geometry":{"type":"LineString","coordinates":[[-117.90572,50.68202],[-117.91652,50.46478],[-117.89249,50.33868],[-117.83725,50.2313],[-117.82727,50.15901],[-117.88019,50.10314]]},"properties":{"sw":0.25,"scalerank":3,"name":"Columbia","featurecla":"Lake Centerline","na":1,"cl":"Columbia#0"}},{"type":"Feature","geometry":{"type":"LineString","coordinates":[[-118.52661,52.10209],[-118.36621,52.08997]]},"properties":{"sw":0.25,"scalerank":3,"name":"Columbia","featurecla":"Lake Centerline","na":1,"cl":"Columbia#0"}},{"type":"Feature","geometry":{"type":"LineString","coordinates":[[-118.09248,49.80151],[-118.13043,49.664],[-118.12795,49.57387],[-118.09736,49.48375],[-118.01385,49.40355],[-117.90719,49.34164]]},"properties":{"sw":0.3,"scalerank":3,"name":"Columbia","featurecla":"Lake Centerline","na":1,"cl":"Columbia#0"}},{"type":"Feature","geometry":{"type":"LineString","coordinates":[[-118.07217,48.6639],[-118.17446,48.51213],[-118.19846,48.40426],[-118.16818,48.23241]]},"properties":{"sw":0.35,"scalerank":3,"name":"Columbia","featurecla":"Lake Centerline","na":1,"cl":"Columbia#0"}},{"type":"Feature","geometry":{"type":"LineString","coordinates":[[-116.08141,50.59149],[-116.22404,50.7584],[-116.36522,50.88956],[-116.54464,51.00996],[-116.7623,51.11967],[-116.93149,51.24416],[-117.0521,51.38348],[-117.18284,51.47097],[-117.32371,51.50662],[-117.42489,51.55815],[-117.51708,51.65922]]},"properties":{"sw":0.2,"scalerank":3,"name":"Columbia","featurecla":"River","na":1,"cl":"Columbia#0"}},{"type":"Feature","geometry":{"type":"LineString","coordinates":[[-115.86543,50.28747],[-116.08141,50.59149]]},"properties":{"sw":0.15,"scalerank":3,"name":"Columbia","featurecla":"River","na":1,"cl":"Columbia#0"}},{"type":"Feature","geometry":{"type":"LineString","coordinates":[[-118.52661,52.10209],[-118.58126,52.05189],[-118.59531,51.99853],[-118.58904,51.925],[-118.61087,51.85761],[-118.66074,51.79627],[-118.68123,51.74227],[-118.67231,51.6956],[-118.5994,51.59],[-118.46256,51.42552],[-118.35895,51.32266],[-118.28867,51.28142],[-118.2373,51.21377],[-118.20487,51.11967],[-118.19526,51.04851],[-118.20841,51.00025],[-118.13787,50.90284],[-117.90644,50.68285]]},"properties":{"sw":0.25,"scalerank":3,"name":"Columbia","featurecla":"River","na":1,"cl":"Columbia#0"}},{"type":"Feature","geometry":{"type":"LineString","coordinates":[[-117.88019,50.10314],[-117.9174,50.09237],[-117.92484,50.06449],[-117.91492,50.01591],[-117.94951,49.97072],[-118.02868,49.92886],[-118.07431,49.88135],[-118.09248,49.80151]]},"properties":{"sw":0.25,"scalerank":3,"name":"Columbia","featurecla":"River","na":1,"cl":"Columbia#0"}},{"type":"Feature","geometry":{"type":"LineString","coordinates":[[-117.87275,51.87022],[-118.36621,52.08997]]},"properties":{"sw":0.2,"scalerank":3,"name":"Columbia","featurecla":"River","na":1,"cl":"Columbia#0"}},{"type":"Feature","geometry":{"type":"LineString","coordinates":[[-117.90711,49.34159],[-117.72128,49.33097],[-117.6764,49.27549],[-117.71056,49.17162],[-117.70105,49.09799],[-117.64793,49.05453],[-117.68178,49.01523],[-117.71689,48.97453],[-117.90791,48.85795],[-118.02098,48.7656],[-118.07356,48.66349]]},"properties":{"sw":0.3,"scalerank":3,"name":"Columbia","featurecla":"River","na":1,"cl":"Columbia#0"}},{"type":"Feature","geometry":{"type":"LineString","coordinates":[[-118.16818,48.23241],[-118.23195,48.08559],[-118.28417,48.035],[-118.34608,48.03169],[-118.36768,47.99583],[-118.34887,47.92741],[-118.35145,47.87852],[-118.37533,47.84917],[-118.43331,47.85718],[-118.52534,47.90255],[-118.66544,47.92695],[-118.85359,47.93036],[-118.98258,47.9819],[-119.05234,48.08161],[-119.22835,48.10089],[-119.5105,48.0397],[-119.68109,48.03045],[-119.74,48.07303],[-119.80103,48.08474],[-119.86423,48.06554],[-119.88658,48.0289],[-119.86813,47.97475],[-119.87048,47.92886],[-119.89363,47.89119],[-119.96918,47.8131],[-120.04032,47.78318],[-120.13995,47.76277],[-120.21382,47.69347],[-120.26193,47.57524],[-120.27345,47.48692],[-120.24839,47.42858],[-120.19398,47.38173],[-120.06838,47.32882]]},"properties":{"sw":0.35,"scalerank":3,"name":"Columbia","featurecla":"River","na":1,"cl":"Columbia#0"}},{"type":"Feature","geometry":{"type":"LineString","coordinates":[[-120.06838,47.32882],[-120.06825,47.27536],[-120.04882,47.24458],[-120.01006,47.21859],[-119.99745,47.17614],[-120.01104,47.11728],[-119.99166,46.98535],[-119.93937,46.78045],[-119.83787,46.67421],[-119.68719,46.66666],[-119.57655,46.68061],[-119.50596,46.71601],[-119.41746,46.67875],[-119.31106,46.56879],[-119.2561,46.45618],[-119.25259,46.34102],[-119.20112,46.26855],[-119.10761,46.23718],[-119.08459,46.23268],[-119.0573,46.22028]]},"properties":{"sw":0.5,"scalerank":3,"name":"Columbia","featurecla":"River","na":1,"cl":"Columbia#0"}},{"type":"Feature","geometry":{"type":"LineString","coordinates":[[-118.99043,46.01864],[-119.04991,45.98148],[-119.17735,45.94508],[-119.42911,45.93417]]},"properties":{"sw":0.55,"scalerank":3,"name":"Columbia","featurecla":"River","na":1,"cl":"Columbia#0"}},{"type":"Feature","geometry":{"type":"LineString","coordinates":[[-119.42911,45.93417],[-119.93428,45.83787]]},"properties":{"sw":0.65,"scalerank":3,"name":"Columbia","featurecla":"River","na":1,"cl":"Columbia#0"}},{"type":"Feature","geometry":{"type":"LineString","coordinates":[[-119.93428,45.83787],[-120.15605,45.76217],[-120.35143,45.72517],[-120.71578,45.68982]]},"properties":{"sw":0.8,"scalerank":3,"name":"Columbia","featurecla":"River","na":1,"cl":"Columbia#0"}},{"type":"Feature","geometry":{"type":"LineString","coordinates":[[-122.14993,45.59375],[-122.20254,45.59107],[-122.56096,45.62507],[-122.64985,45.62745],[-122.72591,45.67375],[-122.74643,45.74969],[-122.84337,45.9781],[-122.942,46.11486],[-123.04228,46.16003],[-123.1209,46.17878],[-123.22061,46.15361]]},"properties":{"sw":1,"scalerank":3,"name":"Columbia","featurecla":"River","na":1,"cl":"Columbia#0"}},{"type":"Feature","geometry":{"type":"LineString","coordinates":[[-120.71578,45.68982],[-121.04524,45.63905],[-121.18428,45.64378],[-121.2427,45.68703],[-121.40212,45.71184],[-121.66252,45.71814],[-121.88201,45.68946],[-122.08513,45.60264],[-122.1499,45.59386]]},"properties":{"sw":1,"scalerank":3,"name":"Columbia","featurecla":"River","na":1,"cl":"Columbia#0"}},{"type":"Feature","geometry":{"type":"LineString","coordinates":[[38.81265,38.87499],[38.73958,39.07844]]},"properties":{"sw":0.2,"scalerank":3,"name":"Euphrates","featurecla":"Lake Centerline","na":0,"cl":"Euphrates#0"}},{"type":"Feature","geometry":{"type":"LineString","coordinates":[[38.81265,38.87499],[38.76779,38.81283]]},"properties":{"sw":0.25,"scalerank":3,"name":"Euphrates","featurecla":"Lake Centerline","na":0,"cl":"Euphrates#0"}},{"type":"Feature","geometry":{"type":"LineString","coordinates":[[41.45549,40.18018],[41.32826,40.01632]]},"properties":{"sw":0.15,"scalerank":3,"name":"Euphrates","featurecla":"River","na":0,"cl":"Euphrates#0"}},{"type":"Feature","geometry":{"type":"LineString","coordinates":[[41.32826,40.01632],[40.98471,39.94371],[40.76979,39.92805],[40.56898,39.94511],[40.39622,39.94221],[40.25142,39.91937],[40.16936,39.89488],[40.14983,39.86873],[40.16993,39.82382],[40.22957,39.76016],[40.24047,39.69437],[40.20264,39.62647],[40.16326,39.58441],[40.12223,39.56823],[39.93899,39.59536],[39.61343,39.6658],[39.41458,39.68344],[39.34254,39.64825],[39.1963,39.61854],[38.97605,39.5943],[38.73979,39.53648],[38.4875,39.44506],[38.42601,39.34246],[38.5553,39.22861],[38.64279,39.17027],[38.68857,39.16743],[38.71849,39.14412],[38.73958,39.07849]]},"properties":{"sw":0.2,"scalerank":3,"name":"Euphrates","featurecla":"River","na":0,"cl":"Euphrates#0"}},{"type":"Feature","geometry":{"type":"LineString","coordinates":[[38.76779,38.81283],[38.55463,38.76802],[38.44988,38.71374],[38.3826,38.63503],[38.35505,38.5809],[38.36735,38.55134],[38.45236,38.50762],[38.61008,38.44975],[38.71932,38.42567],[38.78009,38.43546],[38.84717,38.4129],[38.92055,38.35797],[38.99662,38.33378],[39.07548,38.3403],[39.11485,38.30588],[39.11485,38.23046],[39.14927,38.1895],[39.21821,38.18299],[39.24813,38.1538],[39.23913,38.10202],[39.17056,38.0336],[39.0424,37.94854],[38.97822,37.88707],[38.97801,37.84919],[38.95569,37.81986],[38.94887,37.79723],[38.92365,37.74529],[38.84148,37.7131],[38.82888,37.69031],[38.83849,37.66556],[38.81275,37.64468],[38.70134,37.63104],[38.60791,37.59331],[38.53256,37.53156],[38.43913,37.49461],[38.32772,37.48252],[38.25041,37.46058],[38.20731,37.42878],[38.13672,37.42087],[38.03864,37.43684],[37.96629,37.42456],[37.91968,37.3841],[37.85457,37.29188],[37.8478,37.21721],[37.86216,37.11587],[37.89674,37.06141],[37.95141,37.05386],[37.99053,36.99648],[38.02572,36.83563]]},"properties":{"sw":0.25,"scalerank":3,"name":"Euphrates","featurecla":"River","na":0,"cl":"Euphrates#0"}},{"type":"Feature","geometry":{"type":"LineString","coordinates":[[97.76285,35.08809],[97.71365,34.9619],[97.65939,34.90888],[97.54591,34.87599]]},"properties":{"sw":0.2,"scalerank":3,"name":"Yellow","featurecla":"Lake Centerline","na":0,"cl":"Yellow#0"}},{"type":"Feature","geometry":{"type":"LineString","coordinates":[[97.28825,34.83545],[97.24779,34.88932],[97.19369,34.91311],[97.07204,34.93061]]},"properties":{"sw":0.2,"scalerank":3,"name":"Yellow","featurecla":"Lake Centerline","na":0,"cl":"Yellow#0"}},{"type":"Feature","geometry":{"type":"LineString","coordinates":[[96.16419,35.12964],[96.74772,35.05321]]},"properties":{"sw":0.15,"scalerank":3,"name":"Yellow","featurecla":"River","na":0,"cl":"Yellow#0"}},{"type":"Feature","geometry":{"type":"LineString","coordinates":[[96.74772,35.05321],[97.07204,34.93061]]},"properties":{"sw":0.2,"scalerank":3,"name":"Yellow","featurecla":"River","na":0,"cl":"Yellow#0"}},{"type":"Feature","geometry":{"type":"LineString","coordinates":[[97.76285,35.08809],[97.93442,35.08246],[98.028,35.03378],[98.10087,34.94019],[98.19745,34.87387],[98.31775,34.83482],[98.38235,34.79819],[98.39578,34.74672]]},"properties":{"sw":0.2,"scalerank":3,"name":"Yellow","featurecla":"River","na":0,"cl":"Yellow#0"}},{"type":"Feature","geometry":{"type":"LineString","coordinates":[[97.28825,34.83545],[97.54705,34.87599]]},"properties":{"sw":0.2,"scalerank":3,"name":"Yellow","featurecla":"River","na":0,"cl":"Yellow#0"}},{"type":"Feature","geometry":{"type":"LineString","coordinates":[[98.39578,34.74672],[98.40002,34.67365],[98.38359,34.63068],[98.34772,34.59339],[98.37604,34.53138],[98.46854,34.44456],[98.56342,34.38963],[98.66093,34.36658],[98.71318,34.38002],[98.7201,34.42997],[98.75194,34.461],[98.80857,34.47314],[98.89167,34.46195],[99.00122,34.42751],[99.05755,34.30059],[99.06065,34.08118],[99.12318,33.91524],[99.24514,33.80279],[99.32379,33.74812],[99.35913,33.75117],[99.38146,33.77135],[99.39066,33.80858],[99.43882,33.81189],[99.52584,33.7813],[99.61989,33.7745],[99.72097,33.79148],[99.86835,33.74352],[100.06214,33.63066],[100.19144,33.60353],[100.25624,33.66221],[100.27794,33.70874],[100.32977,33.75737],[100.43437,33.79869],[100.58738,33.88326],[100.68949,33.9262],[100.74045,33.92752],[100.82468,33.87778],[100.94198,33.77696],[101.00916,33.76417],[101.02611,33.83936],[101.12337,33.82688],[101.30093,33.72673],[101.48071,33.67753],[101.66266,33.67937],[101.80891,33.61108],[101.91929,33.47269],[102.00507,33.38763],[102.06615,33.35579],[102.19297,33.37117],[102.38541,33.4337],[102.48163,33.48374],[102.48163,33.52129],[102.45016,33.55738],[102.38722,33.59201],[102.35254,33.63826],[102.32981,33.7251],[102.31601,33.74507],[102.28505,33.80026],[102.20599,33.89726],[102.10315,33.95917],[101.97644,33.98599],[101.83764,34.04733],[101.68685,34.14319],[101.51704,34.21853],[101.32842,34.27336],[101.21049,34.35046],[101.16326,34.44994],[101.08699,34.5127],[100.98167,34.5388],[100.91201,34.59342],[100.87821,34.67657],[100.81465,34.70755],[100.72143,34.68631],[100.62975,34.70817],[100.53973,34.77302],[100.45509,34.81255],[100.37592,34.82676],[100.3074,34.93554],[100.22048,35.24064]]},"properties":{"sw":0.25,"scalerank":3,"name":"Yellow","featurecla":"River","na":0,"cl":"Yellow#0"}},{"type":"Feature","geometry":{"type":"LineString","coordinates":[[100.22048,35.24064],[100.25861,35.28172],[100.23629,35.33821],[100.16611,35.42378],[100.17231,35.54284],[100.25489,35.69539],[100.33386,35.77353],[100.4093,35.77725],[100.54588,35.86936],[100.74355,36.04984],[100.89785,36.14167],[101.0088,36.14485],[101.07117,36.13506],[101.08492,36.11227],[101.17572,36.08891],[101.34341,36.06488],[101.49482,36.08576],[101.62969,36.15149],[101.7625,36.15159],[101.89304,36.08601],[101.9935,35.99747],[102.06378,35.8859],[102.1846,35.84453],[102.35585,35.87337],[102.61031,35.8604],[102.94775,35.80557],[103.1772,35.81156],[103.29864,35.87833],[103.31677,35.93122],[103.23171,35.97026],[103.25559,36.03956],[103.3884,36.13911],[103.56022,36.15784],[103.77106,36.09568],[103.91596,36.06808],[103.99508,36.07506],[104.03063,36.10446],[104.02267,36.15629],[104.07223,36.22877],[104.1792,36.32184],[104.35211,36.4278],[104.59096,36.54661],[104.71348,36.62758],[104.71979,36.67073],[104.69039,36.7275],[104.62517,36.79794],[104.52843,36.85008],[104.40007,36.8839],[104.32658,36.94552],[104.30788,37.03492],[104.31387,37.09345],[104.35273,37.17388],[104.44606,37.19698],[104.52027,37.24132],[104.57556,37.3069],[104.69163,37.3586],[104.95693,37.41539]]},"properties":{"sw":0.3,"scalerank":3,"name":"Yellow","featurecla":"River","na":0,"cl":"Yellow#0"}},{"type":"Feature","geometry":{"type":"LineString","coordinates":[[104.95693,37.41539],[104.99786,37.46149],[105.15196,37.48278],[105.43277,37.49471],[105.64898,37.522],[105.8004,37.56474],[105.9053,37.6608],[105.96359,37.81025],[106.03687,37.9157],[106.12503,37.97709],[106.19639,38.06414],[106.25086,38.17689],[106.33783,38.28169],[106.4572,38.37848],[106.531,38.49778],[106.55911,38.63953],[106.63993,38.7797],[106.77357,38.9183],[106.85067,39.01684],[106.87134,39.07529],[106.8487,39.18311],[106.78287,39.34026],[106.75868,39.48278],[106.77625,39.61066],[106.76819,39.76005],[106.71776,40.01632]]},"properties":{"sw":0.35,"scalerank":3,"name":"Yellow","featurecla":"River","na":0,"cl":"Yellow#0"}},{"type":"Feature","geometry":{"type":"LineString","coordinates":[[106.71776,40.01632],[107.04316,40.28612],[107.14915,40.39552],[107.14419,40.43446],[107.17395,40.49988],[107.23855,40.59184],[107.37973,40.67121],[107.5977,40.73803],[107.71955,40.79345],[107.7455,40.83748],[107.86213,40.86453],[108.06956,40.87466],[108.19017,40.86327],[108.22397,40.83035],[108.29006,40.81467],[108.38856,40.81622],[108.47599,40.77813],[108.55258,40.70041],[108.65061,40.63199],[108.77019,40.57287],[108.88413,40.54672],[108.99245,40.55355],[109.13415,40.53476],[109.30912,40.49037],[109.44958,40.48882],[109.55541,40.53011],[109.63458,40.53189],[109.68719,40.49412],[109.8357,40.49133],[110.08024,40.52352],[110.30338,40.48404],[110.50522,40.37294],[110.67452,40.30186],[110.81146,40.27082],[110.91853,40.26571],[110.996,40.28648],[111.12534,40.23462],[111.30673,40.11014],[111.40687,40.01255],[111.42579,39.9418],[111.41638,39.86744],[111.37845,39.78946],[111.38548,39.71789],[111.43726,39.65272],[111.43302,39.57622],[111.37256,39.48829],[111.28425,39.42953],[111.21226,39.4138],[111.16813,39.39992],[111.15583,39.37005]]},"properties":{"sw":0.4,"scalerank":3,"name":"Yellow","featurecla":"River","na":0,"cl":"Yellow#0"}},{"type":"Feature","geometry":{"type":"LineString","coordinates":[[111.15583,39.37005],[111.155,39.34744],[111.19226,39.29657],[111.19934,39.23957],[111.14488,39.12474],[111.08142,39.04405],[111.00886,38.99749],[110.98029,38.95628],[110.99569,38.92042],[110.97042,38.8322],[110.90448,38.69157],[110.87786,38.59979],[110.89058,38.55685],[110.79761,38.44303],[110.59897,38.25839],[110.50347,38.11326],[110.51101,38.00768],[110.58475,37.88074]]},"properties":{"sw":0.45,"scalerank":3,"name":"Yellow","featurecla":"River","na":0,"cl":"Yellow#0"}},{"type":"Feature","geometry":{"type":"LineString","coordinates":[[110.58475,37.88074],[110.72459,37.73248],[110.78242,37.61378],[110.75813,37.52474],[110.71875,37.46469],[110.66408,37.43363],[110.64382,37.38415],[110.65777,37.31617],[110.60987,37.21701],[110.5,37.08668],[110.42709,37.02058],[110.39102,37.01872],[110.3843,37.00513],[110.40673,36.97986],[110.40766,36.91917],[110.38709,36.82313],[110.39283,36.76292],[110.42497,36.73861],[110.42823,36.71704],[110.40259,36.69823],[110.41696,36.64774],[110.47143,36.56557],[110.48569,36.42881]]},"properties":{"sw":0.5,"scalerank":3,"name":"Yellow","featurecla":"River","na":0,"cl":"Yellow#0"}},{"type":"Feature","geometry":{"type":"LineString","coordinates":[[110.48569,36.42881],[110.45985,36.23748],[110.49013,36.00566],[110.57643,35.73332],[110.57943,35.5337],[110.45872,35.34317]]},"properties":{"sw":0.55,"scalerank":3,"name":"Yellow","featurecla":"River","na":0,"cl":"Yellow#0"}},{"type":"Feature","geometry":{"type":"LineString","coordinates":[[110.45872,35.34317],[110.36611,35.23423],[110.3163,35.1346],[110.27836,35.00799],[110.26203,34.86785],[110.26989,34.63727],[110.46523,34.59701],[110.6186,34.60419],[110.79528,34.6454]]},"properties":{"sw":0.65,"scalerank":3,"name":"Yellow","featurecla":"River","na":0,"cl":"Yellow#0"}},{"type":"Feature","geometry":{"type":"LineString","coordinates":[[110.79528,34.6454],[110.89032,34.68259],[110.96995,34.7245],[111.02695,34.7462],[111.10126,34.79483],[111.24316,34.8302],[111.45266,34.85227],[111.58867,34.89942],[111.65141,34.97172],[111.73642,35.0299],[111.8438,35.07409],[112.11794,35.02158],[112.55874,34.8725],[112.85681,34.80901],[113.01215,34.83118],[113.15571,34.8748],[113.28769,34.93986],[113.39869,34.97417],[113.48897,34.97774],[113.61749,34.95373],[113.7844,34.90221],[113.90031,34.89459],[113.96532,34.93094],[114.15627,34.93606],[114.47315,34.90994],[114.6814,34.92761],[114.79819,34.97774],[114.83085,35.01977]]},"properties":{"sw":0.8,"scalerank":3,"name":"Yellow","featurecla":"River","na":0,"cl":"Yellow#0"}},{"type":"Feature","geometry":{"type":"LineString","coordinates":[[37.11301,11.85499],[37.15037,11.89385],[37.19662,11.90553],[37.26432,11.90294],[37.32039,11.83429],[37.38721,11.63229]]},"properties":{"sw":0.25,"scalerank":3,"name":"Lesser Abay","featurecla":"Lake Centerline","na":0,"cl":"Lesser Abay#0"}},{"type":"Feature","geometry":{"type":"LineString","coordinates":[[37.17895,11.03576],[37.02196,11.19188],[36.98093,11.28701],[37.01483,11.41625]]},"properties":{"sw":0.15,"scalerank":3,"name":"Blue Nile","featurecla":"River","na":0,"cl":"Blue Nile#0"}},{"type":"Feature","geometry":{"type":"LineString","coordinates":[[37.01483,11.41625],[37.04976,11.58007],[37.09668,11.65639],[37.16707,11.69975],[37.17998,11.75486],[37.11301,11.85506]]},"properties":{"sw":0.2,"scalerank":3,"name":"Blue Nile","featurecla":"River","na":0,"cl":"Blue Nile#0"}},{"type":"Feature","geometry":{"type":"LineString","coordinates":[[37.15115,56.75344],[36.88181,56.78294],[36.73608,56.74992],[36.62415,56.66429],[36.51982,56.64269],[36.37456,56.70636]]},"properties":{"sw":0.25,"scalerank":3,"name":"Volga","featurecla":"Lake Centerline","na":0,"cl":"Volga#0"}},{"type":"Feature","geometry":{"type":"LineString","coordinates":[[37.76093,57.29082],[37.94376,57.3117],[38.07879,57.38187],[38.30095,57.57163]]},"properties":{"sw":0.25,"scalerank":3,"name":"Volga","featurecla":"Lake Centerline","na":0,"cl":"Volga#0"}},{"type":"Feature","geometry":{"type":"LineString","coordinates":[[38.43707,58.01754],[38.32591,58.08286],[38.31924,58.14973],[38.40771,58.28755]]},"properties":{"sw":0.25,"scalerank":3,"name":"Volga","featurecla":"Lake Centerline","na":0,"cl":"Volga#0"}},{"type":"Feature","geometry":{"type":"LineString","coordinates":[[38.40771,58.28755],[38.70403,58.11315]]},"properties":{"sw":0.25,"scalerank":3,"name":"Volga","featurecla":"Lake Centerline","na":0,"cl":"Volga#0"}},{"type":"Feature","geometry":{"type":"LineString","coordinates":[[41.34252,57.49329],[41.2061,57.51708],[41.09923,57.58791],[40.97634,57.71369],[40.88916,57.7842],[40.83759,57.79947],[40.70597,57.78963],[40.49441,57.75474],[40.29318,57.69464],[40.0071,57.56667]]},"properties":{"sw":0.35,"scalerank":3,"name":"Volga","featurecla":"Lake Centerline","na":0,"cl":"Volga#0"}},{"type":"Feature","geometry":{"type":"LineString","coordinates":[[42.57583,57.41546],[42.72383,57.4312],[42.87431,57.40957],[43.17776,57.32901]]},"properties":{"sw":0.35,"scalerank":3,"name":"Volga","featurecla":"Lake Centerline","na":0,"cl":"Volga#0"}},{"type":"Feature","geometry":{"type":"LineString","coordinates":[[43.43242,56.67499],[43.3439,56.73344],[43.28648,56.81426],[43.23067,56.93699],[43.17497,57.02386],[43.11936,57.07489],[43.08851,57.11889],[43.08241,57.15584],[43.10396,57.21299],[43.17776,57.32901]]},"properties":{"sw":0.35,"scalerank":3,"name":"Volga","featurecla":"Lake Centerline","na":0,"cl":"Volga#0"}},{"type":"Feature","geometry":{"type":"LineString","coordinates":[[49.05895,55.48266],[49.28509,55.23441],[49.24808,55.11302],[49.0235,55.03576],[48.9002,54.90993],[48.87829,54.73557],[48.78196,54.61698],[48.61133,54.55419],[48.50715,54.48913],[48.46953,54.42179],[48.4533,54.34444],[48.45837,54.257],[48.58508,54.13494],[48.83343,53.97826],[48.96448,53.82692],[48.97833,53.68094],[49.00624,53.57942],[49.0483,53.52231],[49.10437,53.48268],[49.20943,53.46064],[49.56703,53.46743],[49.90479,53.45674]]},"properties":{"sw":0.5,"scalerank":3,"name":"Volga","featurecla":"Lake Centerline","na":0,"cl":"Volga#0"}},{"type":"Feature","geometry":{"type":"LineString","coordinates":[[45.6636,50.22231],[45.83119,50.35729],[45.83584,50.45713],[45.73342,50.56684],[45.67983,50.64657],[45.67518,50.69649],[45.7437,50.74176],[45.8855,50.78248],[45.98089,50.82406],[46.02988,50.86648],[46.04378,50.92503],[46.0226,50.99968],[45.96782,51.0659],[45.87945,51.12362],[45.83579,51.18819],[45.83672,51.25956],[45.86969,51.32191],[45.9347,51.37518],[45.97118,51.42275],[45.97934,51.46466],[46.03267,51.50616],[46.13138,51.54719],[46.2184,51.61432],[46.29385,51.70754],[46.36537,51.74581],[46.47719,51.77325],[46.56577,51.75214],[46.67966,51.74395],[46.77464,51.74793]]},"properties":{"sw":0.5,"scalerank":3,"name":"Volga","featurecla":"Lake Centerline","na":0,"cl":"Volga#0"}},{"type":"Feature","geometry":{"type":"LineString","coordinates":[[32.59825,57.25036],[32.68083,57.07905]]},"properties":{"sw":0.15,"scalerank":3,"name":"Volga","featurecla":"River","na":0,"cl":"Volga#0"}},{"type":"Feature","geometry":{"type":"LineString","coordinates":[[32.68083,57.07905],[32.67525,57.00944],[32.69204,56.97249],[32.72935,56.9449],[32.85084,56.9319],[33.05651,56.93348],[33.28239,56.89927],[33.52848,56.82924],[33.67493,56.76527],[33.72175,56.70744],[33.81554,56.64068],[33.95641,56.5651],[33.97966,56.50929],[33.88551,56.47327],[33.84448,56.44451],[33.85678,56.42302],[34.04984,56.35656],[34.42377,56.24515],[34.66841,56.20866],[34.78375,56.24701],[34.86183,56.28979],[34.90266,56.33698],[34.90886,56.36891],[34.88043,56.3855],[34.89098,56.41568],[34.94048,56.45934],[34.95578,56.50265],[34.93687,56.54554],[35.0012,56.57846],[35.22258,56.61293]]},"properties":{"sw":0.2,"scalerank":3,"name":"Volga","featurecla":"River","na":0,"cl":"Volga#0"}},{"type":"Feature","geometry":{"type":"LineString","coordinates":[[38.30095,57.57163],[38.44559,57.76092],[38.47965,57.87244],[38.43707,58.01754]]},"properties":{"sw":0.25,"scalerank":3,"name":"Volga","featurecla":"River","na":0,"cl":"Volga#0"}},{"type":"Feature","geometry":{"type":"LineString","coordinates":[[37.14825,56.7524],[37.39196,56.86165],[37.47743,56.93477],[37.48581,57.00815],[37.55774,57.10633],[37.76093,57.29082]]},"properties":{"sw":0.25,"scalerank":3,"name":"Volga","featurecla":"River","na":0,"cl":"Volga#0"}},{"type":"Feature","geometry":{"type":"LineString","coordinates":[[35.22258,56.61293],[35.3339,56.70326],[35.4218,56.74227],[35.52339,56.76005],[35.6068,56.79111],[35.67201,56.83545],[35.77252,56.86066],[35.90833,56.86676],[36.06574,56.84622],[36.24485,56.79901],[36.34438,56.75814],[36.37456,56.70636]]},"properties":{"sw":0.25,"scalerank":3,"name":"Volga","featurecla":"River","na":0,"cl":"Volga#0"}},{"type":"Feature","geometry":{"type":"LineString","coordinates":[[40.0071,57.56667],[39.85331,57.66883],[39.79812,57.72521],[39.79037,57.76988],[39.69663,57.8313],[39.5171,57.90944],[39.24647,57.98969],[38.70403,58.11315]]},"properties":{"sw":0.3,"scalerank":3,"name":"Volga","featurecla":"River","na":0,"cl":"Volga#0"}},{"type":"Feature","geometry":{"type":"LineString","coordinates":[[41.34366,57.49308],[41.71531,57.44755],[41.88921,57.45122],[41.98915,57.48895],[42.17327,57.48471],[42.57583,57.41546]]},"properties":{"sw":0.35,"scalerank":3,"name":"Volga","featurecla":"River","na":0,"cl":"Volga#0"}},{"type":"Feature","geometry":{"type":"LineString","coordinates":[[43.43242,56.67499],[43.6569,56.4964],[43.83684,56.40353],[44.04696,56.33692],[44.16731,56.27362],[44.1978,56.21362],[44.25811,56.17967],[44.34833,56.17166],[44.45086,56.14037],[44.56579,56.08575],[44.77611,56.08247],[45.08183,56.13061],[45.28089,56.13704],[45.37328,56.10185],[45.44284,56.10391],[45.48945,56.14329],[45.56014,56.15957],[45.65492,56.15275],[45.73677,56.16649],[45.80571,56.20083],[45.87227,56.19884],[45.93635,56.1605],[46.02503,56.17156],[46.1383,56.23192],[46.29405,56.28682],[46.49218,56.33628],[46.67971,56.30891],[46.85655,56.20468],[47.16594,56.15078],[47.82895,56.14541]]},"properties":{"sw":0.4,"scalerank":3,"name":"Volga","featurecla":"River","na":0,"cl":"Volga#0"}},{"type":"Feature","geometry":{"type":"LineString","coordinates":[[45.6636,50.22231],[45.48997,50.12201],[45.41442,50.05607],[45.37897,49.99106],[45.36073,49.91623],[45.35959,49.83164],[45.30522,49.73696],[45.19763,49.63211],[45.10694,49.51315],[45.04844,49.40753],[45.01082,49.35063],[44.99635,49.31342]]},"properties":{"sw":0.5,"scalerank":3,"name":"Volga","featurecla":"River","na":0,"cl":"Volga#0"}},{"type":"Feature","geometry":{"type":"LineString","coordinates":[[49.90479,53.45674],[50.04214,53.45467],[50.10808,53.40473],[50.14849,53.30623],[50.12855,53.23559],[50.04835,53.19277],[49.95734,53.18523],[49.85554,53.2129],[49.71736,53.20306],[49.5428,53.15577],[49.42761,53.15247],[49.37169,53.19319],[49.26901,53.21897],[49.11946,53.22975],[48.91875,53.20854],[48.66688,53.15531],[48.5243,53.10485],[48.49103,53.05715],[48.50338,52.99514],[48.56136,52.91881],[48.50493,52.81636],[48.33408,52.68774],[48.17745,52.5061],[48.03493,52.27138],[47.90083,52.1248],[47.77505,52.06631],[47.64363,52.04303],[47.50659,52.05491],[47.2727,51.98096],[47.11426,51.9188],[46.97081,51.83017],[46.84255,51.77296],[46.77464,51.74793]]},"properties":{"sw":0.5,"scalerank":3,"name":"Volga","featurecla":"River","na":0,"cl":"Volga#0"}},{"type":"Feature","geometry":{"type":"LineString","coordinates":[[47.82895,56.14541],[47.8861,56.12177],[47.92739,56.07335],[47.97194,55.99227],[48.06692,55.92532],[48.21233,55.87246],[48.45971,55.82527],[48.80904,55.78383],[49.00252,55.69298],[49.05895,55.48266]]},"properties":{"sw":0.5,"scalerank":3,"name":"Volga","featurecla":"River","na":0,"cl":"Volga#0"}},{"type":"Feature","geometry":{"type":"LineString","coordinates":[[47.84156,46.73493],[48.11394,46.68325],[48.21993,46.60524],[48.25032,46.48365],[48.31388,46.40058],[48.41062,46.35598],[48.50095,46.27211],[48.68369,46.08618]]},"properties":{"sw":0.55,"scalerank":3,"name":"Volga","featurecla":"River","na":0,"cl":"Volga#0"}},{"type":"Feature","geometry":{"type":"LineString","coordinates":[[44.99635,49.31342],[44.99015,49.29358],[44.98695,49.25914],[44.97568,49.19475],[44.84184,49.01262],[44.5879,48.72747],[44.54434,48.66507],[44.5276,48.59802],[44.5955,48.54515],[44.86453,48.46567],[45.0425,48.43441],[45.12942,48.45141],[45.22771,48.4465],[45.33737,48.41978],[45.41106,48.42449],[45.44878,48.46071],[45.55859,48.45133],[45.73321,48.3986],[45.79796,48.38325],[45.83134,48.36893]]},"properties":{"sw":0.55,"scalerank":3,"name":"Volga","featurecla":"River","na":0,"cl":"Volga#0"}},{"type":"Feature","geometry":{"type":"LineString","coordinates":[[45.83134,48.36893],[45.86493,48.35266],[45.90865,48.32168],[46.07768,48.2184],[46.15541,48.11009],[46.14662,47.99382],[46.19318,47.91759],[46.29509,47.88147],[46.35048,47.84297],[46.35948,47.8021],[46.40857,47.773],[46.49787,47.75559],[46.61641,47.6729],[46.76421,47.52495],[46.87469,47.44442],[46.94797,47.43137],[47.00853,47.40284],[47.05659,47.35892],[47.08171,47.31561],[47.08512,47.25169]]},"properties":{"sw":0.65,"scalerank":3,"name":"Volga","featurecla":"River","na":0,"cl":"Volga#0"}},{"type":"Feature","geometry":{"type":"LineString","coordinates":[[47.08512,47.25169],[47.0862,47.21402],[47.21224,47.14394],[47.46349,47.02891],[47.58498,46.9422],[47.57661,46.88375],[47.6117,46.85458],[47.69035,46.85461],[47.80032,46.77275],[47.9417,46.60894],[48.00206,46.5059],[47.98139,46.46357],[47.98015,46.41828],[47.99824,46.36993],[47.91643,46.24968],[47.73464,46.0574],[47.6411,45.92947],[47.63583,45.86586],[47.61036,45.83415],[47.57811,45.81348],[47.56075,45.78951],[47.56323,45.76057],[47.5872,45.73742],[47.63103,45.69359],[47.64983,45.65676]]},"properties":{"sw":0.8,"scalerank":3,"name":"Volga","featurecla":"River","na":0,"cl":"Volga#0"}},{"type":"Feature","geometry":{"type":"LineString","coordinates":[[38.56119,35.86264],[38.36534,35.90326],[38.24622,35.95114],[38.13863,36.01984],[38.07853,36.07413],[38.06582,36.11397],[38.09197,36.16668],[38.15688,36.23216],[38.18798,36.2843],[38.18385,36.34248]]},"properties":{"sw":0.25,"scalerank":3,"name":"Euphrates","featurecla":"Lake Centerline","na":0,"cl":"Euphrates#0"}},{"type":"Feature","geometry":{"type":"LineString","coordinates":[[38.02572,36.83563],[38.05642,36.74112],[38.10262,36.69425],[38.17445,36.6635],[38.23108,36.61813],[38.27242,36.55808],[38.26581,36.48165],[38.18385,36.34248]]},"properties":{"sw":0.25,"scalerank":3,"name":"Euphrates","featurecla":"River","na":0,"cl":"Euphrates#0"}},{"type":"Feature","geometry":{"type":"LineString","coordinates":[[38.55995,35.86329],[38.91574,35.91274],[39.22709,35.88076],[39.6126,35.78371],[39.83321,35.68325],[39.88891,35.57943],[40.00431,35.47256],[40.17928,35.3627],[40.26341,35.29754],[40.25659,35.27707],[40.29432,35.25304],[40.37658,35.2254],[40.42444,35.16741],[40.43777,35.07905],[40.47477,35.0158],[40.53544,34.97766],[40.58386,34.91818],[40.62014,34.83725],[40.71052,34.75222],[40.8549,34.66308],[40.92797,34.58096],[40.92973,34.50588],[40.94606,34.45836],[40.99257,34.42847]]},"properties":{"sw":0.3,"scalerank":3,"name":"Euphrates","featurecla":"River","na":0,"cl":"Euphrates#0"}},{"type":"Feature","geometry":{"type":"LineString","coordinates":[[27.02081,-17.95844],[27.13078,-17.8494],[27.27134,-17.6427],[27.43784,-17.51195],[27.63674,-17.26215],[27.75653,-17.06041],[27.93218,-16.89623],[28.16379,-16.76973],[28.39985,-16.66281],[28.76065,-16.53191]]},"properties":{"sw":0.35,"scalerank":3,"name":"Zambezi","featurecla":"Lake Centerline","na":0,"cl":"Zambezi#0"}},{"type":"Feature","geometry":{"type":"LineString","coordinates":[[32.70842,-15.5792],[32.49696,-15.56535],[32.34565,-15.58938],[32.18411,-15.64664],[31.92428,-15.6668],[31.56627,-15.64974],[31.32908,-15.66209],[31.2126,-15.7038],[31.06491,-15.704],[30.79639,-15.64204]]},"properties":{"sw":0.5,"scalerank":3,"name":"Zambezi","featurecla":"Lake Centerline","na":0,"cl":"Zambezi#0"}},{"type":"Feature","geometry":{"type":"LineString","coordinates":[[24.26553,-11.37915],[24.32682,-11.31068],[24.3341,-11.23895],[24.30775,-11.14118],[24.22646,-11.10067],[24.02223,-11.12594]]},"properties":{"sw":0.15,"scalerank":3,"name":"Zambezi","featurecla":"River","na":0,"cl":"Zambezi#0"}},{"type":"Feature","geometry":{"type":"LineString","coordinates":[[24.02223,-11.12594],[23.75042,-11.33233],[23.5988,-11.42308],[23.47674,-11.46705],[23.38734,-11.52121],[23.33049,-11.5856],[23.17298,-11.68611],[22.91481,-11.82274],[22.75962,-11.95209],[22.70743,-12.07404],[22.65023,-12.16587],[22.58811,-12.22747],[22.55281,-12.34627],[22.54444,-12.52239],[22.58088,-12.68992],[22.66201,-12.84888],[22.69756,-12.96505],[22.68733,-13.03833],[22.75265,-13.13248],[22.9639,-13.30518]]},"properties":{"sw":0.2,"scalerank":3,"name":"Zambezi","featurecla":"River","na":0,"cl":"Zambezi#0"}},{"type":"Feature","geometry":{"type":"LineString","coordinates":[[36.03892,-18.33723],[36.49804,-18.57579]]},"properties":{"sw":0.2,"scalerank":3,"name":"Zambezi","featurecla":"River","na":0,"cl":"Zambezi#0"}},{"type":"Feature","geometry":{"type":"LineString","coordinates":[[22.9639,-13.30518],[23.02297,-13.355],[23.07402,-13.45773],[23.13676,-13.62992],[23.18585,-13.72635],[23.2213,-13.74681],[23.22828,-13.78464],[23.20678,-13.83993],[23.20668,-13.90928],[23.22797,-13.99279],[23.22466,-14.06648],[23.19665,-14.13056],[23.19458,-14.21634],[23.21836,-14.32393],[23.18926,-14.44274],[23.1073,-14.57275],[23.03377,-14.78427],[22.96855,-15.07722],[22.98178,-15.27809],[23.07335,-15.38681],[23.12472,-15.482],[23.13588,-15.56365],[23.12746,-15.62504],[23.09945,-15.66618],[23.12002,-15.73702],[23.18916,-15.83748],[23.24647,-16.01313],[23.29205,-16.26402],[23.49172,-16.54896],[23.84571,-16.86796],[24.07655,-17.14009],[24.23824,-17.47805]]},"properties":{"sw":0.25,"scalerank":3,"name":"Zambezi","featurecla":"River","na":0,"cl":"Zambezi#0"}},{"type":"Feature","geometry":{"type":"LineString","coordinates":[[24.23824,-17.47805],[24.73289,-17.51774],[24.93241,-17.54348],[25.00176,-17.56859],[25.09214,-17.63432],[25.25926,-17.794]]},"properties":{"sw":0.3,"scalerank":3,"name":"Zambezi","featurecla":"River","na":0,"cl":"Zambezi#0"}},{"type":"Feature","geometry":{"type":"LineString","coordinates":[[25.25926,-17.794],[25.45171,-17.84516],[25.55713,-17.8495],[25.6396,-17.82408],[25.74161,-17.85824],[25.86326,-17.95193],[25.99586,-17.96981],[26.13952,-17.91172],[26.33341,-17.92934],[26.57753,-18.02257],[26.7799,-18.04153],[27.02081,-17.95844]]},"properties":{"sw":0.35,"scalerank":3,"name":"Zambezi","featurecla":"River","na":0,"cl":"Zambezi#0"}},{"type":"Feature","geometry":{"type":"LineString","coordinates":[[28.76055,-16.53212],[28.83269,-16.42411],[28.85677,-16.30619],[28.85677,-16.14232],[28.87558,-16.03618],[28.9131,-15.98781],[28.97299,-15.95009],[29.05056,-15.9012],[29.28786,-15.7765],[29.48728,-15.69677],[29.72959,-15.64463]]},"properties":{"sw":0.35,"scalerank":3,"name":"Zambezi","featurecla":"River","na":0,"cl":"Zambezi#0"}},{"type":"Feature","geometry":{"type":"LineString","coordinates":[[29.72959,-15.64463],[30.79639,-15.64204]]},"properties":{"sw":0.45,"scalerank":3,"name":"Zambezi","featurecla":"River","na":0,"cl":"Zambezi#0"}},{"type":"Feature","geometry":{"type":"LineString","coordinates":[[32.70749,-15.57998],[32.92515,-15.58577],[33.02804,-15.63357],[33.08871,-15.72529],[33.20338,-15.83495],[33.37215,-15.96254],[33.56367,-16.14666],[33.88509,-16.50752]]},"properties":{"sw":0.55,"scalerank":3,"name":"Zambezi","featurecla":"River","na":0,"cl":"Zambezi#0"}},{"type":"Feature","geometry":{"type":"LineString","coordinates":[[33.88509,-16.50752],[33.98416,-16.59862],[34.20549,-16.69717],[34.58211,-16.8336],[34.79507,-16.92253],[34.84436,-16.96408],[34.89692,-17.05855],[34.98064,-17.27972]]},"properties":{"sw":0.65,"scalerank":3,"name":"Zambezi","featurecla":"River","na":0,"cl":"Zambezi#0"}},{"type":"Feature","geometry":{"type":"LineString","coordinates":[[34.98064,-17.27972],[35.09613,-17.52053],[35.18682,-17.63567],[35.29121,-17.70548],[35.38909,-17.80026],[35.48035,-17.91999],[35.60225,-18.01322],[35.7547,-18.07998],[35.84637,-18.14592],[35.87727,-18.21103],[35.94146,-18.2748],[36.03892,-18.33723],[36.10522,-18.42435],[36.14025,-18.53608],[36.14537,-18.62041],[36.12046,-18.67746],[36.12894,-18.71963],[36.15023,-18.74966],[36.15343,-18.79477],[36.12498,-18.84239]]},"properties":{"sw":0.8,"scalerank":3,"name":"Zambezi","featurecla":"River","na":0,"cl":"Zambezi#0"}},{"type":"Feature","geometry":{"type":"LineString","coordinates":[[35.25731,-14.50433],[35.27777,-14.75755]]},"properties":{"sw":0.45,"scalerank":3,"name":"Shire","featurecla":"Lake Centerline","na":0,"cl":"Shire#0"}},{"type":"Feature","geometry":{"type":"LineString","coordinates":[[35.25731,-14.50433],[35.23623,-14.40129]]},"properties":{"sw":0.2,"scalerank":3,"name":"Shire","featurecla":"River","na":0,"cl":"Shire#0"}},{"type":"Feature","geometry":{"type":"LineString","coordinates":[[35.27777,-14.75755],[35.29338,-14.92059],[35.25075,-15.05681],[35.10735,-15.30263]]},"properties":{"sw":0.45,"scalerank":3,"name":"Shire","featurecla":"River","na":0,"cl":"Shire#0"}},{"type":"Feature","geometry":{"type":"LineString","coordinates":[[34.79532,-15.99086],[34.88948,-16.13007],[34.92524,-16.22521],[34.93392,-16.32262],[34.97516,-16.39228],[35.04905,-16.43409],[35.13391,-16.51646],[35.22982,-16.63924],[35.28119,-16.80781],[35.29142,-17.12924]]},"properties":{"sw":0.5,"scalerank":3,"name":"Shire","featurecla":"River","na":0,"cl":"Shire#0"}},{"type":"Feature","geometry":{"type":"LineString","coordinates":[[35.10735,-15.30263],[34.96007,-15.37193],[34.87449,-15.44469],[34.80152,-15.54396],[34.75781,-15.62401],[34.74334,-15.68478],[34.75088,-15.7841],[34.79532,-15.99086]]},"properties":{"sw":0.5,"scalerank":3,"name":"Shire","featurecla":"River","na":0,"cl":"Shire#0"}},{"type":"Feature","geometry":{"type":"LineString","coordinates":[[35.29142,-17.12924],[35.29121,-17.70548]]},"properties":{"sw":0.55,"scalerank":3,"name":"Shire","featurecla":"River","na":0,"cl":"Shire#0"}},{"type":"Feature","geometry":{"type":"LineString","coordinates":[[137.06991,50.45408],[137.10138,50.29812],[137.05673,50.21572],[136.94645,50.15487],[136.87209,50.09787],[136.83354,50.04459],[136.77122,49.91463],[136.77029,49.84993],[136.81049,49.75929]]},"properties":{"sw":0.65,"scalerank":3,"name":"Amur","featurecla":"Lake Centerline","na":0,"cl":"Amur#0"}},{"type":"Feature","geometry":{"type":"LineString","coordinates":[[140.11406,51.76364],[139.94973,51.63959],[139.90209,51.59683],[139.85775,51.57882]]},"properties":{"sw":1,"scalerank":3,"name":"Amur","featurecla":"Lake Centerline","na":0,"cl":"Amur#0"}},{"type":"Feature","geometry":{"type":"LineString","coordinates":[[130.03706,48.97226],[129.79252,49.19886],[129.67108,49.27849],[129.5914,49.28666],[129.53373,49.32342],[129.49817,49.38882],[129.44071,49.38944],[129.38469,49.38944],[129.35007,49.36236],[129.30986,49.35384],[129.24842,49.37864],[129.18512,49.38138],[129.12011,49.36205],[129.06512,49.37466],[129.02027,49.41926],[128.93831,49.44892],[128.81935,49.46375],[128.77026,49.49471],[128.79103,49.54183],[128.76902,49.57697],[128.70401,49.60013],[128.52676,49.59423],[128.23706,49.5593],[127.99961,49.5686],[127.8143,49.62214],[127.71115,49.67154],[127.69017,49.71676],[127.63669,49.76019],[127.5508,49.80179],[127.50243,49.87342],[127.49178,49.97504],[127.51235,50.07167],[127.59028,50.20898]]},"properties":{"sw":0.45,"scalerank":3,"name":"Amur","featurecla":"River","na":0,"cl":"Amur#0"}},{"type":"Feature","geometry":{"type":"LineString","coordinates":[[133.30115,48.10153],[133.14405,48.10564],[133.02013,48.06441],[132.87709,47.97909],[132.77281,47.94007],[132.70718,47.94725],[132.6369,47.8901],[132.56186,47.76851],[132.47629,47.71497],[132.38017,47.72949],[132.14979,47.71797],[131.78527,47.6805],[131.55676,47.68203],[131.46425,47.72262],[131.31935,47.72781],[131.12185,47.69763],[131.00278,47.69146],[130.96196,47.70931],[130.93287,47.7598],[130.9154,47.84292],[130.84863,47.92943],[130.73257,48.01924],[130.71205,48.12766],[130.78719,48.25457],[130.80424,48.34149],[130.76342,48.38842],[130.74688,48.43038],[130.65924,48.4834],[130.59728,48.57466],[130.55211,48.60251],[130.5656,48.68013],[130.61717,48.77317],[130.55315,48.8612],[130.35528,48.86637],[130.19601,48.89164],[130.03706,48.97226]]},"properties":{"sw":0.5,"scalerank":3,"name":"Amur","featurecla":"River","na":0,"cl":"Amur#0"}},{"type":"Feature","geometry":{"type":"LineString","coordinates":[[135.81768,48.81715],[135.74467,48.76418],[135.66865,48.75465],[135.56519,48.77093],[135.44484,48.76788],[135.30748,48.74555],[135.18485,48.70452],[135.07706,48.64476],[135.02621,48.57052],[135.03241,48.48185],[134.96451,48.42102],[134.8225,48.38805],[134.70871,48.38315],[134.62303,48.4063],[134.48665,48.40335],[134.2059,48.35989],[133.8422,48.27375],[133.67177,48.2077],[133.57327,48.13303],[133.46837,48.09717],[133.30115,48.10153]]},"properties":{"sw":0.55,"scalerank":3,"name":"Amur","featurecla":"River","na":0,"cl":"Amur#0"}},{"type":"Feature","geometry":{"type":"LineString","coordinates":[[138.67456,51.20708],[138.06809,50.85599],[137.7077,50.71427],[137.39139,50.66487],[137.18711,50.60673],[137.09482,50.53981],[137.05399,50.4933],[137.06991,50.45408]]},"properties":{"sw":0.65,"scalerank":3,"name":"Amur","featurecla":"River","na":0,"cl":"Amur#0"}},{"type":"Feature","geometry":{"type":"LineString","coordinates":[[136.81049,49.75929],[136.84253,49.72916],[136.84398,49.67769],[136.82527,49.59485],[136.72078,49.51969],[136.53041,49.45228],[136.39377,49.3673],[136.31088,49.26477],[136.2712,49.17106],[136.27481,49.0861],[136.16185,48.98701],[135.81768,48.81715]]},"properties":{"sw":0.65,"scalerank":3,"name":"Amur","featurecla":"River","na":0,"cl":"Amur#0"}},{"type":"Feature","geometry":{"type":"LineString","coordinates":[[139.85775,51.57882],[139.80586,51.56282],[139.70515,51.55817],[139.60241,51.5443],[139.49457,51.50494],[139.44899,51.44919],[139.3784,51.40544],[139.2828,51.37371],[139.15929,51.36348],[139.00798,51.37464],[138.91806,51.35046],[138.88954,51.29082],[138.82505,51.24752],[138.67456,51.20708]]},"properties":{"sw":0.8,"scalerank":3,"name":"Amur","featurecla":"River","na":0,"cl":"Amur#0"}},{"type":"Feature","geometry":{"type":"LineString","coordinates":[[140.11406,51.76366],[140.14693,51.78627],[140.20605,51.814],[140.21845,51.87536],[140.18202,51.96448],[140.21473,52.04649],[140.31674,52.12132],[140.38526,52.22648],[140.4204,52.36189],[140.40454,52.46796],[140.33762,52.5446],[140.26196,52.59193],[140.17752,52.60992],[140.12491,52.6573],[140.10414,52.73415],[139.99624,52.82236],[139.80111,52.92189],[139.75657,53.03201],[139.86271,53.15267],[140.00255,53.2152],[140.17628,53.21959],[140.3433,53.18755],[140.5036,53.11908],[140.61439,53.09138],[140.70669,53.111],[140.78348,53.10511],[140.8397,53.08789]]},"properties":{"sw":1,"scalerank":3,"name":"Amur","featurecla":"River","na":0,"cl":"Amur#0"}},{"type":"Feature","geometry":{"type":"LineString","coordinates":[[34.37964,11.78308],[34.40925,11.63885],[34.50873,11.51718],[34.77755,11.29644]]},"properties":{"sw":0.35,"scalerank":3,"name":"Blue Nile","featurecla":"Lake Centerline","na":0,"cl":"Blue Nile#0"}},{"type":"Feature","geometry":{"type":"LineString","coordinates":[[35.35338,10.15509],[35.34258,10.18667],[35.29317,10.41115],[35.24232,10.51708],[35.14745,10.57284]]},"properties":{"sw":0.35,"scalerank":3,"name":"Blue Nile","featurecla":"River","na":0,"cl":"Blue Nile#0"}},{"type":"Feature","geometry":{"type":"LineString","coordinates":[[35.14745,10.57284],[35.18166,10.97445],[35.16104,11.1396],[35.09706,11.20216],[34.99319,11.24918],[34.77755,11.29644]]},"properties":{"sw":0.35,"scalerank":3,"name":"Blue Nile","featurecla":"River","na":0,"cl":"Blue Nile#0"}},{"type":"Feature","geometry":{"type":"LineString","coordinates":[[34.37964,11.78308],[34.32398,12.04821],[34.31716,12.19378],[34.34062,12.30811],[34.30114,12.40283],[34.19872,12.47795],[34.15712,12.53427],[34.17645,12.57189],[34.17521,12.63672],[34.1535,12.72876],[34.11681,12.80428],[34.06524,12.86335],[34.03971,12.87203],[34.00002,12.9018],[33.98132,12.95825],[33.96096,13.14403],[33.93042,13.25798],[33.8898,13.30009],[33.82758,13.32549],[33.74376,13.33417],[33.69203,13.38091],[33.67229,13.46569],[33.63937,13.52956],[33.59317,13.57253],[33.58237,13.61896],[33.60687,13.66888],[33.60211,13.70826],[33.57752,13.73358],[33.58082,13.7559],[33.59653,13.77161],[33.59901,13.79311],[33.58026,13.81921],[33.57421,13.83941]]},"properties":{"sw":0.4,"scalerank":3,"name":"Blue Nile","featurecla":"River","na":0,"cl":"Blue Nile#0"}},{"type":"Feature","geometry":{"type":"LineString","coordinates":[[33.57421,13.83941],[33.58144,13.85598],[33.59571,13.8667],[33.60366,13.88742],[33.59137,13.93734],[33.60914,14.01129],[33.6572,14.10922],[33.56635,14.34416],[33.3366,14.71608],[33.21072,14.95588],[33.1886,15.06358],[33.13382,15.15951],[33.04649,15.2437],[32.94913,15.30364],[32.84195,15.33937],[32.73498,15.42257],[32.62843,15.55321],[32.55355,15.62204],[32.49014,15.63455]]},"properties":{"sw":0.4,"scalerank":3,"name":"Blue Nile","featurecla":"River","na":0,"cl":"Blue Nile#0"}},{"type":"Feature","geometry":{"type":"LineString","coordinates":[[122.28714,49.84928],[121.87848,49.67798]]},"properties":{"sw":0.15,"scalerank":3,"name":"Amur","featurecla":"River","na":0,"cl":"Amur#0"}},{"type":"Feature","geometry":{"type":"LineString","coordinates":[[121.87848,49.67798],[121.6263,49.63527],[121.43345,49.5716],[121.21589,49.47277],[120.91074,49.36766],[120.5181,49.2563],[120.11787,49.22526],[119.71004,49.27462],[119.44979,49.27487],[119.33724,49.22609],[119.23213,49.19927],[119.08568,49.19198]]},"properties":{"sw":0.2,"scalerank":3,"name":"Amur","featurecla":"River","na":0,"cl":"Amur#0"}},{"type":"Feature","geometry":{"type":"LineString","coordinates":[[117.87346,49.51349],[117.9118,49.42877],[117.96864,49.37352],[118.0566,49.31947],[118.17489,49.33234],[118.32335,49.41213],[118.43962,49.43652],[118.52355,49.40549],[118.58256,49.34727],[118.61677,49.26195],[118.74679,49.21245],[119.08568,49.19198]]},"properties":{"sw":0.25,"scalerank":3,"name":"Amur","featurecla":"River","na":0,"cl":"Amur#0"}},{"type":"Feature","geometry":{"type":"LineString","coordinates":[[-63.43594,2.37407],[-63.64053,2.31237],[-63.732,2.25826],[-63.77853,2.19116],[-63.84907,2.15638],[-63.99084,2.15271]]},"properties":{"sw":0.15,"scalerank":3,"name":"Orinoco","featurecla":"River","na":0,"cl":"Orinoco#0"}},{"type":"Feature","geometry":{"type":"LineString","coordinates":[[-63.99084,2.15271],[-64.27853,2.26537],[-64.40798,2.29229],[-64.475,2.27105],[-64.67969,2.32575],[-65.02199,2.45639],[-65.19614,2.58728],[-65.20224,2.71834],[-65.24604,2.81779],[-65.32758,2.88564],[-65.39293,2.96589],[-65.44212,3.05855],[-65.49003,3.11738],[-65.53664,3.14239],[-65.61302,3.15162],[-65.77223,3.14185]]},"properties":{"sw":0.2,"scalerank":3,"name":"Orinoco","featurecla":"River","na":0,"cl":"Orinoco#0"}},{"type":"Feature","geometry":{"type":"LineString","coordinates":[[-62.29978,9.78819],[-62.3094,9.74773],[-62.3257,9.72052],[-62.41422,9.56205],[-62.3882,9.42108],[-62.2771,9.24476],[-62.18026,9.13417],[-62.09763,9.08926],[-62.06331,9.03632],[-62.07732,8.97529],[-62.06471,8.92845],[-62.02548,8.89579],[-62.03877,8.82783],[-62.13739,8.67296],[-62.15201,8.64203]]},"properties":{"sw":0.2,"scalerank":3,"name":"Orinoco","featurecla":"River","na":0,"cl":"Orinoco#0"}},{"type":"Feature","geometry":{"type":"LineString","coordinates":[[-61.73595,9.63121],[-61.74271,9.60321],[-61.84854,9.28855],[-61.92394,9.15153],[-62.04437,9.05516],[-62.06331,9.03632]]},"properties":{"sw":0.2,"scalerank":3,"name":"Orinoco","featurecla":"River","na":0,"cl":"Orinoco#0"}},{"type":"Feature","geometry":{"type":"LineString","coordinates":[[-61.09883,8.94131],[-61.3949,8.77422],[-61.61869,8.59746]]},"properties":{"sw":0.55,"scalerank":3,"name":"Orinoco","featurecla":"River","na":0,"cl":"Orinoco#0"}},{"type":"Feature","geometry":{"type":"LineString","coordinates":[[-65.77223,3.14185],[-65.94215,3.16234],[-66.01113,3.13022],[-66.03583,3.05237],[-66.1287,3.02411],[-66.28967,3.0455],[-66.41341,3.09126],[-66.49989,3.16141],[-66.55575,3.23691],[-66.58107,3.31773],[-66.64541,3.4202],[-66.80059,3.60627]]},"properties":{"sw":0.25,"scalerank":3,"name":"Orinoco","featurecla":"River","na":0,"cl":"Orinoco#0"}},{"type":"Feature","geometry":{"type":"LineString","coordinates":[[-66.80059,3.60627],[-66.94617,3.70595],[-67.00162,3.7915],[-67.01539,3.8962],[-67.11554,3.94777],[-67.30206,3.94617],[-67.47957,3.98069],[-67.73235,4.08652]]},"properties":{"sw":0.3,"scalerank":3,"name":"Orinoco","featurecla":"River","na":0,"cl":"Orinoco#0"}},{"type":"Feature","geometry":{"type":"LineString","coordinates":[[-67.062,6.85142],[-67.11895,6.55678],[-67.22537,6.38566],[-67.4003,6.23983],[-67.42255,6.20231],[-67.47161,6.11978],[-67.43937,6.02552],[-67.47389,5.92997],[-67.57522,5.83308],[-67.63134,5.70937],[-67.6423,5.55878],[-67.69465,5.44752],[-67.78841,5.37549],[-67.82492,5.27048],[-67.8042,5.1325],[-67.8143,4.93081],[-67.85526,4.66548],[-67.85526,4.50688],[-67.8143,4.45508],[-67.79542,4.38071],[-67.79862,4.28387],[-67.78322,4.19822],[-67.73235,4.08652]]},"properties":{"sw":0.35,"scalerank":3,"name":"Orinoco","featurecla":"River","na":0,"cl":"Orinoco#0"}},{"type":"Feature","geometry":{"type":"LineString","coordinates":[[-65.76862,7.84099],[-65.91202,7.71384],[-66.07232,7.65723],[-66.29732,7.62881],[-66.46103,7.54166],[-66.56345,7.39583],[-66.72956,7.2656],[-66.9594,7.15106],[-67.07122,7.03319],[-67.062,6.85142]]},"properties":{"sw":0.4,"scalerank":3,"name":"Orinoco","featurecla":"River","na":0,"cl":"Orinoco#0"}},{"type":"Feature","geometry":{"type":"LineString","coordinates":[[-64.87319,7.66602],[-64.88717,7.66801],[-64.90371,7.68124],[-64.92846,7.7103],[-65.00422,7.77113],[-65.10548,7.82319],[-65.22061,7.8572],[-65.35812,7.88306],[-65.51801,7.90081],[-65.64061,7.89249],[-65.76862,7.84099]]},"properties":{"sw":0.45,"scalerank":3,"name":"Orinoco","featurecla":"River","na":0,"cl":"Orinoco#0"}},{"type":"Feature","geometry":{"type":"LineString","coordinates":[[-64.089,7.97484],[-64.11409,7.98055],[-64.15461,8.00535],[-64.22163,8.05687],[-64.28752,8.0654],[-64.33082,8.02773],[-64.39531,8.00571],[-64.48094,7.99938],[-64.53097,7.97845],[-64.54543,7.94293],[-64.53838,7.89156],[-64.50986,7.82435],[-64.58998,7.75955],[-64.74165,7.70945],[-64.78713,7.68537],[-64.83756,7.67049],[-64.8541,7.66801],[-64.87319,7.66602]]},"properties":{"sw":0.5,"scalerank":3,"name":"Orinoco","featurecla":"River","na":0,"cl":"Orinoco#0"}},{"type":"Feature","geometry":{"type":"LineString","coordinates":[[-64.089,7.97484],[-64.0496,7.97145],[-63.99309,7.97388],[-63.92387,8.0129],[-63.84935,8.09155],[-63.7275,8.13573],[-63.55831,8.14534],[-63.39894,8.19097],[-63.24949,8.27257],[-63.10087,8.30355],[-62.9531,8.28389],[-62.7911,8.33386],[-62.6148,8.45354],[-62.42934,8.55328],[-62.23472,8.63307],[-62.15201,8.64203],[-62.0923,8.64846],[-62.00208,8.59953],[-61.88033,8.58211],[-61.65039,8.6033],[-61.61869,8.59746]]},"properties":{"sw":0.55,"scalerank":3,"name":"Orinoco","featurecla":"River","na":0,"cl":"Orinoco#0"}},{"type":"Feature","geometry":{"type":"LineString","coordinates":[[151.86311,-28.73928],[151.75005,-28.76997],[151.67274,-28.82403],[151.55398,-28.95529]]},"properties":{"sw":0.15,"scalerank":3,"name":"Weir","featurecla":"River","na":0,"cl":"Weir#0"}},{"type":"Feature","geometry":{"type":"LineString","coordinates":[[151.55398,-28.95529],[151.5284,-29.03487],[151.4775,-29.08742],[151.39286,-29.13946],[151.33467,-29.10432],[151.30294,-28.98195],[151.2308,-28.89762],[151.11815,-28.85126],[151.05779,-28.8048],[151.04962,-28.75819],[150.9825,-28.70998],[150.8563,-28.66006],[150.71228,-28.63892],[150.46961,-28.6504]]},"properties":{"sw":0.2,"scalerank":3,"name":"Weir","featurecla":"River","na":0,"cl":"Weir#0"}},{"type":"Feature","geometry":{"type":"LineString","coordinates":[[-66.32292,-17.5766],[-66.01863,-17.86227]]},"properties":{"sw":0.15,"scalerank":3,"name":"Grande","featurecla":"River","na":0,"cl":"Grande#2"}},{"type":"Feature","geometry":{"type":"LineString","coordinates":[[-63.75747,-19.02835],[-63.61903,-19.07098],[-63.56462,-19.04897],[-63.54813,-18.97652],[-63.49697,-18.92815],[-63.41116,-18.90391],[-63.31042,-18.84655],[-63.19472,-18.75601],[-63.07415,-18.61545],[-62.94868,-18.42477],[-62.85773,-18.19682],[-62.77306,-17.79881]]},"properties":{"sw":0.2,"scalerank":3,"name":"Grande","featurecla":"River","na":0,"cl":"Grande#2"}},{"type":"Feature","geometry":{"type":"LineString","coordinates":[[-66.01863,-17.86227],[-65.95995,-17.95162],[-65.91615,-17.97818],[-65.86768,-17.97167],[-65.79321,-18.00856],[-65.6425,-18.12913],[-65.39019,-18.37123],[-65.28746,-18.49298],[-65.25015,-18.57525],[-65.19036,-18.62599],[-65.10809,-18.64522],[-65.05073,-18.63013],[-65.01827,-18.58073],[-64.95559,-18.5382],[-64.86265,-18.50254],[-64.75581,-18.53024],[-64.63509,-18.62129],[-64.5289,-18.65059],[-64.43733,-18.61814],[-64.34167,-18.68625],[-64.24194,-18.85492],[-64.16029,-18.95445],[-64.09662,-18.98473],[-64.05037,-19.04209],[-64.02149,-19.12648],[-63.98475,-19.16498],[-63.94005,-19.15764],[-63.90648,-19.12204],[-63.884,-19.05822],[-63.84222,-19.0268],[-63.75063,-19.02835]]},"properties":{"sw":0.2,"scalerank":3,"name":"Grande","featurecla":"River","na":0,"cl":"Grande#2"}},{"type":"Feature","geometry":{"type":"LineString","coordinates":[[-62.77306,-17.79881],[-62.78627,-17.59815],[-62.77469,-17.4655],[-62.7427,-17.33388],[-62.73844,-17.24256],[-62.76185,-17.19151],[-62.8229,-17.15094],[-62.92166,-17.12097],[-63.00041,-17.03074],[-63.05922,-16.88042],[-63.25926,-16.732],[-63.60051,-16.5855],[-63.8037,-16.44897],[-63.86889,-16.32231],[-63.96485,-16.23679],[-64.09161,-16.19234],[-64.16189,-16.14816],[-64.17564,-16.10424],[-64.30281,-16.02667],[-64.66377,-15.85976]]},"properties":{"sw":0.25,"scalerank":3,"name":"Grande","featurecla":"River","na":0,"cl":"Grande#2"}},{"type":"Feature","geometry":{"type":"LineString","coordinates":[[-70.33614,2.05812],[-69.96683,2.10995]]},"properties":{"sw":0.15,"scalerank":3,"name":"Negro","featurecla":"River","na":0,"cl":"Negro#1"}},{"type":"Feature","geometry":{"type":"LineString","coordinates":[[-69.96683,2.10995],[-69.68331,2.15904],[-69.52637,2.20444],[-69.40147,2.2625],[-69.25249,2.27087],[-69.07947,2.22961],[-68.93214,2.21082],[-68.8105,2.21454],[-68.70068,2.26418],[-68.60271,2.35975],[-68.49749,2.37851],[-68.38505,2.32053],[-68.27748,2.37221],[-68.17475,2.53357],[-68.11312,2.60558],[-68.09266,2.58821],[-68.06765,2.60785],[-68.03804,2.66459],[-67.95541,2.73027],[-67.85906,2.7936]]},"properties":{"sw":0.2,"scalerank":3,"name":"Negro","featurecla":"River","na":0,"cl":"Negro#1"}},{"type":"Feature","geometry":{"type":"LineString","coordinates":[[-66.87581,1.22266],[-66.86044,1.02201],[-66.87736,0.93793],[-66.92141,0.90346],[-67.00787,0.88723],[-67.13665,0.88909],[-67.2307,0.76838],[-67.31953,0.40333]]},"properties":{"sw":0.3,"scalerank":3,"name":"Negro","featurecla":"River","na":0,"cl":"Negro#1"}},{"type":"Feature","geometry":{"type":"LineString","coordinates":[[-67.31953,0.40333],[-67.2769,0.15575],[-67.20072,0.00811],[-67.07691,-0.12211],[-66.98397,-0.17958],[-66.92188,-0.16428],[-66.77228,-0.21616],[-66.53508,-0.33528],[-66.37256,-0.3775],[-66.28468,-0.34277],[-66.17167,-0.32427],[-66.03353,-0.322],[-65.94173,-0.30329],[-65.89626,-0.2682],[-65.83957,-0.26422],[-65.77156,-0.2913],[-65.68051,-0.3006],[-65.56641,-0.29213],[-65.44719,-0.3161],[-65.26082,-0.40065]]},"properties":{"sw":0.35,"scalerank":3,"name":"Negro","featurecla":"River","na":0,"cl":"Negro#1"}},{"type":"Feature","geometry":{"type":"LineString","coordinates":[[-65.26082,-0.40065],[-65.00548,-0.45749],[-64.7979,-0.44902],[-64.43048,-0.3669]]},"properties":{"sw":0.4,"scalerank":3,"name":"Negro","featurecla":"River","na":0,"cl":"Negro#1"}},{"type":"Feature","geometry":{"type":"LineString","coordinates":[[-64.43048,-0.3669],[-64.1522,-0.31419],[-63.97167,-0.30432],[-63.79613,-0.31972],[-63.63252,-0.38215],[-63.48082,-0.49155],[-63.31003,-0.58524],[-63.02514,-0.70218]]},"properties":{"sw":0.45,"scalerank":3,"name":"Negro","featurecla":"River","na":0,"cl":"Negro#1"}},{"type":"Feature","geometry":{"type":"LineString","coordinates":[[-63.02514,-0.70218],[-62.87851,-0.87411],[-62.7302,-0.98495],[-62.43192,-1.14556]]},"properties":{"sw":0.5,"scalerank":3,"name":"Negro","featurecla":"River","na":0,"cl":"Negro#1"}},{"type":"Feature","geometry":{"type":"LineString","coordinates":[[-62.43192,-1.14556],[-61.93348,-1.37738],[-61.88089,-1.38917]]},"properties":{"sw":0.55,"scalerank":3,"name":"Negro","featurecla":"River","na":0,"cl":"Negro#1"}},{"type":"Feature","geometry":{"type":"LineString","coordinates":[[-60.57113,-2.9223],[-60.45059,-3.02808],[-60.36042,-3.06529],[-60.26037,-3.06922],[-60.15769,-3.09562],[-60.05238,-3.14451],[-59.97615,-3.15846],[-59.89683,-3.12761]]},"properties":{"sw":1,"scalerank":3,"name":"Negro","featurecla":"River","na":0,"cl":"Negro#1"}},{"type":"Feature","geometry":{"type":"LineString","coordinates":[[-61.14202,-2.14958],[-61.09205,-2.21837],[-61.04017,-2.35965],[-60.90349,-2.55328],[-60.57113,-2.9223]]},"properties":{"sw":1,"scalerank":3,"name":"Negro","featurecla":"River","na":0,"cl":"Negro#1"}},{"type":"Feature","geometry":{"type":"LineString","coordinates":[[-61.47113,-1.64166],[-61.43674,-1.73648],[-61.43472,-1.814],[-61.35478,-1.9265],[-61.19691,-2.07398],[-61.14202,-2.14958]]},"properties":{"sw":0.8,"scalerank":3,"name":"Negro","featurecla":"River","na":0,"cl":"Negro#1"}},{"type":"Feature","geometry":{"type":"LineString","coordinates":[[-61.88089,-1.38917],[-61.79852,-1.38865],[-61.71718,-1.40115],[-61.61988,-1.44947],[-61.53784,-1.52962],[-61.47113,-1.64166]]},"properties":{"sw":0.65,"scalerank":3,"name":"Negro","featurecla":"River","na":0,"cl":"Negro#1"}},{"type":"Feature","geometry":{"type":"LineString","coordinates":[[30.3712,2.33309],[30.43859,2.66271]]},"properties":{"sw":0.15,"scalerank":3,"name":"Ubangi","featurecla":"River","na":0,"cl":"Ubangi#0"}},{"type":"Feature","geometry":{"type":"LineString","coordinates":[[30.43859,2.66271],[30.36278,2.82494],[30.27798,2.87786],[30.15902,2.87556],[30.00812,2.92434],[29.82529,3.02423],[29.67956,3.08069],[29.57073,3.09366],[29.50913,3.14983],[29.49456,3.24921],[29.4404,3.30021],[29.34666,3.3029],[29.24496,3.38124],[29.13541,3.53529],[29.03299,3.59751],[28.9378,3.56795],[28.81409,3.56381],[28.58599,3.5958]]},"properties":{"sw":0.2,"scalerank":3,"name":"Ubangi","featurecla":"River","na":0,"cl":"Ubangi#0"}},{"type":"Feature","geometry":{"type":"LineString","coordinates":[[-77.86005,41.83187],[-77.99893,41.78112],[-78.08306,41.77073],[-78.19659,41.79027]]},"properties":{"sw":0.15,"scalerank":3,"name":"Allegheny","featurecla":"River","na":1,"cl":"Allegheny#0"}},{"type":"Feature","geometry":{"type":"LineString","coordinates":[[-78.19659,41.79027],[-78.33007,41.87775],[-78.36681,41.94225],[-78.35123,42.01284],[-78.41983,42.05924],[-78.57259,42.08144],[-78.67362,42.1096],[-78.72297,42.14373],[-78.79661,42.12751],[-78.89453,42.06095],[-78.95463,41.98478],[-78.97685,41.89899],[-79.05881,41.84879],[-79.20051,41.83417],[-79.30789,41.78918],[-79.38096,41.71384],[-79.41703,41.64991],[-79.41551,41.57116]]},"properties":{"sw":0.2,"scalerank":3,"name":"Allegheny","featurecla":"River","na":1,"cl":"Allegheny#0"}},{"type":"Feature","geometry":{"type":"LineString","coordinates":[[-79.41551,41.57116],[-79.45243,41.50589],[-79.51325,41.4801],[-79.6103,41.47212],[-79.69924,41.44713],[-79.78001,41.40522],[-79.81024,41.37355],[-79.78998,41.3522],[-79.79784,41.32761],[-79.83386,41.29986],[-79.81641,41.2642],[-79.74557,41.22069],[-79.68151,41.1547],[-79.62426,41.06633],[-79.60384,41.01212],[-79.6202,40.99212],[-79.58746,40.96592],[-79.52276,40.93854],[-79.51496,40.90562],[-79.54256,40.82376],[-79.69826,40.6368],[-79.8298,40.51941],[-79.94617,40.45608],[-79.99087,40.44771]]},"properties":{"sw":0.25,"scalerank":3,"name":"Allegheny","featurecla":"River","na":1,"cl":"Allegheny#0"}},{"type":"Feature","geometry":{"type":"LineString","coordinates":[[22.23712,-11.24944],[22.21666,-11.01266]]},"properties":{"sw":0.15,"scalerank":3,"name":"Kasai","featurecla":"River","na":0,"cl":"Kasai#0"}},{"type":"Feature","geometry":{"type":"LineString","coordinates":[[22.21666,-11.01266],[22.1779,-10.89231],[22.20348,-10.82947],[22.28048,-10.78399],[22.30704,-10.69129],[22.28317,-10.55155],[22.28167,-10.45332],[22.30244,-10.39668],[22.27454,-10.25912],[22.19775,-10.04063],[22.08912,-9.86281],[21.94867,-9.72556],[21.85668,-9.59419],[21.81317,-9.46872],[21.82945,-9.16843],[21.90541,-8.69337],[21.89585,-8.34114],[21.80087,-8.11191],[21.7801,-7.86541],[21.83363,-7.60165],[21.84159,-7.42099],[21.78526,-7.27454]]},"properties":{"sw":0.2,"scalerank":3,"name":"Kasai","featurecla":"River","na":0,"cl":"Kasai#0"}},{"type":"Feature","geometry":{"type":"LineString","coordinates":[[21.78526,-7.27454],[21.69225,-7.10918],[21.5474,-6.96366],[21.20587,-6.69236]]},"properties":{"sw":0.25,"scalerank":3,"name":"Kasai","featurecla":"River","na":0,"cl":"Kasai#0"}},{"type":"Feature","geometry":{"type":"LineString","coordinates":[[21.20587,-6.69236],[20.93901,-6.53485],[20.78264,-6.36617],[20.64776,-6.13384],[20.57996,-5.99266],[20.57903,-5.94274],[20.63753,-5.87602],[20.75546,-5.79262],[20.83519,-5.71205],[20.89767,-5.59558]]},"properties":{"sw":0.3,"scalerank":3,"name":"Kasai","featurecla":"River","na":0,"cl":"Kasai#0"}},{"type":"Feature","geometry":{"type":"LineString","coordinates":[[20.89767,-5.59558],[21.03828,-5.33864],[21.07513,-5.10181],[21.05508,-4.79955],[20.96614,-4.61135],[20.80832,-4.53714],[20.68817,-4.45502],[20.6056,-4.3649],[20.52167,-4.30945],[20.46369,-4.2954],[20.40344,-4.29989]]},"properties":{"sw":0.45,"scalerank":3,"name":"Kasai","featurecla":"River","na":0,"cl":"Kasai#0"}},{"type":"Feature","geometry":{"type":"LineString","coordinates":[[20.40344,-4.29989],[20.37476,-4.31922],[20.35507,-4.36165],[20.32313,-4.38976],[20.28499,-4.39038],[20.14516,-4.31462],[19.90362,-4.16228],[19.74188,-4.08135],[19.66002,-4.07164],[19.4096,-3.95888],[18.99071,-3.74287],[18.73987,-3.6265],[18.61574,-3.60133]]},"properties":{"sw":0.5,"scalerank":3,"name":"Kasai","featurecla":"River","na":0,"cl":"Kasai#0"}},{"type":"Feature","geometry":{"type":"LineString","coordinates":[[18.61574,-3.60133],[18.51012,-3.5988],[18.41379,-3.55095],[18.29173,-3.45705],[18.12978,-3.41163],[17.92803,-3.41473],[17.79636,-3.39075],[17.73476,-3.33954],[17.67368,-3.31261],[17.61312,-3.30993],[17.42724,-3.23438],[17.35535,-3.20001],[17.06008,-3.05919],[16.97806,-3.05206]]},"properties":{"sw":0.65,"scalerank":3,"name":"Kasai","featurecla":"River","na":0,"cl":"Kasai#0"}},{"type":"Feature","geometry":{"type":"LineString","coordinates":[[16.97806,-3.05206],[16.8852,-3.07284],[16.74506,-3.08606],[16.51871,-3.06973],[16.3641,-3.07325],[16.2811,-3.09655],[16.23098,-3.13857],[16.19062,-3.19443]]},"properties":{"sw":0.8,"scalerank":3,"name":"Kasai","featurecla":"River","na":0,"cl":"Kasai#0"}},{"type":"Feature","geometry":{"type":"LineString","coordinates":[[150.46961,-28.6504],[150.34083,-28.56389],[150.14952,-28.5581],[149.85259,-28.60435],[149.67689,-28.61195],[149.59493,-28.56539]]},"properties":{"sw":0.2,"scalerank":3,"name":"Barwon","featurecla":"River","na":0,"cl":"Barwon#0"}},{"type":"Feature","geometry":{"type":"LineString","coordinates":[[149.59493,-28.56539],[149.51184,-28.57929],[149.46708,-28.60812],[149.43308,-28.6566],[149.33531,-28.72269],[149.17398,-28.80651],[149.08147,-28.87483],[149.05801,-28.92769],[148.99321,-28.98609],[148.88717,-29.05001],[148.79622,-29.18809],[148.72026,-29.40027],[148.64098,-29.52786],[148.55841,-29.57086],[148.42932,-29.68806],[148.25393,-29.87947],[147.97829,-30.01259],[147.41455,-30.12457]]},"properties":{"sw":0.25,"scalerank":3,"name":"Barwon","featurecla":"River","na":0,"cl":"Barwon#0"}},{"type":"Feature","geometry":{"type":"LineString","coordinates":[[28.58599,3.5958],[28.42956,3.64743],[28.34828,3.65032],[28.29009,3.62169],[28.23862,3.63652],[28.19407,3.69476],[28.14126,3.72933],[28.08018,3.74024],[27.97827,3.72032],[27.83533,3.66965],[27.69591,3.64391],[27.56,3.64309],[27.43112,3.69621],[27.30948,3.80328],[27.22752,3.85108],[27.18525,3.83964],[27.16954,3.78876],[27.18028,3.69843],[27.15336,3.61673],[27.08877,3.54356],[27.04003,3.5165],[27.00717,3.5356],[26.95353,3.53508],[26.87922,3.51501],[26.83348,3.58363],[26.81643,3.74096],[26.78511,3.8638],[26.73954,3.95214],[26.69659,4.00162],[26.65629,4.01221],[26.56099,3.95441],[26.33548,3.76502]]},"properties":{"sw":0.2,"scalerank":3,"name":"Ubangi","featurecla":"River","na":0,"cl":"Ubangi#0"}},{"type":"Feature","geometry":{"type":"LineString","coordinates":[[26.33548,3.76502],[26.2345,3.6798],[26.15668,3.66864],[26.06841,3.70313],[25.98821,3.71533],[25.91618,3.70528],[25.85876,3.65652],[25.81608,3.56914],[25.76187,3.54263],[25.69624,3.57704],[25.61893,3.57591],[25.53005,3.53922],[25.42794,3.5242],[25.3127,3.53092],[25.22588,3.50619],[25.16749,3.45007],[25.10248,3.4153],[25.03065,3.40181],[24.97944,3.41744],[24.94874,3.46211],[24.83857,3.48193],[24.64891,3.47687],[24.46148,3.53312],[24.27617,3.65073],[24.08125,3.70918],[23.87661,3.70846],[23.73316,3.74489],[23.65078,3.8184],[23.5449,3.84473],[23.4154,3.82385],[23.30021,3.83563],[23.19934,3.88],[23.04927,3.88514],[22.85001,3.85098],[22.66831,3.90917],[22.42213,4.13494]]},"properties":{"sw":0.25,"scalerank":3,"name":"Ubangi","featurecla":"River","na":0,"cl":"Ubangi#0"}},{"type":"Feature","geometry":{"type":"LineString","coordinates":[[22.42213,4.13494],[21.90815,4.2539],[21.68698,4.28139],[21.53763,4.24481]]},"properties":{"sw":0.3,"scalerank":3,"name":"Ubangi","featurecla":"River","na":0,"cl":"Ubangi#0"}},{"type":"Feature","geometry":{"type":"LineString","coordinates":[[21.53763,4.24481],[21.3502,4.31137],[21.2684,4.3231],[21.22974,4.30222],[21.12556,4.33219],[20.95575,4.41312],[20.79297,4.4473],[20.64745,4.43562],[20.5581,4.4627]]},"properties":{"sw":0.35,"scalerank":3,"name":"Ubangi","featurecla":"River","na":0,"cl":"Ubangi#0"}},{"type":"Feature","geometry":{"type":"LineString","coordinates":[[20.5581,4.4627],[20.48648,4.54153],[20.39352,4.68617],[20.22634,4.82963],[20.00238,4.94471],[19.86249,5.0313],[19.80657,5.08933],[19.68606,5.12139],[19.50096,5.12749],[19.3234,5.07075],[19.06853,4.89141]]},"properties":{"sw":0.45,"scalerank":3,"name":"Ubangi","featurecla":"River","na":0,"cl":"Ubangi#0"}},{"type":"Feature","geometry":{"type":"LineString","coordinates":[[19.06853,4.89141],[18.83175,4.52345],[18.69992,4.3826],[18.59419,4.34622],[18.56748,4.25757],[18.61988,4.11662],[18.63373,3.95428],[18.59673,3.67869]]},"properties":{"sw":0.55,"scalerank":3,"name":"Ubangi","featurecla":"River","na":0,"cl":"Ubangi#0"}},{"type":"Feature","geometry":{"type":"LineString","coordinates":[[119.96697,51.42211],[119.81318,51.26705],[119.75665,51.17949],[119.746,51.10773],[119.68492,51.03012],[119.5734,50.94676],[119.51232,50.86312],[119.50178,50.77923],[119.44566,50.70285],[119.34406,50.63391],[119.28071,50.561],[119.2558,50.48418],[119.21673,50.43253],[119.16371,50.40602],[119.19193,50.37985],[119.30159,50.35393],[119.34623,50.27895],[119.32608,50.15492],[119.25983,50.0664],[119.14749,50.01338],[118.97954,49.97886],[118.75599,49.96284],[118.45151,49.8445],[117.87346,49.51349]]},"properties":{"sw":0.25,"scalerank":3,"name":"Amur","featurecla":"River","na":0,"cl":"Amur#0"}},{"type":"Feature","geometry":{"type":"LineString","coordinates":[[121.40544,53.31706],[120.98546,53.28458],[120.70408,53.17185],[120.42131,52.96809],[120.21812,52.83988],[120.09451,52.78722],[120.04428,52.71823],[120.06753,52.63291],[120.17275,52.60247],[120.36002,52.62702],[120.52115,52.61503],[120.65613,52.56666],[120.69923,52.49359],[120.65034,52.39592],[120.66543,52.29988],[120.7445,52.20547],[120.74982,52.09651],[120.6815,51.97306],[120.5105,51.84852],[120.23698,51.72299],[120.06691,51.60067],[119.96697,51.42211]]},"properties":{"sw":0.3,"scalerank":3,"name":"Amur","featurecla":"River","na":0,"cl":"Amur#0"}},{"type":"Feature","geometry":{"type":"LineString","coordinates":[[37.38669,11.63399],[37.39341,11.57084],[37.45046,11.53439],[37.55991,11.50364],[37.68042,11.42137],[37.81199,11.28763],[38.01911,11.18567],[38.30188,11.11552],[38.46218,11.03679],[38.50011,10.94941],[38.51375,10.77206],[38.50321,10.50468],[38.47815,10.31379],[38.43856,10.19933],[38.37567,10.13571],[38.28937,10.1229],[38.11042,10.04807],[37.8387,9.91123],[37.65995,9.88379],[37.57428,9.96575],[37.49046,10.02068],[37.4086,10.04859],[37.35444,10.05236],[37.32788,10.03205],[37.3083,10.04006],[37.29558,10.07644],[37.26344,10.1046],[37.21187,10.12455],[37.18867,10.16447],[37.19373,10.22436],[37.1588,10.2664],[37.04614,10.30273]]},"properties":{"sw":0.25,"scalerank":3,"name":"Blue Nile","featurecla":"River","na":0,"cl":"Blue Nile#0"}},{"type":"Feature","geometry":{"type":"LineString","coordinates":[[37.04614,10.30273],[36.67728,10.36019],[36.5408,10.40381],[36.51382,10.45272],[36.48344,10.46949],[36.44964,10.45409],[36.39528,10.37503],[36.32035,10.2323],[36.20702,10.15509],[36.05519,10.14346],[35.95696,10.11099],[35.91221,10.05773],[35.84932,10.03556],[35.76818,10.04448],[35.72581,10.02985],[35.72379,10.00874],[35.72038,9.9981],[35.70571,9.99606],[35.62788,10.01675],[35.36904,10.14047],[35.35338,10.15509]]},"properties":{"sw":0.3,"scalerank":3,"name":"Blue Nile","featurecla":"River","na":0,"cl":"Blue Nile#0"}},{"type":"Feature","geometry":{"type":"LineString","coordinates":[[147.41455,-30.12457],[147.26174,-30.12219],[147.20118,-30.107],[147.18195,-30.07816],[147.04806,-30.0268],[146.79949,-29.95295],[146.65552,-29.92753],[146.61615,-29.95047],[146.46024,-29.96241],[146.1877,-29.96334],[146.043,-29.98349],[146.02605,-30.02282],[145.90895,-30.10302],[145.69181,-30.22394],[145.565,-30.31567],[145.52846,-30.3782],[145.46722,-30.40946],[145.33824,-30.40946]]},"properties":{"sw":0.25,"scalerank":3,"name":"Darling","featurecla":"River","na":0,"cl":"Darling#0"}},{"type":"Feature","geometry":{"type":"LineString","coordinates":[[145.33824,-30.40946],[145.27199,-30.46382],[145.21907,-30.48088],[145.15748,-30.47881],[145.10962,-30.51033],[145.07541,-30.5755],[145.00772,-30.62619],[144.90633,-30.66247],[144.81331,-30.73301],[144.72846,-30.83796],[144.62211,-30.90049],[144.49426,-30.92054],[144.41075,-30.96467],[144.37158,-31.03273],[144.2703,-31.10234],[144.10679,-31.17334],[144.02235,-31.25039],[144.01708,-31.33338],[143.90381,-31.40268],[143.68263,-31.45829],[143.54796,-31.51389],[143.49995,-31.5697],[143.45427,-31.59022],[143.41097,-31.57544],[143.37309,-31.60923],[143.34064,-31.69161],[143.29785,-31.73693],[143.24462,-31.74509],[143.19744,-31.77925],[143.1562,-31.83924],[143.10385,-31.88059],[143.0404,-31.90317],[143.00546,-31.95614],[142.99905,-32.03934],[142.97849,-32.08967],[142.9264,-32.11566]]},"properties":{"sw":0.3,"scalerank":3,"name":"Darling","featurecla":"River","na":0,"cl":"Darling#0"}},{"type":"Feature","geometry":{"type":"LineString","coordinates":[[142.9264,-32.11566],[142.5382,-32.33275],[142.40364,-32.50484],[142.38814,-32.80394]]},"properties":{"sw":0.45,"scalerank":3,"name":"Darling","featurecla":"River","na":0,"cl":"Darling#0"}},{"type":"Feature","geometry":{"type":"LineString","coordinates":[[142.38814,-32.80394],[142.39651,-32.95112],[142.37486,-33.0479],[142.32602,-33.1433],[142.36788,-33.23895],[142.50058,-33.33486],[142.56957,-33.40013],[142.57484,-33.43475],[142.53459,-33.51196],[142.44891,-33.6318],[142.31217,-33.72337],[142.12438,-33.78662],[142.0016,-33.86682],[141.94362,-33.96387],[141.91757,-34.03849],[141.92636,-34.11683]]},"properties":{"sw":0.5,"scalerank":3,"name":"Darling","featurecla":"River","na":0,"cl":"Darling#0"}},{"type":"Feature","geometry":{"type":"LineString","coordinates":[[-64.66377,-15.85976],[-64.72005,-15.79919],[-64.76857,-15.67558],[-64.82821,-15.46887],[-64.89006,-15.32273],[-64.95417,-15.23716],[-64.99776,-15.15727],[-65.02081,-15.08327],[-65.02024,-15.02466],[-64.99605,-14.98146],[-65.01652,-14.89206],[-65.08171,-14.75646],[-65.08742,-14.71729],[-65.06553,-14.69714],[-65.02548,-14.61539],[-64.97791,-14.4463],[-64.97574,-14.32683],[-65.019,-14.25691],[-65.03848,-14.19887],[-65.03424,-14.15288],[-65.06168,-14.0856],[-65.1208,-13.99713],[-65.16669,-13.95165],[-65.1993,-13.94923],[-65.21074,-13.91713],[-65.201,-13.85543],[-65.23211,-13.78112],[-65.30412,-13.6942],[-65.30213,-13.53344],[-65.22617,-13.29867],[-65.19059,-13.20364],[-65.1832,-13.14447],[-65.13716,-13.11217],[-65.11767,-13.05305],[-65.09928,-13.02241],[-65.05641,-12.99781],[-65.02907,-12.93683],[-65.01724,-12.83937],[-65.05321,-12.69416],[-65.13692,-12.5012],[-65.16932,-12.39015],[-65.15031,-12.36111],[-65.1509,-12.3347],[-65.17111,-12.31093],[-65.16852,-12.29201],[-65.14196,-12.26757],[-65.14452,-12.23548],[-65.17258,-12.16458],[-65.15457,-12.12577],[-65.12214,-12.11063],[-65.11362,-12.08076],[-65.1262,-12.02655],[-65.11439,-11.9863],[-65.06106,-11.95503],[-65.03117,-11.91317]]},"properties":{"sw":0.25,"scalerank":3,"name":"Mamor\u00e9","featurecla":"River","na":0,"cl":"Mamor\u00e9#0"}},{"type":"Feature","geometry":{"type":"LineString","coordinates":[[-79.05923,43.27806],[-79.06605,43.1061]]},"properties":{"sw":0.25,"scalerank":3,"name":"Niagara","featurecla":"River","na":1,"cl":"Niagara#0"}},{"type":"Feature","geometry":{"type":"LineString","coordinates":[[-82.41724,43.01737],[-82.48834,42.73951],[-82.54532,42.62469],[-82.64513,42.55805]]},"properties":{"sw":0.25,"scalerank":3,"name":"St. Clair","featurecla":"River","na":1,"cl":"St. Clair#0"}},{"type":"Feature","geometry":{"type":"LineString","coordinates":[[-65.03117,-11.91317],[-65.03714,-11.82941],[-65.09029,-11.74125],[-65.11517,-11.73505],[-65.14266,-11.75236],[-65.16338,-11.76512],[-65.18573,-11.74952],[-65.18974,-11.71009],[-65.17537,-11.64689],[-65.2062,-11.58053],[-65.28226,-11.51108],[-65.32203,-11.43915],[-65.32546,-11.36478],[-65.34239,-11.31507],[-65.37283,-11.2899],[-65.38988,-11.24629],[-65.3936,-11.18428],[-65.37156,-11.11038],[-65.32378,-11.02475],[-65.33402,-10.89282],[-65.40231,-10.71475],[-65.44001,-10.58623],[-65.44714,-10.50742],[-65.4369,-10.44903],[-65.39546,-10.39229]]},"properties":{"sw":0.3,"scalerank":3,"name":"Guapor\u00e9","featurecla":"River","na":0,"cl":"Guapor\u00e9#0"}},{"type":"Feature","geometry":{"type":"LineString","coordinates":[[-65.39546,-10.39229],[-65.31306,-10.25307],[-65.29859,-10.14677],[-65.32456,-10.02698],[-65.32813,-9.93557],[-65.30932,-9.87263],[-65.33789,-9.79025],[-65.41393,-9.68856],[-65.42166,-9.61052],[-65.3611,-9.55626],[-65.23304,-9.54634],[-65.0376,-9.58066],[-64.91412,-9.58329],[-64.8626,-9.55425],[-64.83343,-9.49854],[-64.82661,-9.41617],[-64.80178,-9.37235],[-64.75896,-9.36702],[-64.70052,-9.31984],[-64.62651,-9.23075],[-64.53401,-9.1845],[-64.42306,-9.18114],[-64.3409,-9.1383],[-64.28749,-9.05593],[-64.21628,-9.00198],[-64.12722,-8.97625],[-64.08004,-8.93687],[-64.07477,-8.88364],[-64.03456,-8.83238],[-63.9595,-8.78298],[-63.91891,-8.72944],[-63.91281,-8.67167],[-63.8493,-8.61906],[-63.7284,-8.57152],[-63.63567,-8.55555],[-63.57108,-8.5711],[-63.54668,-8.55488],[-63.5625,-8.50677],[-63.54519,-8.46589],[-63.49475,-8.4322],[-63.43796,-8.35809],[-63.34321,-8.18643]]},"properties":{"sw":0.3,"scalerank":3,"name":"Madeira","featurecla":"River","na":0,"cl":"Madeira#0"}},{"type":"Feature","geometry":{"type":"LineString","coordinates":[[-63.34321,-8.18643],[-63.24505,-8.21485],[-63.13115,-8.17671],[-62.8876,-8.03388]]},"properties":{"sw":0.45,"scalerank":3,"name":"Madeira","featurecla":"River","na":0,"cl":"Madeira#0"}},{"type":"Feature","geometry":{"type":"LineString","coordinates":[[-62.8876,-8.03388],[-62.86688,-7.9453],[-62.90006,-7.80288],[-62.98026,-7.57726],[-62.97954,-7.35066],[-62.89789,-7.12318],[-62.82386,-7.00443],[-62.7574,-6.99435],[-62.68782,-6.93389],[-62.61514,-6.82289],[-62.52894,-6.76233],[-62.42923,-6.75215],[-62.36748,-6.7231],[-62.34366,-6.6753],[-62.34353,-6.63365],[-62.36709,-6.5982],[-62.34846,-6.53815],[-62.28767,-6.45351],[-62.2495,-6.36679],[-62.234,-6.27807],[-62.18418,-6.23027],[-62.12558,-6.22179],[-62.09168,-6.21848],[-62.05802,-6.21998]]},"properties":{"sw":0.5,"scalerank":3,"name":"Madeira","featurecla":"River","na":0,"cl":"Madeira#0"}},{"type":"Feature","geometry":{"type":"LineString","coordinates":[[-62.05802,-6.21998],[-61.90451,-6.23631],[-61.84446,-6.21016],[-61.82671,-6.14707],[-61.78038,-6.08578],[-61.7055,-6.02625],[-61.66794,-5.97338],[-61.66773,-5.92718],[-61.64799,-5.90145],[-61.60871,-5.89613],[-61.59936,-5.88104],[-61.61982,-5.85602],[-61.54851,-5.83825],[-61.38542,-5.8275],[-61.28853,-5.78099],[-61.25778,-5.69872],[-61.1166,-5.6148],[-60.86488,-5.52917],[-60.73445,-5.44768],[-60.7252,-5.37037],[-60.64681,-5.29275],[-60.52863,-5.23033],[-60.45871,-5.19901],[-60.42543,-5.17586]]},"properties":{"sw":0.55,"scalerank":3,"name":"Madeira","featurecla":"River","na":0,"cl":"Madeira#0"}},{"type":"Feature","geometry":{"type":"LineString","coordinates":[[-59.57359,-4.36552],[-59.54752,-4.35684],[-59.52062,-4.34216],[-59.48884,-4.31772],[-59.4273,-4.24951],[-59.36156,-4.15566],[-59.32767,-4.04539],[-59.25299,-3.95195],[-59.13763,-3.87547],[-59.08331,-3.79806],[-59.09011,-3.71972],[-58.99688,-3.5959],[-58.68905,-3.34233]]},"properties":{"sw":1,"scalerank":3,"name":"Madeira","featurecla":"River","na":0,"cl":"Madeira#0"}},{"type":"Feature","geometry":{"type":"LineString","coordinates":[[-59.9136,-4.67134],[-59.88272,-4.59476],[-59.78614,-4.43177],[-59.69912,-4.36661],[-59.64777,-4.36418],[-59.60253,-4.37028],[-59.57359,-4.36552]]},"properties":{"sw":0.8,"scalerank":3,"name":"Madeira","featurecla":"River","na":0,"cl":"Madeira#0"}},{"type":"Feature","geometry":{"type":"LineString","coordinates":[[-60.42543,-5.17586],[-60.38843,-5.14692],[-60.36197,-5.1031],[-60.25986,-4.9767],[-60.17149,-4.91272],[-60.10524,-4.91748],[-60.03677,-4.89712],[-59.96618,-4.85143],[-59.93088,-4.79051],[-59.93099,-4.71434],[-59.9136,-4.67134]]},"properties":{"sw":0.65,"scalerank":3,"name":"Madeira","featurecla":"River","na":0,"cl":"Madeira#0"}},{"type":"Feature","geometry":{"type":"LineString","coordinates":[[-79.99087,40.44771],[-80.14898,40.52158],[-80.22267,40.58447],[-80.26468,40.66101],[-80.34401,40.6862],[-80.51908,40.64695]]},"properties":{"sw":0.3,"scalerank":3,"name":"Ohio","featurecla":"River","na":1,"cl":"Ohio#0"}},{"type":"Feature","geometry":{"type":"LineString","coordinates":[[-80.51908,40.64695],[-80.63753,40.60326],[-80.65905,40.56298],[-80.62319,40.51156],[-80.60409,40.44521],[-80.60182,40.36389],[-80.66827,40.18525],[-80.80351,39.90914],[-80.87219,39.73551],[-80.87431,39.6643],[-80.9633,39.57112],[-81.13912,39.45599],[-81.2625,39.38654],[-81.33335,39.36282],[-81.39242,39.36483],[-81.43965,39.39256],[-81.49272,39.37362],[-81.55163,39.30804],[-81.60646,39.27414],[-81.65721,39.27197],[-81.70059,39.22947],[-81.73666,39.14663],[-81.77066,39.09883],[-81.8026,39.08606],[-81.80495,39.04405],[-81.77769,38.97279],[-81.78012,38.94698],[-81.79503,38.94594],[-81.80934,38.95003],[-81.84376,38.93432],[-81.88244,38.89422],[-81.89668,38.89354],[-81.90737,38.90024],[-81.91853,38.95235],[-81.9498,38.98933],[-82.00109,39.01111],[-82.07227,38.96295],[-82.16333,38.84492],[-82.20353,38.76823],[-82.18764,38.71521]]},"properties":{"sw":0.35,"scalerank":3,"name":"Ohio","featurecla":"River","na":1,"cl":"Ohio#0"}},{"type":"Feature","geometry":{"type":"LineString","coordinates":[[-82.18764,38.71521],[-82.18007,38.63759],[-82.2025,38.60584],[-82.25231,38.59408],[-82.29086,38.55201],[-82.31815,38.47967],[-82.38706,38.43399],[-82.49754,38.41497],[-82.62128,38.45068],[-82.75822,38.54116],[-82.84463,38.62767],[-82.88044,38.71025],[-83.00007,38.71399],[-83.20347,38.63891],[-83.35697,38.62741],[-83.46058,38.6795],[-83.53838,38.69986],[-83.61631,38.68278]]},"properties":{"sw":0.45,"scalerank":3,"name":"Ohio","featurecla":"River","na":1,"cl":"Ohio#0"}},{"type":"Feature","geometry":{"type":"LineString","coordinates":[[-83.61631,38.68278],[-83.68987,38.64953],[-83.75227,38.66937],[-83.82808,38.73123],[-83.94838,38.77422],[-84.11323,38.79838],[-84.22728,38.8652],[-84.29043,38.9747],[-84.35802,39.04992],[-84.43006,39.0909],[-84.50887,39.10283],[-84.59455,39.08578],[-84.66054,39.09446],[-84.70694,39.1289],[-84.76591,39.125],[-84.83743,39.08268],[-84.8606,39.03971],[-84.83549,38.99604],[-84.8366,38.96057],[-84.86388,38.93323],[-84.85417,38.9129],[-84.80745,38.89954],[-84.78963,38.86838],[-84.80074,38.81939],[-84.90125,38.76957],[-85.0939,38.71355],[-85.13552,38.69725],[-85.16989,38.69038],[-85.18611,38.69366]]},"properties":{"sw":0.5,"scalerank":3,"name":"Ohio","featurecla":"River","na":1,"cl":"Ohio#0"}},{"type":"Feature","geometry":{"type":"LineString","coordinates":[[-85.18604,38.69366],[-85.21112,38.70412],[-85.24663,38.72704],[-85.30675,38.7372],[-85.40543,38.72996],[-85.44478,38.68309],[-85.42483,38.59658],[-85.45868,38.53021],[-85.54632,38.48401],[-85.6089,38.42303],[-85.64642,38.3473],[-85.70629,38.30136],[-85.78845,38.28521],[-85.85493,38.21503],[-85.90568,38.09091],[-85.96116,38.01401],[-86.02133,37.98435],[-86.10345,37.99187],[-86.20752,38.03657],[-86.26762,38.08259],[-86.28375,38.12987],[-86.3146,38.16377],[-86.34266,38.17873],[-86.36144,38.17899],[-86.36253,38.17211],[-86.35496,38.15886],[-86.36514,38.1446],[-86.42963,38.13969],[-86.45738,38.12015],[-86.44834,38.08597],[-86.46255,38.06176],[-86.49996,38.0475],[-86.51986,38.01484],[-86.52218,37.96373],[-86.54864,37.91707],[-86.59923,37.87479],[-86.67313,37.88903],[-86.77033,37.95978],[-86.86908,37.97613],[-86.96944,37.93805],[-87.04427,37.88645],[-87.09357,37.82128],[-87.14103,37.80524],[-87.2094,37.85485]]},"properties":{"sw":0.55,"scalerank":3,"name":"Ohio","featurecla":"River","na":1,"cl":"Ohio#0"}},{"type":"Feature","geometry":{"type":"LineString","coordinates":[[-87.2094,37.85485],[-87.37239,37.92347],[-87.45729,37.9381],[-87.51845,37.92156],[-87.56145,37.92905],[-87.57617,37.94776],[-87.58739,37.95569],[-87.5994,37.94647],[-87.6008,37.88673],[-87.6154,37.84893],[-87.64325,37.83304],[-87.66457,37.84555],[-87.67942,37.88637],[-87.71446,37.8996],[-87.76965,37.88523],[-87.82525,37.89143],[-87.87442,37.91575],[-87.89212,37.91298],[-87.906,37.90182],[-87.90207,37.85511],[-87.91248,37.81769],[-87.93812,37.79382],[-87.97455,37.78803],[-88.02178,37.80043],[-88.04198,37.78886],[-88.07325,37.77092],[-88.12896,37.69951],[-88.14038,37.62065],[-88.10751,37.53435],[-88.1905,37.46456],[-88.38933,37.41126],[-88.49467,37.36428],[-88.50661,37.32359],[-88.49278,37.26155],[-88.45328,37.17814],[-88.44625,37.12042],[-88.47167,37.08838],[-88.61381,37.11009],[-88.87261,37.18553],[-89.04621,37.18298],[-89.13461,37.10246],[-89.16507,37.04156],[-89.15432,36.99211]]},"properties":{"sw":0.65,"scalerank":3,"name":"Ohio","featurecla":"River","na":1,"cl":"Ohio#0"}},{"type":"Feature","geometry":{"type":"LineString","coordinates":[[124.63987,53.21065],[124.46592,53.22965],[124.36913,53.27093],[124.29146,53.34085],[124.21994,53.3701],[124.15431,53.35868],[123.99469,53.40563],[123.74095,53.511],[123.60778,53.54653],[123.55972,53.52668],[123.53471,53.52645],[123.4895,53.52945],[123.42402,53.53076],[123.30961,53.55559],[123.15406,53.54459],[122.95759,53.49772],[122.74479,53.46852],[122.51586,53.457],[122.38016,53.46253],[122.33778,53.485],[122.08881,53.45147],[121.40544,53.31706]]},"properties":{"sw":0.35,"scalerank":3,"name":"Amur","featurecla":"River","na":0,"cl":"Amur#0"}},{"type":"Feature","geometry":{"type":"LineString","coordinates":[[127.59028,50.20898],[127.39525,50.29858],[127.33722,50.35016],[127.35117,50.39362],[127.34079,50.42809],[127.30606,50.45351],[127.30823,50.49418],[127.34719,50.55009],[127.34683,50.62135],[127.30699,50.70796],[127.19826,50.82946],[127.02039,50.98588],[126.92484,51.10014],[126.91151,51.17233],[126.88774,51.23013],[126.85441,51.26137],[126.83384,51.31488],[126.84774,51.37418],[126.82733,51.41226],[126.8018,51.44805],[126.80542,51.50564],[126.77452,51.54507],[126.7092,51.56628],[126.68873,51.60993],[126.70082,51.70305],[126.6537,51.78128],[126.51055,51.92582],[126.46807,52.03129],[126.45557,52.12646],[126.3948,52.17302],[126.39149,52.21449],[126.38353,52.2865],[126.34632,52.30626],[126.32421,52.33166],[126.34167,52.36202],[126.31284,52.39975],[126.2376,52.44481],[126.20297,52.48383],[126.19445,52.51915],[126.15662,52.54664],[126.04593,52.57335],[126.01596,52.61023],[126.02324,52.64301],[126.04701,52.67348],[126.06014,52.69198],[126.05601,52.71588],[126.04815,52.73947],[126.00433,52.76789],[125.94165,52.80071],[125.87188,52.87153],[125.78279,52.89073],[125.72812,52.89073],[125.68078,52.93083],[125.69536,52.9563],[125.69169,53.00369],[125.64905,53.04227],[125.59598,53.05749],[125.54596,53.04762],[125.42245,53.08374],[125.22557,53.1658],[125.07503,53.20368],[124.97096,53.19732],[124.90662,53.17267],[124.88212,53.12973],[124.81236,53.13384],[124.63987,53.21065]]},"properties":{"sw":0.4,"scalerank":3,"name":"Amur","featurecla":"River","na":0,"cl":"Amur#0"}},{"type":"Feature","geometry":{"type":"LineString","coordinates":[[47.46845,30.96847],[47.58178,30.83075],[47.64684,30.77461],[47.70151,30.75409],[47.73552,30.70422],[47.74895,30.62495],[47.78533,30.56087],[47.84466,30.51199],[47.93829,30.47762],[48.06614,30.45768],[48.14753,30.41683],[48.18236,30.35502],[48.22613,30.32135],[48.27894,30.3158],[48.33103,30.28544],[48.38261,30.2302],[48.40142,30.18834],[48.38757,30.15986],[48.39863,30.10961],[48.43459,30.03762],[48.47852,30.0038],[48.54653,29.96236]]},"properties":{"sw":0.8,"scalerank":3,"name":"Shatt al-Arab","featurecla":"River","na":0,"cl":"Shatt al-Arab#0"}},{"type":"Feature","geometry":{"type":"LineString","coordinates":[[114.83767,35.01977],[114.86237,35.06117],[114.86558,35.1446],[114.90547,35.22855],[115.01389,35.32952],[115.13605,35.40626],[115.27207,35.45882],[115.34038,35.50264],[115.341,35.53778],[115.38198,35.59721],[115.46327,35.68092],[115.59639,35.75844],[115.78108,35.82978],[115.87089,35.88034],[115.86572,35.91006],[115.88329,35.93863],[115.9236,35.96602],[115.96618,35.9762],[116.03574,36.07103],[116.0778,36.10973]]},"properties":{"sw":0.8,"scalerank":3,"name":"Yellow","featurecla":"River","na":0,"cl":"Yellow#0"}},{"type":"Feature","geometry":{"type":"LineString","coordinates":[[116.0778,36.10973],[116.11594,36.14296],[116.22715,36.20136],[116.45065,36.33851],[116.58082,36.43969],[116.5926,36.4895],[116.64407,36.56149],[116.73513,36.6557],[116.86194,36.72613],[117.02441,36.7729],[117.1505,36.86204],[117.24011,36.99361],[117.35178,37.08187],[117.48542,37.12675],[117.57094,37.17546],[117.60836,37.22801],[117.6929,37.25612],[117.82467,37.25984],[117.96968,37.29008],[118.12791,37.34687],[118.23752,37.43053],[118.29839,37.54107],[118.38516,37.60391],[118.49781,37.61894],[118.64488,37.67752],[118.82627,37.77958],[118.94605,37.82361],[119.03564,37.80917]]},"properties":{"sw":1,"scalerank":3,"name":"Yellow","featurecla":"River","na":0,"cl":"Yellow#0"}},{"type":"Feature","geometry":{"type":"LineString","coordinates":[[95.59957,16.90173],[95.64918,16.7675],[95.71853,16.70939],[95.82891,16.65338],[95.87175,16.59333],[95.84705,16.52925],[95.84545,16.47806],[95.86684,16.43977],[95.90984,16.41231],[95.99428,16.39034],[96.04287,16.33993]]},"properties":{"sw":0.35,"scalerank":2,"name":"Irrawaddy","featurecla":"River","na":0,"cl":"Irrawaddy#0"}},{"type":"Feature","geometry":{"type":"LineString","coordinates":[[95.45488,17.85609],[95.30439,17.76625],[95.21034,17.65624],[95.12017,17.47237],[95.04245,17.37111],[94.97723,17.35248],[94.94772,17.31452],[94.95393,17.25727],[94.90308,17.16415],[94.79518,17.03516],[94.74226,16.90809],[94.74433,16.78293],[94.72831,16.67325],[94.70332,16.51191]]},"properties":{"sw":0.35,"scalerank":2,"name":"Irrawaddy","featurecla":"River","na":0,"cl":"Irrawaddy#0"}},{"type":"Feature","geometry":{"type":"LineString","coordinates":[[95.45488,17.85609],[95.48206,17.87979],[95.52009,17.90756],[95.57497,17.90415],[95.63306,17.80982],[95.69424,17.62453],[95.78302,17.43832],[95.8994,17.25109],[95.95557,17.12983],[95.95154,17.07449],[96.04192,16.96927],[96.08962,16.84667],[96.1891,16.76833]]},"properties":{"sw":0.35,"scalerank":2,"name":"Irrawaddy","featurecla":"River","na":0,"cl":"Irrawaddy#0"}},{"type":"Feature","geometry":{"type":"LineString","coordinates":[[95.4725,17.74367],[95.40578,17.71794],[95.35597,17.6658],[95.29602,17.55417],[95.29075,17.50224],[95.3229,17.46767],[95.33959,17.43118],[95.33514,17.37878],[95.317,17.34775],[95.27618,17.32282],[95.26347,17.30168],[95.25282,17.22401],[95.24817,17.17849],[95.21334,17.14428],[95.18606,17.07772],[95.16611,16.97871],[95.1751,16.90344],[95.21303,16.85192],[95.22171,16.79621],[95.17572,16.67441],[95.14513,16.61049],[95.10678,16.57423],[95.06059,16.5656],[95.01449,16.50341],[94.96829,16.3876],[94.90736,16.28779],[94.79373,16.16204],[94.74784,16.08041],[94.65625,15.98879]]},"properties":{"sw":0.35,"scalerank":2,"name":"Irrawaddy","featurecla":"River","na":0,"cl":"Irrawaddy#0"}},{"type":"Feature","geometry":{"type":"LineString","coordinates":[[95.48144,16.81391],[95.32346,16.3282],[95.2368,16.13299],[95.13252,16.02486],[95.09862,15.95781],[95.07836,15.83915]]},"properties":{"sw":0.35,"scalerank":2,"name":"Irrawaddy","featurecla":"River","na":0,"cl":"Irrawaddy#0"}},{"type":"Feature","geometry":{"type":"LineString","coordinates":[[97.9832,28.42498],[98.19207,28.24993]]},"properties":{"sw":0.15,"scalerank":2,"name":"Irrawaddy","featurecla":"River","na":0,"cl":"Irrawaddy#0"}},{"type":"Feature","geometry":{"type":"LineString","coordinates":[[98.19207,28.24993],[98.29687,28.13182],[98.33511,28.00832],[98.34183,27.83995],[98.30173,27.73004],[98.21491,27.67852],[98.15363,27.67356],[98.11776,27.71521],[98.07978,27.72621],[98.03958,27.70668],[98.04211,27.62942],[98.08748,27.49439],[98.17192,27.32908],[98.29553,27.13338],[98.36245,26.97355],[98.37268,26.84958],[98.35361,26.70139],[98.28096,26.44288]]},"properties":{"sw":0.2,"scalerank":2,"name":"Irrawaddy","featurecla":"River","na":0,"cl":"Irrawaddy#0"}},{"type":"Feature","geometry":{"type":"LineString","coordinates":[[98.28096,26.44288],[98.15797,26.03014],[98.09627,25.86679],[98.05503,25.8153],[97.97632,25.73988],[97.86026,25.64055],[97.77474,25.62009],[97.71985,25.67843],[97.64084,25.7059],[97.5579,25.70316],[97.51904,25.70102]]},"properties":{"sw":0.25,"scalerank":2,"name":"Irrawaddy","featurecla":"River","na":0,"cl":"Irrawaddy#0"}},{"type":"Feature","geometry":{"type":"LineString","coordinates":[[97.51904,25.70102],[97.50798,25.68965],[97.51491,25.66794],[97.50571,25.58976],[97.44897,25.41674],[97.39378,25.33696],[97.34024,25.35044],[97.29208,25.31003],[97.24929,25.21572],[97.2497,25.1525],[97.29321,25.12035],[97.2898,25.09981],[97.23937,25.09092],[97.21611,25.0641],[97.21994,25.01935],[97.19565,24.98101],[97.117,24.93297]]},"properties":{"sw":0.25,"scalerank":2,"name":"Irrawaddy","featurecla":"River","na":0,"cl":"Irrawaddy#0"}},{"type":"Feature","geometry":{"type":"LineString","coordinates":[[97.117,24.93297],[97.05545,24.83531],[97.05509,24.75492],[97.0954,24.65924],[97.1171,24.55168],[97.1201,24.4322],[97.14247,24.34699],[97.18407,24.29593],[97.19777,24.25154],[97.1834,24.21372],[97.11447,24.17816],[96.99091,24.14481],[96.89241,24.16871],[96.81872,24.24984],[96.73707,24.3072],[96.64726,24.34079],[96.56127,24.34394],[96.4791,24.31666],[96.40221,24.25128],[96.33079,24.14788],[96.29136,24.05864],[96.28036,23.94608]]},"properties":{"sw":0.3,"scalerank":2,"name":"Irrawaddy","featurecla":"River","na":0,"cl":"Irrawaddy#0"}},{"type":"Feature","geometry":{"type":"LineString","coordinates":[[96.28036,23.94608],[96.08523,23.65282],[96.00637,23.35855],[95.97867,22.96558],[95.9489,22.7536],[95.91717,22.7227],[95.92348,22.66275],[95.96802,22.57376],[95.98363,22.49511],[95.9704,22.42669],[95.97603,22.37734],[96.00048,22.34701],[96.01991,22.22975],[96.03417,22.02556],[96.00936,21.90667],[95.94565,21.87303],[95.87945,21.87505],[95.81082,21.91272],[95.71037,21.92802],[95.57807,21.92099],[95.48071,21.87138],[95.41829,21.77919],[95.37287,21.66581],[95.34439,21.53119],[95.31494,21.45755],[95.26915,21.43843]]},"properties":{"sw":0.45,"scalerank":2,"name":"Irrawaddy","featurecla":"River","na":0,"cl":"Irrawaddy#0"}},{"type":"Feature","geometry":{"type":"LineString","coordinates":[[95.26915,21.43843],[95.1735,21.34503],[95.06105,21.2865],[94.89992,21.23173],[94.81962,21.14636],[94.82014,21.03034],[94.79357,20.93273],[94.73993,20.85351],[94.76112,20.70163],[94.85714,20.4771],[94.90747,20.3047],[94.91212,20.18445],[94.9561,20.07082],[95.08115,19.91036]]},"properties":{"sw":0.5,"scalerank":2,"name":"Irrawaddy","featurecla":"River","na":0,"cl":"Irrawaddy#0"}},{"type":"Feature","geometry":{"type":"LineString","coordinates":[[95.08115,19.91036],[95.14037,19.84489],[95.16942,19.71035],[95.18792,19.48494],[95.17675,19.27712],[95.13572,19.08687],[95.13975,18.9452],[95.18864,18.85208],[95.1798,18.7709],[95.11314,18.70165],[95.07562,18.64072],[95.06725,18.58806],[95.14301,18.47903],[95.3029,18.31351],[95.39969,18.18135],[95.43348,18.08251],[95.45229,17.95632],[95.45488,17.85609],[95.45622,17.80276],[95.4725,17.74367],[95.48506,17.69807],[95.5387,17.64218],[95.56112,17.5857],[95.55234,17.52862],[95.58014,17.47979],[95.64474,17.43922],[95.65497,17.38984],[95.61084,17.33166],[95.60324,17.2544],[95.63208,17.15807],[95.6251,17.08617],[95.58231,17.03862],[95.57384,16.97716],[95.59957,16.90173],[95.54314,16.8375],[95.48144,16.81391],[95.40434,16.78443],[95.33065,16.72097],[95.32196,16.6471],[95.23629,16.52034],[94.99237,16.25079],[94.95222,16.20981],[94.89316,16.18281]]},"properties":{"sw":0.55,"scalerank":2,"name":"Irrawaddy","featurecla":"River","na":0,"cl":"Irrawaddy#0"}},{"type":"Feature","geometry":{"type":"LineString","coordinates":[[-74.70887,45.00387],[-74.76246,44.99906],[-74.85664,45.00392],[-74.99614,44.97012],[-75.17938,44.89938],[-75.40126,44.77228],[-75.79196,44.49705]]},"properties":{"sw":0.35,"scalerank":2,"name":"Saint Lawrence","featurecla":"River","na":1,"cl":"Saint Lawrence#0"}},{"type":"Feature","geometry":{"type":"LineString","coordinates":[[67.31499,66.64079],[67.5604,66.75887],[67.69223,66.7829],[67.86938,66.77339],[68.00694,66.78381],[68.10481,66.81414],[68.26077,66.8075],[68.65507,66.75151]]},"properties":{"sw":0.3,"scalerank":2,"name":"Ob","featurecla":"River","na":0,"cl":"Ob#0"}},{"type":"Feature","geometry":{"type":"LineString","coordinates":[[68.78612,61.08935],[68.85691,61.12402]]},"properties":{"sw":0.65,"scalerank":2,"name":"Ob","featurecla":"River","na":0,"cl":"Ob#0"}},{"type":"Feature","geometry":{"type":"LineString","coordinates":[[66.28074,62.44683],[66.39004,62.41955],[66.45458,62.37976],[66.5107,62.31839],[66.70676,62.25845],[67.04266,62.19992],[67.292,62.08665],[67.45478,61.9187],[67.5527,61.79364],[67.58578,61.71158],[67.77946,61.62012],[68.13365,61.51927],[68.3249,61.45124],[68.35312,61.41599],[68.34769,61.35088],[68.30863,61.25585],[68.34759,61.18066],[68.46459,61.12521],[68.58882,61.09547],[68.78612,61.08935]]},"properties":{"sw":0.65,"scalerank":2,"name":"Ob","featurecla":"River","na":0,"cl":"Ob#0"}},{"type":"Feature","geometry":{"type":"LineString","coordinates":[[65.83927,66.15718],[65.82134,66.13661],[65.82971,66.09447],[65.8711,66.03519],[65.87658,65.93277],[65.83147,65.84244],[65.73566,65.7642],[65.66672,65.68467],[65.62466,65.6038],[65.6045,65.5315],[65.60626,65.46768],[65.55655,65.41115],[65.45526,65.36193],[65.36224,65.28341],[65.27749,65.17569],[65.25693,65.09879],[65.30064,65.05275],[65.40808,65.02228],[65.52399,65.01583],[65.56512,64.98154],[65.5428,64.93046],[65.51236,64.8855],[65.53293,64.84193],[65.52926,64.79863],[65.50125,64.75571],[65.55427,64.70923],[65.68832,64.65926],[65.70563,64.61482],[65.68507,64.5874],[65.69018,64.53709],[65.79963,64.48154],[65.87622,64.42589],[65.91994,64.37013],[65.92298,64.3246],[65.88526,64.28936],[65.89539,64.26192],[65.95337,64.24218],[65.99848,64.20637],[66.03063,64.15443],[66.00768,64.13107],[65.92955,64.13634],[65.88872,64.12647],[65.88511,64.10141],[65.85761,64.08451],[65.80614,64.07568],[65.78868,64.03095],[65.80511,63.95031],[65.80273,63.89941],[65.78134,63.87822],[65.79596,63.84277],[65.80506,63.80939],[65.7879,63.79223],[65.7215,63.76877],[65.7091,63.73397],[65.73225,63.70738],[65.75746,63.6525],[65.76739,63.58387],[65.70062,63.53178],[65.55706,63.49623],[65.52399,63.45636],[65.52704,63.39499],[65.47231,63.34347],[65.33496,63.29609],[65.21135,63.20601],[65.14923,63.13093],[65.14014,63.07248],[65.16319,62.99636],[65.25755,62.87864],[65.67974,62.6221],[65.98825,62.48208],[66.28074,62.44683]]},"properties":{"sw":0.8,"scalerank":2,"name":"Ob","featurecla":"River","na":0,"cl":"Ob#0"}},{"type":"Feature","geometry":{"type":"LineString","coordinates":[[65.83927,66.15718],[65.88299,66.19648],[65.95745,66.2204],[66.09651,66.27844],[66.29986,66.4114],[66.45138,66.57087],[66.6633,66.62653],[66.93564,66.57842],[67.15283,66.58317],[67.31499,66.64079],[67.57296,66.62888],[67.92694,66.54739],[68.19747,66.53762],[68.38464,66.59955],[68.49663,66.65593],[68.53332,66.70676],[68.65507,66.75151],[68.90668,66.79913],[69.0135,66.78834]]},"properties":{"sw":1,"scalerank":2,"name":"Ob","featurecla":"River","na":0,"cl":"Ob#0"}},{"type":"Feature","geometry":{"type":"LineString","coordinates":[[27.87668,44.74412],[27.90717,44.71877],[27.99212,44.66371],[28.02468,44.61066],[28.0129,44.55811],[28.03243,44.5133],[28.08338,44.4762],[28.07992,44.4193],[28.02215,44.34262],[27.86024,44.26262],[27.59411,44.17927],[27.41247,44.13767],[27.33831,44.13338],[27.26658,44.1378]]},"properties":{"sw":0.8,"scalerank":2,"name":"Danube","featurecla":"River","na":0,"cl":"Danube#0"}},{"type":"Feature","geometry":{"type":"LineString","coordinates":[[17.20642,48.0611],[17.48062,47.88762],[17.63529,47.8099],[17.76189,47.77016],[18.14559,47.76342],[18.75362,47.78838],[18.79454,47.80943],[19.00016,47.8192],[19.07132,47.80651],[19.10346,47.77923],[19.12331,47.73125],[19.12393,47.70908],[19.07339,47.55203],[19.06,47.48103],[19.02967,47.41274],[18.95882,47.36468],[18.9072,47.25998],[18.88363,47.15115],[18.92818,47.08325],[18.93531,47.03305],[18.93996,46.99982],[18.9365,46.88476],[18.94492,46.8036],[18.98285,46.7402],[18.96585,46.68511],[18.89402,46.63829],[18.87361,46.58586],[18.90461,46.52783],[18.91882,46.42293],[18.91624,46.27116],[18.85914,46.15109],[18.74752,46.06267],[18.72695,46.0144],[18.7593,45.93469],[18.83909,45.83576],[18.89449,45.7671],[18.9473,45.65582],[18.91784,45.60083],[18.95371,45.55799],[19.0551,45.52725],[19.06429,45.515],[19.03329,45.50218],[19.00766,45.4658],[19.00466,45.3995],[19.09308,45.33692],[19.27281,45.27796],[19.47471,45.24334],[19.69878,45.23305],[19.82833,45.24148],[19.86337,45.26871],[19.90703,45.25915],[19.95943,45.2129],[20.0448,45.18618],[20.16314,45.17905],[20.25327,45.14988],[20.28231,45.12577],[20.31497,45.09869],[20.3391,45.03844],[20.32556,44.96909],[20.3529,44.9109],[20.42101,44.86383],[20.50043,44.84259],[20.59107,44.84719],[20.63562,44.8284],[20.63407,44.78628],[20.66585,44.74099],[20.73107,44.6926],[20.91276,44.70797],[21.36007,44.82667]]},"properties":{"sw":0.35,"scalerank":2,"name":"Danube","featurecla":"River","na":0,"cl":"Danube#0"}},{"type":"Feature","geometry":{"type":"LineString","coordinates":[[21.36007,44.82667],[21.52316,44.79008],[21.59706,44.75541],[21.63613,44.71045],[21.7402,44.68068],[21.90929,44.66611],[22.0269,44.61986],[22.09305,44.54193],[22.20095,44.56069],[22.35071,44.67614],[22.49768,44.70626],[22.64206,44.65097],[22.72092,44.60552],[22.73435,44.56992],[22.70076,44.55552],[22.62015,44.56234],[22.554,44.54033],[22.50233,44.48958],[22.49458,44.43543],[22.53065,44.37796],[22.58181,44.33833],[22.64795,44.31647],[22.6833,44.28647],[22.68785,44.24831],[22.77518,44.19524],[22.9454,44.12728],[23.0285,44.07798],[23.02447,44.04723],[22.9854,44.017],[22.91129,43.98719],[22.8683,43.94789],[22.85641,43.89903],[22.86768,43.86456],[22.91905,43.83446]]},"properties":{"sw":0.4,"scalerank":2,"name":"Danube","featurecla":"River","na":0,"cl":"Danube#0"}},{"type":"Feature","geometry":{"type":"LineString","coordinates":[[22.91905,43.83446],[23.22461,43.87389],[23.53456,43.85358],[23.95077,43.78666],[24.22677,43.76348],[24.43058,43.79438]]},"properties":{"sw":0.5,"scalerank":2,"name":"Danube","featurecla":"River","na":0,"cl":"Danube#0"}},{"type":"Feature","geometry":{"type":"LineString","coordinates":[[24.43058,43.79438],[25.15963,43.68633],[25.49708,43.6708],[25.68611,43.71175],[25.81882,43.76684],[25.93344,43.87055]]},"properties":{"sw":0.55,"scalerank":2,"name":"Danube","featurecla":"River","na":0,"cl":"Danube#0"}},{"type":"Feature","geometry":{"type":"LineString","coordinates":[[25.93344,43.87055],[26.2158,44.00729],[26.48922,44.08398],[26.84775,44.14619],[27.08691,44.16741],[27.22173,44.1433],[27.26658,44.1378]]},"properties":{"sw":0.65,"scalerank":2,"name":"Danube","featurecla":"River","na":0,"cl":"Danube#0"}},{"type":"Feature","geometry":{"type":"LineString","coordinates":[[27.87668,44.74412],[27.85011,44.76838],[27.83017,44.79561],[27.83068,44.83008],[27.86283,44.86476],[27.89456,44.96762],[27.92598,45.13872],[27.96484,45.26871],[28.01124,45.35759],[28.07894,45.41413],[28.21247,45.45046]]},"properties":{"sw":0.8,"scalerank":2,"name":"Danube","featurecla":"River","na":0,"cl":"Danube#0"}},{"type":"Feature","geometry":{"type":"LineString","coordinates":[[28.21247,45.45046],[28.31768,45.34713],[28.45127,45.2922],[28.7607,45.23414]]},"properties":{"sw":1,"scalerank":2,"name":"Danube","featurecla":"River","na":0,"cl":"Danube#0"}},{"type":"Feature","geometry":{"type":"LineString","coordinates":[[98.00707,47.99898],[97.61661,48.07474]]},"properties":{"sw":0.15,"scalerank":2,"name":"Selenga","featurecla":"River","na":0,"cl":"Selenga#0"}},{"type":"Feature","geometry":{"type":"LineString","coordinates":[[97.61661,48.07474],[97.45212,48.14068],[97.4129,48.2015],[97.44401,48.27917],[97.45413,48.35715],[97.44318,48.43544],[97.52886,48.54081],[97.71107,48.67326],[98.05038,48.73625],[98.54678,48.72974],[98.92288,48.69692],[99.17878,48.63786],[99.58837,48.72493],[100.15164,48.95815],[100.47255,49.07561],[100.551,49.07726],[100.61311,49.09845],[100.6589,49.13907],[100.68619,49.18532],[100.69962,49.26309]]},"properties":{"sw":0.2,"scalerank":2,"name":"Selenga","featurecla":"River","na":0,"cl":"Selenga#0"}},{"type":"Feature","geometry":{"type":"LineString","coordinates":[[100.69962,49.26309],[101.06053,49.34557]]},"properties":{"sw":0.2,"scalerank":2,"name":"Selenga","featurecla":"River","na":0,"cl":"Selenga#0"}},{"type":"Feature","geometry":{"type":"LineString","coordinates":[[101.06053,49.34557],[101.16424,49.40959],[101.25571,49.43905],[101.3695,49.45533],[101.46681,49.44453],[101.54773,49.40665],[101.69563,49.39078],[101.91071,49.39688],[102.0614,49.3852],[102.1479,49.3558],[102.32112,49.35477],[102.58106,49.38215],[102.73774,49.38487],[102.79122,49.36288],[102.83189,49.36293],[102.8598,49.385],[102.97638,49.37681],[103.18164,49.33841],[103.44441,49.36148],[103.76471,49.44603],[104.01208,49.48401],[104.18664,49.47543],[104.34178,49.51261],[104.47748,49.59555],[104.76284,49.69247],[105.19764,49.80342],[105.6002,49.95765],[106.15541,50.25399]]},"properties":{"sw":0.25,"scalerank":2,"name":"Selenga","featurecla":"River","na":0,"cl":"Selenga#0"}},{"type":"Feature","geometry":{"type":"LineString","coordinates":[[106.99154,51.31661],[106.85149,51.25188],[106.76292,51.18378],[106.67936,51.09071],[106.55621,51.02092],[106.39364,50.97446],[106.30042,50.92927],[106.27654,50.88542],[106.27665,50.82594],[106.30052,50.75083],[106.29339,50.69014],[106.25515,50.64389],[106.24755,50.60012],[106.2706,50.55888],[106.22631,50.50759],[106.11469,50.44628],[106.08296,50.37517],[106.15541,50.25399]]},"properties":{"sw":0.25,"scalerank":2,"name":"Selenga","featurecla":"River","na":0,"cl":"Selenga#0"}},{"type":"Feature","geometry":{"type":"LineString","coordinates":[[106.99154,51.31661],[107.06326,51.42412],[107.14781,51.47805],[107.26904,51.51422],[107.39058,51.60915],[107.51244,51.76289],[107.55409,51.85332],[107.51554,51.8804],[107.50189,51.93244],[107.51295,52.00928],[107.49977,52.07357],[107.46226,52.12519],[107.34965,52.14483],[107.16207,52.13237],[106.9996,52.10375],[106.86245,52.05889],[106.7531,52.05496],[106.67181,52.09207],[106.61523,52.14514],[106.58329,52.21418],[106.61352,52.26565],[106.75196,52.3165]]},"properties":{"sw":0.3,"scalerank":2,"name":"Selenga","featurecla":"River","na":0,"cl":"Selenga#0"}},{"type":"Feature","geometry":{"type":"LineString","coordinates":[[106.61523,52.14514],[106.49927,52.23392],[106.47694,52.28999],[106.4973,52.38311]]},"properties":{"sw":0.3,"scalerank":2,"name":"Selenga","featurecla":"River","na":0,"cl":"Selenga#0"}},{"type":"Feature","geometry":{"type":"LineString","coordinates":[[106.4973,52.38311],[106.43777,52.41489],[106.3522,52.40368],[106.22063,52.36011],[106.0687,52.26441],[105.8962,52.11666],[105.72526,51.99776],[105.55576,51.90779],[105.36109,51.84733],[105.14126,51.81637],[104.9899,51.81857],[104.86567,51.87151]]},"properties":{"sw":0.3,"scalerank":2,"name":"Angara","featurecla":"Lake Centerline","na":0,"cl":"Angara#0"}},{"type":"Feature","geometry":{"type":"LineString","coordinates":[[103.37419,53.10728],[103.40349,53.2821],[103.40359,53.42501],[103.38421,53.5943],[103.2789,53.79672],[103.08738,54.03226],[103.05777,54.21829],[103.18996,54.35487],[103.25078,54.48148],[103.24024,54.59817],[103.19244,54.69563],[103.10738,54.77381],[103.13265,54.89208],[103.26815,55.05034],[103.32928,55.18035],[103.31595,55.28205],[103.27797,55.37853],[103.21533,55.4699],[103.18557,55.57454],[103.18877,55.69247],[103.15058,55.7768],[103.0711,55.82755],[103.02382,55.89522],[103.00863,55.97987],[102.9646,56.0572],[102.89163,56.12727],[102.75149,56.17306],[102.54416,56.19455],[102.30397,56.16755],[102.03081,56.09205],[101.86286,56.07177],[101.80017,56.1067],[101.77738,56.16582],[101.80322,56.29078]]},"properties":{"sw":0.3,"scalerank":2,"name":"Angara","featurecla":"Lake Centerline","na":0,"cl":"Angara#0"}},{"type":"Feature","geometry":{"type":"LineString","coordinates":[[104.86691,51.87022],[104.43702,52.16508],[104.28958,52.28859],[104.28142,52.33908],[104.20463,52.39939],[104.05942,52.46951],[103.97281,52.53958],[103.9449,52.60961],[103.87721,52.67399],[103.76987,52.7328],[103.70998,52.799],[103.69758,52.87259],[103.61722,52.93364],[103.46891,52.98217],[103.38959,53.03165],[103.37419,53.10728]]},"properties":{"sw":0.3,"scalerank":2,"name":"Angara","featurecla":"River","na":0,"cl":"Angara#0"}},{"type":"Feature","geometry":{"type":"LineString","coordinates":[[83.36373,49.64384],[83.6032,49.51987],[83.73053,49.47055],[83.82561,49.45448],[83.95945,49.37942],[84.13195,49.24537],[84.20409,49.16196],[84.17577,49.1293],[84.01242,49.07003],[83.71404,48.98414],[83.53271,48.88875],[83.46842,48.78384],[83.45044,48.66845],[83.47886,48.54252],[83.52429,48.45451],[83.58682,48.40438],[83.58904,48.35904],[83.53106,48.31847],[83.50651,48.27271],[83.5155,48.22184],[83.64247,48.1368],[83.88731,48.01764],[84.07247,47.90227],[84.19784,47.7907],[84.2846,47.73422],[84.35685,47.73213]]},"properties":{"sw":0.25,"scalerank":2,"name":"Irtysh","featurecla":"Lake Centerline","na":0,"cl":"Irtysh#0"}},{"type":"Feature","geometry":{"type":"LineString","coordinates":[[85.26707,47.99438],[84.99856,47.92767],[84.88002,47.87958],[84.82183,47.82783],[84.7285,47.78267],[84.59993,47.74401],[84.49095,47.72654],[84.35685,47.73213]]},"properties":{"sw":0.25,"scalerank":2,"name":"Irtysh","featurecla":"River","na":0,"cl":"Irtysh#0"}},{"type":"Feature","geometry":{"type":"LineString","coordinates":[[83.36373,49.64384],[83.12829,49.68188],[82.99068,49.74828],[82.87234,49.85577],[82.69628,49.94672],[82.46239,50.02118],[82.32121,50.10066],[82.27274,50.18515],[82.15006,50.21903],[81.95317,50.20231],[81.77457,50.22758],[81.61417,50.29484],[81.48245,50.3252],[81.37941,50.31869],[81.2483,50.33778],[81.08904,50.38245],[80.96294,50.39217],[80.87003,50.36698],[80.69102,50.36044],[80.42592,50.37253],[80.24185,50.40995],[80.13871,50.47273],[80.01871,50.49578],[79.88187,50.47914],[79.70194,50.51671],[79.479,50.60844],[79.31281,50.66208],[79.20336,50.67758],[79.11593,50.66701],[79.0503,50.63035],[78.8995,50.65086],[78.54531,50.76729]]},"properties":{"sw":0.3,"scalerank":2,"name":"Irtysh","featurecla":"River","na":0,"cl":"Irtysh#0"}},{"type":"Feature","geometry":{"type":"LineString","coordinates":[[78.54531,50.76729],[78.34822,50.85759],[78.24549,50.92276],[78.17149,50.99291],[78.10617,51.09373],[78.04963,51.2253],[77.95982,51.33529],[77.83683,51.42371],[77.69059,51.49872],[77.52098,51.56032],[77.4412,51.65101],[77.45112,51.77082],[77.33355,51.88624],[77.0885,51.99724],[76.96009,52.10827],[76.9482,52.21929],[76.89963,52.30337],[76.81426,52.36045],[76.77974,52.41106],[76.79617,52.4552],[76.79441,52.50225],[76.77457,52.55222],[76.73411,52.58875],[76.67303,52.61185],[76.65427,52.63963],[76.67794,52.67213],[76.67949,52.70417],[76.65902,52.7358],[76.54978,52.81616],[76.51381,52.82727],[76.49371,52.83013],[76.47934,52.85024],[76.48498,52.88504],[76.46089,52.89874],[76.31434,52.90525],[76.26029,52.93008],[76.24189,52.97994],[76.14432,53.01459],[75.96749,53.03408],[75.85463,53.07774],[75.80564,53.14565],[75.72719,53.20187],[75.61919,53.24636],[75.56839,53.28246],[75.56669,53.30401],[75.54488,53.32184],[75.52054,53.33251],[75.50328,53.34401],[75.50617,53.36121],[75.50333,53.39659],[75.45744,53.4555],[75.3574,53.52009],[75.20309,53.59042],[75.10077,53.65378],[75.05023,53.71021],[75.03995,53.78933],[75.06982,53.89108],[75.06196,53.95288],[74.99359,53.98559]]},"properties":{"sw":0.35,"scalerank":2,"name":"Irtysh","featurecla":"River","na":0,"cl":"Irtysh#0"}},{"type":"Feature","geometry":{"type":"LineString","coordinates":[[90.32537,47.65017],[90.28382,47.4909],[90.25261,47.43039],[90.20052,47.40801]]},"properties":{"sw":0.15,"scalerank":2,"name":"Irtysh","featurecla":"River","na":0,"cl":"Irtysh#0"}},{"type":"Feature","geometry":{"type":"LineString","coordinates":[[90.20052,47.40801],[90.13241,47.40119],[90.06399,47.35571],[89.97252,47.26926],[89.87232,47.21296],[89.76329,47.18673],[89.65451,47.12591],[89.54609,47.03041],[89.40553,46.99018],[89.23303,47.00522],[89.03243,47.06147],[88.80381,47.15898],[88.51499,47.23303],[88.16597,47.28373],[87.84728,47.34822],[87.55903,47.42656],[87.387,47.4954],[87.33129,47.55472],[87.26571,47.5802],[87.19016,47.57183],[87.10024,47.59076],[86.94356,47.66011]]},"properties":{"sw":0.2,"scalerank":2,"name":"Irtysh","featurecla":"River","na":0,"cl":"Irtysh#0"}},{"type":"Feature","geometry":{"type":"LineString","coordinates":[[86.94356,47.66011],[86.60725,47.83235],[86.43341,47.87759],[86.31011,47.85331],[86.15415,47.87566],[85.96564,47.94464],[85.79231,47.9802],[85.63408,47.98232],[85.54365,47.99438],[85.52081,48.01645],[85.44887,48.01919],[85.26707,47.99438]]},"properties":{"sw":0.25,"scalerank":2,"name":"Irtysh","featurecla":"River","na":0,"cl":"Irtysh#0"}},{"type":"Feature","geometry":{"type":"LineString","coordinates":[[82.40048,30.41148],[82.72273,30.36505]]},"properties":{"sw":0.15,"scalerank":2,"name":"Brahmaputra","featurecla":"River","na":0,"cl":"Brahmaputra#0"}},{"type":"Feature","geometry":{"type":"LineString","coordinates":[[82.72273,30.36505],[82.82516,30.37101],[82.88577,30.33567],[82.93879,30.26105],[83.16426,30.12612],[83.76102,29.83332]]},"properties":{"sw":0.2,"scalerank":2,"name":"Brahmaputra","featurecla":"River","na":0,"cl":"Brahmaputra#0"}},{"type":"Feature","geometry":{"type":"LineString","coordinates":[[83.76102,29.83332],[83.92535,29.76069],[83.9825,29.71064],[83.98715,29.65897],[84.01392,29.61742],[84.0627,29.58592],[84.18869,29.55528],[84.39178,29.52546],[84.50113,29.45195],[84.51663,29.33475],[84.63425,29.25367],[84.85387,29.20861],[85.01407,29.22096],[85.11463,29.29072],[85.22584,29.31278],[85.40867,29.27439]]},"properties":{"sw":0.25,"scalerank":2,"name":"Brahmaputra","featurecla":"River","na":0,"cl":"Brahmaputra#0"}},{"type":"Feature","geometry":{"type":"LineString","coordinates":[[85.40867,29.27439],[85.59191,29.20406],[85.86714,29.19525],[86.29533,29.22455],[86.73448,29.20886],[87.18437,29.1482],[87.47211,29.12628],[87.66021,29.15153]]},"properties":{"sw":0.3,"scalerank":2,"name":"Brahmaputra","featurecla":"River","na":0,"cl":"Brahmaputra#0"}},{"type":"Feature","geometry":{"type":"LineString","coordinates":[[102.48907,58.82923],[101.94781,58.97325]]},"properties":{"sw":0.2,"scalerank":2,"name":"Angara","featurecla":"River","na":0,"cl":"Angara#0"}},{"type":"Feature","geometry":{"type":"LineString","coordinates":[[102.67397,57.94308],[102.67387,57.85507],[102.65123,57.7895],[102.60607,57.71705],[102.53372,57.63762],[102.4343,57.55116],[102.37125,57.44559],[102.34459,57.32084],[102.33797,57.19475],[102.35802,57.0037]]},"properties":{"sw":0.3,"scalerank":2,"name":"Angara","featurecla":"Lake Centerline","na":0,"cl":"Angara#0"}},{"type":"Feature","geometry":{"type":"LineString","coordinates":[[101.80322,56.29078],[101.81718,56.56058],[101.77046,56.68703],[101.66762,56.7601],[101.56055,56.80056],[101.44914,56.80847],[101.39147,56.84777],[101.38743,56.91854],[101.46092,56.96986],[101.61171,57.00169],[101.7778,56.98815],[101.95898,56.92932],[102.11287,56.89777],[102.23927,56.89353],[102.31642,56.91952],[102.35812,57.00396]]},"properties":{"sw":0.3,"scalerank":2,"name":"Angara","featurecla":"River","na":0,"cl":"Angara#0"}},{"type":"Feature","geometry":{"type":"LineString","coordinates":[[102.67397,57.94308],[102.7951,58.12188],[102.83686,58.24528],[102.83965,58.37287],[102.78032,58.52371],[102.65909,58.69776],[102.47998,58.82964],[102.2432,58.9194],[101.84167,58.9564],[101.2755,58.94069],[100.97971,58.89868],[100.95428,58.83031],[100.81703,58.7576],[100.56795,58.68055],[100.4371,58.62722],[100.42439,58.59766],[100.43385,58.55524],[100.46537,58.5],[100.44124,58.4386],[100.36145,58.37111],[100.25091,58.34626],[100.10963,58.36396],[99.98649,58.41153],[99.88148,58.48894],[99.75363,58.53617],[99.60305,58.55322],[99.4721,58.59441],[99.36099,58.65973],[99.24121,58.70068],[99.11274,58.71729],[98.96164,58.70091],[98.7877,58.65161],[98.69065,58.60025],[98.67049,58.54676],[98.62843,58.50552],[98.56466,58.47643],[98.32152,58.44558],[97.89912,58.41297],[97.57165,58.40842],[97.33921,58.43194],[97.17069,58.43039],[97.0662,58.40377],[96.98367,58.39339],[96.92311,58.39933],[96.85009,58.43183],[96.76462,58.491],[96.51388,58.52728],[96.09789,58.54072],[95.77651,58.52211],[95.54975,58.47152],[95.41839,58.42457],[95.38258,58.38129],[95.23474,58.30732],[94.97491,58.20255],[94.59922,58.13997],[94.10757,58.1195],[93.73012,58.12875],[93.46688,58.16772],[93.27878,58.16139],[93.16582,58.10974],[93.07972,58.08627],[92.99808,58.1001]]},"properties":{"sw":0.35,"scalerank":2,"name":"Angara","featurecla":"River","na":0,"cl":"Angara#0"}},{"type":"Feature","geometry":{"type":"LineString","coordinates":[[-122.22171,56.02123],[-122.48221,56.11213],[-122.69075,56.12353],[-122.93414,56.08575],[-123.08775,56.04635],[-123.15162,56.00532],[-123.32257,55.99968],[-123.60064,56.0295],[-123.79724,56.03312],[-123.91238,56.01064],[-124.08309,56.08479],[-124.30933,56.25564],[-124.4541,56.38855],[-124.51741,56.48348],[-124.62071,56.58745],[-124.83563,56.75692]]},"properties":{"sw":0.25,"scalerank":2,"name":"Peace","featurecla":"Lake Centerline","na":1,"cl":"Peace#0"}},{"type":"Feature","geometry":{"type":"LineString","coordinates":[[-122.22171,56.02123],[-122.17019,55.97201],[-122.1181,55.96165],[-122.04831,55.97384],[-121.95097,56.01694],[-121.82607,56.091],[-121.63076,56.16541],[-121.36496,56.24013],[-121.03935,56.23827],[-120.65395,56.15972],[-120.38864,56.12086],[-120.24353,56.12169],[-119.73462,56.18003],[-119.49221,56.23104],[-119.29827,56.29434],[-119.14469,56.31594],[-119.03151,56.29574],[-118.9778,56.26701],[-118.98356,56.22975],[-118.9634,56.18755],[-118.91734,56.14048],[-118.90721,56.09963],[-118.91653,56.06991],[-118.86917,56.0172],[-118.7158,55.95622],[-118.44871,55.93359],[-118.06785,55.9493],[-117.73914,56.02252],[-117.46249,56.15327],[-117.27309,56.28819],[-117.17093,56.42731],[-117.12763,56.53647],[-117.14318,56.61569],[-117.17731,56.66861],[-117.22808,56.70465],[-117.23031,56.73333],[-117.25292,56.75509],[-117.29074,56.78697],[-117.3186,56.8433],[-117.29472,56.92521],[-117.21909,57.03275],[-117.20876,57.08334],[-117.21266,57.11698],[-117.19501,57.13682],[-117.16992,57.14845],[-117.1214,57.17956],[-117.09721,57.22907],[-117.10559,57.26829],[-117.13328,57.3088],[-117.12667,57.35727],[-117.08256,57.41683],[-117.09125,57.47716],[-117.10463,57.50724],[-117.09479,57.53049],[-117.05833,57.55793],[-117.05391,57.59984],[-117.07577,57.6223],[-117.0936,57.66377],[-117.08791,57.69232],[-117.09339,57.71906],[-117.10639,57.75154],[-117.09801,57.77402],[-117.10726,57.79528],[-117.10021,57.82252],[-117.07817,57.84458],[-117.08256,57.88644],[-117.13305,57.92063],[-117.14796,57.97052],[-117.11649,58.02447],[-117.05262,58.06736],[-116.9564,58.09924],[-116.83201,58.11227],[-116.67951,58.10653],[-116.59182,58.1147],[-116.56895,58.13681],[-116.57301,58.16167],[-116.60407,58.18932],[-116.61228,58.21593],[-116.59776,58.24151],[-116.61616,58.2613],[-116.64153,58.27774],[-116.64352,58.29164],[-116.59988,58.31244],[-116.54422,58.31029],[-116.49498,58.30585],[-116.4957,58.27836],[-116.48226,58.26285],[-116.45462,58.25944],[-116.38418,58.29293],[-116.27086,58.36331],[-116.14376,58.41576],[-116.00281,58.45028],[-115.76665,58.43915],[-115.43527,58.38235],[-115.16917,58.35949],[-114.96835,58.37049],[-114.69431,58.44403],[-114.34705,58.58009],[-114.08592,58.66365],[-113.82338,58.71022]]},"properties":{"sw":0.25,"scalerank":2,"name":"Peace","featurecla":"River","na":1,"cl":"Peace#0"}},{"type":"Feature","geometry":{"type":"LineString","coordinates":[[-113.71352,58.66926],[-113.27083,58.77931],[-113.12697,58.83238],[-113.13441,58.86514],[-113.10077,58.88881],[-113.02609,58.9033],[-112.94351,58.95821],[-112.85313,59.05355],[-112.76931,59.11815],[-112.69216,59.1521],[-112.52819,59.14329],[-112.27746,59.09177],[-112.10176,59.07794],[-112.00119,59.10177],[-111.94435,59.09905],[-111.93122,59.06975],[-111.96197,59.03487],[-112.03659,58.99441],[-112.05912,58.96307],[-112.02956,58.9409],[-111.96585,58.94007],[-111.86808,58.96064],[-111.75997,58.95333],[-111.64153,58.91814],[-111.53941,58.92664],[-111.41077,59.00506]]},"properties":{"sw":0.25,"scalerank":2,"name":"Peace","featurecla":"River","na":1,"cl":"Peace#0"}},{"type":"Feature","geometry":{"type":"LineString","coordinates":[[-113.82338,58.71022],[-113.71352,58.66926]]},"properties":{"sw":0.25,"scalerank":2,"name":"Peace","featurecla":"Lake Centerline","na":1,"cl":"Peace#0"}},{"type":"Feature","geometry":{"type":"LineString","coordinates":[[-117.66811,61.30783],[-117.22121,61.1504],[-116.82646,61.08242],[-116.33488,61.05147],[-115.99599,61.04837],[-115.80975,61.07322],[-115.50191,61.15678],[-115.07238,61.29915],[-114.56915,61.33925],[-113.70362,61.24606]]},"properties":{"sw":0.35,"scalerank":2,"name":"Mackenzie","featurecla":"Lake Centerline","na":1,"cl":"Mackenzie#0"}},{"type":"Feature","geometry":{"type":"LineString","coordinates":[[-117.66811,61.30781],[-117.7056,61.36716],[-117.8597,61.4147],[-118.14289,61.4702],[-118.32347,61.45491],[-118.4015,61.36874],[-118.70022,61.29985],[-119.21956,61.2482],[-119.77271,61.30417],[-120.35965,61.46777],[-120.67338,61.5672],[-120.71389,61.60252],[-120.718,61.64823],[-120.68573,61.7043],[-120.68402,61.75217],[-120.71296,61.79181],[-120.86753,61.82077],[-121.14772,61.83915],[-121.27985,61.86398],[-121.36316,61.87966],[-121.58916,61.97369]]},"properties":{"sw":0.35,"scalerank":2,"name":"Mackenzie","featurecla":"River","na":1,"cl":"Mackenzie#0"}},{"type":"Feature","geometry":{"type":"LineString","coordinates":[[-121.58916,61.97369],[-122.2353,62.11776],[-122.60256,62.16721],[-122.90632,62.17006],[-123.13902,62.20427],[-123.3883,62.31043],[-123.40205,62.32607],[-123.3559,62.40529],[-123.24978,62.54807],[-123.20395,62.7094],[-123.21834,62.88934],[-123.25394,63.02396],[-123.31071,63.11331],[-123.41856,63.1988],[-123.57749,63.28048],[-123.68319,63.37872],[-123.7357,63.49344],[-123.83003,63.63048],[-123.96623,63.78975],[-124.08382,63.89682],[-124.18283,63.95178],[-124.26582,63.97847],[-124.33287,63.97692],[-124.39013,63.99945],[-124.43764,64.04601],[-124.45072,64.10423],[-124.42938,64.17404],[-124.44782,64.23184],[-124.50606,64.27758],[-124.5841,64.31145],[-124.68194,64.33339],[-124.7891,64.40491],[-124.90557,64.52598],[-124.94661,64.61466],[-124.91219,64.67099],[-124.94314,64.70747],[-125.03942,64.72401],[-125.10944,64.7637],[-125.15316,64.82643],[-125.37513,64.8747],[-125.61902,64.89532],[-125.77531,64.90849],[-126.02695,64.95635],[-126.18162,65.0491]]},"properties":{"sw":0.4,"scalerank":2,"name":"Mackenzie","featurecla":"River","na":1,"cl":"Mackenzie#0"}},{"type":"Feature","geometry":{"type":"LineString","coordinates":[[-126.18162,65.0491],[-126.45938,65.17739],[-126.6463,65.23796],[-126.92933,65.29139]]},"properties":{"sw":0.5,"scalerank":2,"name":"Mackenzie","featurecla":"River","na":1,"cl":"Mackenzie#0"}},{"type":"Feature","geometry":{"type":"LineString","coordinates":[[-126.92933,65.29139],[-127.06141,65.29529],[-127.33659,65.37451],[-128.03019,65.60835]]},"properties":{"sw":0.55,"scalerank":2,"name":"Mackenzie","featurecla":"River","na":1,"cl":"Mackenzie#0"}},{"type":"Feature","geometry":{"type":"LineString","coordinates":[[-134.8359,68.96378],[-135.03739,69.0624],[-135.07622,69.10994],[-135.01958,69.13929],[-135.03922,69.18126],[-135.18306,69.26316],[-135.25499,69.32383]]},"properties":{"sw":0.55,"scalerank":2,"name":"Mackenzie","featurecla":"River","na":1,"cl":"Mackenzie#0"}},{"type":"Feature","geometry":{"type":"LineString","coordinates":[[-128.03019,65.60835],[-128.40087,65.61987],[-128.58799,65.64269],[-128.71501,65.68069],[-128.75015,65.7393],[-128.81727,65.79058],[-128.97047,65.86673],[-129.06542,65.94998],[-129.10211,66.04041],[-129.09286,66.1086],[-129.03765,66.15454],[-128.92264,66.20185],[-128.74787,66.25053],[-128.6664,66.29216],[-128.67829,66.32673],[-128.74524,66.35753],[-128.86719,66.38455],[-129.08904,66.48013],[-129.41073,66.6443],[-129.69929,66.74978],[-129.95472,66.79659],[-130.11784,66.86036],[-130.18866,66.94103],[-130.2361,67.04573],[-130.26011,67.17445],[-130.30628,67.25801],[-130.37459,67.29646],[-130.49642,67.32519],[-130.70504,67.33969],[-130.7594,67.35367]]},"properties":{"sw":0.65,"scalerank":2,"name":"Mackenzie","featurecla":"River","na":1,"cl":"Mackenzie#0"}},{"type":"Feature","geometry":{"type":"LineString","coordinates":[[-134.8359,68.96378],[-135.03374,68.90786],[-135.13149,68.90282],[-135.19513,68.93006],[-135.32173,68.93559],[-135.60608,68.9114],[-135.63797,68.89223]]},"properties":{"sw":0.65,"scalerank":2,"name":"Mackenzie","featurecla":"River","na":1,"cl":"Mackenzie#0"}},{"type":"Feature","geometry":{"type":"LineString","coordinates":[[-134.24423,68.70619],[-134.54506,68.91936],[-134.62558,69.01713],[-134.58604,69.07056],[-134.50297,69.11144],[-134.31301,69.15394],[-134.24467,69.19159],[-134.17432,69.25283]]},"properties":{"sw":0.65,"scalerank":2,"name":"Mackenzie","featurecla":"River","na":1,"cl":"Mackenzie#0"}},{"type":"Feature","geometry":{"type":"LineString","coordinates":[[-134.24423,68.70619],[-134.39099,68.70594],[-134.53889,68.77032],[-134.8359,68.96378]]},"properties":{"sw":0.8,"scalerank":2,"name":"Mackenzie","featurecla":"River","na":1,"cl":"Mackenzie#0"}},{"type":"Feature","geometry":{"type":"LineString","coordinates":[[-130.7594,67.35367],[-130.80767,67.37351],[-130.88175,67.42028],[-130.9557,67.46053],[-131.15971,67.48852],[-131.43691,67.47325],[-131.90662,67.40317],[-132.56891,67.27817],[-133.02012,67.2453],[-133.26026,67.30447],[-133.43312,67.37057],[-133.53874,67.44353],[-133.64,67.47906],[-133.73695,67.47712],[-133.88725,67.5259],[-134.09096,67.62533],[-134.19937,67.71762],[-134.2125,67.80274],[-134.2773,67.88903],[-134.39378,67.9765],[-134.44789,68.07254],[-134.43967,68.17718],[-134.40905,68.23098],[-134.3665,68.29165],[-134.33022,68.31394],[-134.27157,68.31826],[-134.19886,68.34461],[-134.12496,68.392],[-134.09935,68.42926],[-134.07489,68.51706],[-134.10258,68.57612],[-134.24423,68.70619]]},"properties":{"sw":1,"scalerank":2,"name":"Mackenzie","featurecla":"River","na":1,"cl":"Mackenzie#0"}},{"type":"Feature","geometry":{"type":"LineString","coordinates":[[94.084,33.15586],[94.4477,33.1633]]},"properties":{"sw":0.15,"scalerank":2,"name":"Mekong","featurecla":"River","na":0,"cl":"Mekong#0"}},{"type":"Feature","geometry":{"type":"LineString","coordinates":[[94.4477,33.1633],[94.50661,33.20428],[94.60986,33.20547],[94.77709,33.18061],[94.91579,33.13963],[95.02607,33.08258],[95.08942,33.02475],[95.10606,32.96615],[95.22523,32.91463],[95.44692,32.87019],[95.58086,32.81461],[95.62717,32.74792],[95.72762,32.67222],[95.88234,32.58749],[96.01071,32.55248],[96.11272,32.56716],[96.18269,32.56235],[96.23932,32.52587]]},"properties":{"sw":0.2,"scalerank":2,"name":"Mekong","featurecla":"River","na":0,"cl":"Mekong#0"}},{"type":"Feature","geometry":{"type":"LineString","coordinates":[[96.23932,32.52587],[96.38118,32.43332],[96.45461,32.3434],[96.50691,32.22519],[96.58545,32.15501],[96.69036,32.13287],[96.76989,32.08535],[96.82415,32.01249],[96.87381,31.97345],[96.9413,31.96554]]},"properties":{"sw":0.25,"scalerank":2,"name":"Mekong","featurecla":"River","na":0,"cl":"Mekong#0"}},{"type":"Feature","geometry":{"type":"LineString","coordinates":[[-55.07529,-14.31938],[-55.43245,-14.35737]]},"properties":{"sw":0.15,"scalerank":2,"name":"Paran\u00e1","featurecla":"River","na":0,"cl":"Paran\u00e1#0"}},{"type":"Feature","geometry":{"type":"LineString","coordinates":[[-56.58974,-17.06717],[-56.78994,-17.38602],[-56.88753,-17.51795],[-56.98016,-17.59474]]},"properties":{"sw":0.2,"scalerank":2,"name":"Paran\u00e1","featurecla":"River","na":0,"cl":"Paran\u00e1#0"}},{"type":"Feature","geometry":{"type":"LineString","coordinates":[[-55.43245,-14.35737],[-55.80034,-14.54883],[-56.00611,-14.63523],[-56.17251,-14.68034],[-56.31591,-14.77806],[-56.43632,-14.92824],[-56.49683,-15.03686],[-56.49735,-15.10394],[-56.44397,-15.17127],[-56.33658,-15.23897],[-56.27462,-15.32759],[-56.25806,-15.43725],[-56.20548,-15.53083],[-56.11685,-15.6085],[-56.08884,-15.68023],[-56.12145,-15.74602],[-56.13251,-15.80105],[-56.12202,-15.84529],[-56.07027,-15.89552],[-55.97722,-15.95179],[-55.91697,-16.00946],[-55.88958,-16.06853],[-55.90498,-16.13023],[-55.96319,-16.19457],[-55.97725,-16.25425],[-55.94715,-16.30924],[-55.96508,-16.36215],[-56.03112,-16.41285],[-56.13375,-16.45316],[-56.27307,-16.48302],[-56.38213,-16.56498],[-56.46097,-16.69908],[-56.52882,-16.78471],[-56.58574,-16.82192],[-56.62039,-16.8723],[-56.63279,-16.93597],[-56.62669,-16.99261],[-56.58974,-17.06717]]},"properties":{"sw":0.2,"scalerank":2,"name":"Paran\u00e1","featurecla":"River","na":0,"cl":"Paran\u00e1#0"}},{"type":"Feature","geometry":{"type":"LineString","coordinates":[[-56.98016,-17.59474],[-57.07969,-17.73427],[-57.19849,-17.8124],[-57.36985,-17.87565],[-57.4323,-18.04505],[-57.3859,-18.32059],[-57.40698,-18.49665],[-57.49555,-18.57323],[-57.54888,-18.66393],[-57.56697,-18.76883],[-57.60653,-18.83838],[-57.66759,-18.8727],[-57.68823,-18.91905],[-57.66849,-18.97755],[-57.58824,-19.01863],[-57.44752,-19.0422],[-57.36528,-19.07041],[-57.34151,-19.10307],[-57.30402,-19.23257],[-57.30004,-19.29737],[-57.30908,-19.35143],[-57.3451,-19.41406],[-57.40804,-19.48517],[-57.42726,-19.52914],[-57.40287,-19.54604],[-57.41311,-19.58697],[-57.45799,-19.65208],[-57.5224,-19.69673],[-57.60637,-19.72091],[-57.64862,-19.75156],[-57.64919,-19.78871],[-57.7112,-19.86147],[-57.83466,-19.96989],[-57.96217,-20.05929],[-58.09368,-20.12978],[-58.14942,-20.17737],[-58.12929,-20.20202],[-58.12869,-20.22616],[-58.14761,-20.24972],[-58.11534,-20.30434],[-58.03183,-20.39012],[-57.9879,-20.49792],[-57.98354,-20.62773],[-57.96571,-20.68685],[-57.93444,-20.67543],[-57.90434,-20.68478],[-57.8754,-20.71507],[-57.88098,-20.74597],[-57.92108,-20.77759],[-57.92093,-20.80302],[-57.88052,-20.82204],[-57.87416,-20.85004],[-57.90176,-20.88705],[-57.89124,-20.91753],[-57.84264,-20.94151],[-57.82243,-21.00854],[-57.8306,-21.11866],[-57.85228,-21.19896],[-57.88742,-21.24956],[-57.89282,-21.28878],[-57.86843,-21.31668],[-57.87969,-21.37497],[-57.92651,-21.46381],[-57.93654,-21.55326],[-57.90977,-21.64328],[-57.91762,-21.78885],[-57.98134,-22.09038]]},"properties":{"sw":0.25,"scalerank":2,"name":"Paran\u00e1","featurecla":"River","na":0,"cl":"Paran\u00e1#0"}},{"type":"Feature","geometry":{"type":"LineString","coordinates":[[-57.98134,-22.09038],[-57.96971,-22.21523],[-57.93111,-22.2898],[-57.86155,-22.35569],[-57.81391,-22.45532],[-57.78817,-22.5888],[-57.81654,-22.67071],[-57.89907,-22.70109],[-57.90336,-22.75143],[-57.82946,-22.82171],[-57.79174,-22.89798],[-57.79029,-22.98025],[-57.71319,-23.08433],[-57.56051,-23.21021],[-57.47576,-23.34829],[-57.45894,-23.49862],[-57.4069,-23.61324],[-57.3196,-23.69215],[-57.29293,-23.77948],[-57.32691,-23.87539],[-57.29869,-23.97182],[-57.20834,-24.06897],[-57.17219,-24.13217],[-57.19022,-24.16152],[-57.17025,-24.22348],[-57.11222,-24.31795],[-57.07964,-24.4029],[-57.07251,-24.47835],[-57.08429,-24.54687],[-57.13038,-24.63953]]},"properties":{"sw":0.3,"scalerank":2,"name":"Paran\u00e1","featurecla":"River","na":0,"cl":"Paran\u00e1#0"}},{"type":"Feature","geometry":{"type":"LineString","coordinates":[[-60.39104,-33.17307],[-60.11098,-33.24877],[-59.94747,-33.26789],[-59.82293,-33.25032],[-59.66431,-33.31528],[-59.47156,-33.46282],[-59.32798,-33.6041],[-59.18158,-33.80595]]},"properties":{"sw":0.3,"scalerank":2,"name":"Paran\u00e1","featurecla":"River","na":0,"cl":"Paran\u00e1#0"}},{"type":"Feature","geometry":{"type":"LineString","coordinates":[[-57.13038,-24.63953],[-57.12444,-24.72392],[-57.15405,-24.78686],[-57.2172,-24.85662],[-57.23653,-24.91465],[-57.21193,-24.96106],[-57.22113,-24.98385],[-57.26404,-24.98292],[-57.31973,-25.01501],[-57.3882,-25.08002],[-57.44778,-25.1117],[-57.49853,-25.11004],[-57.56098,-25.15438],[-57.63516,-25.24482],[-57.64389,-25.32843],[-57.58715,-25.40512],[-57.56312,-25.47374],[-57.5717,-25.53415],[-57.62583,-25.5987],[-57.72546,-25.66722],[-57.75482,-25.69709],[-57.75706,-25.72603],[-57.78249,-25.7837],[-57.86522,-25.90695],[-57.8862,-25.96425],[-57.89065,-26.00658],[-57.9431,-26.05298],[-58.08239,-26.13856],[-58.11112,-26.18021],[-58.11807,-26.22491],[-58.13562,-26.25147],[-58.15471,-26.26258],[-58.18148,-26.30739],[-58.20303,-26.38149],[-58.2052,-26.47657],[-58.18794,-26.59254],[-58.1913,-26.63],[-58.22205,-26.64995],[-58.23936,-26.67687],[-58.24556,-26.73103],[-58.27168,-26.77072],[-58.3177,-26.79594],[-58.33465,-26.82493],[-58.32256,-26.85764],[-58.35643,-26.88999],[-58.4363,-26.92197],[-58.48524,-26.96843],[-58.50325,-27.02951],[-58.54771,-27.08403],[-58.61861,-27.13209],[-58.64176,-27.19612],[-58.60484,-27.31435]]},"properties":{"sw":0.35,"scalerank":2,"name":"Paran\u00e1","featurecla":"River","na":0,"cl":"Paran\u00e1#0"}},{"type":"Feature","geometry":{"type":"LineString","coordinates":[[-58.60484,-27.31435],[-58.8162,-27.43786],[-58.87756,-27.51196],[-58.85023,-27.61077]]},"properties":{"sw":0.5,"scalerank":2,"name":"Paran\u00e1","featurecla":"River","na":0,"cl":"Paran\u00e1#0"}},{"type":"Feature","geometry":{"type":"LineString","coordinates":[[-58.85023,-27.61077],[-58.82387,-27.7182],[-58.83059,-27.82636],[-58.86165,-27.97106],[-58.92976,-28.07637],[-59.03502,-28.14231],[-59.0875,-28.28825],[-59.08721,-28.51418],[-59.12215,-28.73494],[-59.19155,-28.94826],[-59.1945,-28.98092],[-59.20524,-29.03218],[-59.22736,-29.05833]]},"properties":{"sw":0.55,"scalerank":2,"name":"Paran\u00e1","featurecla":"River","na":0,"cl":"Paran\u00e1#0"}},{"type":"Feature","geometry":{"type":"LineString","coordinates":[[-59.22736,-29.05833],[-59.25568,-29.08344],[-59.30446,-29.10411],[-59.44037,-29.17036],[-59.52931,-29.25026],[-59.56512,-29.33532],[-59.60548,-29.4952],[-59.65044,-29.72992],[-59.65356,-29.89771],[-59.61483,-29.99874],[-59.61395,-30.11041],[-59.65095,-30.23278],[-59.65581,-30.33618],[-59.62853,-30.42057],[-59.62475,-30.52641],[-59.63666,-30.60351],[-59.63842,-30.66945],[-59.65429,-30.71725]]},"properties":{"sw":0.65,"scalerank":2,"name":"Paran\u00e1","featurecla":"River","na":0,"cl":"Paran\u00e1#0"}},{"type":"Feature","geometry":{"type":"LineString","coordinates":[[-59.65429,-30.71725],[-59.67514,-30.76045],[-59.73782,-30.83],[-60.06351,-31.26962]]},"properties":{"sw":0.8,"scalerank":2,"name":"Paran\u00e1","featurecla":"River","na":0,"cl":"Paran\u00e1#0"}},{"type":"Feature","geometry":{"type":"LineString","coordinates":[[-60.06351,-31.26962],[-60.30151,-31.55425],[-60.4476,-31.66587],[-60.58113,-31.69936],[-60.66593,-31.76767],[-60.70205,-31.87082],[-60.70554,-31.95913],[-60.67647,-32.03262],[-60.67807,-32.13566],[-60.72649,-32.33456]]},"properties":{"sw":0.8,"scalerank":2,"name":"Paran\u00e1","featurecla":"River","na":0,"cl":"Paran\u00e1#0"}},{"type":"Feature","geometry":{"type":"LineString","coordinates":[[-60.72649,-32.33456],[-60.75698,-32.51745],[-60.74427,-32.6454],[-60.69849,-32.77955],[-60.63058,-32.91551],[-60.54056,-33.05323],[-60.38969,-33.17343],[-60.28184,-33.25936],[-59.85445,-33.53387],[-59.54781,-33.68368],[-59.36198,-33.70874],[-59.28741,-33.74238],[-59.24085,-33.77887],[-59.18158,-33.80595],[-59.08179,-33.82171],[-58.93361,-33.88434],[-58.73695,-33.99384],[-58.59071,-34.03818],[-58.42948,-33.99095]]},"properties":{"sw":1,"scalerank":2,"name":"Paran\u00e1","featurecla":"River","na":0,"cl":"Paran\u00e1#0"}},{"type":"Feature","geometry":{"type":"LineString","coordinates":[[26.24928,-11.7429],[26.16572,-11.67169],[26.11854,-11.658],[26.07989,-11.6782],[26.02997,-11.67955],[25.93829,-11.6535]]},"properties":{"sw":0.15,"scalerank":2,"name":"Congo","featurecla":"River","na":0,"cl":"Congo#0"}},{"type":"Feature","geometry":{"type":"LineString","coordinates":[[25.93829,-11.6535],[25.8861,-11.6228],[25.8399,-11.5472],[25.78213,-11.41656],[25.71526,-11.33094],[25.63929,-11.29021],[25.60229,-11.2467],[25.60436,-11.20035],[25.5902,-11.16898],[25.55981,-11.15265],[25.55186,-11.11421],[25.56643,-11.05364],[25.61056,-11.00537],[25.68436,-10.96941],[25.7259,-10.87789],[25.7352,-10.73077],[25.69645,-10.60726],[25.60973,-10.50721],[25.5409,-10.46691],[25.49016,-10.48623],[25.44887,-10.48468],[25.41714,-10.46205],[25.4144,-10.40701],[25.44075,-10.31942],[25.44024,-10.2295],[25.41305,-10.13721],[25.44137,-10.03613],[25.52519,-9.92637],[25.54669,-9.81144],[25.50566,-9.69135],[25.48938,-9.58722],[25.50194,-9.45503]]},"properties":{"sw":0.2,"scalerank":2,"name":"Congo","featurecla":"River","na":0,"cl":"Congo#0"}},{"type":"Feature","geometry":{"type":"LineString","coordinates":[[25.50194,-9.45503],[25.56106,-9.26646],[25.61066,-9.22853],[25.6703,-9.27835],[25.72869,-9.27571],[25.78564,-9.22063],[25.84321,-9.19665],[25.90119,-9.20383],[25.96568,-9.13675],[26.03658,-8.99552],[26.05829,-8.88054],[26.0309,-8.79187],[26.08578,-8.70531],[26.22303,-8.62082],[26.28365,-8.54361],[26.26763,-8.47375],[26.28168,-8.42016],[26.32581,-8.38285],[26.34556,-8.34704],[26.3409,-8.31272],[26.36426,-8.28967],[26.44131,-8.272]]},"properties":{"sw":0.25,"scalerank":2,"name":"Congo","featurecla":"River","na":0,"cl":"Congo#0"}},{"type":"Feature","geometry":{"type":"LineString","coordinates":[[8.21979,48.04681],[8.49006,47.93072]]},"properties":{"sw":0.15,"scalerank":2,"name":"Danube","featurecla":"River","na":0,"cl":"Danube#0"}},{"type":"Feature","geometry":{"type":"LineString","coordinates":[[12.03299,49.0275],[12.24244,49.01809],[12.36083,48.9922],[12.50655,48.92384]]},"properties":{"sw":0.2,"scalerank":2,"name":"Danube","featurecla":"River","na":0,"cl":"Danube#0"}},{"type":"Feature","geometry":{"type":"LineString","coordinates":[[8.49006,47.93072],[8.69583,47.9363],[8.83587,47.97635],[8.97871,48.0527],[9.13188,48.08642],[9.29538,48.07753],[9.42106,48.11613],[9.5088,48.20233],[9.5887,48.24395],[9.66073,48.24098],[9.78403,48.28909],[9.9588,48.38826],[10.12717,48.45291],[10.28912,48.48309],[10.38503,48.51621],[10.41469,48.55233],[10.52358,48.6067],[10.71157,48.67941],[11.02509,48.73532],[11.68356,48.79413]]},"properties":{"sw":0.2,"scalerank":2,"name":"Danube","featurecla":"River","na":0,"cl":"Danube#0"}},{"type":"Feature","geometry":{"type":"LineString","coordinates":[[11.68356,48.79413],[11.76593,48.87092],[11.85037,48.90601],[11.96437,48.92492],[12.02421,48.95766],[12.03299,49.0275]]},"properties":{"sw":0.25,"scalerank":2,"name":"Danube","featurecla":"River","na":0,"cl":"Danube#0"}},{"type":"Feature","geometry":{"type":"LineString","coordinates":[[13.48665,48.58184],[13.87159,48.46177],[14.0122,48.39862],[14.0368,48.35235],[14.1138,48.32888],[14.24309,48.32826],[14.39967,48.29155],[14.58343,48.21874],[14.72647,48.19732],[14.82879,48.22721],[14.93188,48.22739],[15.03575,48.19789],[15.1467,48.19835],[15.26473,48.22879],[15.35956,48.2863],[15.43118,48.3709],[15.50234,48.41668],[15.57303,48.42371],[15.69272,48.41128],[15.86139,48.37937],[16.03368,48.36883],[16.20948,48.37958],[16.36048,48.32749],[16.48647,48.21254],[16.65907,48.16063],[16.87807,48.17179],[17.02866,48.16709],[17.11082,48.14647],[17.1655,48.11743],[17.20642,48.0611]]},"properties":{"sw":0.3,"scalerank":2,"name":"Danube","featurecla":"River","na":0,"cl":"Danube#0"}},{"type":"Feature","geometry":{"type":"LineString","coordinates":[[13.48665,48.58184],[13.31627,48.6023],[13.19995,48.63641],[13.08089,48.69098],[13.00477,48.74762],[12.97159,48.80632],[12.9088,48.8357],[12.8163,48.8357],[12.70422,48.8596],[12.50655,48.93128]]},"properties":{"sw":0.25,"scalerank":2,"name":"Danube","featurecla":"River","na":0,"cl":"Danube#0"}},{"type":"Feature","geometry":{"type":"LineString","coordinates":[[-111.41077,59.00506],[-111.38444,59.15329],[-111.40847,59.21318],[-111.47415,59.23416],[-111.47267,59.26171],[-111.40407,59.29586],[-111.394,59.34573],[-111.44242,59.41141],[-111.45265,59.49022],[-111.42474,59.58225],[-111.45032,59.68318],[-111.56902,59.84795]]},"properties":{"sw":0.25,"scalerank":2,"name":"Slave","featurecla":"River","na":1,"cl":"Slave#0"}},{"type":"Feature","geometry":{"type":"LineString","coordinates":[[-113.7044,61.24572],[-113.31905,61.2527],[-113.25156,61.24882],[-113.21494,61.23967],[-113.21391,61.22644],[-113.22293,61.20712],[-113.21135,61.18769],[-113.1773,61.18169],[-113.16404,61.17187],[-113.16012,61.15844],[-113.19172,61.1204],[-113.18143,61.08671],[-113.15053,61.0693],[-113.13355,61.05449],[-113.14195,61.01974],[-113.21926,60.97385],[-113.24716,60.91111],[-113.22567,60.83153],[-113.1865,60.78399],[-113.12976,60.76859],[-113.06092,60.7766],[-113.00129,60.80218],[-112.97788,60.80115],[-112.96871,60.7859],[-112.95651,60.75435],[-112.9331,60.74317],[-112.89832,60.73862],[-112.85685,60.70071],[-112.83778,60.64348],[-112.73443,60.5909],[-112.54674,60.54292],[-112.51093,60.51967],[-112.49667,60.49008],[-112.49463,60.46644],[-112.4614,60.43843],[-112.44866,60.41006],[-112.45646,60.38138],[-112.50997,60.36939],[-112.55085,60.36154],[-112.56028,60.34583],[-112.52256,60.33167],[-112.46515,60.31689],[-112.3296,60.23229],[-112.20599,60.09726],[-112.07031,60.02853],[-111.92259,60.0261],[-111.79929,60.00523],[-111.70044,59.96593],[-111.63052,59.92169],[-111.56902,59.84795]]},"properties":{"sw":0.3,"scalerank":2,"name":"Slave","featurecla":"River","na":1,"cl":"Slave#0"}},{"type":"Feature","geometry":{"type":"LineString","coordinates":[[96.9413,31.96554],[97.05519,31.69192],[97.12051,31.57657],[97.17519,31.52831],[97.20681,31.46309],[97.21518,31.38082],[97.20392,31.32522],[97.17281,31.29618],[97.16754,31.23256],[97.1879,31.13435],[97.24288,31.04971],[97.33228,30.97863],[97.37745,30.89031],[97.37817,30.78468],[97.49548,30.61834],[97.84626,30.27774]]},"properties":{"sw":0.25,"scalerank":2,"name":"Mekong","featurecla":"River","na":0,"cl":"Mekong#0"}},{"type":"Feature","geometry":{"type":"LineString","coordinates":[[97.84626,30.27774],[97.96273,30.1624],[98.03725,30.04602],[98.10856,29.89017],[98.16065,29.81022],[98.19362,29.80624],[98.24236,29.76289],[98.30695,29.6802],[98.36328,29.56822],[98.41134,29.42694],[98.48441,29.30715],[98.58249,29.20876],[98.61944,29.12566],[98.59515,29.05786],[98.59329,29.00872],[98.62399,28.96312]]},"properties":{"sw":0.3,"scalerank":2,"name":"Mekong","featurecla":"River","na":0,"cl":"Mekong#0"}},{"type":"Feature","geometry":{"type":"LineString","coordinates":[[98.62399,28.96312],[98.67008,28.77225],[98.72672,28.63184],[98.8093,28.47826],[98.86314,28.30385],[98.88852,28.10862],[98.93802,27.95948],[99.01171,27.85644],[99.0358,27.76828],[99.01027,27.695],[99.00515,27.62286],[99.0281,27.51628]]},"properties":{"sw":0.35,"scalerank":2,"name":"Mekong","featurecla":"River","na":0,"cl":"Mekong#0"}},{"type":"Feature","geometry":{"type":"LineString","coordinates":[[99.0281,27.51628],[99.0884,27.3768],[99.10365,27.30839],[99.09383,27.26451],[99.10974,27.21511],[99.15129,27.16018],[99.17548,27.07111],[99.1823,26.94792],[99.16524,26.80149],[99.12432,26.63189],[99.11408,26.53089],[99.13455,26.49843],[99.14127,26.37999],[99.13414,26.17556],[99.1393,26.02146],[99.15656,25.91775],[99.21336,25.79202],[99.30958,25.64427],[99.34125,25.52121],[99.30849,25.42276],[99.34125,25.31502],[99.43965,25.198],[99.52548,25.12932],[99.59876,25.10906],[99.69968,25.01703],[99.82836,24.85329],[99.93863,24.7619],[100.03062,24.74288],[100.08653,24.71779],[100.10627,24.68658],[100.13971,24.68971],[100.18673,24.7272],[100.25066,24.74717],[100.33163,24.74965],[100.41835,24.68221],[100.5109,24.54486],[100.54769,24.38779],[100.52899,24.21098],[100.48516,24.10762],[100.41623,24.07773],[100.38822,24.02608],[100.40103,23.95265],[100.35556,23.85413],[100.25179,23.73046],[100.18451,23.61975],[100.13852,23.47312]]},"properties":{"sw":0.4,"scalerank":2,"name":"Mekong","featurecla":"River","na":0,"cl":"Mekong#0"}},{"type":"Feature","geometry":{"type":"LineString","coordinates":[[100.13852,23.47312],[100.06679,23.2776],[100.10622,23.14913],[100.23283,23.02252],[100.31318,22.88734],[100.34739,22.74368],[100.4153,22.63562],[100.517,22.56317],[100.56692,22.50157],[100.56506,22.45083],[100.5879,22.39781],[100.63554,22.34254],[100.64681,22.30582],[100.6218,22.28758],[100.63182,22.26815],[100.67688,22.24743],[100.70474,22.20518],[100.71538,22.14139],[100.77,22.04734],[100.8686,21.92311],[100.98374,21.84497],[101.11541,21.81296],[101.16559,21.78942],[101.13427,21.77438],[101.12817,21.70511],[101.14729,21.58163],[101.08037,21.46866],[100.92751,21.36622],[100.81951,21.3142],[100.75662,21.31265],[100.70314,21.25139],[100.65921,21.13039],[100.61368,21.05934],[100.56666,21.03817],[100.53617,20.99239],[100.52222,20.92193],[100.54935,20.88423],[100.61766,20.87927],[100.62293,20.85955],[100.56516,20.82511],[100.49333,20.81299],[100.40744,20.82323],[100.3261,20.79568],[100.24931,20.73026],[100.18389,20.58911],[100.12963,20.37222],[100.11495,20.25768],[100.13976,20.24543],[100.17412,20.27277],[100.21805,20.33959],[100.266,20.37731],[100.31799,20.38589],[100.37313,20.34036],[100.43152,20.24073],[100.49157,20.18409],[100.55327,20.17045],[100.58852,20.0734],[100.5973,19.89305],[100.6527,19.82517],[100.75481,19.86977],[100.85672,19.87755],[100.95852,19.84856],[101.03665,19.84783],[101.09133,19.87548],[101.15344,19.8723],[101.2231,19.83832],[101.33328,19.82189],[101.48407,19.82298],[101.69935,19.88977],[101.97923,20.02227],[102.13705,20.08658],[102.17281,20.08265],[102.20465,20.05756],[102.23255,20.01126],[102.14098,19.90349],[101.92983,19.7343],[101.82348,19.60405],[101.82172,19.51279],[101.84224,19.45116],[101.88492,19.41923],[101.8858,19.37223],[101.84477,19.31017],[101.81904,19.18074],[101.80849,18.98401],[101.81599,18.85508],[101.84146,18.79394],[101.82637,18.69811],[101.77046,18.56755],[101.6577,18.42224],[101.4881,18.26224],[101.40831,18.11889],[101.41854,17.99226],[101.45864,17.90183],[101.56365,17.82051]]},"properties":{"sw":0.45,"scalerank":2,"name":"Mekong","featurecla":"River","na":0,"cl":"Mekong#0"}},{"type":"Feature","geometry":{"type":"LineString","coordinates":[[26.44131,-8.272],[26.65432,-8.22312],[26.74238,-8.19304],[26.77648,-8.16539],[26.79354,-8.1241],[26.79354,-8.06922],[26.83829,-8.01088],[26.92769,-7.94923],[26.97275,-7.90014],[26.97327,-7.86376],[26.92857,-7.80381],[26.83855,-7.7203],[26.86537,-7.52879],[27.00913,-7.22917],[27.04872,-6.99125],[26.98412,-6.81514],[26.96133,-6.66362],[26.98024,-6.53671],[26.97017,-6.42188],[26.9311,-6.31915],[26.90609,-6.17259],[26.89524,-5.98222],[26.89994,-5.81778],[26.93048,-5.61025]]},"properties":{"sw":0.3,"scalerank":2,"name":"Congo","featurecla":"River","na":0,"cl":"Congo#0"}},{"type":"Feature","geometry":{"type":"LineString","coordinates":[[87.66021,29.15153],[87.74723,29.28819],[87.8233,29.34906],[87.91725,29.37971],[88.01543,29.38053],[88.11765,29.35159],[88.18194,29.34733],[88.20819,29.36774],[88.25666,29.36627],[88.32725,29.34296],[88.42967,29.33614],[88.6308,29.35066]]},"properties":{"sw":0.3,"scalerank":2,"name":"Brahmaputra","featurecla":"River","na":0,"cl":"Brahmaputra#0"}},{"type":"Feature","geometry":{"type":"LineString","coordinates":[[88.6308,29.35066],[89.40362,29.36601],[89.69879,29.35904],[89.77388,29.33485],[89.86214,29.33392],[89.96333,29.35635],[90.08197,29.35971],[90.21799,29.3441],[90.32134,29.31547],[90.39203,29.27392],[90.50562,29.2785],[90.66209,29.32924],[90.74643,29.33986],[90.75863,29.31041],[90.78591,29.30788],[90.82839,29.33227],[90.89671,29.33743],[91.03799,29.31651]]},"properties":{"sw":0.35,"scalerank":2,"name":"Brahmaputra","featurecla":"River","na":0,"cl":"Brahmaputra#0"}},{"type":"Feature","geometry":{"type":"LineString","coordinates":[[91.03799,29.31651],[92.07617,29.28116],[92.46524,29.23134],[92.55128,29.15527],[92.69453,29.10132],[92.89493,29.06949],[93.02288,29.07254],[93.07838,29.11047],[93.11693,29.10652],[93.13833,29.06063],[93.18266,29.02929],[93.24974,29.01254],[93.33113,29.0496],[93.42673,29.14044],[93.56812,29.17832],[93.75529,29.16323],[93.93156,29.17106],[94.09692,29.20178],[94.22374,29.24023],[94.35603,29.30953]]},"properties":{"sw":0.4,"scalerank":2,"name":"Brahmaputra","featurecla":"River","na":0,"cl":"Brahmaputra#0"}},{"type":"Feature","geometry":{"type":"LineString","coordinates":[[26.93048,-5.61025],[27.00288,-5.37812],[27.01389,-5.28593],[26.98774,-5.25622],[26.95885,-5.12263],[26.92733,-4.88513],[26.87891,-4.73139],[26.81349,-4.66152],[26.65215,-4.55016],[26.3947,-4.3972],[26.1991,-4.25044],[26.06526,-4.10988],[26.01219,-3.95836],[26.03989,-3.79589],[26.0125,-3.64944],[25.93002,-3.51901],[25.90419,-3.36253],[25.93499,-3.18001],[25.94873,-3.0225],[25.94553,-2.89011],[25.92692,-2.80412],[25.87618,-2.74474]]},"properties":{"sw":0.35,"scalerank":2,"name":"Congo","featurecla":"River","na":0,"cl":"Congo#0"}},{"type":"Feature","geometry":{"type":"LineString","coordinates":[[25.87618,-2.75223],[25.78822,-2.45659],[25.78492,-2.11295],[25.83711,-1.62279],[25.81778,-1.28638],[25.68156,-1.01234]]},"properties":{"sw":0.45,"scalerank":2,"name":"Congo","featurecla":"River","na":0,"cl":"Congo#0"}},{"type":"Feature","geometry":{"type":"LineString","coordinates":[[24.9336,0.53857],[24.79077,0.57681],[24.6902,0.62797],[24.58427,0.70476],[24.47161,0.75277],[24.2923,0.78171]]},"properties":{"sw":0.5,"scalerank":2,"name":"Congo","featurecla":"River","na":0,"cl":"Congo#0"}},{"type":"Feature","geometry":{"type":"LineString","coordinates":[[25.68156,-1.01234],[25.53429,-0.81597],[25.46452,-0.68208],[25.42329,-0.54524],[25.44349,-0.38597],[25.52524,-0.20448],[25.55361,-0.0356],[25.5286,0.12066],[25.48943,0.23549],[25.40944,0.34566]]},"properties":{"sw":0.5,"scalerank":2,"name":"Congo","featurecla":"River","na":0,"cl":"Congo#0"}},{"type":"Feature","geometry":{"type":"LineString","coordinates":[[25.40944,0.34566],[25.25534,0.45925],[25.13638,0.50746],[24.9336,0.53857]]},"properties":{"sw":0.5,"scalerank":2,"name":"Congo","featurecla":"River","na":0,"cl":"Congo#0"}},{"type":"Feature","geometry":{"type":"LineString","coordinates":[[74.99359,53.98559],[74.91835,54.0028],[74.90362,54.02761],[74.9244,54.06577],[74.87153,54.12789],[74.74513,54.21393],[74.66028,54.29142],[74.61708,54.36035],[74.55848,54.39973],[74.48437,54.40955],[74.39993,54.44851],[74.30495,54.51657],[74.12522,54.58641],[73.72824,54.69377]]},"properties":{"sw":0.35,"scalerank":2,"name":"Irtysh","featurecla":"River","na":0,"cl":"Irtysh#0"}},{"type":"Feature","geometry":{"type":"LineString","coordinates":[[73.72194,54.69377],[73.5389,54.80534],[73.43431,54.84502],[73.34708,54.84993],[73.31762,54.88812],[73.34605,54.95954],[73.30791,55.00884],[73.20332,55.03607],[73.15743,55.09741],[73.17035,55.19291],[73.12756,55.24221],[73.02927,55.24531],[72.9932,55.26621],[73.01955,55.30494],[73.16296,55.38902],[73.42351,55.51842],[73.66179,55.61841],[73.8778,55.68885],[74.08114,55.72913],[74.27183,55.73921],[74.46877,55.83303],[74.67186,56.01053],[74.70932,56.05803],[74.70932,56.09185],[74.67552,56.12564],[74.66989,56.1482],[74.68984,56.16241],[74.69883,56.20324],[74.68116,56.2637],[74.69806,56.28623],[74.72906,56.28905],[74.73748,56.31723],[74.72147,56.3371],[74.74033,56.37077],[74.74875,56.39612],[74.73469,56.41865],[74.70586,56.42653],[74.67837,56.4779],[74.68012,56.56337],[74.65594,56.60696],[74.60602,56.60866],[74.59047,56.62745],[74.60938,56.66326],[74.59496,56.69303],[74.57693,56.71729],[74.58473,56.73447],[74.59687,56.75747],[74.55155,56.84457],[74.51094,56.89257],[74.45595,56.92291],[74.3866,56.93557],[74.36645,56.94983],[74.33363,56.98805],[74.18119,57.01688],[74.11726,57.053],[74.14186,57.09649],[74.11907,57.13315],[74.0489,57.16302],[73.96549,57.17413],[73.86886,57.16646],[73.77,57.17943],[73.66892,57.21305],[73.63538,57.23896],[73.63311,57.25824],[73.59931,57.27232],[73.50428,57.26503],[73.44103,57.27831],[73.43596,57.3056],[73.37126,57.32684],[73.24693,57.34193],[73.18027,57.36244],[73.17107,57.38828],[73.11329,57.40802],[73.00684,57.42166],[72.94871,57.44081],[72.90344,57.4583],[72.8668,57.44701],[72.77957,57.44213],[72.62547,57.47158],[72.52904,57.50233],[72.49214,57.52026],[72.44987,57.53437],[72.41349,57.52858],[72.38858,57.53556],[72.33432,57.56532],[72.23097,57.57917],[71.95068,57.58067],[71.85539,57.6076],[71.82014,57.63028],[71.75079,57.64266],[71.60579,57.63483],[71.52714,57.64527],[71.51484,57.67392],[71.47257,57.6986],[71.40012,57.71922],[71.31237,57.72102],[71.20922,57.70402],[71.10753,57.71022],[71.00727,57.73963],[70.96387,57.76381],[70.92004,57.76541],[70.87333,57.76053],[70.7846,57.77694],[70.68337,57.82177],[70.61546,57.82097],[70.59696,57.82272],[70.56906,57.85078],[70.52606,57.85892],[70.46787,57.84709],[70.42509,57.86148],[70.3977,57.90205],[70.39563,57.92794],[70.37346,57.95698],[70.2944,57.97744],[70.22453,57.97703],[70.17564,57.9544],[70.13663,57.95868],[70.10738,57.98985],[70.05322,58.00873],[69.97416,58.01527],[69.87726,58.00142],[69.76265,57.96721],[69.6488,57.96013],[69.53563,57.98018],[69.47982,57.99982],[69.4267,58.01742],[69.3159,57.99517],[69.23927,58.00013],[69.19679,58.03238],[69.14026,58.0323],[69.06967,57.99992],[68.99995,57.99997],[68.93122,58.03243],[68.87056,58.03697],[68.81816,58.01357],[68.72969,58.03713],[68.60515,58.10767],[68.46366,58.14927],[68.22584,58.16839]]},"properties":{"sw":0.4,"scalerank":2,"name":"Irtysh","featurecla":"River","na":0,"cl":"Irtysh#0"}},{"type":"Feature","geometry":{"type":"LineString","coordinates":[[69.3343,59.64954],[69.28428,59.57662],[69.22289,59.55525],[69.13349,59.56112],[69.07473,59.53621],[69.04672,59.48061],[68.99675,59.45229],[68.92482,59.45133],[68.91081,59.42968],[68.929,59.40159],[68.90528,59.35418],[68.83097,59.29212],[68.79935,59.24],[68.8104,59.19783],[68.84265,59.17287],[68.88177,59.1607],[68.88177,59.13758],[68.86198,59.11954],[68.85438,59.08409],[68.87309,59.05658],[68.85567,59.02123],[68.81237,59.01319],[68.80079,59.00162],[68.82105,58.96689],[68.81237,58.93506],[68.76224,58.92576],[68.74875,58.90038],[68.74974,58.87705],[68.73671,58.85894],[68.69672,58.85305],[68.68933,58.82711],[68.70535,58.78757],[68.67062,58.76442],[68.62726,58.77021],[68.56856,58.75347],[68.55585,58.6788],[68.56432,58.60709],[68.56649,58.56196],[68.54913,58.52144],[68.46862,58.51206],[68.39947,58.49969],[68.35452,58.46951],[68.33085,58.43075],[68.32837,58.38347],[68.2832,58.3552],[68.23964,58.34212],[68.21938,58.32765],[68.21509,58.29014],[68.23287,58.24632],[68.22222,58.16617]]},"properties":{"sw":0.5,"scalerank":2,"name":"Irtysh","featurecla":"River","na":0,"cl":"Irtysh#0"}},{"type":"Feature","geometry":{"type":"LineString","coordinates":[[68.86136,61.12443],[69.01065,61.01925],[69.16087,60.97576],[69.3619,60.95897],[69.51579,60.88543],[69.62255,60.75526],[69.72435,60.68281],[69.80171,60.66759],[69.83019,60.65025],[69.83639,60.62131],[69.81644,60.60369],[69.78234,60.5671],[69.76921,60.51166],[69.80104,60.46318],[69.80394,60.41923],[69.77799,60.37978],[69.78492,60.3542],[69.82471,60.34242],[69.85437,60.31053],[69.8738,60.2586],[69.86243,60.23948],[69.82068,60.23663],[69.76967,60.207],[69.72937,60.17015],[69.72063,60.12563],[69.73784,60.0952],[69.78146,60.07757],[69.85432,60.05752],[69.88848,60.00528],[69.86559,59.94311],[69.86533,59.90115],[69.88848,59.86645],[69.87112,59.83462],[69.82006,59.8387],[69.77722,59.81671],[69.75748,59.76643],[69.69893,59.74431],[69.60147,59.75041],[69.49817,59.72747],[69.3343,59.64954]]},"properties":{"sw":0.55,"scalerank":2,"name":"Irtysh","featurecla":"River","na":0,"cl":"Irtysh#0"}},{"type":"Feature","geometry":{"type":"LineString","coordinates":[[24.2923,0.78171],[24.17819,0.92372],[24.00487,1.02159],[23.7344,1.12267],[23.46072,1.34183],[23.18384,1.67902],[22.96783,1.87325],[22.73487,1.95004]]},"properties":{"sw":0.5,"scalerank":2,"name":"Congo","featurecla":"River","na":0,"cl":"Congo#0"}},{"type":"Feature","geometry":{"type":"LineString","coordinates":[[22.73487,1.95004],[22.557,2.10122],[22.39649,2.16059],[22.19403,2.1785],[21.96882,2.17762],[21.72077,2.15793],[21.49929,2.11251],[21.30426,2.04137],[20.94382,1.99471],[20.41785,1.97249],[19.90187,1.86443],[19.14284,1.5736]]},"properties":{"sw":0.55,"scalerank":2,"name":"Congo","featurecla":"River","na":0,"cl":"Congo#0"}},{"type":"Feature","geometry":{"type":"LineString","coordinates":[[19.14284,1.5736],[18.71413,1.22323],[18.52614,1.05218],[18.43591,0.94366],[18.34294,0.692],[18.19923,0.09979]]},"properties":{"sw":0.65,"scalerank":2,"name":"Congo","featurecla":"River","na":0,"cl":"Congo#0"}},{"type":"Feature","geometry":{"type":"LineString","coordinates":[[18.19923,0.09979],[18.18435,0.0631],[18.10854,-0.12407],[17.89982,-0.39083],[17.75285,-0.54906],[17.54284,-0.77499],[17.27877,-0.99958],[17.10762,-1.06448],[16.97471,-1.13993],[16.87993,-1.22592],[16.84908,-1.27248],[16.78009,-1.3764],[16.62248,-1.69897]]},"properties":{"sw":0.8,"scalerank":2,"name":"Congo","featurecla":"River","na":0,"cl":"Congo#0"}},{"type":"Feature","geometry":{"type":"LineString","coordinates":[[14.41765,-4.88306],[14.23394,-4.91241],[14.13312,-4.94502],[14.05385,-4.9906],[14.00455,-5.05199],[13.98522,-5.12925],[13.93794,-5.20464],[13.8628,-5.27823],[13.83169,-5.30097],[13.80901,-5.30288],[13.77655,-5.2787],[13.7518,-5.2787],[13.73475,-5.30288],[13.69191,-5.30991],[13.62339,-5.29968],[13.57367,-5.3159],[13.54298,-5.35854],[13.55001,-5.41378],[13.59476,-5.48158],[13.59073,-5.51294],[13.5652,-5.53129],[13.55311,-5.57604],[13.56354,-5.655],[13.51213,-5.74342],[13.39875,-5.8414],[13.30263,-5.88186],[13.18434,-5.85628],[13.06816,-5.86484]]},"properties":{"sw":1,"scalerank":2,"name":"Congo","featurecla":"River","na":0,"cl":"Congo#0"}},{"type":"Feature","geometry":{"type":"LineString","coordinates":[[15.75463,-3.98554],[15.60006,-4.03092],[15.52601,-4.08797],[15.48095,-4.17179],[15.39465,-4.24496],[15.26721,-4.30759],[15.10629,-4.46107],[14.91209,-4.7056],[14.77928,-4.84575],[14.70787,-4.88172],[14.63397,-4.88508],[14.55759,-4.85578],[14.49393,-4.85164],[14.41765,-4.88306]]},"properties":{"sw":1,"scalerank":2,"name":"Congo","featurecla":"River","na":0,"cl":"Congo#0"}},{"type":"Feature","geometry":{"type":"LineString","coordinates":[[16.62248,-1.69897],[16.54073,-1.84015],[16.4336,-1.96086],[16.27392,-2.10824],[16.21537,-2.1778],[16.19155,-2.27914],[16.20183,-2.46471],[16.21734,-3.03025],[16.19062,-3.19443],[16.14675,-3.46413],[15.99006,-3.76618],[15.87245,-3.93428],[15.75463,-3.98554]]},"properties":{"sw":1,"scalerank":2,"name":"Congo","featurecla":"River","na":0,"cl":"Congo#0"}},{"type":"Feature","geometry":{"type":"LineString","coordinates":[[101.56365,17.82051],[101.68747,17.8894],[101.74411,17.9527],[101.7748,18.03342],[101.81862,18.06463],[101.87547,18.04642],[101.94745,18.08148],[102.03458,18.16985],[102.1015,18.21065],[102.14821,18.20388],[102.23167,18.14897],[102.35187,18.04593],[102.45879,17.98464],[102.55253,17.96511],[102.59821,17.92676],[102.59604,17.86961],[102.61682,17.83333],[102.66064,17.81796],[102.68007,17.82411],[102.67521,17.85175],[102.71764,17.89224],[102.80745,17.94557],[102.89866,17.97689],[102.99137,17.98624],[103.05131,18.02851],[103.09234,18.1414]]},"properties":{"sw":0.5,"scalerank":2,"name":"Mekong","featurecla":"River","na":0,"cl":"Mekong#0"}},{"type":"Feature","geometry":{"type":"LineString","coordinates":[[103.09038,18.13706],[103.14852,18.22173],[103.19968,18.25945],[103.26319,18.27847],[103.27962,18.30498],[103.24892,18.33898],[103.25171,18.37348],[103.28825,18.40841],[103.36695,18.42332],[103.48798,18.41815],[103.62967,18.38255],[103.79225,18.31648],[103.89886,18.29529],[103.94955,18.31901],[104.04872,18.21672],[104.1962,17.98836],[104.32266,17.81581],[104.42818,17.69897],[104.53923,17.60929],[104.65592,17.54673],[104.73968,17.46167],[104.81606,17.30029]]},"properties":{"sw":0.55,"scalerank":2,"name":"Mekong","featurecla":"River","na":0,"cl":"Mekong#0"}},{"type":"Feature","geometry":{"type":"LineString","coordinates":[[104.81606,17.30029],[104.75901,17.07715],[104.74351,16.88437],[104.75064,16.64754],[104.81937,16.46608],[104.9499,16.33993],[105.02577,16.238],[105.04716,16.16025],[105.14876,16.09354],[105.33066,16.03791],[105.40631,15.98745],[105.37561,15.94218],[105.37319,15.88968],[105.39892,15.82986],[105.46202,15.78041],[105.56237,15.74126],[105.62211,15.69997],[105.64103,15.65654],[105.63891,15.58595],[105.61565,15.48825],[105.57374,15.41322],[105.51318,15.36087],[105.52031,15.33105],[105.59524,15.32379],[105.66614,15.27333],[105.78169,15.12052]]},"properties":{"sw":0.65,"scalerank":2,"name":"Mekong","featurecla":"River","na":0,"cl":"Mekong#0"}},{"type":"Feature","geometry":{"type":"LineString","coordinates":[[105.78169,15.12052],[105.86809,15.03286],[105.90654,14.94436],[105.92587,14.82576],[105.91476,14.7129],[105.87331,14.60572],[105.85951,14.49462],[105.87326,14.37969],[105.86411,14.26737],[105.83197,14.15771],[105.85517,14.0701],[105.93372,14.00452],[105.98054,13.94793],[105.99573,13.90029],[105.99625,13.85202],[105.9823,13.80309],[105.99067,13.75177],[106.02147,13.6981],[106.00462,13.60935],[105.94002,13.48553],[105.91817,13.40523],[105.94933,13.35009]]},"properties":{"sw":0.8,"scalerank":2,"name":"Mekong","featurecla":"River","na":0,"cl":"Mekong#0"}},{"type":"Feature","geometry":{"type":"LineString","coordinates":[[104.95114,11.59092],[104.9513,11.50829],[104.97616,11.47155],[105.02566,11.45323],[105.04127,11.42767],[105.02287,11.39491],[105.04406,11.21187],[105.10493,10.87856],[105.31102,10.53517],[105.83099,10.00072]]},"properties":{"sw":0.8,"scalerank":2,"name":"Mekong","featurecla":"River","na":0,"cl":"Mekong#0"}},{"type":"Feature","geometry":{"type":"LineString","coordinates":[[104.95114,11.59092],[105.18105,11.44628],[105.26616,11.35641],[105.28218,11.27414],[105.26606,11.18035],[105.2178,11.07498],[105.19909,10.97804],[105.21004,10.88952],[105.24859,10.82513],[105.31484,10.78485],[105.35768,10.72333],[105.37722,10.64059],[105.49013,10.52933],[105.69653,10.3896],[105.87946,10.29919],[105.93098,10.28361],[106.13643,10.22168]]},"properties":{"sw":0.8,"scalerank":2,"name":"Mekong","featurecla":"River","na":0,"cl":"Mekong#0"}},{"type":"Feature","geometry":{"type":"LineString","coordinates":[[105.94933,13.35009],[106.02266,13.19584],[106.02503,13.06075],[105.9809,12.89337],[105.97837,12.68256],[106.01754,12.42831],[105.98457,12.28943],[105.87967,12.26589],[105.76339,12.26411],[105.63575,12.28411],[105.54336,12.20432],[105.4861,12.0248],[105.38895,11.93638],[105.252,11.93896],[105.16803,11.9201],[105.13713,11.87979],[105.08959,11.8546],[105.02535,11.84452],[105.00003,11.82155],[105.01336,11.78569],[105.00179,11.74706],[104.9651,11.70569],[104.9482,11.66249],[104.95114,11.59092]]},"properties":{"sw":1,"scalerank":2,"name":"Mekong","featurecla":"River","na":0,"cl":"Mekong#0"}},{"type":"Feature","geometry":{"type":"LineString","coordinates":[[94.35603,29.30953],[94.52573,29.43875],[94.64102,29.4843],[94.75854,29.48926],[94.84396,29.5212],[94.89739,29.58011],[94.91894,29.63618],[94.90866,29.6894],[94.95878,29.72808],[95.06927,29.75219],[95.12549,29.79325],[95.12771,29.85123],[95.17076,29.87595],[95.25458,29.86743],[95.29447,29.85019],[95.29034,29.8242],[95.3122,29.80118],[95.36005,29.78113],[95.39514,29.69108],[95.41757,29.53104],[95.38522,29.41035],[95.29809,29.32906],[95.19112,29.25837],[95.06431,29.19827],[94.944,29.0898],[94.83032,28.93286],[94.80892,28.84607],[94.87992,28.82935],[94.96101,28.7506],[95.05227,28.60975],[95.09655,28.50596],[95.09387,28.43914],[95.06761,28.37592],[95.0179,28.31626],[95.00271,28.25822],[95.02224,28.20182],[95.08777,28.17223],[95.19939,28.16944],[95.29055,28.12676],[95.39648,28.00292]]},"properties":{"sw":0.5,"scalerank":2,"name":"Brahmaputra","featurecla":"River","na":0,"cl":"Brahmaputra#0"}},{"type":"Feature","geometry":{"type":"LineString","coordinates":[[29.70586,45.25991],[29.65197,45.3139],[29.56768,45.37082],[29.40366,45.41966],[29.22357,45.40291],[29.02741,45.32054],[28.89429,45.28995],[28.82432,45.31108],[28.78174,45.30984],[28.76665,45.28623],[28.76985,45.2669],[28.79135,45.25192],[28.7883,45.24096],[28.7607,45.23414],[28.78096,45.21807],[28.88307,45.18003]]},"properties":{"sw":0.55,"scalerank":2,"name":"Danube","featurecla":"River","na":0,"cl":"Danube#0"}},{"type":"Feature","geometry":{"type":"LineString","coordinates":[[28.88307,45.18003],[29.07536,45.09993],[29.14678,45.08412],[29.17468,45.08919],[29.20466,45.08014],[29.27649,45.00687],[29.34832,44.97023],[29.42015,44.9703],[29.49477,44.94976],[29.60547,44.91548]]},"properties":{"sw":0.55,"scalerank":2,"name":"Danube","featurecla":"River","na":0,"cl":"Danube#0"}},{"type":"Feature","geometry":{"type":"LineString","coordinates":[[28.88271,45.17983],[29.67861,45.15165]]},"properties":{"sw":0.55,"scalerank":2,"name":"Danube","featurecla":"River","na":0,"cl":"Danube#0"}},{"type":"Feature","geometry":{"type":"LineString","coordinates":[[95.39648,28.00292],[95.44377,27.88362],[95.3692,27.80574],[95.18854,27.72947],[95.1165,27.69828],[95.10358,27.6834],[95.10854,27.67847],[95.12208,27.67578],[95.13727,27.66557],[95.13851,27.64405],[95.08374,27.61506],[94.97232,27.58602],[94.87796,27.54323],[94.80055,27.48662],[94.72521,27.41293],[94.65172,27.32211],[94.63043,27.27803],[94.59746,27.23405],[94.56702,27.18888],[94.55886,27.13054],[94.51767,27.0723],[94.44336,27.01419],[94.33505,26.9519],[94.19273,26.88539],[94.11951,26.86722],[94.02303,26.86735],[93.75162,26.73204]]},"properties":{"sw":0.55,"scalerank":2,"name":"Brahmaputra","featurecla":"River","na":0,"cl":"Brahmaputra#0"}},{"type":"Feature","geometry":{"type":"LineString","coordinates":[[93.75162,26.73204],[93.40327,26.73868],[93.24519,26.71754],[93.16117,26.67083],[93.00851,26.63564],[92.78703,26.61205],[92.65593,26.57957],[92.6151,26.53823],[92.54384,26.52143],[92.44214,26.52929],[92.31243,26.49492],[92.15472,26.41839],[92.0711,26.36092],[92.0617,26.3225],[91.96579,26.27046],[91.64384,26.16388],[91.54679,26.14781],[91.43626,26.15065],[91.25038,26.18321]]},"properties":{"sw":0.65,"scalerank":2,"name":"Brahmaputra","featurecla":"River","na":0,"cl":"Brahmaputra#0"}},{"type":"Feature","geometry":{"type":"LineString","coordinates":[[91.25038,26.18321],[91.1524,26.20471],[91.05225,26.19153],[90.91717,26.15081],[90.75976,26.15504],[90.57993,26.20429],[90.35607,26.17435],[90.08818,26.06523],[89.8901,25.90126],[89.76184,25.68236],[89.69895,25.49012],[89.70143,25.32455],[89.68014,25.16841],[89.62123,25.02633],[89.61265,24.94837]]},"properties":{"sw":0.8,"scalerank":2,"name":"Brahmaputra","featurecla":"River","na":0,"cl":"Brahmaputra#0"}},{"type":"Feature","geometry":{"type":"LineString","coordinates":[[89.74442,23.85867],[89.86752,23.72026],[89.99392,23.62104],[90.07438,23.57342],[90.26914,23.45586]]},"properties":{"sw":1,"scalerank":2,"name":"Brahmaputra","featurecla":"River","na":0,"cl":"Brahmaputra#0"}},{"type":"Feature","geometry":{"type":"LineString","coordinates":[[89.61265,24.94837],[89.61957,24.89486],[89.72913,24.6493],[89.7499,24.41143],[89.73926,24.33019],[89.71383,24.13514],[89.70794,23.96241],[89.74442,23.85867]]},"properties":{"sw":1,"scalerank":2,"name":"Brahmaputra","featurecla":"River","na":0,"cl":"Brahmaputra#0"}},{"type":"Feature","geometry":{"type":"LineString","coordinates":[[89.73926,24.33019],[89.80871,24.17181],[89.92291,24.0821],[90.11567,23.97115],[90.21411,23.86909],[90.21814,23.77594],[90.24393,23.73465],[90.29137,23.74527],[90.35545,23.70868],[90.47627,23.58298],[90.56162,23.53709]]},"properties":{"sw":1,"scalerank":2,"name":"Brahmaputra","featurecla":"River","na":0,"cl":"Brahmaputra#0"}},{"type":"Feature","geometry":{"type":"LineString","coordinates":[[27.26658,44.1378],[27.76878,44.36267],[27.92995,44.48617],[27.93461,44.59227],[27.92184,44.67004],[27.87668,44.74412]]},"properties":{"sw":0.25,"scalerank":2,"name":"Borcea","featurecla":"River","na":0,"cl":"Borcea#0"}},{"type":"Feature","geometry":{"type":"LineString","coordinates":[[116.19759,29.75139],[116.21185,29.78516]]},"properties":{"sw":0.3,"scalerank":1,"name":"Yangtze","featurecla":"River","na":0,"cl":"Yangtze#0"}},{"type":"Feature","geometry":{"type":"LineString","coordinates":[[113.1277,29.46278],[113.16635,29.48443],[113.20961,29.53784],[113.53016,29.83162],[113.69635,29.94928],[113.76032,29.93874],[113.85985,29.97233],[113.99473,30.05005],[114.01106,30.12447],[113.90884,30.19552],[113.88528,30.24616],[113.94047,30.27629],[113.98956,30.27857],[114.03245,30.25299],[114.11627,30.32838],[114.28846,30.57209],[114.30324,30.59304]]},"properties":{"sw":0.8,"scalerank":1,"name":"Yangtze","featurecla":"River","na":0,"cl":"Yangtze#0"}},{"type":"Feature","geometry":{"type":"LineString","coordinates":[[117.32662,30.69477],[117.24662,30.67399],[117.21737,30.62883],[117.21221,30.55232],[117.1304,30.49137],[116.97196,30.446],[116.89956,30.39861],[116.91321,30.34921],[116.89553,30.27224],[116.8467,30.16769],[116.77585,30.09739],[116.68294,30.06137],[116.60563,30.00602],[116.54393,29.9314],[116.45111,29.86779],[116.32719,29.81518],[116.21185,29.78516],[116.17113,29.77457],[115.98282,29.74604],[115.84273,29.764],[115.7509,29.82849],[115.63804,29.86691],[115.5044,29.87921],[115.37562,29.96623],[115.25181,30.1279],[115.16044,30.21557],[115.10153,30.22921],[115.06732,30.26929],[115.05781,30.3358],[114.99715,30.38709],[114.88522,30.4231],[114.83318,30.48227],[114.84093,30.56454],[114.78383,30.59782],[114.66187,30.58214],[114.55795,30.6033],[114.47201,30.66128],[114.39594,30.66443],[114.30324,30.59304]]},"properties":{"sw":1,"scalerank":1,"name":"Yangtze","featurecla":"River","na":0,"cl":"Yangtze#0"}},{"type":"Feature","geometry":{"type":"LineString","coordinates":[[117.32662,30.69477],[117.60464,30.77647],[117.72489,30.88638],[117.77997,31.05175],[117.84379,31.1242],[117.91645,31.10379],[117.96808,31.12957],[117.99877,31.20161],[118.08936,31.25522],[118.23995,31.29044],[118.31188,31.34062],[118.30542,31.40576],[118.33317,31.50986],[118.39518,31.65295],[118.51466,31.84113],[118.69175,32.07442],[118.9614,32.2032],[119.3236,32.22739],[119.5302,32.22883],[119.64306,32.23537],[119.77096,32.20695],[119.86682,32.10034],[119.9415,32.03996],[120.07395,31.96026]]},"properties":{"sw":1.2,"scalerank":1,"name":"Yangtze","featurecla":"River","na":0,"cl":"Yangtze#0"}},{"type":"Feature","geometry":{"type":"LineString","coordinates":[[-72.47585,-3.48103],[-72.74679,-3.45674],[-72.89051,-3.46702],[-72.99732,-3.50371],[-73.0937,-3.56226],[-73.17961,-3.64257],[-73.21137,-3.78297],[-73.18899,-3.98358],[-73.19225,-4.09923],[-73.22118,-4.13003],[-73.26847,-4.13592],[-73.33399,-4.11691],[-73.36567,-4.13251],[-73.3635,-4.18264],[-73.38541,-4.23085],[-73.43146,-4.2771],[-73.46303,-4.33632],[-73.48864,-4.44484]]},"properties":{"sw":0.4,"scalerank":1,"name":"Amazon","featurecla":"River","na":0,"cl":"Amazon#0"}},{"type":"Feature","geometry":{"type":"LineString","coordinates":[[-70.90047,-3.96007],[-71.05793,-3.98539],[-71.13803,-3.96343],[-71.19327,-3.90276],[-71.28332,-3.86896],[-71.40817,-3.86224],[-71.52139,-3.82638],[-71.62299,-3.76148],[-71.68867,-3.64991],[-71.71843,-3.49167],[-71.75197,-3.39478],[-71.78939,-3.35923],[-71.91398,-3.38372],[-72.12577,-3.46847],[-72.29271,-3.5034],[-72.47585,-3.48103]]},"properties":{"sw":0.45,"scalerank":1,"name":"Amazon","featurecla":"River","na":0,"cl":"Amazon#0"}},{"type":"Feature","geometry":{"type":"LineString","coordinates":[[-70.90047,-3.96007],[-70.55737,-3.87005],[-70.52967,-3.86638],[-70.48585,-3.86938],[-70.4211,-3.84964],[-70.37919,-3.81873],[-70.3395,-3.81434],[-70.29844,-3.84426],[-70.24028,-3.88271],[-70.1984,-3.99516],[-70.16752,-4.05024],[-70.09476,-4.09215],[-70.01719,-4.16197],[-69.96593,-4.23597],[-69.9481,-4.28516],[-69.84651,-4.33054],[-69.68528,-4.33467],[-69.55603,-4.29881],[-69.45878,-4.2231],[-69.43374,-4.16062],[-69.48095,-4.11143],[-69.478,-4.04905],[-69.42498,-3.9735],[-69.40439,-3.87852],[-69.41627,-3.76406],[-69.39878,-3.65544],[-69.35186,-3.5527],[-69.08418,-3.44935],[-68.5957,-3.34538],[-68.26583,-3.30688],[-68.09457,-3.3339],[-67.98786,-3.32595],[-67.94569,-3.28311],[-67.92652,-3.22327],[-67.93239,-3.10803]]},"properties":{"sw":0.5,"scalerank":1,"name":"Amazon","featurecla":"River","na":0,"cl":"Amazon#0"}},{"type":"Feature","geometry":{"type":"LineString","coordinates":[[-65.76097,-2.60299],[-65.90057,-2.49308],[-65.97734,-2.46615],[-66.03775,-2.48548],[-66.09624,-2.47742],[-66.15278,-2.44187],[-66.21032,-2.45995],[-66.26892,-2.53168],[-66.33396,-2.53674],[-66.4054,-2.47515],[-66.471,-2.43908],[-66.53074,-2.42853],[-66.57255,-2.47814],[-66.59645,-2.5879],[-66.64099,-2.65917],[-66.70618,-2.69183],[-66.8007,-2.71451],[-66.92454,-2.72733],[-67.07696,-2.69544],[-67.25798,-2.61881],[-67.38402,-2.62284],[-67.45513,-2.70738],[-67.57241,-2.77916],[-67.73589,-2.83822],[-67.84632,-2.92783],[-67.93239,-3.10803]]},"properties":{"sw":0.55,"scalerank":1,"name":"Amazon","featurecla":"River","na":0,"cl":"Amazon#0"}},{"type":"Feature","geometry":{"type":"LineString","coordinates":[[-64.57561,-3.39819],[-64.79028,-3.22239],[-64.90505,-3.12844],[-65.06974,-2.97052],[-65.1795,-2.8345],[-65.28779,-2.74676],[-65.39463,-2.70728],[-65.45869,-2.66345],[-65.47998,-2.6155],[-65.55819,-2.59431],[-65.76097,-2.60299]]},"properties":{"sw":0.65,"scalerank":1,"name":"Amazon","featurecla":"River","na":0,"cl":"Amazon#0"}},{"type":"Feature","geometry":{"type":"LineString","coordinates":[[-63.17728,-4.03515],[-63.21634,-3.97449],[-63.28293,-3.92291],[-63.44958,-3.87093],[-63.57322,-3.85387],[-63.65381,-3.87186],[-63.74745,-3.86839],[-63.85421,-3.84343],[-64.03549,-3.76458],[-64.29129,-3.63187],[-64.45831,-3.52366],[-64.57561,-3.39819]]},"properties":{"sw":0.8,"scalerank":1,"name":"Amazon","featurecla":"River","na":0,"cl":"Amazon#0"}},{"type":"Feature","geometry":{"type":"LineString","coordinates":[[-58.68905,-3.34233],[-58.80511,-3.34708],[-58.88994,-3.32264],[-58.98221,-3.27055],[-59.09135,-3.23892],[-59.21734,-3.22776],[-59.38146,-3.18425],[-59.58364,-3.1086],[-59.73544,-3.0779],[-59.83683,-3.09216],[-59.89683,-3.12761],[-59.90564,-3.17138],[-59.9245,-3.20595]]},"properties":{"sw":1,"scalerank":1,"name":"Amazon","featurecla":"River","na":0,"cl":"Amazon#0"}},{"type":"Feature","geometry":{"type":"LineString","coordinates":[[-59.9245,-3.20595],[-59.9575,-3.23737],[-60.10503,-3.30564],[-60.20312,-3.32522],[-60.27903,-3.30207],[-60.4106,-3.29985],[-60.59777,-3.31856],[-60.74698,-3.39809],[-60.85819,-3.53834],[-61.03593,-3.61037],[-61.28016,-3.61409],[-61.46753,-3.676],[-61.59807,-3.79631],[-61.71703,-3.88302],[-61.82441,-3.93614],[-61.89265,-3.94679],[-62.01122,-3.89573],[-62.27741,-3.76179],[-62.36738,-3.71807],[-62.39337,-3.71636],[-62.4235,-3.73052],[-62.44944,-3.80194],[-62.54313,-3.85108],[-62.70456,-3.87806],[-62.8629,-3.93831],[-63.01814,-4.03195],[-63.09679,-4.07846],[-63.15224,-4.07153],[-63.17728,-4.03515]]},"properties":{"sw":1,"scalerank":1,"name":"Amazon","featurecla":"River","na":0,"cl":"Amazon#0"}},{"type":"Feature","geometry":{"type":"LineString","coordinates":[[-54.52512,-2.44032],[-54.56413,-2.44052],[-54.63901,-2.41934],[-54.67619,-2.35929],[-54.67456,-2.25335],[-54.69381,-2.1841],[-54.73391,-2.15165],[-54.79352,-2.11982],[-54.87259,-2.08861],[-54.95664,-2.10421],[-55.04563,-2.16674],[-55.14973,-2.18028],[-55.269,-2.14483],[-55.37517,-2.08271],[-55.45808,-1.9868],[-55.51485,-1.94949]]},"properties":{"sw":1.2,"scalerank":1,"name":"Amazon","featurecla":"River","na":0,"cl":"Amazon#0"}},{"type":"Feature","geometry":{"type":"LineString","coordinates":[[-52.66416,-1.55176],[-52.87361,-1.61112],[-52.99999,-1.66806],[-53.14489,-1.76387],[-53.35785,-1.83839],[-53.63887,-1.89151],[-53.8433,-1.95812],[-53.97107,-2.03827],[-54.04468,-2.14121],[-54.06416,-2.26704],[-54.18669,-2.35753],[-54.46765,-2.44021],[-54.52512,-2.44032]]},"properties":{"sw":1.2,"scalerank":1,"name":"Amazon","featurecla":"River","na":0,"cl":"Amazon#0"}},{"type":"Feature","geometry":{"type":"LineString","coordinates":[[-55.51485,-1.94949],[-55.55482,-1.92396],[-55.60585,-1.91838],[-55.66936,-1.92655],[-55.73571,-1.96355],[-55.83971,-1.98996],[-55.98133,-2.00567],[-56.12946,-2.07951],[-56.28408,-2.2116],[-56.40087,-2.33629],[-56.47973,-2.4536],[-56.54851,-2.52693],[-56.60719,-2.55638],[-56.67625,-2.57467],[-56.75578,-2.58201],[-56.84735,-2.56651],[-56.95101,-2.52817],[-57.04966,-2.52315],[-57.14328,-2.55142],[-57.24438,-2.52641],[-57.35301,-2.44827],[-57.44003,-2.40466],[-57.5055,-2.39567],[-57.60539,-2.48135],[-57.73975,-2.6618],[-57.88284,-2.78396],[-58.03467,-2.84763],[-58.13497,-2.95863],[-58.18365,-3.11686],[-58.23499,-3.19996],[-58.26807,-3.21427],[-58.31592,-3.21184]]},"properties":{"sw":1.2,"scalerank":1,"name":"Amazon","featurecla":"River","na":0,"cl":"Amazon#0"}},{"type":"Feature","geometry":{"type":"LineString","coordinates":[[-58.31592,-3.21184],[-58.38015,-3.20223],[-58.45258,-3.18151],[-58.54931,-3.20523],[-58.64225,-3.30398],[-58.68905,-3.34233]]},"properties":{"sw":1.2,"scalerank":1,"name":"Amazon","featurecla":"River","na":0,"cl":"Amazon#0"}},{"type":"Feature","geometry":{"type":"LineString","coordinates":[[-89.23608,29.0811],[-89.37612,28.98135]]},"properties":{"sw":0.65,"scalerank":1,"name":"Mississippi","featurecla":"River","na":1,"cl":"Mississippi#0"}},{"type":"Feature","geometry":{"type":"LineString","coordinates":[[-89.2886,29.17752],[-89.18078,29.33569]]},"properties":{"sw":0.55,"scalerank":1,"name":"Mississippi","featurecla":"River","na":1,"cl":"Mississippi#0"}},{"type":"Feature","geometry":{"type":"LineString","coordinates":[[-89.23608,29.0811],[-89.01574,29.20289]]},"properties":{"sw":0.55,"scalerank":1,"name":"Mississippi","featurecla":"River","na":1,"cl":"Mississippi#0"}},{"type":"Feature","geometry":{"type":"LineString","coordinates":[[-89.76893,35.8721],[-89.76994,35.8643],[-89.76811,35.84525],[-89.76359,35.82805],[-89.77966,35.80575],[-89.89456,35.75051],[-89.9435,35.67914],[-89.92652,35.59165],[-89.96735,35.50331],[-90.06602,35.41412],[-90.10788,35.3142],[-90.09292,35.20359],[-90.14227,35.11429],[-90.25596,35.04639],[-90.29376,35.00448],[-90.29342,34.97006],[-90.28211,34.94531],[-90.31993,34.89916],[-90.41595,34.85162],[-90.46757,34.80527],[-90.47476,34.76005],[-90.49721,34.73809],[-90.53925,34.72816],[-90.56385,34.66117],[-90.584,34.50371],[-90.63542,34.41387],[-90.7181,34.3917],[-90.76234,34.35643],[-90.76812,34.30811],[-90.81722,34.25222],[-90.90972,34.18877],[-90.94026,34.12856],[-90.90879,34.07156],[-90.91473,34.04862],[-90.9431,34.02968],[-91.04315,34.00286],[-91.06035,33.9893],[-91.07017,33.97421],[-91.05007,33.94516],[-91.03818,33.90139],[-91.05271,33.8276],[-91.07715,33.7967],[-91.1003,33.76745],[-91.18412,33.71567],[-91.20748,33.67567],[-91.17037,33.64746],[-91.17272,33.61668],[-91.21458,33.5834],[-91.20272,33.54697]]},"properties":{"sw":0.65,"scalerank":1,"name":"Mississippi","featurecla":"River","na":1,"cl":"Mississippi#0"}},{"type":"Feature","geometry":{"type":"LineString","coordinates":[[-91.20272,33.54697],[-91.19296,33.52253],[-91.15433,33.5002],[-91.14102,33.4385],[-91.16846,33.35946],[-91.16334,33.29445],[-91.1173,33.24081],[-91.10678,33.21792],[-91.15285,33.04057],[-91.14417,32.96688],[-91.09609,32.93768],[-91.09337,32.88502],[-91.13606,32.80885],[-91.13559,32.75578],[-91.09208,32.72586],[-91.09436,32.69426],[-91.14242,32.66103],[-91.14965,32.62501],[-91.11611,32.58623],[-91.10082,32.54137],[-91.10381,32.4905],[-91.05927,32.42376],[-90.99002,32.38105],[-90.9447,32.33071],[-90.94044,32.30309]]},"properties":{"sw":1,"scalerank":1,"name":"Mississippi","featurecla":"River","na":1,"cl":"Mississippi#0"}},{"type":"Feature","geometry":{"type":"LineString","coordinates":[[-90.13219,38.81864],[-90.15075,38.78053],[-90.3166,38.45781],[-90.37399,38.30975],[-90.36577,38.25425],[-90.299,38.174],[-90.17359,38.06905],[-90.06388,38.00052],[-89.96983,37.96854],[-89.82296,37.8841],[-89.62328,37.74726],[-89.52342,37.64452],[-89.52342,37.57595],[-89.50293,37.5058],[-89.46198,37.43412],[-89.46198,37.36568],[-89.50293,37.30051],[-89.48691,37.21274],[-89.41394,37.10241],[-89.35188,37.03552],[-89.30082,37.01206],[-89.29002,37.01278],[-89.28589,37.0227],[-89.29325,37.03818],[-89.29581,37.05164],[-89.29168,37.07066],[-89.28147,37.07779],[-89.2724,37.07999],[-89.22491,37.05267],[-89.15432,36.99211],[-89.12249,36.9116],[-89.12952,36.81106],[-89.15634,36.71572],[-89.20305,36.62552],[-89.25612,36.59441],[-89.28013,36.60004],[-89.33054,36.6159],[-89.35131,36.6112],[-89.39746,36.58779],[-89.45182,36.49751],[-89.47148,36.48888],[-89.48539,36.49813],[-89.49683,36.52883],[-89.51952,36.55482],[-89.53559,36.55529],[-89.54964,36.55307],[-89.55548,36.54077],[-89.56003,36.51309],[-89.5406,36.42667],[-89.55528,36.37292],[-89.60409,36.35192],[-89.61171,36.32197],[-89.58354,36.28766],[-89.58354,36.27223],[-89.59463,36.25944],[-89.62799,36.25526],[-89.65408,36.24797],[-89.67455,36.22058],[-89.63414,36.16792],[-89.64189,36.10451],[-89.6977,36.03031],[-89.70932,35.98305],[-89.68917,35.94359],[-89.68891,35.92096],[-89.70377,35.9069],[-89.73821,35.89874],[-89.76359,35.88877],[-89.76893,35.8721]]},"properties":{"sw":0.65,"scalerank":1,"name":"Mississippi","featurecla":"River","na":1,"cl":"Mississippi#0"}},{"type":"Feature","geometry":{"type":"LineString","coordinates":[[-89.23608,29.0811],[-89.2886,29.17752],[-89.43306,29.29439],[-89.51905,29.3473],[-89.61558,29.38699],[-89.66597,29.41559],[-89.66969,29.4435],[-89.71364,29.48564],[-89.758,29.50554],[-89.86932,29.60819],[-89.97287,29.68881],[-90.00698,29.75389],[-90.01158,29.81089],[-89.98672,29.85978],[-89.9581,29.87564],[-89.93195,29.87766],[-89.9227,29.88828],[-89.92254,29.90293],[-89.93252,29.91386],[-90.04145,29.93202],[-90.2496,29.94277],[-90.39042,29.976],[-90.46396,30.03166],[-90.58183,30.04752],[-90.74409,30.02349],[-90.84923,30.04034],[-90.87825,30.07522],[-90.89721,30.09806],[-90.94416,30.12671],[-90.99005,30.12638],[-91.02113,30.1471],[-91.03772,30.18128],[-91.07446,30.20358],[-91.10989,30.20883],[-91.13348,30.2272],[-91.12952,30.24818],[-91.14789,30.26782],[-91.17939,30.2849],[-91.1912,30.30719],[-91.18725,30.32817],[-91.19513,30.35179],[-91.22561,30.36843],[-91.23528,30.40249],[-91.21792,30.47946],[-91.22644,30.50486],[-91.25807,30.53408],[-91.25703,30.56521],[-91.27603,30.61457],[-91.33832,30.70619],[-91.38767,30.74381],[-91.42266,30.75334],[-91.52908,30.75598],[-91.55707,30.78003],[-91.5466,30.81473],[-91.52327,30.85378],[-91.52637,30.87104],[-91.5456,30.90835],[-91.61836,30.93811],[-91.64629,30.95243],[-91.6597,30.97201],[-91.65722,30.99599]]},"properties":{"sw":1.2,"scalerank":1,"name":"Mississippi","featurecla":"River","na":1,"cl":"Mississippi#0"}},{"type":"Feature","geometry":{"type":"LineString","coordinates":[[-90.94044,32.30309],[-90.93765,32.27733],[-90.94772,32.24007],[-91.00459,32.18558],[-91.04816,32.14592],[-91.07459,32.13132],[-91.0887,32.10414],[-91.09255,32.04585],[-91.15652,31.97068],[-91.28649,31.88397],[-91.37253,31.77372],[-91.4147,31.63998],[-91.45909,31.55497],[-91.50573,31.5187],[-91.52901,31.44875],[-91.52896,31.34519],[-91.5587,31.28791],[-91.61825,31.27695],[-91.63081,31.2176],[-91.59637,31.10991],[-91.61104,31.0649],[-91.65262,31.02955],[-91.65722,30.99599]]},"properties":{"sw":1.2,"scalerank":1,"name":"Mississippi","featurecla":"River","na":1,"cl":"Mississippi#0"}},{"type":"Feature","geometry":{"type":"LineString","coordinates":[[32.87947,23.98768],[32.90872,23.80847],[32.90293,23.69628],[32.87182,23.59138],[32.87792,23.48089],[32.90262,23.41454],[32.91415,23.33188],[32.85508,23.20765],[32.6799,23.00942],[32.58688,22.87566],[32.57613,22.80639],[32.51422,22.74016],[32.41831,22.67154],[32.32628,22.65288],[32.23191,22.71807],[32.13709,22.73347],[32.04169,22.69908],[31.96072,22.62989],[31.89405,22.52583],[31.73536,22.39538],[31.54436,22.25151],[31.39998,22.09312],[31.36225,21.9798],[31.28024,21.84464],[31.09064,21.6092]]},"properties":{"sw":0.55,"scalerank":1,"name":"Nile","featurecla":"Lake Centerline","na":0,"cl":"Nile#0"}},{"type":"Feature","geometry":{"type":"LineString","coordinates":[[32.49014,15.63455],[32.53541,16.04042],[32.62853,16.25648],[32.78459,16.41812],[32.92867,16.50796],[33.06065,16.52599],[33.16467,16.56617],[33.24064,16.62844],[33.35867,16.68588],[33.51876,16.73844],[33.63457,16.8245],[33.70598,16.94408],[33.73177,17.02888],[33.71182,17.07891],[33.71456,17.15133],[33.74009,17.24613],[33.81022,17.37889],[33.92504,17.54958],[33.95186,17.69851],[33.96881,17.79235],[33.94163,18.10727],[33.90039,18.27806],[33.8451,18.30472],[33.78443,18.36379],[33.71818,18.45523],[33.6819,18.55458],[33.67539,18.66186],[33.64495,18.72392],[33.59049,18.74077],[33.56677,18.84727],[33.57369,19.04339],[33.53907,19.17335],[33.4629,19.2372],[33.4135,19.30761],[33.3797,19.42313]]},"properties":{"sw":0.4,"scalerank":1,"name":"Nile","featurecla":"River","na":0,"cl":"Nile#0"}},{"type":"Feature","geometry":{"type":"LineString","coordinates":[[33.3797,19.42313],[33.13827,19.50269],[33.01796,19.51077],[32.93849,19.4739],[32.83823,19.3829],[32.71721,19.23769],[32.61975,19.16069],[32.54564,19.15191],[32.46761,19.08297],[32.38544,18.95388],[32.30633,18.88993],[32.23016,18.89115],[32.15321,18.865],[32.07559,18.81154],[32.03921,18.7434],[32.04407,18.66062],[32.00464,18.60625],[31.92082,18.58021],[31.79995,18.45244],[31.64203,18.22292],[31.47413,18.07724],[31.29626,18.01533],[31.14588,18.00174],[31.023,18.03647],[30.9106,18.08711],[30.80869,18.15357],[30.74399,18.25697],[30.7165,18.39733],[30.67382,18.49903],[30.61584,18.56197],[30.56153,18.6602],[30.51078,18.79374],[30.48623,18.98799],[30.48789,19.24306],[30.45791,19.47111],[30.39642,19.67218],[30.34996,19.78639],[30.34774,19.82176]]},"properties":{"sw":0.45,"scalerank":1,"name":"Nile","featurecla":"River","na":0,"cl":"Nile#0"}},{"type":"Feature","geometry":{"type":"LineString","coordinates":[[30.34774,19.82176],[30.36981,19.85693],[30.49977,19.91413],[30.57501,19.96728],[30.59434,20.01583],[30.59966,20.09813],[30.59108,20.21419],[30.57088,20.29101],[30.53915,20.32853],[30.48954,20.35095],[30.42205,20.35824],[30.36598,20.41695],[30.32123,20.52702],[30.31663,20.6158],[30.35229,20.68339],[30.36267,20.73476],[30.36975,20.77426],[30.39714,20.80501],[30.51042,20.84023],[30.57625,20.90027],[30.59475,20.98515],[30.63155,21.04383],[30.68684,21.07623],[30.70916,21.12062],[30.69862,21.17695],[30.76311,21.24907],[30.90274,21.33699],[30.96987,21.39913],[30.9646,21.43551],[30.99411,21.49259],[31.09064,21.6092]]},"properties":{"sw":0.5,"scalerank":1,"name":"Nile","featurecla":"River","na":0,"cl":"Nile#0"}},{"type":"Feature","geometry":{"type":"LineString","coordinates":[[32.87947,23.98768],[32.91306,24.32844],[32.91265,24.45399],[32.88939,24.47791],[32.89187,24.53956],[32.91988,24.63894],[32.92097,24.77022],[32.89503,24.93341],[32.87058,25.03746],[32.84764,25.08242],[32.76702,25.14947],[32.62874,25.23859],[32.54037,25.34982],[32.50203,25.48315],[32.49293,25.56536],[32.52321,25.612]]},"properties":{"sw":0.65,"scalerank":1,"name":"Nile","featurecla":"River","na":0,"cl":"Nile#0"}},{"type":"Feature","geometry":{"type":"LineString","coordinates":[[32.52321,25.612],[32.70413,25.75427],[32.76403,25.87917],[32.7632,26.03417],[32.73436,26.12884],[32.67762,26.16326],[32.55339,26.1428],[32.36167,26.06743],[32.22866,26.07688],[32.15424,26.17117],[32.09394,26.18938],[32.04128,26.19],[32.01523,26.20011],[31.99694,26.24672],[31.96552,26.29741],[31.87137,26.37467],[31.82026,26.44531],[31.8123,26.50929],[31.78217,26.54189],[31.72998,26.54308],[31.70647,26.56417],[31.71174,26.60509],[31.69469,26.63166],[31.65531,26.64375],[31.55263,26.76198],[31.36918,27.0099],[31.34065,27.05711],[31.30355,27.09855]]},"properties":{"sw":0.8,"scalerank":1,"name":"Nile","featurecla":"River","na":0,"cl":"Nile#0"}},{"type":"Feature","geometry":{"type":"LineString","coordinates":[[31.30355,27.09855],[31.27843,27.12269],[31.24495,27.14364],[30.9693,27.35554],[30.86828,27.50031],[30.88905,27.61855],[30.88393,27.76766],[30.87747,27.90171],[30.86301,27.98522],[30.83743,28.03767]]},"properties":{"sw":1,"scalerank":1,"name":"Nile","featurecla":"River","na":0,"cl":"Nile#0"}},{"type":"Feature","geometry":{"type":"LineString","coordinates":[[30.83743,28.03767],[30.80735,28.08542],[30.77397,28.11994],[30.74425,28.16546],[30.74002,28.22991],[30.76218,28.30856],[30.81086,28.40137],[30.83572,28.4925],[30.83686,28.58198],[30.85789,28.68161],[30.89871,28.79147],[30.99463,28.94304],[31.14552,29.13641],[31.21911,29.28199],[31.21539,29.37976],[31.23606,29.48869],[31.28102,29.60879],[31.28691,29.7826],[31.25538,29.999],[31.25383,30.08015],[31.23761,30.12069]]},"properties":{"sw":1.2,"scalerank":1,"name":"Nile","featurecla":"River","na":0,"cl":"Nile#0"}},{"type":"Feature","geometry":{"type":"LineString","coordinates":[[32.54471,1.52185],[32.61432,1.45446],[32.68465,1.4265],[32.77953,1.42159],[32.83534,1.40469],[32.89311,1.31144]]},"properties":{"sw":0.25,"scalerank":1,"name":"White Nile","featurecla":"Lake Centerline","na":0,"cl":"White Nile#0"}},{"type":"Feature","geometry":{"type":"LineString","coordinates":[[32.24096,1.66584],[32.47536,1.55164]]},"properties":{"sw":0.25,"scalerank":1,"name":"White Nile","featurecla":"Lake Centerline","na":0,"cl":"White Nile#0"}},{"type":"Feature","geometry":{"type":"LineString","coordinates":[[32.89311,1.31144],[33.01125,0.80941],[33.08478,0.58854],[33.18726,0.42819]]},"properties":{"sw":0.25,"scalerank":1,"name":"White Nile","featurecla":"River","na":0,"cl":"White Nile#0"}},{"type":"Feature","geometry":{"type":"LineString","coordinates":[[32.47536,1.55164],[32.54471,1.52185]]},"properties":{"sw":0.25,"scalerank":1,"name":"White Nile","featurecla":"River","na":0,"cl":"White Nile#0"}},{"type":"Feature","geometry":{"type":"LineString","coordinates":[[31.36577,2.19286],[31.38737,2.20023],[31.75065,2.32363],[31.94837,2.33329],[32.08727,2.2655],[32.1867,2.23599],[32.24664,2.24477],[32.29532,2.19943],[32.33263,2.1],[32.34886,2.00468],[32.344,1.91353],[32.2822,1.82984],[32.16355,1.75361],[32.10422,1.6986],[32.10422,1.66476],[32.13843,1.65235],[32.24096,1.66584]]},"properties":{"sw":0.3,"scalerank":1,"name":"White Nile","featurecla":"River","na":0,"cl":"White Nile#0"}},{"type":"Feature","geometry":{"type":"LineString","coordinates":[[33.18726,0.42819],[33.25888,0.37863],[33.23165,0.2943],[33.12943,0.1588],[33.01791,-0.05188],[32.89709,-0.3376],[32.74439,-0.54544],[32.5597,-0.67546],[32.29243,-0.78925],[31.7676,-0.9357]]},"properties":{"sw":0.25,"scalerank":1,"name":"White Nile","featurecla":"Lake Centerline","na":0,"cl":"White Nile#0"}},{"type":"Feature","geometry":{"type":"LineString","coordinates":[[29.59347,-2.98437],[29.82663,-3.0471],[29.9011,-3.09082],[29.89459,-3.1366],[29.9087,-3.15965],[29.94332,-3.16017],[29.97577,-3.18415],[30.02114,-3.25556]]},"properties":{"sw":0.15,"scalerank":1,"name":"Kagera","featurecla":"River","na":0,"cl":"Kagera#0"}},{"type":"Feature","geometry":{"type":"LineString","coordinates":[[30.02114,-3.25556],[29.99045,-3.31468],[29.99029,-3.34465],[30.01045,-3.36501],[30.10496,-3.3154],[30.27374,-3.19562],[30.39063,-3.08767],[30.45543,-2.9915],[30.46975,-2.92039],[30.43347,-2.8745],[30.42401,-2.82407],[30.44127,-2.76908],[30.53036,-2.67916],[30.69118,-2.55431],[30.77423,-2.46259],[30.7795,-2.40409],[30.79763,-2.3627],[30.82874,-2.33851],[30.855,-2.26539],[30.8766,-2.14338],[30.86461,-2.04406],[30.81913,-1.96748],[30.80673,-1.85069],[30.8275,-1.69369],[30.81262,-1.56306],[30.76218,-1.45872],[30.71071,-1.39681],[30.63196,-1.36746]]},"properties":{"sw":0.2,"scalerank":1,"name":"Kagera","featurecla":"River","na":0,"cl":"Kagera#0"}},{"type":"Feature","geometry":{"type":"LineString","coordinates":[[30.63196,-1.36746],[30.50809,-1.20825],[30.47021,-1.13115],[30.47703,-1.08298],[30.51987,-1.06252],[30.59873,-1.0697],[30.67278,-1.05136],[30.74203,-1.00754],[30.80921,-0.99493],[30.87432,-1.01332],[30.94181,-1.06262],[31.01178,-1.14282],[31.12454,-1.19998],[31.28029,-1.23429],[31.40938,-1.23863],[31.5118,-1.2131],[31.5734,-1.1575],[31.59397,-1.07172],[31.64513,-1.00557],[31.7676,-0.9357]]},"properties":{"sw":0.25,"scalerank":1,"name":"Kagera","featurecla":"River","na":0,"cl":"Kagera#0"}},{"type":"Feature","geometry":{"type":"LineString","coordinates":[[-111.09967,44.75652],[-111.11833,44.76195],[-111.189,44.7712],[-111.24191,44.79964],[-111.30067,44.8629],[-111.30914,44.86842]]},"properties":{"sw":0.2,"scalerank":1,"name":"Missouri","featurecla":"Lake Centerline","na":1,"cl":"Missouri#0"}},{"type":"Feature","geometry":{"type":"LineString","coordinates":[[-110.7437,44.72673],[-110.85873,44.6682],[-110.93258,44.65299],[-111.00363,44.66162],[-111.05399,44.68926],[-111.09076,44.74709],[-111.09967,44.75652]]},"properties":{"sw":0.15,"scalerank":1,"name":"Missouri","featurecla":"River","na":1,"cl":"Missouri#0"}},{"type":"Feature","geometry":{"type":"LineString","coordinates":[[-111.30925,44.86848],[-111.32922,44.86724],[-111.40645,44.84284],[-111.47678,44.85235],[-111.55334,44.89158],[-111.62558,44.9879],[-111.69351,45.14128],[-111.71858,45.26344],[-111.70072,45.35449],[-111.64563,45.45774],[-111.55326,45.57324],[-111.4927,45.72181],[-111.46397,45.9035],[-111.42963,46.02458],[-111.38973,46.08499],[-111.4063,46.17651],[-111.51585,46.36037]]},"properties":{"sw":0.2,"scalerank":1,"name":"Missouri","featurecla":"River","na":1,"cl":"Missouri#0"}},{"type":"Feature","geometry":{"type":"LineString","coordinates":[[-111.51572,46.36249],[-111.53998,46.46908],[-111.58538,46.54385],[-111.69731,46.6616]]},"properties":{"sw":0.25,"scalerank":1,"name":"Missouri","featurecla":"Lake Centerline","na":1,"cl":"Missouri#0"}},{"type":"Feature","geometry":{"type":"LineString","coordinates":[[-106.40564,48.02033],[-106.51941,47.88599],[-106.59987,47.82194],[-106.87934,47.70701],[-107.04046,47.69388],[-107.26159,47.70567],[-107.38463,47.69394],[-107.40959,47.65864],[-107.47323,47.64484],[-107.57547,47.65254],[-107.68869,47.60831],[-107.81282,47.51209],[-107.8877,47.50201],[-107.9402,47.58123],[-108.0204,47.59797],[-108.19634,47.60159]]},"properties":{"sw":0.3,"scalerank":1,"name":"Missouri","featurecla":"Lake Centerline","na":1,"cl":"Missouri#0"}},{"type":"Feature","geometry":{"type":"LineString","coordinates":[[-100.77723,46.71332],[-100.62545,46.60837],[-100.56851,46.51334],[-100.55585,46.39316],[-100.57094,46.28746],[-100.61375,46.1962],[-100.55662,46.04117],[-100.39953,45.82227],[-100.3686,45.70522],[-100.36862,45.67375],[-100.40206,45.64272],[-100.43311,45.61257],[-100.43826,45.5612],[-100.43311,45.53484],[-100.40567,45.50487],[-100.34193,45.44849],[-100.29721,45.31589],[-100.30155,45.13363],[-100.32082,45.05312],[-100.348,45.03684],[-100.37508,45.03332],[-100.4025,44.99286],[-100.40978,44.91809],[-100.44381,44.85395],[-100.50458,44.80047],[-100.58329,44.78311],[-100.67992,44.80181],[-100.69126,44.79463],[-100.69659,44.77616],[-100.65938,44.73479],[-100.63538,44.67957],[-100.63326,44.61999],[-100.60856,44.57847],[-100.56122,44.55506],[-100.55569,44.53],[-100.56215,44.50408],[-100.53636,44.4763],[-100.41787,44.44954],[-100.39371,44.43442]]},"properties":{"sw":0.35,"scalerank":1,"name":"Missouri","featurecla":"Lake Centerline","na":1,"cl":"Missouri#0"}},{"type":"Feature","geometry":{"type":"LineString","coordinates":[[-101.40011,47.50578],[-101.42786,47.55172],[-101.54876,47.55575],[-101.77205,47.53327],[-101.97628,47.54723],[-102.16138,47.59766],[-102.26879,47.66869],[-102.2985,47.76032],[-102.34538,47.79941],[-102.40938,47.78597],[-102.49103,47.79419],[-102.59035,47.82395],[-102.61991,47.88095],[-102.5797,47.96503],[-102.61448,48.03797],[-102.72419,48.09973],[-102.87276,48.13742],[-103.06022,48.15107],[-103.17938,48.13618],[-103.23026,48.09272],[-103.30847,48.05924],[-103.41399,48.03562],[-103.49624,48.05379],[-103.5552,48.11368],[-103.63132,48.11497],[-103.77232,48.0273]]},"properties":{"sw":0.35,"scalerank":1,"name":"Missouri","featurecla":"Lake Centerline","na":1,"cl":"Missouri#0"}},{"type":"Feature","geometry":{"type":"LineString","coordinates":[[-99.36489,43.99091],[-99.3276,43.89396],[-99.35339,43.81761],[-99.42982,43.72948],[-99.44191,43.67449],[-99.38969,43.65268],[-99.34662,43.59946],[-99.31272,43.51486],[-99.19608,43.41482],[-98.99672,43.29937],[-98.89202,43.22496],[-98.882,43.19168],[-98.79763,43.14623],[-98.55966,43.05988]]},"properties":{"sw":0.4,"scalerank":1,"name":"Missouri","featurecla":"Lake Centerline","na":1,"cl":"Missouri#0"}},{"type":"Feature","geometry":{"type":"LineString","coordinates":[[-111.69876,46.66268],[-111.75813,46.67069],[-111.81369,46.71108],[-111.88521,46.78647],[-111.91334,46.83701],[-111.89815,46.86272],[-111.91908,46.91605],[-111.97613,46.99708],[-111.98931,47.05708],[-111.95872,47.09612],[-111.61608,47.3415],[-111.45389,47.41509],[-111.34775,47.41168],[-111.29297,47.43948],[-111.28951,47.4985],[-111.23736,47.54113],[-111.1366,47.56738],[-111.03678,47.63234],[-110.9379,47.73605],[-110.85641,47.78416],[-110.79233,47.77677],[-110.6172,47.84349],[-110.33101,47.98431],[-110.16668,48.04348],[-110.1242,48.02095],[-110.08942,47.96803],[-110.06235,47.88478],[-109.9947,47.81605],[-109.88647,47.76189],[-109.60943,47.7546],[-109.16364,47.79424],[-108.93461,47.79525],[-108.92234,47.75768],[-108.87353,47.71828],[-108.78816,47.67704],[-108.60678,47.64273],[-108.19063,47.60177]]},"properties":{"sw":0.25,"scalerank":1,"name":"Missouri","featurecla":"River","na":1,"cl":"Missouri#0"}},{"type":"Feature","geometry":{"type":"LineString","coordinates":[[-106.40583,48.02074],[-106.36671,48.05787],[-106.22098,48.05771],[-105.95567,48.03265],[-105.72923,48.04213],[-105.54172,48.08611],[-105.34023,48.09978],[-105.12477,48.08309],[-104.9778,48.0952],[-104.89925,48.13618],[-104.74952,48.14998],[-104.52855,48.13665],[-104.2774,48.09329],[-103.99608,48.01986],[-103.83464,47.99418],[-103.77232,48.0273]]},"properties":{"sw":0.3,"scalerank":1,"name":"Missouri","featurecla":"River","na":1,"cl":"Missouri#0"}},{"type":"Feature","geometry":{"type":"LineString","coordinates":[[-101.39967,47.5062],[-101.42262,47.48439],[-101.40732,47.43119],[-101.36153,47.33928],[-101.24761,47.28218],[-101.06553,47.25978],[-100.97877,47.23102],[-100.98734,47.19588],[-100.96673,47.14792],[-100.91686,47.0872],[-100.90156,47.03447],[-100.92079,46.98977],[-100.89208,46.90401],[-100.77712,46.71376]]},"properties":{"sw":0.35,"scalerank":1,"name":"Missouri","featurecla":"River","na":1,"cl":"Missouri#0"}},{"type":"Feature","geometry":{"type":"LineString","coordinates":[[-100.39412,44.43553],[-100.3725,44.41486],[-100.34454,44.37398],[-100.2254,44.32877],[-100.01944,44.28567],[-99.92245,44.24453],[-99.93444,44.20536],[-99.92134,44.17115],[-99.88317,44.1418],[-99.80426,44.12248],[-99.68469,44.11312],[-99.64699,44.13209],[-99.69117,44.17927],[-99.68425,44.20459],[-99.62621,44.208],[-99.58748,44.17818],[-99.5681,44.11509],[-99.50989,44.06031],[-99.36442,43.9906]]},"properties":{"sw":0.35,"scalerank":1,"name":"Missouri","featurecla":"River","na":1,"cl":"Missouri#0"}},{"type":"Feature","geometry":{"type":"LineString","coordinates":[[-98.55966,43.05988],[-98.14328,42.85227],[-97.96495,42.80586],[-97.88092,42.84958],[-97.69814,42.87464],[-97.41666,42.881],[-97.23879,42.86054],[-97.16448,42.8132],[-97.01973,42.76018],[-96.80452,42.70142],[-96.67554,42.6376],[-96.63278,42.56867],[-96.55795,42.52479],[-96.45101,42.50598],[-96.38375,42.41777],[-96.3561,42.26013],[-96.29533,42.13291],[-96.20138,42.03612],[-96.1542,41.96529],[-96.15376,41.92044],[-96.13123,41.87243],[-96.08664,41.82138],[-96.06881,41.73433],[-96.07777,41.61128],[-96.05863,41.54578],[-96.0114,41.53788],[-95.99096,41.52049],[-95.99736,41.49364],[-95.98158,41.4738],[-95.94357,41.46093],[-95.93298,41.42546],[-95.94972,41.36742],[-95.93602,41.33099],[-95.89194,41.31616],[-95.88363,41.28756],[-95.91117,41.24518],[-95.90691,41.21196],[-95.87089,41.18782],[-95.8466,41.08034],[-95.83402,40.88949],[-95.83815,40.77774],[-95.859,40.74511],[-95.82611,40.67617],[-95.73955,40.57086],[-95.6847,40.46637],[-95.66157,40.36276],[-95.6071,40.29547],[-95.52122,40.26457],[-95.46365,40.19806],[-95.4343,40.09598],[-95.36247,40.01032],[-95.1162,39.87209],[-95.05554,39.8708],[-94.98402,39.89116],[-94.92994,39.86149],[-94.8933,39.78181],[-94.89859,39.74114],[-94.94583,39.73949],[-95.00476,39.69156],[-95.07535,39.59738],[-95.05794,39.50896],[-94.95252,39.42638],[-94.88229,39.34313],[-94.8472,39.25915],[-94.77785,39.19399],[-94.62238,39.12441]]},"properties":{"sw":0.4,"scalerank":1,"name":"Missouri","featurecla":"River","na":1,"cl":"Missouri#0"}},{"type":"Feature","geometry":{"type":"LineString","coordinates":[[-94.62238,39.12441],[-94.50412,39.12441],[-94.42118,39.1511],[-94.33416,39.20443],[-94.23926,39.20722],[-94.13647,39.1595],[-94.02823,39.15363],[-93.91455,39.1896],[-93.77295,39.21099],[-93.60351,39.21781],[-93.51281,39.23745],[-93.50085,39.26985],[-93.46938,39.27073],[-93.4184,39.24009],[-93.34298,39.27011],[-93.24314,39.36085],[-93.10842,39.35904],[-92.93882,39.26468],[-92.87663,39.192],[-92.92179,39.14102],[-92.93259,39.08712],[-92.90903,39.03033],[-92.81611,38.99328],[-92.65395,38.97602],[-92.50285,38.89026],[-92.29291,38.65888]]},"properties":{"sw":0.5,"scalerank":1,"name":"Missouri","featurecla":"River","na":1,"cl":"Missouri#0"}},{"type":"Feature","geometry":{"type":"LineString","coordinates":[[-92.29291,38.65888],[-92.12365,38.58609],[-91.97849,38.59785],[-91.80098,38.66989],[-91.61905,38.70627],[-91.43271,38.70694],[-91.23755,38.66658],[-91.03359,38.58519],[-90.87173,38.57881],[-90.75205,38.64751],[-90.66095,38.68146],[-90.59842,38.68064],[-90.51274,38.73172],[-90.40383,38.83471],[-90.31639,38.85951],[-90.25642,38.84497],[-90.13312,38.81903]]},"properties":{"sw":0.55,"scalerank":1,"name":"Missouri","featurecla":"River","na":1,"cl":"Missouri#0"}},{"type":"Feature","geometry":{"type":"LineString","coordinates":[[31.3667,2.19335],[31.35564,2.25418],[31.38261,2.30593],[31.4747,2.40042]]},"properties":{"sw":0.3,"scalerank":1,"name":"White Nile","featurecla":"Lake Centerline","na":0,"cl":"White Nile#0"}},{"type":"Feature","geometry":{"type":"LineString","coordinates":[[32.01585,3.61366],[31.93534,3.528],[31.88511,3.50839],[31.8385,3.52627],[31.78465,3.52299],[31.72378,3.4986],[31.62384,3.36328],[31.48483,3.11702],[31.40432,2.95072],[31.3821,2.86432],[31.38757,2.80402],[31.42065,2.7697],[31.43377,2.71875],[31.42695,2.65121],[31.44989,2.58832],[31.5025,2.53008],[31.51532,2.47592],[31.4748,2.40073]]},"properties":{"sw":0.3,"scalerank":1,"name":"White Nile","featurecla":"River","na":0,"cl":"White Nile#0"}},{"type":"Feature","geometry":{"type":"LineString","coordinates":[[-71.66875,-15.33638],[-71.65756,-15.21711],[-71.63707,-15.17277],[-71.60358,-15.16367],[-71.59699,-15.11525],[-71.6173,-15.0274],[-71.59588,-14.93568],[-71.50116,-14.79233]]},"properties":{"sw":0.15,"scalerank":1,"name":"Amazon","featurecla":"River","na":0,"cl":"Amazon#0"}},{"type":"Feature","geometry":{"type":"LineString","coordinates":[[-71.50116,-14.79233],[-71.45659,-14.69321],[-71.45736,-14.56821],[-71.48865,-14.38429],[-71.51914,-14.26399],[-71.54886,-14.20725],[-71.59973,-14.1626],[-71.67177,-14.13014],[-71.73828,-14.03992],[-71.79931,-13.89192],[-71.91367,-13.80954],[-72.08141,-13.7927],[-72.23158,-13.73771],[-72.36408,-13.64449],[-72.54887,-13.54708],[-72.78586,-13.44559],[-72.95247,-13.41071],[-73.04861,-13.44238],[-73.1278,-13.44915],[-73.22111,-13.42187]]},"properties":{"sw":0.2,"scalerank":1,"name":"Amazon","featurecla":"River","na":0,"cl":"Amazon#0"}},{"type":"Feature","geometry":{"type":"LineString","coordinates":[[-73.22111,-13.42187],[-73.47807,-13.17465],[-73.56168,-13.06065],[-73.5576,-12.99729],[-73.5838,-12.89715],[-73.64033,-12.7601],[-73.71609,-12.64486],[-73.81107,-12.55138],[-73.9161,-12.39247],[-74.03113,-12.1683],[-74.05542,-12.00728],[-73.98897,-11.9094],[-74.03147,-11.71804],[-74.18288,-11.4331],[-74.25807,-11.25626],[-74.25696,-11.18759],[-74.20446,-11.154],[-74.10051,-11.15544],[-73.98284,-11.18826],[-73.8514,-11.25249],[-73.76342,-11.2804],[-73.71883,-11.27213],[-73.71865,-11.19472],[-73.76286,-11.04816],[-73.77417,-10.91241],[-73.75262,-10.78745],[-73.8036,-10.68441],[-73.92711,-10.60328],[-74.00253,-10.50938],[-74.02992,-10.40272],[-74.03333,-10.31043],[-74.01282,-10.23255],[-74.01741,-10.20475],[-74.03829,-10.18765],[-74.0508,-10.17307],[-74.04098,-10.1276],[-74.01721,-10.09804],[-74.00411,-10.0737],[-74.00982,-10.05851],[-74.0292,-10.05081],[-74.05847,-10.01484],[-74.07126,-9.96068],[-74.05664,-9.93319],[-74.01462,-9.93252],[-73.98354,-9.90772],[-73.96339,-9.85878],[-74.00145,-9.83253],[-74.09777,-9.82896],[-74.15058,-9.76736],[-74.15989,-9.64773],[-74.18025,-9.55905],[-74.21172,-9.50118],[-74.24722,-9.48686],[-74.2681,-9.48872],[-74.2814,-9.47544],[-74.29091,-9.45265],[-74.31466,-9.41519],[-74.37905,-9.36718],[-74.40481,-9.29277],[-74.39197,-9.19195],[-74.41246,-9.13934],[-74.447,-9.11521],[-74.45925,-9.0888],[-74.45424,-9.06151],[-74.45803,-9.04058],[-74.4755,-9.02922]]},"properties":{"sw":0.25,"scalerank":1,"name":"Amazon","featurecla":"River","na":0,"cl":"Amazon#0"}},{"type":"Feature","geometry":{"type":"LineString","coordinates":[[-74.4755,-9.02922],[-74.53857,-8.84881],[-74.50788,-8.73244],[-74.40452,-8.61994],[-74.33057,-8.57017],[-74.28608,-8.5832],[-74.26562,-8.55291],[-74.26918,-8.47948],[-74.29807,-8.45731],[-74.35223,-8.48646],[-74.39995,-8.48568],[-74.44121,-8.45494],[-74.47274,-8.44687],[-74.49602,-8.44615],[-74.50599,-8.41949],[-74.5072,-8.32099],[-74.53242,-8.26012],[-74.58162,-8.23691],[-74.5988,-8.20679],[-74.58399,-8.16968],[-74.59374,-8.15299],[-74.62805,-8.15661],[-74.63862,-8.13113],[-74.62549,-8.07646],[-74.63443,-8.03026],[-74.66544,-7.99243],[-74.70574,-7.97672],[-74.72391,-7.97517],[-74.7429,-7.96189],[-74.72771,-7.94287],[-74.73716,-7.91678],[-74.81602,-7.88262],[-74.85984,-7.88489],[-74.86863,-7.9236],[-74.89858,-7.92153],[-74.94963,-7.87874],[-74.9655,-7.84024],[-74.94617,-7.80598],[-74.96196,-7.75115],[-75.01281,-7.67571],[-75.0126,-7.6523],[-74.98981,-7.64661],[-74.9787,-7.62331],[-75.01477,-7.55835],[-75.01624,-7.49654],[-74.98317,-7.43784],[-75.01867,-7.36529],[-75.12275,-7.27883],[-75.19574,-7.24033],[-75.2377,-7.24984],[-75.25465,-7.23723],[-75.24669,-7.20251],[-75.26897,-7.18328],[-75.28036,-7.15858],[-75.26519,-7.12871],[-75.15122,-7.05032],[-75.13603,-7.01234]]},"properties":{"sw":0.3,"scalerank":1,"name":"Amazon","featurecla":"River","na":0,"cl":"Amazon#0"}},{"type":"Feature","geometry":{"type":"LineString","coordinates":[[-73.48864,-4.44484],[-73.51248,-4.48918],[-73.50584,-4.50965],[-73.48946,-4.52071],[-73.49034,-4.55295],[-73.54677,-4.60566],[-73.55974,-4.64416],[-73.55594,-4.67646],[-73.56292,-4.69615],[-73.59393,-4.70116],[-73.63472,-4.71098],[-73.70159,-4.77066],[-73.72353,-4.8273],[-73.70405,-4.86255],[-73.71356,-4.88719],[-73.74014,-4.88151],[-73.76482,-4.89479],[-73.77392,-4.93773],[-73.81774,-4.99427],[-73.89959,-5.05752],[-73.963,-5.06331],[-74.00034,-5.02207],[-74.02651,-5.02099],[-74.04896,-5.0323],[-74.08586,-5.12501],[-74.09922,-5.21586],[-74.08899,-5.30474],[-74.10669,-5.34494],[-74.14847,-5.37342],[-74.16177,-5.3943],[-74.15596,-5.41295],[-74.15934,-5.43507],[-74.17317,-5.45507],[-74.17505,-5.47026],[-74.16746,-5.48359],[-74.16495,-5.51269],[-74.18265,-5.53294],[-74.18645,-5.55573],[-74.17697,-5.57852],[-74.19216,-5.60322],[-74.2436,-5.62648],[-74.28531,-5.66947],[-74.30711,-5.73893],[-74.3346,-5.74947],[-74.3584,-5.73789],[-74.38122,-5.74203],[-74.39992,-5.77412],[-74.43424,-5.76916],[-74.48416,-5.72709],[-74.55503,-5.75825],[-74.64681,-5.86264],[-74.69401,-5.94212],[-74.6973,-5.9754],[-74.72197,-5.98682],[-74.75427,-5.98491],[-74.80011,-5.98046],[-74.88821,-6.05136],[-74.96206,-6.07524],[-75.01826,-6.06278],[-75.05244,-6.07606],[-75.06195,-6.10076],[-75.08094,-6.11213],[-75.09993,-6.10645],[-75.12923,-6.10562],[-75.17962,-6.15668],[-75.1869,-6.23626],[-75.15112,-6.34457],[-75.15189,-6.41888],[-75.17781,-6.45402],[-75.16262,-6.49578],[-75.12461,-6.53567],[-75.10562,-6.58694],[-75.12841,-6.60973],[-75.13001,-6.66538],[-75.08433,-6.74755],[-75.09094,-6.82651],[-75.14985,-6.90237],[-75.16597,-6.9604],[-75.14171,-6.98764],[-75.13603,-7.01234]]},"properties":{"sw":0.35,"scalerank":1,"name":"Amazon","featurecla":"River","na":0,"cl":"Amazon#0"}},{"type":"Feature","geometry":{"type":"LineString","coordinates":[[90.7947,34.30041],[91.15157,34.3209]]},"properties":{"sw":0.15,"scalerank":1,"name":"Yangtze","featurecla":"River","na":0,"cl":"Yangtze#0"}},{"type":"Feature","geometry":{"type":"LineString","coordinates":[[91.15157,34.3209],[91.64658,34.28137],[91.85308,34.23527],[91.93607,34.16944],[92.03726,34.16489],[92.15663,34.22163],[92.30861,34.24008],[92.49309,34.22024],[92.6197,34.17957],[92.68822,34.11802],[92.79013,34.09053],[92.9928,34.1003]]},"properties":{"sw":0.2,"scalerank":1,"name":"Yangtze","featurecla":"River","na":0,"cl":"Yangtze#0"}},{"type":"Feature","geometry":{"type":"LineString","coordinates":[[107.78291,54.29379],[108.02124,54.24646],[108.10661,54.19995],[108.11829,54.1384],[108.08816,54.08176],[107.98011,54.00415]]},"properties":{"sw":0.15,"scalerank":1,"name":"Lena","featurecla":"River","na":0,"cl":"Lena#0"}},{"type":"Feature","geometry":{"type":"LineString","coordinates":[[106.92715,53.88433],[106.9965,53.84979],[107.05283,53.84483],[107.11918,53.85793],[107.15866,53.89361],[107.17137,53.95185],[107.234,53.99934],[107.34655,54.03603],[107.456,54.1045],[107.56215,54.20475],[107.65713,54.2646],[107.78291,54.29379]]},"properties":{"sw":0.2,"scalerank":1,"name":"Lena","featurecla":"River","na":0,"cl":"Lena#0"}},{"type":"Feature","geometry":{"type":"LineString","coordinates":[[105.66542,54.02166],[105.80629,54.00632],[105.87295,53.97296],[105.91253,53.91648],[105.97351,53.87826],[106.05609,53.85826],[106.30476,53.85728],[106.92715,53.88433]]},"properties":{"sw":0.25,"scalerank":1,"name":"Lena","featurecla":"River","na":0,"cl":"Lena#0"}},{"type":"Feature","geometry":{"type":"LineString","coordinates":[[107.69723,57.4383],[107.6192,57.40784],[107.5931,57.38647],[107.58437,57.35702],[107.56463,57.34296],[107.51864,57.34585],[107.48742,57.32901],[107.47099,57.29242],[107.41456,57.27061],[107.31813,57.26359],[107.25075,57.27609],[107.21261,57.30818],[107.14863,57.3256],[107.05892,57.32834],[106.98854,57.30986],[106.93748,57.27012],[106.91805,57.23209],[106.93015,57.19576],[106.91247,57.14597],[106.86483,57.08272],[106.74675,57.04257],[106.55813,57.02551],[106.42516,57.02825],[106.34801,57.05078],[106.25618,57.01104],[106.14983,56.90898],[105.98566,56.83297],[105.7637,56.78294],[105.67244,56.7424],[105.71182,56.71132],[105.8314,56.69644],[106.03129,56.69768],[106.17288,56.67111],[106.25628,56.6168],[106.29215,56.55996],[106.28057,56.50058],[106.25008,56.45082],[106.20068,56.41056],[106.058,56.3655],[105.82205,56.31553],[105.69467,56.2661],[105.67596,56.21716],[105.71813,56.15174],[105.82117,56.06983],[105.85202,55.97565],[105.81058,55.86915],[105.73094,55.7551],[105.61322,55.6334],[105.51959,55.49036],[105.45003,55.32587],[105.33128,55.19684],[105.16322,55.10315],[105.0761,55.00837],[105.0699,54.91251],[105.10793,54.84983],[105.1903,54.82038],[105.23443,54.75351],[105.24053,54.64917],[105.22389,54.54995],[105.18457,54.45575],[105.22059,54.38392],[105.332,54.33441],[105.45716,54.23767],[105.66542,54.02166]]},"properties":{"sw":0.3,"scalerank":1,"name":"Lena","featurecla":"River","na":0,"cl":"Lena#0"}},{"type":"Feature","geometry":{"type":"LineString","coordinates":[[112.64277,59.54453],[112.54339,59.3633],[112.39369,59.27372],[112.16052,59.21538],[112.00984,59.19665],[111.94173,59.21752],[111.84612,59.18678],[111.72303,59.1044],[111.54857,59.01896],[111.32264,58.93046],[111.20182,58.847],[111.18622,58.76856],[111.11656,58.73879],[110.99284,58.75771],[110.94861,58.74634],[110.92897,58.71032],[110.80536,58.659],[110.56021,58.66244],[110.28178,58.64464],[109.97017,58.60562],[109.79767,58.53917],[109.76439,58.44522],[109.69432,58.35858],[109.58735,58.27926],[109.49826,58.23128],[109.42684,58.21459],[109.34054,58.22461],[109.23915,58.26135],[109.15389,58.27453],[109.08474,58.26414],[108.94046,58.21045],[108.72115,58.1134],[108.6056,58.04354],[108.59382,58.00085],[108.55268,57.9716],[108.4823,57.95579],[108.40861,57.90691],[108.33161,57.825],[108.22888,57.7849],[108.10031,57.78665],[108.03375,57.7589],[108.0293,57.70165],[107.95701,57.65868],[107.9044,57.63501],[107.89417,57.61023],[107.91804,57.57049],[107.87179,57.52256],[107.69723,57.4383]]},"properties":{"sw":0.35,"scalerank":1,"name":"Lena","featurecla":"River","na":0,"cl":"Lena#0"}},{"type":"Feature","geometry":{"type":"LineString","coordinates":[[120.64838,60.40347],[120.34344,60.39621],[120.18427,60.3497],[120.06924,60.26159],[119.87411,60.22911],[119.59888,60.25232],[119.35476,60.19142],[119.14175,60.04646],[118.95856,59.96559],[118.80529,59.9488],[118.67754,59.91701],[118.57533,59.87025],[118.51021,59.82382],[118.4821,59.7778],[118.41957,59.74478],[118.32252,59.7248],[117.99831,59.80534],[117.44671,59.98647],[117.12942,60.13426],[117.04622,60.24883],[116.96426,60.33105],[116.88354,60.38102],[116.66919,60.43905],[116.32141,60.50525],[116.03093,60.5977],[115.79787,60.7165],[115.5028,60.77474],[115.14572,60.77257],[114.89255,60.74508],[114.74321,60.69226],[114.54942,60.56679],[114.31099,60.36867],[114.13735,60.26009],[114.02852,60.24095],[113.82254,60.12481],[113.51941,59.91161],[113.23963,59.7793],[112.98301,59.72778],[112.83588,59.67398],[112.79811,59.61786],[112.74519,59.57848],[112.64277,59.54453]]},"properties":{"sw":0.4,"scalerank":1,"name":"Lena","featurecla":"River","na":0,"cl":"Lena#0"}},{"type":"Feature","geometry":{"type":"LineString","coordinates":[[124.99488,60.75764],[124.89277,60.71004],[124.7303,60.68782],[124.47326,60.67506],[124.27885,60.6456],[124.14708,60.59935],[123.55197,60.57599],[122.29686,60.57537],[121.65338,60.59754],[121.42476,60.6425],[121.16183,60.62235],[120.86449,60.53708],[120.70036,60.47254],[120.65386,60.4067]]},"properties":{"sw":0.45,"scalerank":1,"name":"Lena","featurecla":"River","na":0,"cl":"Lena#0"}},{"type":"Feature","geometry":{"type":"LineString","coordinates":[[129.21561,61.49919],[128.75145,61.32313],[128.48077,61.26603],[128.249,61.26918],[127.8931,61.22774],[127.41303,61.14169],[127.04726,61.10314],[126.7956,61.11208],[126.55375,61.10134],[126.32173,61.07085],[126.09745,61.01421],[125.88103,60.93145],[125.57831,60.85696],[124.99488,60.75764]]},"properties":{"sw":0.5,"scalerank":1,"name":"Lena","featurecla":"River","na":0,"cl":"Lena#0"}},{"type":"Feature","geometry":{"type":"LineString","coordinates":[[129.37963,63.48987],[129.58582,63.30544],[129.63734,63.19935],[129.60292,63.11015],[129.6223,63.03393],[129.69537,62.97076],[129.76389,62.85802],[129.82766,62.69576],[129.90941,62.56936],[130.00894,62.47882],[130.05132,62.3964],[130.03654,62.32214],[129.99737,62.26989],[129.93381,62.23972],[129.89246,62.16008],[129.87324,62.03099],[129.78849,61.89348],[129.63832,61.7476],[129.47626,61.63076],[129.21561,61.49919]]},"properties":{"sw":0.55,"scalerank":1,"name":"Lena","featurecla":"River","na":0,"cl":"Lena#0"}},{"type":"Feature","geometry":{"type":"LineString","coordinates":[[126.85265,64.22445],[127.2919,63.96524],[127.58553,63.84339],[127.87998,63.77246],[128.07754,63.69746],[128.17825,63.61834],[128.29143,63.56147],[128.4169,63.52677],[128.64065,63.51576],[128.9626,63.52837],[129.1876,63.52346],[129.37963,63.48987]]},"properties":{"sw":0.65,"scalerank":1,"name":"Lena","featurecla":"River","na":0,"cl":"Lena#0"}},{"type":"Feature","geometry":{"type":"LineString","coordinates":[[123.69687,66.50266],[123.73801,66.4614],[123.87609,66.19798],[124.0275,66.02207],[124.21095,65.87329],[124.28526,65.73309],[124.25054,65.60153],[124.2679,65.50422],[124.33735,65.4412],[124.37384,65.37859],[124.37725,65.31643],[124.40799,65.25162],[124.46597,65.18419],[124.59346,65.09753],[124.79045,64.99159],[124.95432,64.93118],[125.08506,64.9163],[125.22009,64.87862],[125.3593,64.81811],[125.45367,64.74695],[125.50307,64.6651],[125.74352,64.57539],[126.17502,64.47782],[126.42348,64.40289],[126.50621,64.37793],[126.85265,64.22445]]},"properties":{"sw":0.8,"scalerank":1,"name":"Lena","featurecla":"River","na":0,"cl":"Lena#0"}},{"type":"Feature","geometry":{"type":"LineString","coordinates":[[124.62157,69.33644],[124.25105,69.18126],[124.09375,69.09651],[124.02605,69.03041],[123.98523,68.92644],[123.97117,68.78459],[123.92714,68.63387],[123.85325,68.47435],[123.77398,68.34927],[123.68933,68.25868],[123.53451,68.17279],[123.30951,68.09161],[123.1505,67.92919],[123.05738,67.68543],[123.09474,67.45459],[123.26274,67.23657],[123.39787,66.99744],[123.5003,66.73717],[123.58784,66.58095],[123.69687,66.50266]]},"properties":{"sw":1,"scalerank":1,"name":"Lena","featurecla":"River","na":0,"cl":"Lena#0"}},{"type":"Feature","geometry":{"type":"LineString","coordinates":[[126.68966,72.2944],[126.89689,72.05023],[127.01967,71.94553],[127.12716,71.89897],[127.16793,71.84528],[127.14193,71.78446],[127.1623,71.68322],[127.22896,71.54152],[127.25821,71.41174],[127.25004,71.29387],[127.31691,71.18392],[127.45881,71.08197],[127.50656,70.99877],[127.46026,70.93438],[127.47184,70.87906],[127.41422,70.74183],[127.09083,70.60613],[126.78919,70.5406],[126.50942,70.54518],[126.23109,70.52732],[125.95431,70.48702],[125.80062,70.44934],[125.76987,70.4142],[125.83307,70.36728],[125.99007,70.30858],[126.0189,70.23463],[125.91937,70.14533],[125.77344,70.06893],[125.48478,69.97366]]},"properties":{"sw":1.2,"scalerank":1,"name":"Lena","featurecla":"River","na":0,"cl":"Lena#0"}},{"type":"Feature","geometry":{"type":"LineString","coordinates":[[125.48478,69.97366],[125.20117,69.90351],[125.0787,69.82551],[125.02279,69.71626],[124.90155,69.58035],[124.72198,69.40031],[124.62157,69.33644]]},"properties":{"sw":1.2,"scalerank":1,"name":"Lena","featurecla":"River","na":0,"cl":"Lena#0"}},{"type":"Feature","geometry":{"type":"LineString","coordinates":[[92.9928,34.1003],[93.0945,34.1945],[93.26204,34.22236],[93.52921,34.21522],[93.70656,34.23897],[93.83761,34.3209]]},"properties":{"sw":0.2,"scalerank":1,"name":"Yangtze","featurecla":"River","na":0,"cl":"Yangtze#0"}},{"type":"Feature","geometry":{"type":"LineString","coordinates":[[93.83761,34.3209],[94.01047,34.50125],[94.11718,34.56699],[94.21547,34.57815],[94.33805,34.62879],[94.48491,34.71897],[94.66071,34.74067],[94.86525,34.69395],[95.01816,34.62445],[95.11934,34.53216],[95.21205,34.48598],[95.29628,34.48593],[95.39829,34.44221],[95.51808,34.35485],[95.57539,34.2931],[95.57032,34.25703],[95.59585,34.22944],[95.65218,34.21037],[95.75698,34.11141],[95.91046,33.93261],[96.02301,33.82362],[96.09473,33.78445],[96.15251,33.77024],[96.19633,33.78104],[96.22238,33.76933],[96.23054,33.73507],[96.27602,33.725],[96.3588,33.7391],[96.41813,33.71528],[96.45409,33.6535],[96.52923,33.60379],[96.64354,33.56614],[96.70188,33.51633],[96.70426,33.45437],[96.7225,33.40649],[96.75671,33.37264],[96.78058,33.36427],[96.79423,33.38132],[96.80787,33.37078],[96.82151,33.33259],[96.87303,33.3205],[96.96243,33.33445],[97.01127,33.3097],[97.01969,33.24624],[97.08475,33.14366],[97.2065,33.00197],[97.29073,32.92259],[97.33735,32.90551],[97.37817,32.84776],[97.413,32.74942],[97.62425,32.61406],[98.01172,32.44174],[98.20913,32.32971],[98.21636,32.278],[98.27817,32.18512],[98.39454,32.05102],[98.44591,31.94131],[98.43227,31.85599],[98.45449,31.78243],[98.54151,31.6898]]},"properties":{"sw":0.25,"scalerank":1,"name":"Yangtze","featurecla":"River","na":0,"cl":"Yangtze#0"}},{"type":"Feature","geometry":{"type":"LineString","coordinates":[[31.67283,5.92997],[31.74342,5.80161],[31.77432,5.70239],[31.789,5.58948],[31.78765,5.45527],[31.77029,5.29978],[31.71944,5.08687],[31.63521,4.81661],[31.5704,4.65633],[31.52524,4.60602],[31.50746,4.49595],[31.51718,4.32604],[31.54395,4.1945],[31.58777,4.10135],[31.71122,3.94449],[32.01585,3.61366]]},"properties":{"sw":0.3,"scalerank":1,"name":"White Nile","featurecla":"River","na":0,"cl":"White Nile#0"}},{"type":"Feature","geometry":{"type":"LineString","coordinates":[[31.67283,5.92997],[31.46044,6.35661],[31.32928,6.58151],[31.14831,6.82966]]},"properties":{"sw":0.35,"scalerank":1,"name":"White Nile","featurecla":"River","na":0,"cl":"White Nile#0"}},{"type":"Feature","geometry":{"type":"LineString","coordinates":[[98.54151,31.6898],[98.79896,31.43795],[98.85539,31.32308],[98.79684,31.26122],[98.73788,31.25187],[98.67856,31.29504],[98.63752,31.27985],[98.61489,31.20636],[98.65334,31.12495],[98.75297,31.03557],[98.79896,30.96338],[98.79121,30.90832],[98.83064,30.84238],[98.91715,30.76554],[98.94655,30.71125],[98.91895,30.67957],[98.94283,30.47659],[99.01828,30.10235],[99.03864,29.84913],[99.00391,29.71695],[99.01404,29.55075],[99.09641,29.25049]]},"properties":{"sw":0.3,"scalerank":1,"name":"Yangtze","featurecla":"River","na":0,"cl":"Yangtze#0"}},{"type":"Feature","geometry":{"type":"LineString","coordinates":[[99.09641,29.25049],[99.14587,28.6412],[99.22137,28.36018],[99.39862,28.12642]]},"properties":{"sw":0.35,"scalerank":1,"name":"Yangtze","featurecla":"River","na":0,"cl":"Yangtze#0"}},{"type":"Feature","geometry":{"type":"LineString","coordinates":[[99.39862,28.1196],[99.43065,27.84238],[99.49422,27.6419],[99.60015,27.42574],[99.72676,27.24562],[99.87414,27.1015],[99.95434,26.99368],[99.96747,26.92208],[99.9963,26.9043],[100.04106,26.94027],[100.06338,27.01212],[100.06338,27.11982],[100.10865,27.22054],[100.19929,27.31428],[100.23169,27.39859],[100.20596,27.47352],[100.21862,27.55413],[100.26957,27.64038],[100.29623,27.72069],[100.29841,27.79494],[100.32972,27.8337],[100.39008,27.83691],[100.42739,27.75366],[100.44176,27.58387],[100.47245,27.48396],[100.51948,27.45388],[100.54542,27.39301],[100.55017,27.30133],[100.52289,27.23759],[100.46346,27.2018],[100.44961,27.16896],[100.48134,27.13909],[100.48589,27.04972],[100.46325,26.90084],[100.43747,26.81661],[100.40842,26.79697],[100.41059,26.69124],[100.44398,26.49934],[100.44868,26.37756],[100.42481,26.32589],[100.42806,26.27878],[100.45855,26.23623],[100.5818,26.20279],[100.7977,26.17845],[100.96069,26.21104],[101.07076,26.30054],[101.20006,26.35725],[101.34868,26.38113],[101.44686,26.44247],[101.49461,26.54127],[101.59032,26.59336],[101.73387,26.59874],[101.84126,26.5544],[101.91226,26.46035],[101.94017,26.36263],[101.92487,26.26124],[101.89903,26.19272],[101.86275,26.15716],[101.84715,26.09836],[101.85221,26.0164],[101.91205,25.98146],[102.02667,25.9935],[102.12599,26.05686],[102.20981,26.17148],[102.33084,26.26623],[102.48887,26.34113],[102.5825,26.37017],[102.61165,26.35343],[102.62209,26.32382],[102.61382,26.28134],[102.63501,26.25235],[102.68555,26.23675],[102.75262,26.26295],[102.83613,26.33095],[102.90548,26.36501],[102.96067,26.36508],[102.99008,26.39516],[102.99369,26.45528],[103.011,26.49807],[103.04211,26.5235],[103.0185,26.63331],[102.94026,26.82756],[102.89742,27.01267],[102.88998,27.18868],[102.90331,27.3127],[102.93752,27.38471],[102.96915,27.41202],[102.99829,27.39466],[103.0464,27.39807],[103.14702,27.43435]]},"properties":{"sw":0.4,"scalerank":1,"name":"Yangtze","featurecla":"River","na":0,"cl":"Yangtze#0"}},{"type":"Feature","geometry":{"type":"LineString","coordinates":[[103.14702,27.43435],[103.20019,27.53367],[103.23745,27.57204],[103.27641,27.58253],[103.293,27.60095],[103.28706,27.62725],[103.32592,27.6703],[103.40958,27.73004],[103.47924,27.81381],[103.53495,27.92155],[103.53232,27.99217],[103.47144,28.0256],[103.44441,28.06521],[103.45134,28.111],[103.48395,28.16118],[103.58947,28.24996],[103.62554,28.2636],[103.66316,28.25667],[103.70244,28.22918],[103.76155,28.24303],[103.84051,28.29812],[103.8587,28.37703],[103.81623,28.47976],[103.80889,28.56534],[103.85075,28.66804]]},"properties":{"sw":0.45,"scalerank":1,"name":"Yangtze","featurecla":"River","na":0,"cl":"Yangtze#0"}},{"type":"Feature","geometry":{"type":"LineString","coordinates":[[31.14831,6.82966],[30.92176,6.98278],[30.76968,7.15256],[30.61661,7.39001],[30.54669,7.52065],[30.56003,7.5445],[30.5485,7.58166],[30.51223,7.63212],[30.50794,7.69336],[30.53553,7.76537],[30.50809,7.88004],[30.42551,8.03737],[30.36588,8.12441],[30.32919,8.14116],[30.32314,8.2272],[30.34764,8.38254],[30.33875,8.48481],[30.29627,8.534],[30.28361,8.59025],[30.30066,8.65355],[30.28873,8.70399],[30.24769,8.74153],[30.21819,8.81781],[30.2001,8.93284],[30.23281,9.0427],[30.31642,9.1474],[30.34981,9.23675],[30.33306,9.31075],[30.3697,9.39488],[30.45972,9.48914],[30.61847,9.53081],[30.84595,9.51991],[31.00093,9.49397],[31.12475,9.43253]]},"properties":{"sw":0.35,"scalerank":1,"name":"White Nile","featurecla":"River","na":0,"cl":"White Nile#0"}},{"type":"Feature","geometry":{"type":"LineString","coordinates":[[31.12475,9.43253],[31.34592,9.3655],[31.45258,9.35398],[31.51842,9.37566],[31.58084,9.44488],[31.63965,9.56166],[31.74579,9.65693],[31.89907,9.73065],[32.03642,9.83428],[32.15776,9.96776],[32.23455,10.07225],[32.2668,10.1477],[32.2701,10.24648],[32.24437,10.36857],[32.20086,10.43507],[32.13936,10.44598],[32.10774,10.47104],[32.10588,10.51029],[32.24044,10.65594],[32.51133,10.90802],[32.64533,11.10279],[32.64233,11.24035],[32.67277,11.41393],[32.73664,11.62358],[32.76372,11.79515],[32.74914,11.99534]]},"properties":{"sw":0.35,"scalerank":1,"name":"White Nile","featurecla":"River","na":0,"cl":"White Nile#0"}},{"type":"Feature","geometry":{"type":"LineString","coordinates":[[32.74914,11.99534],[32.72951,12.19001],[32.74315,12.33289],[32.78346,12.48895],[32.79079,12.65194],[32.76506,12.82185],[32.76671,12.93931],[32.79565,13.0043],[32.75173,13.11685],[32.63494,13.27699],[32.58554,13.4244],[32.60362,13.55907],[32.58683,13.63824],[32.53525,13.66185],[32.50001,13.70379],[32.4811,13.76399],[32.43877,13.82466],[32.37304,13.88582],[32.29501,14.03214],[32.20458,14.26365],[32.17171,14.46522],[32.19621,14.63686],[32.26225,14.78256],[32.36984,14.90235],[32.44022,15.13032],[32.49014,15.63455]]},"properties":{"sw":0.4,"scalerank":1,"name":"White Nile","featurecla":"River","na":0,"cl":"White Nile#0"}},{"type":"Feature","geometry":{"type":"LineString","coordinates":[[103.85075,28.66804],[103.94232,28.62678],[104.09373,28.62066],[104.33547,28.6359],[104.49215,28.67871],[104.56367,28.74915],[104.62036,28.77935],[104.65049,28.79537],[104.75276,28.81744],[104.83343,28.81558],[104.89254,28.78979],[104.93947,28.79305],[104.98535,28.79047],[105.01161,28.77768],[105.04266,28.74574],[105.09134,28.72437],[105.12798,28.73215],[105.15258,28.76905],[105.20865,28.78649],[105.29619,28.78452],[105.35102,28.80506],[105.37303,28.84816],[105.42378,28.87707],[105.50305,28.89183],[105.54708,28.91467],[105.57653,28.92185],[105.61948,28.90588],[105.67327,28.89767],[105.74128,28.91803],[105.78469,28.90609],[105.80339,28.86175],[105.82892,28.83871],[105.86106,28.83695],[105.88158,28.85219],[105.89036,28.88434],[105.87574,28.91472],[105.83781,28.94325],[105.83429,28.97999],[105.8652,29.02484],[105.94576,29.0581],[106.07588,29.0797],[106.14632,29.1252],[106.15696,29.19465],[106.25298,29.27408],[106.43415,29.36348],[106.51813,29.42621],[106.5048,29.46239],[106.52273,29.51647],[106.57182,29.5885],[106.6175,29.61155],[106.65967,29.58561],[106.72111,29.57783],[106.80183,29.58817],[106.89428,29.64997],[106.99836,29.76325],[107.08368,29.78707],[107.15013,29.72149],[107.23731,29.6986],[107.34511,29.71834],[107.4188,29.77095],[107.45828,29.85637],[107.53011,29.89048],[107.63419,29.87327],[107.84172,30.04339],[108.30815,30.57953]]},"properties":{"sw":0.45,"scalerank":1,"name":"Yangtze","featurecla":"River","na":0,"cl":"Yangtze#0"}},{"type":"Feature","geometry":{"type":"LineString","coordinates":[[109.46002,31.01002],[109.54549,31.03449],[109.5981,31.03126],[109.64636,31.0085],[109.74155,31.01619],[109.88387,31.05436],[109.98412,31.06136],[110.04251,31.03712],[110.14266,31.03185],[110.28467,31.0455],[110.47365,31.01966],[110.82758,30.9217]]},"properties":{"sw":0.55,"scalerank":1,"name":"Yangtze","featurecla":"River","na":0,"cl":"Yangtze#0"}},{"type":"Feature","geometry":{"type":"LineString","coordinates":[[110.82758,30.9217],[110.97093,30.85223],[111.04504,30.83491],[111.09775,30.8467],[111.15893,30.82856],[111.22849,30.78055],[111.30859,30.67322],[111.39923,30.50656],[111.46527,30.41773],[111.50671,30.40675],[111.52046,30.38435],[111.50651,30.3506],[111.51229,30.3182],[111.53782,30.2872],[111.57079,30.28722],[111.61229,30.31089],[111.73559,30.38933],[111.81827,30.426],[111.86034,30.42083],[111.91051,30.38667],[111.9687,30.32342],[112.0581,30.29272],[112.17877,30.29456],[112.24693,30.27751],[112.26274,30.24157],[112.25209,30.19077],[112.21499,30.12514],[112.25184,30.06767],[112.36253,30.01837],[112.40557,29.92691],[112.38098,29.79332],[112.40971,29.7385],[112.49187,29.76242],[112.54365,29.79234],[112.56939,29.78415],[112.59342,29.76568],[112.60448,29.75245],[112.62871,29.75245],[112.63197,29.76493],[112.65703,29.78798],[112.70654,29.7994],[112.73894,29.78552],[112.73232,29.77229],[112.74467,29.75369],[112.78188,29.74395]]},"properties":{"sw":0.65,"scalerank":1,"name":"Yangtze","featurecla":"River","na":0,"cl":"Yangtze#0"}},{"type":"Feature","geometry":{"type":"LineString","coordinates":[[108.30815,30.57953],[108.39124,30.69185],[108.41832,30.75544],[108.41724,30.80768],[108.44308,30.85336],[108.49584,30.89243],[108.7567,30.93648],[109.46002,31.01002]]},"properties":{"sw":0.5,"scalerank":1,"name":"Yangtze","featurecla":"River","na":0,"cl":"Yangtze#0"}},{"type":"Feature","geometry":{"type":"LineString","coordinates":[[112.78188,29.74395],[112.81883,29.73741],[112.88461,29.76028],[112.94182,29.74025],[112.9551,29.69072],[112.93991,29.66858],[112.91696,29.59964],[112.92409,29.52998],[112.9506,29.50771],[112.98859,29.5052],[113.01654,29.49438],[113.03096,29.48084],[113.05267,29.46908],[113.09685,29.45645],[113.1277,29.46278]]},"properties":{"sw":0.8,"scalerank":1,"name":"Yangtze","featurecla":"River","na":0,"cl":"Yangtze#0"}},{"type":"Feature","geometry":{"type":"LineString","coordinates":[[31.23761,30.12069],[31.21182,30.13935],[31.1633,30.15126],[31.0525,30.1924],[30.97246,30.24544],[30.93535,30.30588],[30.89582,30.33549],[30.85479,30.35437],[30.8581,30.38414],[30.84817,30.47067],[30.78596,30.66645],[30.77019,30.78003],[30.78534,30.81078],[30.77211,30.84385],[30.76208,30.86613],[30.76301,30.94436],[30.74735,31.01061],[30.71521,31.06487],[30.65563,31.1181],[30.56871,31.17024],[30.52344,31.22926],[30.51982,31.29509],[30.4882,31.35685],[30.3951,31.4576]]},"properties":{"sw":0.8,"scalerank":1,"name":"Nile","featurecla":"River","na":0,"cl":"Nile#0"}},{"type":"Feature","geometry":{"type":"LineString","coordinates":[[31.1633,30.15126],[31.07813,30.32476],[31.10733,30.41892],[31.21037,30.5077],[31.2498,30.62325],[31.22572,30.76569],[31.22397,30.86856],[31.24474,30.93191],[31.31001,31.01852],[31.41987,31.12838],[31.50943,31.18637],[31.57878,31.19241],[31.67122,31.27794],[31.83922,31.52631]]},"properties":{"sw":0.8,"scalerank":1,"name":"Nile","featurecla":"River","na":0,"cl":"Nile#0"}},{"type":"Feature","geometry":{"type":"LineString","coordinates":[[126.68966,72.2944],[126.65695,72.42266],[126.67375,72.48493],[126.72925,72.524],[126.98412,72.51516],[127.66583,72.43005],[127.72609,72.41319]]},"properties":{"sw":1,"scalerank":1,"name":"Lena","featurecla":"River","na":0,"cl":"Lena#0"}},{"type":"Feature","geometry":{"type":"LineString","coordinates":[[126.68966,72.2944],[126.47464,72.35259],[126.33614,72.35049],[126.20251,72.30752],[126.01911,72.30422],[125.78605,72.34044],[125.42375,72.43604],[124.9323,72.59097],[124.61418,72.66456],[124.46938,72.65681],[124.22149,72.69089],[123.87051,72.7668],[123.6067,72.79251],[123.43007,72.76791],[123.18936,72.77339],[122.75193,72.90652]]},"properties":{"sw":1,"scalerank":1,"name":"Lena","featurecla":"River","na":0,"cl":"Lena#0"}},{"type":"Feature","geometry":{"type":"LineString","coordinates":[[-77.32199,47.57348],[-77.30112,47.56196],[-77.26517,47.52682],[-77.21588,47.5071],[-77.15758,47.53131],[-77.11418,47.52635],[-77.08565,47.49219],[-77.03723,47.47824],[-76.93481,47.48757]]},"properties":{"sw":0.2,"scalerank":6,"name":"R. des Outaouais","featurecla":"Lake Centerline","na":1,"cl":"R. des Outaouais#0"}},{"type":"Feature","geometry":{"type":"LineString","coordinates":[[-77.52725,47.7443],[-77.52847,47.76644],[-77.54418,47.82018],[-77.56735,47.82977]]},"properties":{"sw":0.2,"scalerank":6,"name":"R. des Outaouais","featurecla":"Lake Centerline","na":1,"cl":"R. des Outaouais#0"}},{"type":"Feature","geometry":{"type":"LineString","coordinates":[[-77.45677,47.55612],[-77.47142,47.56614],[-77.48382,47.5948],[-77.52986,47.5957],[-77.59151,47.57565],[-77.61324,47.58219],[-77.61541,47.59741],[-77.54446,47.67068]]},"properties":{"sw":0.2,"scalerank":6,"name":"R. des Outaouais","featurecla":"Lake Centerline","na":1,"cl":"R. des Outaouais#0"}},{"type":"Feature","geometry":{"type":"LineString","coordinates":[[-78.72405,47.6837],[-78.7439,47.67218],[-78.81286,47.65639]]},"properties":{"sw":0.2,"scalerank":6,"name":"R. des Outaouais","featurecla":"Lake Centerline","na":1,"cl":"R. des Outaouais#0"}},{"type":"Feature","geometry":{"type":"LineString","coordinates":[[-76.81934,47.51736],[-76.89135,47.53922],[-76.92023,47.53178],[-76.93481,47.48757]]},"properties":{"sw":0.2,"scalerank":6,"name":"R. des Outaouais","featurecla":"River","na":1,"cl":"R. des Outaouais#0"}},{"type":"Feature","geometry":{"type":"LineString","coordinates":[[-77.32199,47.57348],[-77.36129,47.57841],[-77.4308,47.55658],[-77.45677,47.55612]]},"properties":{"sw":0.2,"scalerank":6,"name":"R. des Outaouais","featurecla":"River","na":1,"cl":"R. des Outaouais#0"}},{"type":"Feature","geometry":{"type":"LineString","coordinates":[[-77.54446,47.67068],[-77.52725,47.7443]]},"properties":{"sw":0.2,"scalerank":6,"name":"R. des Outaouais","featurecla":"River","na":1,"cl":"R. des Outaouais#0"}},{"type":"Feature","geometry":{"type":"LineString","coordinates":[[-77.56733,47.82982],[-77.62123,47.81806],[-77.72871,47.73277],[-77.83436,47.72763],[-77.93296,47.79021],[-78.00368,47.78393],[-78.04657,47.70885],[-78.12742,47.6882],[-78.24628,47.72205],[-78.34196,47.76432],[-78.41443,47.81512],[-78.44872,47.86132],[-78.44484,47.90305],[-78.48536,47.92875],[-78.57031,47.93847],[-78.64116,47.92493],[-78.69788,47.88814],[-78.72568,47.82323],[-78.71578,47.70939],[-78.72405,47.6837]]},"properties":{"sw":0.2,"scalerank":6,"name":"R. des Outaouais","featurecla":"River","na":1,"cl":"R. des Outaouais#0"}},{"type":"Feature","geometry":{"type":"LineString","coordinates":[[-78.81281,47.65639],[-78.98737,47.55397],[-79.06796,47.5371],[-79.11274,47.57157],[-79.22529,47.58583],[-79.49576,47.57694]]},"properties":{"sw":0.2,"scalerank":6,"name":"R. des Outaouais","featurecla":"River","na":1,"cl":"R. des Outaouais#0"}},{"type":"Feature","geometry":{"type":"LineString","coordinates":[[-79.16555,46.82717],[-79.36494,47.02196],[-79.43491,47.13382],[-79.44194,47.22766],[-79.47923,47.31887],[-79.54672,47.40744],[-79.5593,47.48305],[-79.49576,47.57694]]},"properties":{"sw":0.2,"scalerank":6,"name":"Ottawa","featurecla":"Lake Centerline","na":1,"cl":"Ottawa#0"}},{"type":"Feature","geometry":{"type":"LineString","coordinates":[[-77.37134,46.06285],[-77.2722,45.95428],[-77.1549,45.91167],[-76.90212,45.89244]]},"properties":{"sw":0.3,"scalerank":6,"name":"Ottawa","featurecla":"River","na":1,"cl":"Ottawa#0"}},{"type":"Feature","geometry":{"type":"LineString","coordinates":[[-79.16555,46.82717],[-79.01458,46.60651],[-78.90316,46.48647],[-78.781,46.39345],[-78.46045,46.30689],[-77.68213,46.18659]]},"properties":{"sw":0.25,"scalerank":6,"name":"Ottawa","featurecla":"River","na":1,"cl":"Ottawa#0"}},{"type":"Feature","geometry":{"type":"LineString","coordinates":[[-76.90254,45.89239],[-76.8237,45.87968],[-76.75381,45.79783],[-76.66658,45.64259],[-76.55313,45.54208],[-76.41344,45.49634],[-76.26994,45.48394],[-76.12263,45.50487],[-76.00063,45.48363],[-75.90397,45.42023],[-75.62613,45.45077],[-75.16714,45.57531],[-74.86418,45.64218],[-74.71722,45.65137],[-74.57723,45.6322],[-74.37757,45.56094],[-74.31509,45.53105]]},"properties":{"sw":0.3,"scalerank":6,"name":"Ottawa","featurecla":"River","na":1,"cl":"Ottawa#0"}},{"type":"Feature","geometry":{"type":"LineString","coordinates":[[-77.68401,46.18721],[-77.373,46.0637]]},"properties":{"sw":0.3,"scalerank":6,"name":"Ottawa","featurecla":"River","na":1,"cl":"Ottawa#0"}},{"type":"Feature","geometry":{"type":"LineString","coordinates":[[32.04397,64.45968],[32.20044,64.38395]]},"properties":{"sw":0.2,"scalerank":6,"name":"Kem","featurecla":"River","na":0,"cl":"Kem#0"}},{"type":"Feature","geometry":{"type":"LineString","coordinates":[[31.95457,64.86374],[32.14903,64.74775]]},"properties":{"sw":0.2,"scalerank":6,"name":"Kem","featurecla":"River","na":0,"cl":"Kem#0"}},{"type":"Feature","geometry":{"type":"LineString","coordinates":[[31.5704,63.86938],[31.71375,63.81879]]},"properties":{"sw":0.15,"scalerank":6,"name":"Kem","featurecla":"River","na":0,"cl":"Kem#0"}},{"type":"Feature","geometry":{"type":"LineString","coordinates":[[31.71375,63.81879],[31.83364,63.76577],[31.94444,63.76681],[32.2361,63.85311],[32.29408,63.90344],[32.35744,63.984],[32.37842,64.03684],[32.35702,64.06203],[32.36012,64.1088],[32.38772,64.17717],[32.33925,64.24936],[32.21481,64.32543],[32.18515,64.3771],[32.25036,64.40444],[32.30178,64.44514],[32.3395,64.49927],[32.30338,64.56955],[32.19331,64.65603],[32.1436,64.72316],[32.14903,64.74775],[32.15414,64.77096],[32.25925,64.82046],[32.45883,64.87165],[32.5892,64.92984],[32.65029,64.99503],[32.74237,65.01647],[32.86547,64.9942],[32.95166,65.01572],[33.00096,65.08099],[33.06561,65.11114],[33.1856,65.1036]]},"properties":{"sw":0.2,"scalerank":6,"name":"Kem","featurecla":"River","na":0,"cl":"Kem#0"}},{"type":"Feature","geometry":{"type":"LineString","coordinates":[[33.1856,65.1036],[34.00478,64.97526],[34.38568,64.94446],[34.70923,64.98043],[34.8035,64.98602]]},"properties":{"sw":0.25,"scalerank":6,"name":"Kem","featurecla":"River","na":0,"cl":"Kem#0"}},{"type":"Feature","geometry":{"type":"LineString","coordinates":[[13.82182,47.09046],[14.36732,47.14738]]},"properties":{"sw":0.15,"scalerank":6,"name":"Mur","featurecla":"River","na":0,"cl":"Mur#0"}},{"type":"Feature","geometry":{"type":"LineString","coordinates":[[14.36732,47.14738],[14.507,47.20911],[14.61966,47.2244],[14.75184,47.21376],[14.86062,47.24526],[14.9461,47.31892],[15.06201,47.37101],[15.14515,47.40016],[15.20846,47.40153],[15.30302,47.39367],[15.34571,47.34742],[15.35248,47.31621],[15.32344,47.30006],[15.31558,47.25257],[15.32891,47.17371],[15.36137,47.1211],[15.41294,47.0948],[15.47593,46.99692],[15.55965,46.8313],[15.58172,46.76735],[15.63019,46.73648],[15.7013,46.72283],[16.04205,46.66268]]},"properties":{"sw":0.2,"scalerank":6,"name":"Mur","featurecla":"River","na":0,"cl":"Mur#0"}},{"type":"Feature","geometry":{"type":"LineString","coordinates":[[16.04205,46.66268],[16.2115,46.57049],[16.32121,46.53463],[16.42766,46.5244],[16.56998,46.48499],[16.74805,46.41642],[16.87146,46.33929],[16.93998,46.25366],[17.03269,46.18731],[17.14958,46.14034],[17.24218,46.07662],[17.3106,45.99616],[17.40631,45.9511],[17.52919,45.94133],[17.60702,45.91379],[17.63968,45.86836],[17.70639,45.82725],[17.80716,45.79041],[17.96384,45.77028],[18.28274,45.76517]]},"properties":{"sw":0.25,"scalerank":6,"name":"Mur","featurecla":"River","na":0,"cl":"Mur#0"}},{"type":"Feature","geometry":{"type":"LineString","coordinates":[[18.28274,45.76517],[18.55084,45.62672],[18.71207,45.57365],[18.95371,45.55799]]},"properties":{"sw":0.3,"scalerank":6,"name":"Mur","featurecla":"River","na":0,"cl":"Mur#0"}},{"type":"Feature","geometry":{"type":"LineString","coordinates":[[32.56094,30.18066],[32.3595,30.42429]]},"properties":{"sw":0.2,"scalerank":6,"name":"Suez Canal","featurecla":"Lake Centerline","na":0,"cl":"Suez Canal#0"}},{"type":"Feature","geometry":{"type":"LineString","coordinates":[[32.35981,30.4236],[32.30349,30.59304]]},"properties":{"sw":0.2,"scalerank":6,"name":"Suez Canal","featurecla":"River","na":0,"cl":"Suez Canal#0"}},{"type":"Feature","geometry":{"type":"LineString","coordinates":[[32.56083,30.18152],[32.56569,29.97396]]},"properties":{"sw":0.2,"scalerank":6,"name":"Suez Canal","featurecla":"River","na":0,"cl":"Suez Canal#0"}},{"type":"Feature","geometry":{"type":"LineString","coordinates":[[32.30349,30.59304],[32.33418,30.6887],[32.33677,30.85861],[32.32353,31.25606]]},"properties":{"sw":0.3,"scalerank":6,"name":"Suez Canal","featurecla":"River","na":0,"cl":"Suez Canal#0"}},{"type":"Feature","geometry":{"type":"LineString","coordinates":[[31.23761,30.12069],[31.28215,30.1287],[31.32396,30.1801],[31.37781,30.27751],[31.48317,30.37884],[31.64017,30.48411],[31.86486,30.55082],[32.30349,30.59304]]},"properties":{"sw":0.3,"scalerank":6,"name":"Ismailiya Canal","featurecla":"River","na":0,"cl":"Ismailiya Canal#0"}},{"type":"Feature","geometry":{"type":"LineString","coordinates":[[170.00133,-44.28619],[170.10996,-44.2912],[170.25724,-44.36065]]},"properties":{"sw":0.2,"scalerank":6,"name":"Great Bear","featurecla":"River","na":0,"cl":"Great Bear#0"}},{"type":"Feature","geometry":{"type":"LineString","coordinates":[[170.20411,-44.1711],[170.27863,-44.3205]]},"properties":{"sw":0.2,"scalerank":6,"name":"Great Bear","featurecla":"River","na":0,"cl":"Great Bear#0"}},{"type":"Feature","geometry":{"type":"LineString","coordinates":[[170.51045,-44.00264],[170.38684,-44.21585],[170.33191,-44.28779],[170.27863,-44.3205],[170.25724,-44.36065],[170.24256,-44.38804],[170.22344,-44.49036],[170.28328,-44.59087],[170.49123,-44.73892]]},"properties":{"sw":0.2,"scalerank":6,"name":"Waitaki","featurecla":"River","na":0,"cl":"Waitaki#0"}},{"type":"Feature","geometry":{"type":"LineString","coordinates":[[170.49123,-44.73892],[170.55779,-44.79535],[170.65535,-44.83339],[170.88159,-44.89106],[170.99902,-44.91143]]},"properties":{"sw":0.25,"scalerank":6,"name":"Waitaki","featurecla":"River","na":0,"cl":"Waitaki#0"}},{"type":"Feature","geometry":{"type":"LineString","coordinates":[[143.06592,43.6995],[142.88454,43.80963]]},"properties":{"sw":0.15,"scalerank":6,"name":"Ishikari","featurecla":"River","na":0,"cl":"Ishikari#0"}},{"type":"Feature","geometry":{"type":"LineString","coordinates":[[142.88454,43.80963],[142.72207,43.87789],[142.63205,43.89474],[142.56022,43.88295],[142.48141,43.84875],[142.39553,43.79211],[142.2544,43.73816],[141.94294,43.64829],[141.90915,43.62251],[141.8845,43.56427],[141.86114,43.42825]]},"properties":{"sw":0.2,"scalerank":6,"name":"Ishikari","featurecla":"River","na":0,"cl":"Ishikari#0"}},{"type":"Feature","geometry":{"type":"LineString","coordinates":[[141.86114,43.42825],[141.70993,43.32898],[141.644,43.25374],[141.61289,43.16941],[141.56741,43.12998],[141.50757,43.1354],[141.44762,43.16308],[141.34528,43.25]]},"properties":{"sw":0.25,"scalerank":6,"name":"Ishikari","featurecla":"River","na":0,"cl":"Ishikari#0"}},{"type":"Feature","geometry":{"type":"LineString","coordinates":[[114.76192,1.7602],[114.8755,1.88536],[114.95612,1.93254],[115.08469,1.94887]]},"properties":{"sw":0.15,"scalerank":6,"name":"Kayan","featurecla":"River","na":0,"cl":"Kayan#0"}},{"type":"Feature","geometry":{"type":"LineString","coordinates":[[115.08469,1.94887],[115.26142,2.0114],[115.36033,2.03088],[115.44022,2.02809],[115.49014,2.00985],[115.50988,1.97616],[115.55231,1.96882],[115.61732,1.98779],[115.69354,2.06075],[115.78108,2.18767],[115.84526,2.20416],[115.88629,2.11013],[115.95874,2.06628],[116.06287,2.07259],[116.14137,2.14576],[116.19439,2.2857],[116.32606,2.46559],[116.53648,2.68539],[116.65648,2.79849],[116.68619,2.80489],[116.71932,2.7821],[116.7558,2.73012],[116.81161,2.73632],[116.88654,2.8006],[116.98235,2.81009],[117.09883,2.76479],[117.16828,2.75456],[117.19071,2.77937],[117.22936,2.78665],[117.28424,2.77642],[117.34191,2.80905],[117.40217,2.88453],[117.46025,2.92225],[117.51198,2.9285],[117.56919,2.92929]]},"properties":{"sw":0.2,"scalerank":6,"name":"Kayan","featurecla":"River","na":0,"cl":"Kayan#0"}},{"type":"Feature","geometry":{"type":"LineString","coordinates":[[114.83767,0.56477],[114.87147,0.45842],[114.85256,0.41636],[114.79209,0.40333],[114.73618,0.35486],[114.65887,0.22898]]},"properties":{"sw":0.15,"scalerank":6,"name":"Barito","featurecla":"River","na":0,"cl":"Barito#0"}},{"type":"Feature","geometry":{"type":"LineString","coordinates":[[114.65887,0.22898],[114.65934,0.18324],[114.63717,0.15932],[114.59242,0.14206],[114.52162,0.14464],[114.42478,0.16707],[114.34933,0.1741],[114.29548,0.16552],[114.25869,0.14289],[114.23916,0.1062],[114.21859,0.094],[114.19161,0.04067],[114.22086,-0.00377],[114.27574,-0.0448],[114.24851,-0.10955],[114.13911,-0.19818],[114.07865,-0.28727],[114.06738,-0.37682],[114.13999,-0.50255],[114.29652,-0.6643],[114.42747,-0.73685],[114.53278,-0.72011],[114.58596,-0.68817],[114.58709,-0.64105],[114.63862,-0.618],[114.74068,-0.61903],[114.82357,-0.66208],[114.88728,-0.74714],[114.92273,-0.82455],[114.92976,-0.89436],[114.90423,-0.94459],[114.84625,-0.97534],[114.83612,-1.02516],[114.87395,-1.09404],[114.86392,-1.16277],[114.80615,-1.23124],[114.80651,-1.28049],[114.86511,-1.31046],[114.88615,-1.3856],[114.86124,-1.56605]]},"properties":{"sw":0.2,"scalerank":6,"name":"Barito","featurecla":"River","na":0,"cl":"Barito#0"}},{"type":"Feature","geometry":{"type":"LineString","coordinates":[[114.86124,-1.56605],[114.79644,-1.7709],[114.79127,-1.84335],[114.82413,-1.85182],[114.85287,-1.89131],[114.87746,-1.962],[114.87591,-2.03698],[114.84811,-2.11636],[114.85266,-2.22172],[114.88935,-2.35309],[114.86496,-2.50512],[114.77938,-2.67782],[114.75158,-2.80308],[114.78166,-2.88091],[114.78651,-2.94581],[114.76636,-2.9977],[114.71603,-3.05206],[114.63551,-3.10891],[114.58405,-3.18993],[114.52556,-3.3767]]},"properties":{"sw":0.25,"scalerank":6,"name":"Barito","featurecla":"River","na":0,"cl":"Barito#0"}},{"type":"Feature","geometry":{"type":"LineString","coordinates":[[143.49205,-5.93819],[143.63881,-6.2945]]},"properties":{"sw":0.15,"scalerank":6,"name":"Purari","featurecla":"River","na":0,"cl":"Purari#0"}},{"type":"Feature","geometry":{"type":"LineString","coordinates":[[143.63881,-6.2945],[143.6385,-6.38726],[143.6818,-6.45743],[143.76862,-6.53609],[143.87797,-6.58931],[144.00995,-6.61722],[144.12426,-6.59686],[144.2211,-6.52808],[144.30058,-6.49082],[144.3629,-6.48513],[144.494,-6.56983],[144.75735,-6.80051],[144.78106,-6.82951]]},"properties":{"sw":0.2,"scalerank":6,"name":"Purari","featurecla":"River","na":0,"cl":"Purari#0"}},{"type":"Feature","geometry":{"type":"LineString","coordinates":[[144.78106,-6.82951],[144.79729,-6.85891],[144.80189,-6.89689],[144.83088,-6.91394],[144.88369,-6.90516],[144.92633,-6.91033],[144.95888,-6.92924],[144.9702,-6.95239],[144.96632,-6.97363],[144.98436,-6.99167],[145.04234,-6.98826],[145.08296,-6.99973],[145.10601,-7.02619],[145.12683,-7.0297],[145.15324,-7.01869],[145.19138,-7.0266],[145.26507,-7.07822],[145.30155,-7.16649],[145.30093,-7.29144],[145.25711,-7.36064],[145.17019,-7.37397],[145.1182,-7.41149],[145.10125,-7.47308],[145.12683,-7.5384],[145.19494,-7.6076],[145.21484,-7.68682],[145.18647,-7.78671],[145.19437,-7.84112]]},"properties":{"sw":0.25,"scalerank":6,"name":"Purari","featurecla":"River","na":0,"cl":"Purari#0"}},{"type":"Feature","geometry":{"type":"LineString","coordinates":[[100.55007,-0.56555],[100.66024,-0.57216],[100.72443,-0.60188],[100.77941,-0.65676],[100.83951,-0.67495],[100.93733,-0.64709]]},"properties":{"sw":0.15,"scalerank":6,"name":"Batang Indragiri","featurecla":"River","na":0,"cl":"Batang Indragiri#0"}},{"type":"Feature","geometry":{"type":"LineString","coordinates":[[100.93733,-0.64709],[101.00663,-0.65851],[101.04317,-0.63836],[101.07004,-0.5904],[101.11536,-0.58555],[101.17913,-0.62379],[101.25923,-0.63593],[101.3556,-0.62193],[101.42418,-0.62668],[101.48335,-0.63164],[101.53368,-0.61118],[101.63073,-0.5101],[101.77046,-0.48607],[101.95288,-0.53904],[102.09711,-0.5347],[102.25632,-0.44199]]},"properties":{"sw":0.2,"scalerank":6,"name":"Batang Indragiri","featurecla":"River","na":0,"cl":"Batang Indragiri#0"}},{"type":"Feature","geometry":{"type":"LineString","coordinates":[[102.25632,-0.44199],[102.37239,-0.35579],[102.52132,-0.37822],[102.74187,-0.48075],[102.84337,-0.50648],[102.93654,-0.47925],[103.10531,-0.37372],[103.22867,-0.33073],[103.34556,-0.36008],[103.40519,-0.3622]]},"properties":{"sw":0.25,"scalerank":6,"name":"Batang Indragiri","featurecla":"River","na":0,"cl":"Batang Indragiri#0"}},{"type":"Feature","geometry":{"type":"LineString","coordinates":[[7.11019,44.70601],[7.32558,44.66482],[7.42351,44.68694],[7.5018,44.79453]]},"properties":{"sw":0.15,"scalerank":6,"name":"Po","featurecla":"River","na":0,"cl":"Po#0"}},{"type":"Feature","geometry":{"type":"LineString","coordinates":[[7.5018,44.79453],[7.61931,44.84902],[7.66478,44.92501],[7.6775,45.04074],[7.73062,45.129],[7.82426,45.18985],[7.97588,45.21977],[8.18537,45.21876],[8.36004,45.19921],[8.49967,45.16107],[8.59434,45.11265],[8.64405,45.05399],[8.80776,45.05361],[9.22448,45.1405]]},"properties":{"sw":0.2,"scalerank":6,"name":"Po","featurecla":"River","na":0,"cl":"Po#0"}},{"type":"Feature","geometry":{"type":"LineString","coordinates":[[9.22448,45.1405],[9.4624,45.09952],[9.50498,45.09337],[9.54953,45.11567],[9.60699,45.12908],[9.6519,45.1143],[9.69872,45.08619],[9.73267,45.08278],[9.75385,45.10402],[9.78166,45.10304],[9.81628,45.07973],[9.84584,45.08459],[9.87044,45.1175],[9.90868,45.13265],[9.96046,45.12991],[10.00769,45.10577],[10.05037,45.0602],[10.15352,45.02583],[10.31713,45.00273],[10.42952,44.97237],[10.49061,44.9348],[10.5567,44.92829],[10.6277,44.95284],[10.666,44.98614],[10.67147,45.02821],[10.73974,45.05691],[10.87069,45.07224],[11.02034,45.07477],[11.1885,45.06454],[11.31242,45.02896],[11.39189,44.968],[11.47928,44.92687],[11.57447,44.90558],[11.68392,44.91752],[11.86949,44.98521]]},"properties":{"sw":0.25,"scalerank":6,"name":"Po","featurecla":"River","na":0,"cl":"Po#0"}},{"type":"Feature","geometry":{"type":"LineString","coordinates":[[11.86949,44.98521],[12.08498,45.01989],[12.19887,45.01299],[12.2829,44.97604],[12.37716,44.96069],[12.52343,44.96794]]},"properties":{"sw":0.3,"scalerank":6,"name":"Po","featurecla":"River","na":0,"cl":"Po#0"}},{"type":"Feature","geometry":{"type":"LineString","coordinates":[[23.23748,-19.33825],[23.35421,-19.55581],[23.43478,-19.62216],[23.57864,-19.68262]]},"properties":{"sw":0.2,"scalerank":6,"name":"Okavango","featurecla":"River","na":0,"cl":"Okavango#0"}},{"type":"Feature","geometry":{"type":"LineString","coordinates":[[22.52713,-18.94225],[22.54248,-19.07201],[22.63472,-19.20033],[22.77094,-19.36776],[22.89192,-19.47338],[22.99765,-19.51736],[23.12399,-19.5448],[23.35421,-19.55581]]},"properties":{"sw":0.2,"scalerank":6,"name":"Okavango","featurecla":"River","na":0,"cl":"Okavango#0"}},{"type":"Feature","geometry":{"type":"LineString","coordinates":[[24.73899,-21.26485],[24.68989,-21.1846],[24.59688,-21.11732],[24.4436,-21.03629],[24.36681,-20.94379],[24.36661,-20.83997],[24.39989,-20.7053],[24.46665,-20.53978],[24.49466,-20.44015],[24.48381,-20.4063],[24.45332,-20.39064],[24.40319,-20.39302],[24.32278,-20.34537],[24.2122,-20.2477],[24.0982,-20.22827],[23.98079,-20.28708],[23.88111,-20.28181],[23.79915,-20.21246],[23.69781,-20.16042],[23.57699,-20.12585],[23.45984,-20.11924],[23.40413,-20.11779],[23.37034,-20.10311]]},"properties":{"sw":0.2,"scalerank":6,"name":"Okavango","featurecla":"River","na":0,"cl":"Okavango#0"}},{"type":"Feature","geometry":{"type":"LineString","coordinates":[[23.52841,-19.52243],[23.57864,-19.68262],[23.59518,-19.73523],[23.54505,-19.88566],[23.39183,-20.04766],[23.36837,-20.0797],[23.37034,-20.10311]]},"properties":{"sw":0.2,"scalerank":6,"name":"Okavango","featurecla":"River","na":0,"cl":"Okavango#0"}},{"type":"Feature","geometry":{"type":"LineString","coordinates":[[21.50342,-18.06024],[21.63706,-18.09652],[21.73762,-18.1853],[21.84976,-18.33867],[21.93725,-18.41748],[22.00019,-18.42182],[22.08768,-18.51768],[22.19961,-18.70511],[22.31681,-18.82242],[22.43928,-18.8696],[22.52713,-18.94225],[22.58046,-19.04034],[22.66273,-19.0824],[22.77394,-19.0684],[22.89383,-19.07801],[23.0225,-19.11118],[23.12854,-19.1904],[23.21205,-19.31556],[23.23748,-19.33825],[23.29246,-19.38719],[23.36966,-19.40528],[23.43767,-19.44088],[23.52562,-19.52072]]},"properties":{"sw":0.2,"scalerank":6,"name":"Okavango","featurecla":"River","na":0,"cl":"Okavango#0"}},{"type":"Feature","geometry":{"type":"LineString","coordinates":[[16.14509,-12.65406],[16.1916,-12.6336],[16.23413,-12.65954],[16.28818,-12.72511],[16.32761,-12.82103],[16.36482,-13.01032]]},"properties":{"sw":0.15,"scalerank":6,"name":"Okavango","featurecla":"River","na":0,"cl":"Okavango#0"}},{"type":"Feature","geometry":{"type":"LineString","coordinates":[[16.36482,-13.01032],[16.43133,-13.43623],[16.41412,-13.71115],[16.33526,-13.97698],[16.28793,-14.19588],[16.27191,-14.36786],[16.29402,-14.49343],[16.35418,-14.5726],[16.44559,-14.64122],[16.56827,-14.69941],[16.64615,-14.82065],[16.67922,-15.00513],[16.75002,-15.16646],[16.85854,-15.30475],[16.94354,-15.39467],[17.00504,-15.43632],[17.11971,-15.47415],[17.28766,-15.50825],[17.37871,-15.55517],[17.39308,-15.61486],[17.46207,-15.71413],[17.58578,-15.85304],[17.66376,-16.01902],[17.6959,-16.21209],[17.7668,-16.41817],[17.87636,-16.63723],[18.09536,-16.95256],[18.58815,-17.57004]]},"properties":{"sw":0.2,"scalerank":6,"name":"Okavango","featurecla":"River","na":0,"cl":"Okavango#0"}},{"type":"Feature","geometry":{"type":"LineString","coordinates":[[18.58815,-17.57004],[18.71806,-17.70326],[18.82601,-17.76631],[18.95531,-17.80356],[19.07649,-17.81767],[19.18945,-17.80847],[19.37714,-17.82547],[19.63935,-17.86862],[19.91179,-17.88134],[20.19435,-17.86366],[20.393,-17.88743],[20.50762,-17.95255],[20.62513,-17.99668],[20.74554,-18.01978],[20.90832,-18.00608],[21.11347,-17.95575],[21.28793,-17.96299],[21.50342,-18.06024]]},"properties":{"sw":0.2,"scalerank":6,"name":"Okavango","featurecla":"River","na":0,"cl":"Okavango#0"}},{"type":"Feature","geometry":{"type":"LineString","coordinates":[[24.73082,-29.9792],[24.97783,-30.26306]]},"properties":{"sw":0.25,"scalerank":4,"name":"Orange","featurecla":"Lake Centerline","na":0,"cl":"Orange#0"}},{"type":"Feature","geometry":{"type":"LineString","coordinates":[[25.97178,-30.54542],[25.90233,-30.54754],[25.84068,-30.58134],[25.76368,-30.64759],[25.6704,-30.6635],[25.50607,-30.61214]]},"properties":{"sw":0.25,"scalerank":4,"name":"Orange","featurecla":"Lake Centerline","na":0,"cl":"Orange#0"}},{"type":"Feature","geometry":{"type":"LineString","coordinates":[[29.05748,-29.08184],[29.01686,-29.21754],[28.95821,-29.27656],[28.86799,-29.3041],[28.80876,-29.35867],[28.76644,-29.48094]]},"properties":{"sw":0.15,"scalerank":4,"name":"Orange","featurecla":"River","na":0,"cl":"Orange#0"}},{"type":"Feature","geometry":{"type":"LineString","coordinates":[[28.76644,-29.48094],[28.72148,-29.54977],[28.72505,-29.58584],[28.76215,-29.61189],[28.76861,-29.64279],[28.74443,-29.67845],[28.74598,-29.73162],[28.77316,-29.80216],[28.75332,-29.85074],[28.68645,-29.87719],[28.6665,-29.90954],[28.69347,-29.94789],[28.68624,-29.98391],[28.64459,-30.0177],[28.56733,-30.03796],[28.45437,-30.04473],[28.3736,-30.03222],[28.32492,-30.0006],[28.2089,-30.00608],[28.02545,-30.04876],[27.92453,-30.10126],[27.90613,-30.16369],[27.87647,-30.21309],[27.83544,-30.24968],[27.79151,-30.26425],[27.74449,-30.25681],[27.71322,-30.28172],[27.69762,-30.33897],[27.65674,-30.3736],[27.5907,-30.38559],[27.50967,-30.37138],[27.43143,-30.33851],[27.40859,-30.32533],[27.38957,-30.32616]]},"properties":{"sw":0.2,"scalerank":4,"name":"Orange","featurecla":"River","na":0,"cl":"Orange#0"}},{"type":"Feature","geometry":{"type":"LineString","coordinates":[[27.38957,-30.32616],[27.38756,-30.33515],[27.38875,-30.35262],[27.37717,-30.37246],[27.34498,-30.38605],[27.33831,-30.40223],[27.33748,-30.41628],[27.33418,-30.42703],[27.30999,-30.43055],[27.29526,-30.4446],[27.28291,-30.47581],[27.22576,-30.49948],[27.082,-30.52181],[27.04148,-30.54113],[27.02753,-30.57297],[26.98794,-30.60904],[26.8973,-30.6543],[26.79592,-30.67771],[26.68378,-30.67916],[26.58115,-30.64986],[26.48792,-30.58971],[26.401,-30.56459],[26.32029,-30.57431],[26.24654,-30.55571],[26.17967,-30.50873],[26.10262,-30.50026],[25.97178,-30.54542]]},"properties":{"sw":0.2,"scalerank":4,"name":"Orange","featurecla":"River","na":0,"cl":"Orange#0"}},{"type":"Feature","geometry":{"type":"LineString","coordinates":[[25.50607,-30.61214],[25.34412,-30.56036],[25.21208,-30.47313],[24.97783,-30.26306]]},"properties":{"sw":0.25,"scalerank":4,"name":"Orange","featurecla":"River","na":0,"cl":"Orange#0"}},{"type":"Feature","geometry":{"type":"LineString","coordinates":[[24.73082,-29.9792],[24.48939,-29.81828],[24.39182,-29.7357],[24.35772,-29.67803],[24.29602,-29.64331],[24.20672,-29.63173],[24.10275,-29.58579],[23.9842,-29.50554],[23.92343,-29.44125],[23.92043,-29.39288],[23.88209,-29.3471],[23.8084,-29.30369],[23.73553,-29.23],[23.62753,-29.07404]]},"properties":{"sw":0.25,"scalerank":4,"name":"Orange","featurecla":"River","na":0,"cl":"Orange#0"}},{"type":"Feature","geometry":{"type":"LineString","coordinates":[[29.45219,-0.60694],[29.59719,-0.13415]]},"properties":{"sw":0.2,"scalerank":6,"name":"Semliki","featurecla":"Lake Centerline","na":0,"cl":"Semliki#0"}},{"type":"Feature","geometry":{"type":"LineString","coordinates":[[31.3667,2.19335],[31.1588,1.922],[30.94254,1.68279],[30.47817,1.23905]]},"properties":{"sw":0.2,"scalerank":6,"name":"Semliki","featurecla":"Lake Centerline","na":0,"cl":"Semliki#0"}},{"type":"Feature","geometry":{"type":"LineString","coordinates":[[29.36728,-1.09756],[29.37746,-0.95214],[29.45219,-0.60694]]},"properties":{"sw":0.2,"scalerank":6,"name":"Semliki","featurecla":"River","na":0,"cl":"Semliki#0"}},{"type":"Feature","geometry":{"type":"LineString","coordinates":[[29.83821,-1.20039],[29.78199,-1.14127],[29.69682,-1.14892],[29.56381,-1.20354],[29.47585,-1.22029],[29.43296,-1.19905],[29.39674,-1.15812],[29.36728,-1.09756]]},"properties":{"sw":0.15,"scalerank":6,"name":"Semliki","featurecla":"River","na":0,"cl":"Semliki#0"}},{"type":"Feature","geometry":{"type":"LineString","coordinates":[[29.59719,-0.13415],[29.63822,0.11302],[29.61362,0.23353],[29.53714,0.30965],[29.53389,0.38638],[29.60386,0.46369],[29.66075,0.55867],[29.70468,0.67128],[29.83351,0.77287],[30.04734,0.86351],[30.18289,0.97348],[30.24015,1.10278],[30.32107,1.1853],[30.47786,1.23884]]},"properties":{"sw":0.2,"scalerank":6,"name":"Semliki","featurecla":"River","na":0,"cl":"Semliki#0"}},{"type":"Feature","geometry":{"type":"LineString","coordinates":[[20.93488,7.34265],[20.82935,7.25951],[20.76729,7.23411],[20.71344,7.23873],[20.67319,7.21191],[20.64663,7.15362],[20.59671,7.10494],[20.48695,7.04629]]},"properties":{"sw":0.15,"scalerank":6,"name":"Koukourou","featurecla":"River","na":0,"cl":"Koukourou#0"}},{"type":"Feature","geometry":{"type":"LineString","coordinates":[[20.48695,7.04629],[20.38349,7.0265],[20.30365,7.03358],[20.21301,7.06086],[20.10594,7.1175],[19.98243,7.20349],[19.87375,7.3193],[19.73288,7.53773]]},"properties":{"sw":0.2,"scalerank":6,"name":"Koukourou","featurecla":"River","na":0,"cl":"Koukourou#0"}},{"type":"Feature","geometry":{"type":"LineString","coordinates":[[18.88601,8.83605],[18.84229,8.81559],[18.76002,8.84375],[18.62473,8.91372],[18.47565,9.04133],[18.23148,9.31925]]},"properties":{"sw":0.2,"scalerank":6,"name":"Chari","featurecla":"River","na":0,"cl":"Chari#0"}},{"type":"Feature","geometry":{"type":"LineString","coordinates":[[15.07508,12.085],[14.94982,12.04273],[14.84336,12.07332],[14.69174,12.14388],[14.58353,12.21884],[14.51894,12.29827],[14.41538,12.34413],[14.27286,12.35651],[14.19746,12.38379],[14.17612,12.47118]]},"properties":{"sw":0.2,"scalerank":6,"name":"Chari","featurecla":"River","na":0,"cl":"Chari#0"}},{"type":"Feature","geometry":{"type":"LineString","coordinates":[[18.23148,9.31925],[17.79109,9.72215],[17.6234,9.91283],[17.58154,10.02569],[17.52051,10.12894],[17.3721,10.29617],[17.31567,10.3497],[17.24833,10.38758],[17.17009,10.4098],[17.10436,10.45569],[17.05114,10.52517],[17.00416,10.56429],[16.96334,10.57305],[16.8759,10.54806],[16.74185,10.48936],[16.6109,10.48076],[16.48326,10.5222],[16.33971,10.59785],[16.18023,10.70772],[16.01662,10.77273],[15.84878,10.79293],[15.7108,10.83373],[15.60259,10.89518],[15.52094,10.95698],[15.46565,11.01912],[15.43309,11.10485],[15.42317,11.21415],[15.38622,11.34437],[15.32225,11.4955],[15.3008,11.63823],[15.32189,11.77251],[15.28292,11.89535],[15.18381,12.00666],[15.07508,12.085],[14.95674,12.13035],[14.88067,12.26938],[14.84708,12.50208],[14.76125,12.65561],[14.62327,12.72992],[14.54478,12.82023],[14.51625,12.97975]]},"properties":{"sw":0.2,"scalerank":6,"name":"Chari","featurecla":"River","na":0,"cl":"Chari#0"}},{"type":"Feature","geometry":{"type":"LineString","coordinates":[[19.73288,7.53773],[19.627,7.56042],[19.5917,7.60073],[19.5917,7.6662],[19.52406,7.72532],[19.38877,7.77808],[19.33058,7.88593],[19.3495,8.04886],[19.28516,8.24746],[19.06388,8.59883]]},"properties":{"sw":0.2,"scalerank":6,"name":"Chari","featurecla":"River","na":0,"cl":"Chari#0"}},{"type":"Feature","geometry":{"type":"LineString","coordinates":[[19.06388,8.59883],[19.10868,8.65614],[19.06419,8.71544],[18.88601,8.83605]]},"properties":{"sw":0.2,"scalerank":6,"name":"Chari","featurecla":"River","na":0,"cl":"Chari#0"}},{"type":"Feature","geometry":{"type":"LineString","coordinates":[[-79.69053,9.10355],[-79.75629,9.11172],[-79.81448,9.15267],[-79.94712,9.35235]]},"properties":{"sw":0.2,"scalerank":6,"name":"Panama Canal","featurecla":"Lake Centerline","na":1,"cl":"Panama Canal#0"}},{"type":"Feature","geometry":{"type":"LineString","coordinates":[[-79.69053,9.10355],[-79.56596,8.96793],[-79.55168,8.92444]]},"properties":{"sw":0.2,"scalerank":6,"name":"Panama Canal","featurecla":"River","na":1,"cl":"Panama Canal#0"}},{"type":"Feature","geometry":{"type":"LineString","coordinates":[[-79.94712,9.35235],[-79.92651,9.30403],[-79.91509,9.36133]]},"properties":{"sw":0.2,"scalerank":6,"name":"Panama Canal","featurecla":"River","na":1,"cl":"Panama Canal#0"}},{"type":"Feature","geometry":{"type":"LineString","coordinates":[[16.43303,60.15581],[16.49866,60.16325]]},"properties":{"sw":0.3,"scalerank":6,"name":"Dal\u00e4lven","featurecla":"River","na":0,"cl":"Dal\u00e4lven#0"}},{"type":"Feature","geometry":{"type":"LineString","coordinates":[[13.71744,61.41418],[13.67227,61.4685],[13.59109,61.50209],[13.4589,61.53314],[13.34754,61.57735],[13.21173,61.66347]]},"properties":{"sw":0.25,"scalerank":6,"name":"Dal\u00e4lven","featurecla":"Lake Centerline","na":0,"cl":"Dal\u00e4lven#0"}},{"type":"Feature","geometry":{"type":"LineString","coordinates":[[14.55149,60.99772],[14.63242,60.92212],[14.7289,60.88078],[14.86791,60.84848],[14.94625,60.80637],[14.97276,60.72833]]},"properties":{"sw":0.3,"scalerank":6,"name":"Dal\u00e4lven","featurecla":"Lake Centerline","na":0,"cl":"Dal\u00e4lven#0"}},{"type":"Feature","geometry":{"type":"LineString","coordinates":[[16.43396,60.15604],[16.32317,60.12168]]},"properties":{"sw":0.3,"scalerank":6,"name":"Dal\u00e4lven","featurecla":"Lake Centerline","na":0,"cl":"Dal\u00e4lven#0"}},{"type":"Feature","geometry":{"type":"LineString","coordinates":[[17.41602,60.50959],[17.38889,60.46101],[17.2459,60.40169],[16.97791,60.31534],[16.83177,60.25196],[16.80727,60.21147],[16.72103,60.18423],[16.49887,60.16325]]},"properties":{"sw":0.3,"scalerank":6,"name":"Dal\u00e4lven","featurecla":"Lake Centerline","na":0,"cl":"Dal\u00e4lven#0"}},{"type":"Feature","geometry":{"type":"LineString","coordinates":[[12.09511,62.15008],[12.2119,62.15724],[12.29075,62.11952],[12.41033,61.99927]]},"properties":{"sw":0.15,"scalerank":6,"name":"Dal\u00e4lven","featurecla":"River","na":0,"cl":"Dal\u00e4lven#0"}},{"type":"Feature","geometry":{"type":"LineString","coordinates":[[12.41033,61.99927],[13.21173,61.66347]]},"properties":{"sw":0.2,"scalerank":6,"name":"Dal\u00e4lven","featurecla":"River","na":0,"cl":"Dal\u00e4lven#0"}},{"type":"Feature","geometry":{"type":"LineString","coordinates":[[13.71806,61.41333],[13.72415,61.33372],[13.74028,61.29957],[13.76829,61.28432],[13.94864,61.26758],[14.0339,61.23735],[14.09364,61.18296],[14.23069,61.11617],[14.55222,60.99747]]},"properties":{"sw":0.25,"scalerank":6,"name":"Dal\u00e4lven","featurecla":"River","na":0,"cl":"Dal\u00e4lven#0"}},{"type":"Feature","geometry":{"type":"LineString","coordinates":[[14.97307,60.72808],[15.04717,60.71056],[15.05746,60.68061],[15.02862,60.63237],[15.04511,60.59108],[15.10681,60.55661],[15.20603,60.54003],[15.34256,60.54127],[15.47774,60.50525],[15.61138,60.43197],[15.7537,60.40063],[15.90449,60.41122],[16.00598,60.3898],[16.05797,60.33632],[16.07326,60.27968],[16.05166,60.21979],[16.1115,60.17281],[16.32317,60.12168]]},"properties":{"sw":0.3,"scalerank":6,"name":"Dal\u00e4lven","featurecla":"River","na":0,"cl":"Dal\u00e4lven#0"}},{"type":"Feature","geometry":{"type":"LineString","coordinates":[[17.41726,60.50961],[17.45705,60.6418]]},"properties":{"sw":0.3,"scalerank":6,"name":"Dal\u00e4lven","featurecla":"River","na":0,"cl":"Dal\u00e4lven#0"}},{"type":"Feature","geometry":{"type":"LineString","coordinates":[[35.59889,32.89972],[35.57688,32.7203]]},"properties":{"sw":0.2,"scalerank":6,"name":"Jordan","featurecla":"Lake Centerline","na":0,"cl":"Jordan#0"}},{"type":"Feature","geometry":{"type":"LineString","coordinates":[[35.42288,31.32538],[35.46546,31.56236],[35.49947,31.67238],[35.559,31.76553]]},"properties":{"sw":0.2,"scalerank":6,"name":"Jordan","featurecla":"Lake Centerline","na":0,"cl":"Jordan#0"}},{"type":"Feature","geometry":{"type":"LineString","coordinates":[[35.86389,33.59635],[35.69553,33.43083]]},"properties":{"sw":0.15,"scalerank":6,"name":"Jordan","featurecla":"River","na":0,"cl":"Jordan#0"}},{"type":"Feature","geometry":{"type":"LineString","coordinates":[[35.69553,33.43083],[35.61894,33.24371],[35.59476,33.11095],[35.59889,32.89972]]},"properties":{"sw":0.2,"scalerank":6,"name":"Jordan","featurecla":"River","na":0,"cl":"Jordan#0"}},{"type":"Feature","geometry":{"type":"LineString","coordinates":[[35.57688,32.7203],[35.55145,32.39552]]},"properties":{"sw":0.2,"scalerank":6,"name":"Jordan","featurecla":"River","na":0,"cl":"Jordan#0"}},{"type":"Feature","geometry":{"type":"LineString","coordinates":[[35.57202,32.23788],[35.53471,32.103],[35.53151,31.98492],[35.559,31.76553]]},"properties":{"sw":0.2,"scalerank":6,"name":"Jordan","featurecla":"River","na":0,"cl":"Jordan#0"}},{"type":"Feature","geometry":{"type":"LineString","coordinates":[[35.4235,31.32483],[35.40066,31.2305]]},"properties":{"sw":0.2,"scalerank":6,"name":"Jordan","featurecla":"River","na":0,"cl":"Jordan#0"}},{"type":"Feature","geometry":{"type":"LineString","coordinates":[[35.55145,32.39552],[35.57202,32.23788]]},"properties":{"sw":0.2,"scalerank":6,"name":"Jordan","featurecla":"River","na":0,"cl":"Jordan#0"}},{"type":"Feature","geometry":{"type":"LineString","coordinates":[[-105.54978,59.15029],[-105.24936,59.19437],[-105.115,59.20008],[-105.01234,59.17318]]},"properties":{"sw":0.2,"scalerank":6,"name":"Great Bear","featurecla":"Lake Centerline","na":1,"cl":"Great Bear#1"}},{"type":"Feature","geometry":{"type":"LineString","coordinates":[[-103.78524,58.69091],[-103.66514,58.54439]]},"properties":{"sw":0.2,"scalerank":6,"name":"Great Bear","featurecla":"Lake Centerline","na":1,"cl":"Great Bear#1"}},{"type":"Feature","geometry":{"type":"LineString","coordinates":[[-103.54993,58.45514],[-103.66537,58.54451]]},"properties":{"sw":0.2,"scalerank":6,"name":"Great Bear","featurecla":"River","na":1,"cl":"Great Bear#1"}},{"type":"Feature","geometry":{"type":"LineString","coordinates":[[-103.7858,58.69099],[-103.95928,58.77243],[-103.99884,58.80933],[-103.96225,58.82871],[-103.95016,58.86798],[-103.96251,58.9271],[-104.14423,58.97867],[-104.49532,59.02265],[-104.79189,59.0365],[-104.9201,59.08012]]},"properties":{"sw":0.2,"scalerank":6,"name":"Great Bear","featurecla":"River","na":1,"cl":"Great Bear#1"}},{"type":"Feature","geometry":{"type":"LineString","coordinates":[[-104.9201,59.08012],[-104.95088,59.14166],[-105.01234,59.17318]]},"properties":{"sw":0.2,"scalerank":6,"name":"Great Bear","featurecla":"River","na":1,"cl":"Great Bear#1"}},{"type":"Feature","geometry":{"type":"LineString","coordinates":[[-111.01557,58.69115],[-110.8024,58.74406],[-110.63678,58.81998],[-110.44765,58.93666],[-110.25675,59.03092],[-110.064,59.1028],[-109.7749,59.18311],[-109.38942,59.27181],[-109.10463,59.30491],[-108.92048,59.28232],[-108.51818,59.29762],[-107.8977,59.3508],[-107.51098,59.36129],[-107.35807,59.3292],[-106.96577,59.30269],[-106.01828,59.27132]]},"properties":{"sw":0.25,"scalerank":6,"name":"Great Bear","featurecla":"Lake Centerline","na":1,"cl":"Great Bear#1"}},{"type":"Feature","geometry":{"type":"LineString","coordinates":[[-105.54978,59.15029],[-105.57197,59.22106],[-105.6891,59.25132],[-106.01823,59.27132]]},"properties":{"sw":0.2,"scalerank":6,"name":"Great Bear","featurecla":"River","na":1,"cl":"Great Bear#1"}},{"type":"Feature","geometry":{"type":"LineString","coordinates":[[30.48958,46.08738],[30.3112,46.23348],[30.25886,46.28821],[30.26878,46.32004]]},"properties":{"sw":0.2,"scalerank":6,"name":"Dniester","featurecla":"Lake Centerline","na":0,"cl":"Dniester#0"}},{"type":"Feature","geometry":{"type":"LineString","coordinates":[[30.48958,46.08738],[30.49297,46.09014]]},"properties":{"sw":0.2,"scalerank":6,"name":"Dniester","featurecla":"River","na":0,"cl":"Dniester#0"}},{"type":"Feature","geometry":{"type":"LineString","coordinates":[[22.8466,49.26707],[23.08234,49.46065]]},"properties":{"sw":0.15,"scalerank":6,"name":"Dniester","featurecla":"River","na":0,"cl":"Dniester#0"}},{"type":"Feature","geometry":{"type":"LineString","coordinates":[[23.08234,49.46065],[23.38837,49.55403],[23.60738,49.56475],[23.84126,49.52398],[24.01862,49.48101],[24.13923,49.43592],[24.22661,49.37236],[24.28067,49.29035],[24.36046,49.24521],[24.46598,49.23705],[24.59429,49.18191],[24.74539,49.0798],[24.85118,49.02786],[24.91164,49.026],[24.98693,48.9982],[25.12212,48.91763]]},"properties":{"sw":0.2,"scalerank":6,"name":"Dniester","featurecla":"River","na":0,"cl":"Dniester#0"}},{"type":"Feature","geometry":{"type":"LineString","coordinates":[[30.13101,46.42308],[30.21969,46.42629],[30.2541,46.40053],[30.26878,46.32004]]},"properties":{"sw":0.2,"scalerank":6,"name":"Dniester","featurecla":"River","na":0,"cl":"Dniester#0"}},{"type":"Feature","geometry":{"type":"LineString","coordinates":[[28.46305,48.0905],[28.44202,48.10869],[28.42305,48.14688],[28.38755,48.16213],[28.34052,48.14445],[28.32698,48.16143],[28.34714,48.21305],[28.29102,48.23855],[28.15883,48.23799],[28.0885,48.25705],[28.08013,48.29581],[28.03842,48.32129],[27.96339,48.33356],[27.89063,48.36521],[27.82004,48.41627],[27.71441,48.4495],[27.57375,48.4649],[27.4799,48.5096],[27.43298,48.58365],[27.27191,48.60055],[26.99668,48.56034],[26.88356,48.55825],[26.83498,48.58256],[26.80377,48.57908],[26.78403,48.56479],[26.75871,48.56184],[26.72047,48.54996],[26.69432,48.539],[26.66838,48.51657],[26.63882,48.50422],[26.6073,48.49327],[26.59107,48.46629],[26.55479,48.4741],[26.49847,48.51668],[26.3979,48.53513],[26.25311,48.52944],[26.16872,48.54724],[26.13037,48.57215],[26.09291,48.56267],[26.07193,48.57228],[26.03663,48.61724],[26.00542,48.6138],[25.95793,48.60194],[25.89406,48.60752],[25.82698,48.64918],[25.78058,48.65987],[25.73123,48.65892],[25.66823,48.68941],[25.52054,48.80891],[25.39765,48.84529],[25.339,48.83247],[25.3019,48.8419],[25.25074,48.8419],[25.23027,48.86425],[25.21053,48.88451],[25.18537,48.88187],[25.15452,48.87846],[25.12212,48.91763]]},"properties":{"sw":0.25,"scalerank":6,"name":"Dniester","featurecla":"River","na":0,"cl":"Dniester#0"}},{"type":"Feature","geometry":{"type":"LineString","coordinates":[[28.46305,48.0905],[28.49566,48.09593],[28.53917,48.10409],[28.57446,48.06875],[28.57178,48.02797],[28.60438,48.00896],[28.65332,48.01712],[28.76556,47.98658],[28.93392,47.8979],[29.0102,47.79574],[28.99439,47.68009],[29.01748,47.58268],[29.0795,47.50356],[29.10347,47.44956],[29.08942,47.42078],[29.10296,47.39178],[29.11991,47.3685],[29.11645,47.34055],[29.10373,47.31019],[29.15386,47.23479],[29.14456,47.18097],[29.13195,47.15325],[29.13696,47.13557],[29.17226,47.13557],[29.21515,47.14314],[29.26496,47.14604],[29.31359,47.11578],[29.35917,47.06643],[29.36025,47.0294],[29.31674,47.00462],[29.30021,46.98385],[29.31065,46.96711],[29.42356,46.95471],[29.47244,46.91181],[29.49859,46.82872],[29.5373,46.80058],[29.58866,46.8274],[29.63517,46.8126],[29.67682,46.75611],[29.6898,46.715],[29.67398,46.68919],[29.69341,46.66454],[29.74809,46.64093],[29.76343,46.62046],[29.76984,46.60103],[29.80514,46.58088],[29.89826,46.55344]]},"properties":{"sw":0.3,"scalerank":6,"name":"Dniester","featurecla":"River","na":0,"cl":"Dniester#0"}},{"type":"Feature","geometry":{"type":"LineString","coordinates":[[29.89826,46.55344],[30.13101,46.42308]]},"properties":{"sw":0.35,"scalerank":6,"name":"Dniester","featurecla":"River","na":0,"cl":"Dniester#0"}},{"type":"Feature","geometry":{"type":"LineString","coordinates":[[-102.78049,20.3099],[-102.76961,20.19838]]},"properties":{"sw":0.2,"scalerank":6,"name":"Grande de Santiago","featurecla":"Lake Centerline","na":1,"cl":"Grande de Santiago#0"}},{"type":"Feature","geometry":{"type":"LineString","coordinates":[[-103.7087,20.93761],[-103.59442,20.97118]]},"properties":{"sw":0.2,"scalerank":6,"name":"Grande de Santiago","featurecla":"Lake Centerline","na":1,"cl":"Grande de Santiago#0"}},{"type":"Feature","geometry":{"type":"LineString","coordinates":[[-105.10415,21.82218],[-105.05968,21.80748],[-105.03379,21.77872]]},"properties":{"sw":0.25,"scalerank":6,"name":"Grande de Santiago","featurecla":"Lake Centerline","na":1,"cl":"Grande de Santiago#0"}},{"type":"Feature","geometry":{"type":"LineString","coordinates":[[-102.78049,20.3099],[-102.79015,20.3679],[-102.86602,20.39834],[-103.06954,20.4433],[-103.12122,20.478],[-103.15254,20.52508],[-103.14654,20.58655],[-103.18995,20.66293],[-103.2933,20.73512],[-103.34069,20.79462],[-103.33216,20.84142],[-103.3511,20.91046],[-103.39751,21.00182],[-103.4398,21.05127],[-103.47799,21.05882],[-103.52083,21.04003],[-103.59202,20.97236]]},"properties":{"sw":0.2,"scalerank":6,"name":"Grande de Santiago","featurecla":"River","na":1,"cl":"Grande de Santiago#0"}},{"type":"Feature","geometry":{"type":"LineString","coordinates":[[-103.7087,20.93761],[-103.84231,20.9888],[-103.88528,21.02668],[-103.88218,21.06825],[-103.93011,21.11807],[-104.07863,21.20511]]},"properties":{"sw":0.2,"scalerank":6,"name":"Grande de Santiago","featurecla":"River","na":1,"cl":"Grande de Santiago#0"}},{"type":"Feature","geometry":{"type":"LineString","coordinates":[[-104.07917,21.20568],[-104.18043,21.2001],[-104.2528,21.21969],[-104.33006,21.26258],[-104.36406,21.29842],[-104.44228,21.43298],[-104.52625,21.502],[-104.63436,21.70803],[-104.66397,21.76451],[-104.72433,21.81743],[-104.77941,21.82182],[-104.89246,21.76666],[-105.00007,21.72916],[-105.02118,21.73878],[-105.03338,21.7774]]},"properties":{"sw":0.25,"scalerank":6,"name":"Grande de Santiago","featurecla":"River","na":1,"cl":"Grande de Santiago#0"}},{"type":"Feature","geometry":{"type":"LineString","coordinates":[[-105.10415,21.82218],[-105.17567,21.80402],[-105.20698,21.79472],[-105.24641,21.75645],[-105.3392,21.70542],[-105.41113,21.69149],[-105.45743,21.67247]]},"properties":{"sw":0.25,"scalerank":6,"name":"Grande de Santiago","featurecla":"River","na":1,"cl":"Grande de Santiago#0"}},{"type":"Feature","geometry":{"type":"LineString","coordinates":[[-137.00008,61.22712],[-137.06127,60.99106],[-137.06933,60.9523],[-137.09033,60.91029],[-137.17682,60.87437],[-137.34817,60.82394],[-137.51059,60.79706],[-137.66407,60.79381],[-137.76789,60.75707],[-137.82212,60.68689],[-137.84481,60.60674],[-137.83597,60.51669],[-137.87827,60.41226],[-137.9717,60.29343],[-137.99749,60.23092],[-137.96669,60.1785],[-137.86316,60.06739],[-137.85119,60.02721],[-137.86297,59.98357],[-137.96612,59.92694],[-137.99056,59.8811],[-137.93636,59.84606],[-137.9293,59.81092],[-137.96945,59.77568],[-137.97217,59.73816],[-137.92005,59.67848]]},"properties":{"sw":0.2,"scalerank":6,"name":"Great Bear","featurecla":"River","na":1,"cl":"Great Bear#2"}},{"type":"Feature","geometry":{"type":"LineString","coordinates":[[-137.92005,59.67848],[-137.82964,59.58706],[-137.81667,59.54432],[-137.82424,59.51017],[-137.96834,59.46066],[-137.98677,59.45151],[-138.02141,59.43903],[-138.06146,59.43704],[-138.18368,59.40134],[-138.23329,59.37198],[-138.2598,59.31974],[-138.25013,59.2907],[-138.22936,59.27545],[-138.20856,59.26576],[-138.1975,59.25215],[-138.18484,59.22416],[-138.18223,59.20199],[-138.18916,59.18951],[-138.20164,59.1798],[-138.22104,59.17427],[-138.23931,59.17577],[-138.43793,59.18321],[-138.48165,59.17703],[-138.5149,59.1659]]},"properties":{"sw":0.25,"scalerank":6,"name":"Great Bear","featurecla":"River","na":1,"cl":"Great Bear#2"}},{"type":"Feature","geometry":{"type":"LineString","coordinates":[[-154.72055,63.07863],[-154.84364,63.01951],[-154.92643,63.00595],[-155.00991,63.0182],[-155.12482,63.00453],[-155.27116,62.96499],[-155.36829,62.9622],[-155.41619,62.99621],[-155.49161,62.99962],[-155.59455,62.97244],[-155.61853,62.94944],[-155.5636,62.93068],[-155.60458,62.88598],[-155.74142,62.81539],[-155.81681,62.76645],[-155.83077,62.73912],[-155.82312,62.72046],[-155.79387,62.71044],[-155.77529,62.67824],[-155.76736,62.62377],[-155.77599,62.58605],[-155.81369,62.55437]]},"properties":{"sw":0.2,"scalerank":6,"name":"Kuskokwim","featurecla":"River","na":1,"cl":"Kuskokwim#0"}},{"type":"Feature","geometry":{"type":"LineString","coordinates":[[-155.81369,62.55437],[-156.02463,62.46601],[-156.14191,62.3803],[-156.23586,62.2678],[-156.25627,62.16274],[-156.2032,62.0651],[-156.2032,62.00691],[-156.25627,61.98815],[-156.29756,61.951],[-156.32702,61.89545],[-156.51897,61.81664],[-156.87339,61.71453],[-157.24427,61.72507],[-157.63156,61.84827],[-157.88465,61.89193],[-158.0035,61.85612],[-158.08122,61.84992],[-158.11784,61.87346],[-158.18163,61.82108],[-158.27258,61.69282],[-158.39345,61.60999],[-158.54419,61.57257],[-158.71038,61.56575],[-158.89198,61.58952],[-159.18746,61.5942],[-159.80145,61.57257]]},"properties":{"sw":0.25,"scalerank":6,"name":"Kuskokwim","featurecla":"River","na":1,"cl":"Kuskokwim#0"}},{"type":"Feature","geometry":{"type":"LineString","coordinates":[[-159.80145,61.57257],[-160.21533,61.54348],[-160.41467,61.50415],[-160.53751,61.44498],[-160.60438,61.38829],[-160.61533,61.33424],[-160.65241,61.30556],[-160.71564,61.30225],[-160.75489,61.28008],[-160.77018,61.239],[-160.84643,61.1866],[-160.98358,61.12301],[-161.06828,61.05819],[-161.10045,60.99219],[-161.17486,60.9383],[-161.29152,60.89654],[-161.38562,60.88476],[-161.45719,60.90295],[-161.48722,60.89274],[-161.47567,60.85412],[-161.48272,60.8268],[-161.5084,60.81076],[-161.55533,60.81649],[-161.62354,60.84409],[-161.66054,60.8383],[-161.66628,60.79918],[-161.69444,60.78017],[-161.74498,60.78125],[-161.76219,60.76794],[-161.74606,60.74019],[-161.77387,60.72071],[-161.88143,60.70389],[-161.9466,60.68482]]},"properties":{"sw":0.3,"scalerank":6,"name":"Kuskokwim","featurecla":"River","na":1,"cl":"Kuskokwim#0"}},{"type":"Feature","geometry":{"type":"LineString","coordinates":[[-151.6742,64.3014],[-152.20652,64.32615]]},"properties":{"sw":0.15,"scalerank":6,"name":"North Fork Kuskokwim River","featurecla":"River","na":1,"cl":"North Fork Kuskokwim River#0"}},{"type":"Feature","geometry":{"type":"LineString","coordinates":[[-152.20652,64.32615],[-152.39945,64.2353],[-152.49867,64.16068],[-152.56846,64.07201],[-152.5973,64.0085],[-152.58513,63.9701],[-152.79095,63.88432],[-153.2147,63.7511],[-153.45541,63.64862],[-153.51305,63.57689],[-153.60545,63.5154],[-153.73263,63.46414],[-153.85047,63.40311],[-153.95899,63.33239],[-154.0093,63.28647],[-154.0014,63.26544],[-154.17821,63.21082],[-154.72055,63.07863]]},"properties":{"sw":0.2,"scalerank":6,"name":"North Fork Kuskokwim River","featurecla":"River","na":1,"cl":"North Fork Kuskokwim River#0"}},{"type":"Feature","geometry":{"type":"LineString","coordinates":[[-143.65844,62.4736],[-143.67518,62.55737],[-143.71254,62.60546],[-143.77618,62.64579],[-143.90684,62.67426],[-144.20336,62.69902]]},"properties":{"sw":0.15,"scalerank":6,"name":"Copper","featurecla":"River","na":1,"cl":"Copper#0"}},{"type":"Feature","geometry":{"type":"LineString","coordinates":[[-145.38386,62.07296],[-145.16604,61.91638],[-144.93608,61.80995],[-144.62137,61.70145],[-144.45482,61.61699],[-144.42723,61.5263]]},"properties":{"sw":0.2,"scalerank":6,"name":"Copper","featurecla":"River","na":1,"cl":"Copper#0"}},{"type":"Feature","geometry":{"type":"LineString","coordinates":[[-144.20336,62.69902],[-144.45823,62.66305],[-144.73336,62.56827],[-145.1137,62.40265],[-145.33554,62.28628],[-145.39885,62.21904],[-145.41884,62.15734],[-145.38386,62.07296]]},"properties":{"sw":0.2,"scalerank":6,"name":"Copper","featurecla":"River","na":1,"cl":"Copper#0"}},{"type":"Feature","geometry":{"type":"LineString","coordinates":[[-144.42723,61.5263],[-144.48629,61.45284],[-144.58029,61.40741],[-144.72899,61.36561],[-144.82795,61.30913],[-144.87717,61.23802],[-144.87288,61.15125],[-144.81503,61.04881],[-144.71555,60.9514],[-144.57445,60.85902],[-144.53381,60.83326],[-144.52272,60.81546],[-144.53192,60.78815],[-144.616,60.71397],[-144.63773,60.69038],[-144.69114,60.66909]]},"properties":{"sw":0.25,"scalerank":6,"name":"Copper","featurecla":"River","na":1,"cl":"Copper#0"}},{"type":"Feature","geometry":{"type":"LineString","coordinates":[[-146.68406,62.50451],[-146.82863,62.57551],[-146.87932,62.61473],[-146.88428,62.64589],[-146.95896,62.67594],[-147.10324,62.70483],[-147.22845,62.70219],[-147.33459,62.66806],[-147.4935,62.68894],[-147.70522,62.76485],[-147.88962,62.81154],[-148.12527,62.83766]]},"properties":{"sw":0.2,"scalerank":6,"name":"Susitna","featurecla":"River","na":1,"cl":"Susitna#0"}},{"type":"Feature","geometry":{"type":"LineString","coordinates":[[-148.12527,62.83766],[-148.51039,62.84893],[-148.68007,62.8387],[-148.76267,62.81069],[-148.8669,62.8126],[-148.99271,62.84443],[-149.18799,62.85854],[-149.45271,62.85498],[-149.69393,62.80289],[-149.91167,62.70232],[-150.04357,62.61876],[-150.11269,62.51892]]},"properties":{"sw":0.2,"scalerank":6,"name":"Susitna","featurecla":"River","na":1,"cl":"Susitna#0"}},{"type":"Feature","geometry":{"type":"LineString","coordinates":[[-150.11269,62.51892],[-150.15925,62.43397],[-150.16168,62.35542],[-150.13551,62.25496],[-150.13778,62.1929],[-150.16848,62.16933],[-150.16062,62.14045],[-150.11422,62.10618],[-150.09368,62.04862],[-150.09905,61.96764],[-150.17209,61.84341],[-150.31276,61.67587],[-150.42505,61.57712],[-150.50902,61.54715],[-150.55874,61.48819],[-150.57,61.36354],[-150.56724,61.30679]]},"properties":{"sw":0.25,"scalerank":6,"name":"Susitna","featurecla":"River","na":1,"cl":"Susitna#0"}},{"type":"Feature","geometry":{"type":"LineString","coordinates":[[-142.02187,62.02658],[-142.07096,62.06557],[-142.0867,62.10923],[-142.08546,62.17052],[-142.0514,62.21687],[-141.95107,62.26406]]},"properties":{"sw":0.15,"scalerank":6,"name":"Tanana","featurecla":"River","na":1,"cl":"Tanana#0"}},{"type":"Feature","geometry":{"type":"LineString","coordinates":[[-141.95107,62.26406],[-141.81718,62.30591],[-141.74333,62.35459],[-141.68486,62.42402],[-141.60187,62.48006],[-141.49436,62.52275],[-141.42539,62.56399],[-141.39501,62.60372],[-141.41278,62.67282],[-141.4787,62.77121],[-141.552,62.82929],[-141.63272,62.84697],[-141.65597,62.87224],[-141.62184,62.9051],[-141.73775,62.98256],[-142.00376,63.10468],[-142.19196,63.1655],[-142.30245,63.16514],[-142.4196,63.18568],[-142.54352,63.22715],[-142.63219,63.27867],[-142.68563,63.34017],[-142.74392,63.36776],[-142.80712,63.36151],[-142.87931,63.37799],[-142.9606,63.41721],[-143.03824,63.43047],[-143.14934,63.41132]]},"properties":{"sw":0.2,"scalerank":6,"name":"Tanana","featurecla":"River","na":1,"cl":"Tanana#0"}},{"type":"Feature","geometry":{"type":"LineString","coordinates":[[-146.67226,64.25623],[-146.93371,64.38331],[-147.02107,64.45578],[-147.02149,64.51598],[-147.08009,64.58187],[-147.19688,64.65344],[-147.32201,64.7107],[-147.45554,64.75362],[-147.62569,64.78189],[-147.83242,64.79553],[-147.99259,64.78318],[-148.16297,64.72592]]},"properties":{"sw":0.2,"scalerank":6,"name":"Tanana","featurecla":"River","na":1,"cl":"Tanana#0"}},{"type":"Feature","geometry":{"type":"LineString","coordinates":[[-143.14934,63.41132],[-143.61681,63.40393],[-143.78918,63.42006],[-143.8222,63.45719],[-143.82693,63.49866],[-143.80331,63.54439],[-143.82739,63.59317],[-143.89914,63.6449],[-144.10104,63.688],[-144.43312,63.72242],[-144.67791,63.79115],[-144.83549,63.89419],[-144.89451,63.95806],[-144.88702,63.99981],[-144.91469,64.03382],[-145.03189,64.06767],[-145.15837,64.0841],[-145.29412,64.08301],[-145.43936,64.10839],[-145.59413,64.16017],[-145.72572,64.17996],[-145.83417,64.16776],[-146.02857,64.19241],[-146.30887,64.25391],[-146.50482,64.27752],[-146.67226,64.25623]]},"properties":{"sw":0.2,"scalerank":6,"name":"Tanana","featurecla":"River","na":1,"cl":"Tanana#0"}},{"type":"Feature","geometry":{"type":"LineString","coordinates":[[-148.16297,64.72592],[-148.56578,64.6204],[-148.80117,64.58283],[-149.11557,64.58179],[-149.13758,64.59389],[-149.14022,64.64711],[-149.12348,64.74147],[-149.13133,64.78328],[-149.15608,64.804],[-149.15608,64.82364],[-149.12875,64.85263],[-149.139,64.87842],[-149.18678,64.9009],[-149.30677,64.91113],[-149.49891,64.90914],[-149.67631,64.87687],[-149.83891,64.81439],[-150.08153,64.83217],[-150.40415,64.9303],[-150.67379,64.97725],[-150.89045,64.97309],[-151.09013,64.9472],[-151.27285,64.89966],[-151.41502,64.90451],[-151.51661,64.96182],[-151.55335,64.99484],[-151.54434,65.02492],[-151.56472,65.03352],[-151.62255,65.01593],[-151.67528,65.02905],[-151.6973,65.08538],[-151.79318,65.12652],[-152.04785,65.16538]]},"properties":{"sw":0.25,"scalerank":6,"name":"Tanana","featurecla":"River","na":1,"cl":"Tanana#0"}},{"type":"Feature","geometry":{"type":"LineString","coordinates":[[-139.81087,65.64961],[-139.72824,65.74762],[-139.69738,65.81087],[-139.68746,65.90259]]},"properties":{"sw":0.15,"scalerank":6,"name":"Porcupine","featurecla":"River","na":1,"cl":"Porcupine#0"}},{"type":"Feature","geometry":{"type":"LineString","coordinates":[[-139.68746,65.90259],[-139.69769,65.93329],[-139.67056,65.95861],[-139.60938,65.98879],[-139.48799,66.00207],[-139.3063,65.99845],[-139.16571,66.01628],[-139.06618,66.05558],[-138.92278,66.17694],[-138.73551,66.38039],[-138.55438,66.51139],[-138.3794,66.57005],[-138.24905,66.64172],[-138.16329,66.72652],[-138.06785,66.76812],[-137.96266,66.76667],[-137.88628,66.78722],[-137.83864,66.82982],[-137.82122,66.86155],[-137.82559,66.88561],[-137.80086,66.90165],[-137.68244,66.92827]]},"properties":{"sw":0.2,"scalerank":6,"name":"Porcupine","featurecla":"River","na":1,"cl":"Porcupine#0"}},{"type":"Feature","geometry":{"type":"LineString","coordinates":[[-137.68244,66.92827],[-137.60255,66.98568],[-137.55764,67.00069],[-137.52114,66.99245],[-137.49876,67.00289],[-137.49059,67.03188],[-137.52561,67.05423],[-137.60382,67.06991],[-137.61227,67.10247],[-137.55098,67.15197],[-137.56139,67.17758],[-137.63885,67.17962],[-137.66356,67.20019],[-137.7005,67.23703],[-137.7883,67.29739],[-137.81579,67.33868],[-137.78288,67.36085],[-137.77288,67.39532],[-137.78572,67.44198],[-137.85739,67.46857],[-137.98788,67.475],[-138.10275,67.50472],[-138.20197,67.55766],[-138.33463,67.5813],[-138.59885,67.57996],[-138.62903,67.59417],[-138.63662,67.61223],[-138.62171,67.63409],[-138.63282,67.64786],[-138.67001,67.6536],[-139.28658,67.54787]]},"properties":{"sw":0.2,"scalerank":6,"name":"Porcupine","featurecla":"River","na":1,"cl":"Porcupine#0"}},{"type":"Feature","geometry":{"type":"LineString","coordinates":[[-141.50143,67.32757],[-141.61704,67.28969],[-141.66484,67.25155],[-141.68339,67.20055],[-141.70907,67.17063],[-141.74186,67.1619],[-142.05466,67.16407],[-142.11096,67.16779],[-142.1323,67.17781],[-142.13718,67.1967],[-142.14829,67.2114],[-142.18137,67.2205],[-142.3202,67.16789],[-142.56476,67.05358],[-142.86096,66.99767],[-143.20882,67.00015],[-143.45703,66.98798],[-143.6056,66.96116],[-143.66805,66.93571],[-143.64438,66.91163],[-143.64298,66.89432],[-143.66376,66.88377],[-143.78086,66.90186],[-143.85119,66.88465],[-143.92072,66.83458],[-144.04112,66.79747],[-144.21243,66.77334],[-144.31958,66.77282],[-144.36263,66.79603],[-144.39038,66.79551],[-144.40289,66.77127],[-144.46454,66.75887],[-144.57533,66.75825],[-144.68628,66.72916],[-144.79741,66.67164],[-144.91112,66.6487],[-145.02745,66.66038],[-145.19741,66.64505],[-145.45342,66.58663]]},"properties":{"sw":0.25,"scalerank":6,"name":"Porcupine","featurecla":"River","na":1,"cl":"Porcupine#0"}},{"type":"Feature","geometry":{"type":"LineString","coordinates":[[-139.28658,67.54787],[-139.66777,67.57515],[-139.82572,67.57396],[-139.88748,67.5535],[-139.91238,67.53459],[-139.90042,67.51717],[-139.99478,67.53924],[-140.10876,67.53769],[-140.26983,67.51407],[-140.35236,67.4918],[-140.35631,67.47087],[-140.51124,67.45446],[-140.81711,67.44263],[-141.10288,67.40943],[-141.50143,67.32757]]},"properties":{"sw":0.2,"scalerank":6,"name":"Porcupine","featurecla":"River","na":1,"cl":"Porcupine#0"}},{"type":"Feature","geometry":{"type":"LineString","coordinates":[[-150.82138,68.0429],[-150.89244,67.85389]]},"properties":{"sw":0.15,"scalerank":6,"name":"Koyukuk","featurecla":"River","na":1,"cl":"Koyukuk#0"}},{"type":"Feature","geometry":{"type":"LineString","coordinates":[[-153.32996,66.38975],[-153.41642,66.4113],[-153.59969,66.38153],[-153.90861,66.30763],[-154.13407,66.19487],[-154.27608,66.04326],[-154.45403,65.9229],[-154.66792,65.83373],[-154.84687,65.79361],[-154.99087,65.8025],[-155.05469,65.8328],[-155.08844,65.85231],[-155.22223,65.88306],[-155.27186,65.9105],[-155.31046,65.92977],[-155.36338,65.92099],[-155.39033,65.93559],[-155.39252,65.96249],[-155.43428,65.99375],[-155.52112,65.99794],[-155.6531,65.97499],[-155.76917,65.98],[-155.86932,66.01292],[-156.01024,66.02243],[-156.19193,66.00843],[-156.21886,65.98714],[-156.22495,65.96251],[-156.24973,65.94745],[-156.32758,65.92983],[-156.34833,65.91112],[-156.3335,65.88569],[-156.34877,65.83257],[-156.48065,65.75542],[-156.50256,65.72604],[-156.48783,65.69609],[-156.4746,65.67405],[-156.48972,65.65405],[-156.47062,65.62964],[-156.42611,65.62114],[-156.39084,65.61672],[-156.36924,65.57688],[-156.34559,65.5592],[-156.33559,65.53419],[-156.34769,65.51579],[-156.38179,65.50396],[-156.38779,65.48711],[-156.39084,65.46675],[-156.42642,65.45544],[-156.49832,65.45652],[-156.57026,65.45763],[-156.63788,65.46949],[-156.6293,65.49099],[-156.67345,65.51734],[-156.77032,65.54861],[-156.85755,65.56401],[-156.93509,65.5636],[-157.02816,65.539],[-157.13676,65.49011],[-157.29125,65.47456],[-157.49165,65.49228],[-157.6089,65.49078],[-157.64306,65.47001],[-157.68445,65.41466],[-157.6759,65.39606],[-157.64262,65.38877],[-157.62428,65.36449],[-157.62086,65.3232],[-157.64226,65.29855],[-157.62699,65.25989],[-157.65197,65.21561],[-157.66202,65.16372],[-157.64673,65.08362],[-157.59459,65.0552],[-157.5057,65.07846],[-157.43237,65.07463],[-157.3746,65.04378],[-157.39672,65.02743],[-157.49868,65.02562],[-157.54472,65.00337],[-157.53475,64.96076],[-157.58229,64.92131],[-157.73977,64.86684],[-157.76915,64.85033]]},"properties":{"sw":0.2,"scalerank":6,"name":"Koyukuk","featurecla":"River","na":1,"cl":"Koyukuk#0"}},{"type":"Feature","geometry":{"type":"LineString","coordinates":[[-150.89244,67.85389],[-150.98845,67.74716],[-151.02718,67.67804],[-151.04062,67.61091],[-150.99083,67.54836],[-150.87787,67.49033],[-150.78947,67.42643],[-150.7256,67.35672],[-150.72596,67.27884],[-150.79051,67.1929],[-151.03209,67.09156],[-151.45067,66.97493],[-151.6195,66.9176],[-151.6764,66.85742],[-151.70926,66.73903],[-151.77897,66.65808],[-151.88543,66.61454],[-152.03219,66.58028],[-152.21915,66.55532],[-152.39563,66.55217],[-152.56156,66.57072],[-152.73432,66.55062],[-152.91392,66.49181],[-153.07393,66.46028],[-153.21434,66.45605],[-153.29591,66.43786],[-153.32996,66.38975]]},"properties":{"sw":0.2,"scalerank":6,"name":"Koyukuk","featurecla":"River","na":1,"cl":"Koyukuk#0"}},{"type":"Feature","geometry":{"type":"LineString","coordinates":[[38.7741,6.60479],[38.72366,6.54092],[38.76004,6.45304],[38.91962,6.25321]]},"properties":{"sw":0.15,"scalerank":6,"name":"Genale","featurecla":"River","na":0,"cl":"Genale#0"}},{"type":"Feature","geometry":{"type":"LineString","coordinates":[[38.91962,6.25321],[38.99062,6.12567],[39.11041,6.05446],[39.35691,5.98093],[39.38791,5.96852]]},"properties":{"sw":0.2,"scalerank":6,"name":"Genale","featurecla":"River","na":0,"cl":"Genale#0"}},{"type":"Feature","geometry":{"type":"LineString","coordinates":[[39.38791,5.96852],[39.40734,5.9517],[39.47804,5.79531],[39.55948,5.7242],[39.65415,5.7087],[39.70076,5.65795],[39.69942,5.57206],[39.7359,5.52643],[39.81021,5.52116],[39.88028,5.48778],[39.94602,5.42628],[40.03102,5.3853],[40.13531,5.36484],[40.27282,5.36985],[40.44345,5.40034],[40.62722,5.48659],[40.8241,5.62855],[40.95371,5.70224],[41.01603,5.70761],[41.07298,5.6934],[41.12434,5.65953],[41.19586,5.52555],[41.28754,5.29146],[41.39389,5.09026],[41.51491,4.92192],[41.57941,4.801],[41.58726,4.72752],[41.68483,4.599],[41.96584,4.32366]]},"properties":{"sw":0.2,"scalerank":6,"name":"Genale","featurecla":"River","na":0,"cl":"Genale#0"}},{"type":"Feature","geometry":{"type":"LineString","coordinates":[[77.52491,35.52067],[77.63762,35.58214],[77.68346,35.6308],[77.70836,35.71524]]},"properties":{"sw":0.15,"scalerank":6,"name":"Yarkand","featurecla":"River","na":0,"cl":"Yarkand#0"}},{"type":"Feature","geometry":{"type":"LineString","coordinates":[[77.70836,35.71524],[77.58506,35.85667],[77.59736,35.9708],[77.70423,36.1048],[77.70103,36.1957],[77.58775,36.24347],[77.51106,36.30796],[77.47086,36.38912],[77.35789,36.43708],[77.17217,36.45181],[77.01662,36.44023],[76.89146,36.40238],[76.78263,36.38765],[76.69013,36.39605],[76.52001,36.43026],[76.4642,36.46827],[76.43526,36.52433],[76.34126,36.58645],[76.1822,36.65471],[76.05813,36.75564],[75.96904,36.88922],[75.94713,37.01128],[75.9924,37.12182],[75.988,37.21225],[75.94062,37.2724],[75.95157,37.29271],[75.96955,37.30299],[76.00593,37.29643],[76.05627,37.28553],[76.14195,37.31059],[76.21357,37.38229],[76.22897,37.52288],[76.18794,37.73237],[76.21636,37.87479],[76.31413,37.95022],[76.40178,37.98946],[76.47939,37.99251],[76.52291,37.97843],[76.53252,37.94719],[76.5968,37.91934],[76.71587,37.89484],[76.92691,37.99678],[77.22994,38.22513],[77.36849,38.40029],[77.34255,38.52225],[77.39035,38.65521],[77.51199,38.79918],[77.56842,38.90502],[77.55985,38.97276],[77.57855,39.03963],[77.62475,39.10568],[77.66961,39.14107],[77.71312,39.14591],[77.80241,39.20409],[77.93729,39.31566],[78.12115,39.42467],[78.35391,39.53113],[78.60738,39.59683],[78.88157,39.62182],[79.10084,39.66047],[79.26517,39.71287],[79.59724,39.86206],[80.09695,40.10815],[80.37683,40.27442],[80.43678,40.36084],[80.57206,40.41986],[80.88801,40.46714]]},"properties":{"sw":0.2,"scalerank":6,"name":"Yarkand","featurecla":"River","na":0,"cl":"Yarkand#0"}},{"type":"Feature","geometry":{"type":"LineString","coordinates":[[-91.41759,51.06882],[-91.31225,51.06272]]},"properties":{"sw":0.2,"scalerank":6,"name":"Albany","featurecla":"River","na":1,"cl":"Albany#0"}},{"type":"Feature","geometry":{"type":"LineString","coordinates":[[-91.89296,51.48688],[-91.88607,51.45805]]},"properties":{"sw":0.2,"scalerank":6,"name":"Albany","featurecla":"River","na":1,"cl":"Albany#0"}},{"type":"Feature","geometry":{"type":"LineString","coordinates":[[-91.91495,51.76162],[-91.88064,51.72253],[-91.88501,51.66956],[-91.91668,51.58972],[-91.92263,51.53409],[-91.89296,51.48688]]},"properties":{"sw":0.2,"scalerank":6,"name":"Albany","featurecla":"Lake Centerline","na":1,"cl":"Albany#0"}},{"type":"Feature","geometry":{"type":"LineString","coordinates":[[-91.92927,51.89234],[-91.97004,51.98752]]},"properties":{"sw":0.2,"scalerank":6,"name":"Albany","featurecla":"Lake Centerline","na":1,"cl":"Albany#0"}},{"type":"Feature","geometry":{"type":"LineString","coordinates":[[-91.31225,51.06272],[-91.07498,50.99849],[-90.87527,51.01363],[-90.63405,51.0867],[-90.48943,51.11564],[-90.41747,51.0928]]},"properties":{"sw":0.2,"scalerank":6,"name":"Albany","featurecla":"Lake Centerline","na":1,"cl":"Albany#0"}},{"type":"Feature","geometry":{"type":"LineString","coordinates":[[-91.78108,51.3348],[-91.88607,51.45805]]},"properties":{"sw":0.2,"scalerank":6,"name":"Albany","featurecla":"Lake Centerline","na":1,"cl":"Albany#0"}},{"type":"Feature","geometry":{"type":"LineString","coordinates":[[-91.59792,51.16205],[-91.41772,51.06779]]},"properties":{"sw":0.2,"scalerank":6,"name":"Albany","featurecla":"Lake Centerline","na":1,"cl":"Albany#0"}},{"type":"Feature","geometry":{"type":"LineString","coordinates":[[-92.29914,51.97388],[-92.23723,51.94784],[-92.15496,51.95125],[-91.97017,51.98752]]},"properties":{"sw":0.15,"scalerank":6,"name":"Albany","featurecla":"River","na":1,"cl":"Albany#0"}},{"type":"Feature","geometry":{"type":"LineString","coordinates":[[-91.92922,51.89198],[-91.91493,51.76162]]},"properties":{"sw":0.2,"scalerank":6,"name":"Albany","featurecla":"River","na":1,"cl":"Albany#0"}},{"type":"Feature","geometry":{"type":"LineString","coordinates":[[-91.78176,51.33638],[-91.72432,51.27713],[-91.68406,51.25837],[-91.65941,51.24372],[-91.64631,51.21481],[-91.64058,51.1898],[-91.59771,51.16145]]},"properties":{"sw":0.2,"scalerank":6,"name":"Albany","featurecla":"River","na":1,"cl":"Albany#0"}},{"type":"Feature","geometry":{"type":"LineString","coordinates":[[-90.41647,51.09228],[-89.86234,51.19755],[-89.59269,51.27765],[-89.42278,51.36772],[-89.29343,51.41857],[-89.20468,51.43025],[-89.14138,51.46084],[-89.10352,51.51029],[-89.05557,51.51458],[-88.99753,51.4736],[-88.91193,51.48257],[-88.79876,51.54143],[-88.68905,51.57044],[-88.5828,51.56962],[-88.5095,51.5499],[-88.46919,51.51127],[-88.32876,51.49252],[-88.08824,51.4936],[-87.85329,51.43423],[-87.62395,51.31444],[-87.44765,51.25966],[-87.32446,51.26989],[-87.1977,51.3093],[-87.06737,51.37787],[-86.94143,51.41247],[-86.81999,51.41317],[-86.70176,51.44218],[-86.52921,51.52825]]},"properties":{"sw":0.2,"scalerank":6,"name":"Albany","featurecla":"River","na":1,"cl":"Albany#0"}},{"type":"Feature","geometry":{"type":"LineString","coordinates":[[-86.52921,51.52825],[-86.43857,51.58171],[-86.40017,51.63463],[-86.38384,51.7048],[-86.35232,51.74986],[-86.30553,51.76986],[-86.24708,51.77529],[-86.17696,51.76619],[-86.09487,51.73059],[-86.00082,51.6685],[-85.84114,51.64597],[-85.61583,51.66297],[-85.40013,51.60476],[-85.19404,51.47128],[-85.07839,51.37803],[-85.05318,51.32496],[-84.90641,51.25147],[-84.63811,51.15758],[-84.45523,51.13977],[-84.35777,51.19806],[-84.07763,51.29563],[-83.61492,51.43252],[-83.31431,51.57179],[-83.17582,51.71348],[-83.03539,51.82149],[-82.89302,51.8958],[-82.75817,51.93631],[-82.63079,51.94311],[-82.50501,51.98541],[-82.38078,52.06328],[-82.25265,52.11124],[-82.05468,52.13837]]},"properties":{"sw":0.25,"scalerank":6,"name":"Albany","featurecla":"River","na":1,"cl":"Albany#0"}},{"type":"Feature","geometry":{"type":"LineString","coordinates":[[-82.05468,52.13837],[-81.88275,52.19361],[-81.82788,52.22422]]},"properties":{"sw":0.3,"scalerank":6,"name":"Albany","featurecla":"River","na":1,"cl":"Albany#0"}},{"type":"Feature","geometry":{"type":"LineString","coordinates":[[-64.62158,52.89085],[-64.68214,53.12528]]},"properties":{"sw":0.15,"scalerank":6,"name":"Churchill","featurecla":"River","na":1,"cl":"Churchill#0"}},{"type":"Feature","geometry":{"type":"LineString","coordinates":[[-64.68225,53.12518],[-64.7131,53.27468],[-64.71194,53.33894],[-64.67757,53.38225]]},"properties":{"sw":0.2,"scalerank":6,"name":"Churchill","featurecla":"Lake Centerline","na":1,"cl":"Churchill#0"}},{"type":"Feature","geometry":{"type":"LineString","coordinates":[[-64.67767,53.38225],[-64.57652,53.48971],[-64.44867,53.5325],[-64.26044,53.54634],[-64.06665,53.53802],[-63.86728,53.50754],[-63.63774,53.42532],[-63.37796,53.29132],[-63.03405,53.20978],[-62.60597,53.18063],[-62.35198,53.14513],[-62.27208,53.10317],[-62.21447,53.04229],[-62.17912,52.96256],[-62.03605,52.91057],[-61.78522,52.88644],[-61.65006,52.9055],[-61.6306,52.96783],[-61.57761,52.99578],[-61.44787,52.98622]]},"properties":{"sw":0.2,"scalerank":6,"name":"Churchill","featurecla":"River","na":1,"cl":"Churchill#0"}},{"type":"Feature","geometry":{"type":"LineString","coordinates":[[-61.44787,52.98622],[-60.98082,53.19784],[-60.72401,53.26843],[-60.55831,53.25003],[-60.33749,53.27743]]},"properties":{"sw":0.25,"scalerank":6,"name":"Churchill","featurecla":"River","na":1,"cl":"Churchill#0"}},{"type":"Feature","geometry":{"type":"LineString","coordinates":[[84.2197,62.63669],[84.44532,62.81115]]},"properties":{"sw":0.15,"scalerank":6,"name":"Taz","featurecla":"River","na":0,"cl":"Taz#0"}},{"type":"Feature","geometry":{"type":"LineString","coordinates":[[84.44532,62.81115],[84.58195,62.88608],[84.8333,62.96629],[85.24485,63.07682],[85.50603,63.18901],[85.61672,63.30285],[85.60881,63.35717],[85.4822,63.3519],[85.38893,63.39132],[85.32909,63.4754],[85.18429,63.537],[84.95454,63.57612],[84.80597,63.61953],[84.73848,63.66723],[84.63647,63.69624],[84.49994,63.70653],[84.32295,63.68195],[84.10549,63.62258],[83.91548,63.58844],[83.7529,63.57961],[83.70562,63.59485],[83.77363,63.63418],[83.76536,63.68126],[83.68092,63.73611],[83.60222,63.75771],[83.52935,63.74611],[83.49587,63.75066],[83.50176,63.77138],[83.45923,63.80722],[83.3228,63.88367]]},"properties":{"sw":0.2,"scalerank":6,"name":"Taz","featurecla":"River","na":0,"cl":"Taz#0"}},{"type":"Feature","geometry":{"type":"LineString","coordinates":[[83.3228,63.88367],[83.19785,63.92411],[83.10927,63.92579],[83.01543,63.90217],[82.98494,63.87489],[83.0177,63.84391],[82.99977,63.81047],[82.93104,63.77451],[82.89843,63.76613],[82.90205,63.78531],[82.86195,63.78438],[82.77823,63.76334],[82.68573,63.76334],[82.58455,63.78438],[82.52316,63.78427],[82.50156,63.76293],[82.45949,63.76727],[82.39697,63.79729],[82.38022,63.81988],[82.40947,63.83512],[82.34932,63.86577],[82.19977,63.91186],[82.07668,63.96659],[81.97994,64.03002],[81.88465,64.11448],[81.7908,64.22001],[81.7537,64.28757],[81.77344,64.31719],[81.74998,64.35023],[81.68331,64.38677],[81.66884,64.41002],[81.70636,64.41994],[81.71256,64.43718],[81.68735,64.46175],[81.4393,64.54288],[81.38767,64.57094],[81.44131,64.58117],[81.48798,64.60616],[81.52777,64.64587],[81.53722,64.67414],[81.51645,64.69088],[81.52157,64.69926],[81.55257,64.69926],[81.53521,64.73163],[81.46958,64.79638],[81.46772,64.84622],[81.52963,64.88105],[81.52808,64.90875],[81.46286,64.92922],[81.43031,64.97872],[81.43031,65.05722],[81.52813,65.11223],[81.72378,65.1437],[81.88955,65.1924],[82.02546,65.25829],[82.10081,65.30945],[82.11559,65.34583],[82.08773,65.37193],[82.01725,65.38769],[81.98976,65.42045],[82.00536,65.47011],[82.04174,65.48846],[82.0989,65.47544],[82.11967,65.47828],[82.10386,65.49698],[82.12277,65.52427],[82.1762,65.56018],[82.39945,65.6515],[82.42229,65.7025],[82.33702,65.75573],[82.30286,65.81479],[82.31992,65.87965],[82.27873,65.94109],[82.1792,65.99907],[82.12597,66.04003],[82.11905,66.06398],[82.1484,66.10945],[82.21403,66.17643],[82.21196,66.21281],[82.1422,66.21859],[82.09569,66.24531],[82.07254,66.29296],[82.12086,66.33554],[82.24064,66.37311],[82.2717,66.40551],[82.21393,66.43284],[82.21568,66.4662],[82.27677,66.5056],[82.29428,66.53764],[82.26814,66.56232],[82.26219,66.60177],[82.27635,66.65609],[82.15553,66.75556],[81.89953,66.90015],[81.52663,67.01054],[81.03684,67.08676],[80.72544,67.11973],[80.59242,67.10955],[80.53465,67.09079],[80.55201,67.06345],[80.48985,67.07265],[80.34815,67.11838],[80.25203,67.13518],[80.17622,67.11709]]},"properties":{"sw":0.25,"scalerank":6,"name":"Taz","featurecla":"River","na":0,"cl":"Taz#0"}},{"type":"Feature","geometry":{"type":"LineString","coordinates":[[80.17622,67.11709],[79.63471,67.2129],[79.45074,67.25853],[79.44381,67.28592],[79.40903,67.29631],[79.34651,67.28969],[79.13076,67.35987],[78.58955,67.57847]]},"properties":{"sw":0.3,"scalerank":6,"name":"Taz","featurecla":"River","na":0,"cl":"Taz#0"}},{"type":"Feature","geometry":{"type":"LineString","coordinates":[[122.63596,41.32476],[122.45726,41.21371],[122.40062,41.1332],[122.44031,41.05455],[122.40941,41.00261]]},"properties":{"sw":0.25,"scalerank":6,"name":"Liao","featurecla":"River","na":0,"cl":"Liao#0"}},{"type":"Feature","geometry":{"type":"LineString","coordinates":[[123.55394,43.4835],[123.61378,43.39854],[123.60406,43.28955],[123.54474,43.12822],[123.53378,43.01944],[123.5713,42.96327],[123.58267,42.87687],[123.5681,42.76034],[123.61109,42.66016],[123.71186,42.57639],[123.77356,42.50381],[123.7963,42.44247],[123.83061,42.40612],[123.77056,42.32713],[123.5127,42.20306],[123.35018,42.14942],[123.28289,42.16611],[123.17701,42.14461],[123.03262,42.08487],[122.89294,41.95723],[122.75807,41.76174],[122.67699,41.57917],[122.63596,41.32476]]},"properties":{"sw":0.25,"scalerank":6,"name":"Liao","featurecla":"River","na":0,"cl":"Liao#0"}},{"type":"Feature","geometry":{"type":"LineString","coordinates":[[122.40941,41.00261],[122.32595,40.96334],[122.29422,40.89838],[122.23634,40.85159],[122.15232,40.82291],[122.14741,40.77979],[122.1404,40.6882]]},"properties":{"sw":0.3,"scalerank":6,"name":"Liao","featurecla":"River","na":0,"cl":"Liao#0"}},{"type":"Feature","geometry":{"type":"LineString","coordinates":[[112.99355,29.14745],[113.07075,29.38919]]},"properties":{"sw":0.3,"scalerank":6,"name":"Yuan","featurecla":"Lake Centerline","na":0,"cl":"Yuan#0"}},{"type":"Feature","geometry":{"type":"LineString","coordinates":[[113.06931,29.38766],[113.1277,29.46278]]},"properties":{"sw":0.3,"scalerank":6,"name":"Yuan","featurecla":"River","na":0,"cl":"Yuan#0"}},{"type":"Feature","geometry":{"type":"LineString","coordinates":[[112.90487,29.03138],[112.99355,29.14745]]},"properties":{"sw":0.3,"scalerank":6,"name":"Yuan","featurecla":"River","na":0,"cl":"Yuan#0"}},{"type":"Feature","geometry":{"type":"LineString","coordinates":[[112.90487,29.03138],[112.80116,28.92723],[112.69264,28.87431],[112.54474,28.83793],[112.35131,28.86098],[111.99289,28.98472]]},"properties":{"sw":0.3,"scalerank":6,"name":"Yuan","featurecla":"Lake Centerline","na":0,"cl":"Yuan#0"}},{"type":"Feature","geometry":{"type":"LineString","coordinates":[[107.50479,26.33759],[107.50086,26.2385],[107.519,26.19148],[107.55796,26.16352],[107.61,26.16667],[107.70777,26.21812]]},"properties":{"sw":0.15,"scalerank":6,"name":"Yuan","featurecla":"River","na":0,"cl":"Yuan#0"}},{"type":"Feature","geometry":{"type":"LineString","coordinates":[[107.70777,26.21812],[107.77981,26.35795],[107.80027,26.43151],[107.79325,26.48539],[107.82632,26.52954],[107.8996,26.56401],[107.95923,26.61677],[108.00522,26.68788],[108.07183,26.75289],[108.15891,26.8118],[108.25089,26.83906],[108.34763,26.83467],[108.396,26.81676],[108.3961,26.78529],[108.45346,26.72504],[108.56808,26.636],[108.64477,26.6177],[108.68342,26.67026],[108.71784,26.69599],[108.74792,26.69501],[108.76192,26.67925],[108.75975,26.64876],[108.79535,26.61414],[108.86863,26.57538],[108.96129,26.57337],[109.07322,26.6082],[109.1943,26.67868],[109.38984,26.83787]]},"properties":{"sw":0.2,"scalerank":6,"name":"Yuan","featurecla":"River","na":0,"cl":"Yuan#0"}},{"type":"Feature","geometry":{"type":"LineString","coordinates":[[109.38984,26.83787],[109.4378,26.89355],[109.44389,26.95422],[109.42405,27.0384],[109.44064,27.0799],[109.49366,27.07868],[109.55603,27.10711],[109.62776,27.16514],[109.66734,27.17733],[109.67489,27.14369],[109.69194,27.12832],[109.71871,27.13121],[109.73979,27.15188],[109.7553,27.19038],[109.82299,27.18883],[109.94298,27.14721],[110.05052,27.19036],[110.21682,27.42272],[110.26384,27.50372],[110.28379,27.56641],[110.27661,27.61077],[110.29904,27.65345],[110.35082,27.69441],[110.36673,27.72929],[110.34678,27.75805],[110.34833,27.79081],[110.37138,27.8275],[110.34684,27.86274],[110.27459,27.89649],[110.25067,27.92721],[110.27516,27.95491],[110.25211,27.98072],[110.18173,28.0046],[110.13548,28.03643],[110.11347,28.07614],[110.12809,28.12844],[110.17925,28.19332],[110.19475,28.24205],[110.1746,28.27461],[110.18152,28.28918],[110.21573,28.28579],[110.27206,28.32024],[110.3505,28.39256],[110.41892,28.48638],[110.47722,28.60172],[110.63307,28.69003],[110.8866,28.75135],[111.04008,28.80307],[111.09361,28.84522],[111.14942,28.83788],[111.2074,28.78106],[111.27851,28.76215],[111.4046,28.79057]]},"properties":{"sw":0.25,"scalerank":6,"name":"Yuan","featurecla":"River","na":0,"cl":"Yuan#0"}},{"type":"Feature","geometry":{"type":"LineString","coordinates":[[111.4046,28.79057],[111.52242,28.98609],[111.55932,29.005],[111.5927,28.99022],[111.6265,28.99588],[111.65456,29.01267],[111.6788,29.01267],[111.70515,28.99244],[111.74443,28.98774],[111.79641,29.0096],[111.86504,29.01161],[111.99289,28.98485]]},"properties":{"sw":0.3,"scalerank":6,"name":"Yuan","featurecla":"River","na":0,"cl":"Yuan#0"}},{"type":"Feature","geometry":{"type":"LineString","coordinates":[[-76.81949,51.41578],[-76.78141,51.3542],[-76.72983,51.33777],[-76.55349,51.364]]},"properties":{"sw":0.2,"scalerank":6,"name":"Rupert","featurecla":"Lake Centerline","na":1,"cl":"Rupert#0"}},{"type":"Feature","geometry":{"type":"LineString","coordinates":[[-75.20375,51.44634],[-75.08577,51.44234],[-75.0003,51.41888],[-74.94764,51.37428],[-74.8955,51.36699],[-74.81814,51.41216]]},"properties":{"sw":0.2,"scalerank":6,"name":"Rupert","featurecla":"Lake Centerline","na":1,"cl":"Rupert#0"}},{"type":"Feature","geometry":{"type":"LineString","coordinates":[[-74.81814,51.41216],[-74.58963,51.47955],[-74.49051,51.49029],[-74.44462,51.46688],[-74.38933,51.46182],[-74.33688,51.46006],[-74.29745,51.4349],[-74.25575,51.40498],[-74.16903,51.37645],[-74.07255,51.37061],[-73.96641,51.38746],[-73.89109,51.34945],[-73.84665,51.25659],[-73.83655,51.17455],[-73.86083,51.10334],[-73.81508,51.07022],[-73.64144,51.07761]]},"properties":{"sw":0.2,"scalerank":6,"name":"Rupert","featurecla":"River","na":1,"cl":"Rupert#0"}},{"type":"Feature","geometry":{"type":"LineString","coordinates":[[-75.20375,51.44634],[-75.22918,51.48513],[-75.22579,51.50781],[-75.24171,51.52698],[-75.32674,51.53975],[-75.48092,51.54616],[-75.8218,51.49954],[-76.55349,51.364]]},"properties":{"sw":0.2,"scalerank":6,"name":"Rupert","featurecla":"River","na":1,"cl":"Rupert#0"}},{"type":"Feature","geometry":{"type":"LineString","coordinates":[[-78.73135,51.49748],[-78.69,51.4873],[-78.45707,51.39666],[-78.15727,51.36239],[-77.71295,51.35418],[-77.30414,51.37849],[-76.93083,51.43528],[-76.8206,51.41529]]},"properties":{"sw":0.2,"scalerank":6,"name":"Rupert","featurecla":"River","na":1,"cl":"Rupert#0"}},{"type":"Feature","geometry":{"type":"LineString","coordinates":[[-119.69791,37.00043],[-119.60081,37.06234]]},"properties":{"sw":0.2,"scalerank":6,"name":"San Joaquin","featurecla":"Lake Centerline","na":1,"cl":"San Joaquin#0"}},{"type":"Feature","geometry":{"type":"LineString","coordinates":[[-118.73673,37.09598],[-118.80819,37.20321]]},"properties":{"sw":0.15,"scalerank":6,"name":"San Joaquin","featurecla":"River","na":1,"cl":"San Joaquin#0"}},{"type":"Feature","geometry":{"type":"LineString","coordinates":[[-118.80819,37.20321],[-119.10769,37.41214],[-119.15321,37.44107],[-119.18794,37.45596],[-119.22267,37.43777],[-119.24613,37.40542],[-119.32333,37.25266],[-119.40395,37.16709],[-119.48795,37.14874],[-119.54763,37.12032],[-119.60073,37.06249]]},"properties":{"sw":0.2,"scalerank":6,"name":"San Joaquin","featurecla":"River","na":1,"cl":"San Joaquin#0"}},{"type":"Feature","geometry":{"type":"LineString","coordinates":[[-119.69796,37.00043],[-119.77966,36.89661],[-119.93957,36.84307],[-120.20488,36.8052],[-120.39309,36.86558],[-120.50419,37.02415],[-120.6047,37.1182],[-120.69462,37.14766],[-120.85569,37.2847],[-121.20397,37.6515]]},"properties":{"sw":0.25,"scalerank":6,"name":"San Joaquin","featurecla":"River","na":1,"cl":"San Joaquin#0"}},{"type":"Feature","geometry":{"type":"LineString","coordinates":[[-121.20399,37.6514],[-121.25474,37.70261],[-121.28223,37.77976],[-121.30331,37.89986],[-121.34675,37.97089],[-121.4454,38.0038],[-121.46832,38.01654],[-121.49643,38.04217],[-121.52534,38.05591]]},"properties":{"sw":0.3,"scalerank":6,"name":"San Joaquin","featurecla":"River","na":1,"cl":"San Joaquin#0"}},{"type":"Feature","geometry":{"type":"LineString","coordinates":[[-83.81472,34.36379],[-84.07564,34.16696]]},"properties":{"sw":0.2,"scalerank":6,"name":"Chattahoochee","featurecla":"Lake Centerline","na":1,"cl":"Chattahoochee#0"}},{"type":"Feature","geometry":{"type":"LineString","coordinates":[[-85.06721,31.63538],[-85.12482,31.77677],[-85.12413,31.88053],[-85.06441,32.05052]]},"properties":{"sw":0.25,"scalerank":6,"name":"Chattahoochee","featurecla":"Lake Centerline","na":1,"cl":"Chattahoochee#0"}},{"type":"Feature","geometry":{"type":"LineString","coordinates":[[-84.96633,30.92263],[-84.88688,30.75926],[-84.88393,30.72094]]},"properties":{"sw":0.3,"scalerank":6,"name":"Chattahoochee","featurecla":"Lake Centerline","na":1,"cl":"Chattahoochee#0"}},{"type":"Feature","geometry":{"type":"LineString","coordinates":[[-83.74625,34.71566],[-83.69137,34.70016],[-83.66075,34.65892],[-83.6361,34.58667],[-83.67207,34.50384],[-83.817,34.36374]]},"properties":{"sw":0.15,"scalerank":6,"name":"Chattahoochee","featurecla":"River","na":1,"cl":"Chattahoochee#0"}},{"type":"Feature","geometry":{"type":"LineString","coordinates":[[-84.07564,34.16696],[-84.10502,34.09094],[-84.15313,34.04208],[-84.22971,33.99501],[-84.29162,33.9803],[-84.33885,33.99793],[-84.43024,33.92633],[-84.56584,33.76543],[-84.72947,33.62193],[-84.92119,33.49581],[-85.0371,33.39626],[-85.0772,33.32329],[-85.08894,33.25247],[-85.07219,33.18374],[-85.09632,33.10739],[-85.16133,33.02344],[-85.18451,32.93716],[-85.15653,32.80428]]},"properties":{"sw":0.2,"scalerank":6,"name":"Chattahoochee","featurecla":"River","na":1,"cl":"Chattahoochee#0"}},{"type":"Feature","geometry":{"type":"LineString","coordinates":[[-85.15653,32.80428],[-85.01504,32.52615],[-84.9739,32.40929],[-84.98597,32.36094],[-84.9685,32.31981],[-84.92153,32.28588],[-84.92969,32.24656],[-84.99297,32.20183],[-85.03462,32.14737],[-85.06457,32.05104]]},"properties":{"sw":0.25,"scalerank":6,"name":"Chattahoochee","featurecla":"River","na":1,"cl":"Chattahoochee#0"}},{"type":"Feature","geometry":{"type":"LineString","coordinates":[[-85.06705,31.63518],[-85.05488,31.57267],[-85.0926,31.29571],[-85.06744,31.11758],[-84.96633,30.92263]]},"properties":{"sw":0.25,"scalerank":6,"name":"Chattahoochee","featurecla":"River","na":1,"cl":"Chattahoochee#0"}},{"type":"Feature","geometry":{"type":"LineString","coordinates":[[-84.88587,30.72066],[-84.89277,30.6679],[-84.96057,30.57359],[-85.08025,30.27167],[-85.11676,30.16984],[-85.11327,30.08002],[-85.04302,29.99502],[-85.01615,29.9091],[-85.03261,29.82234],[-85.02408,29.7719],[-84.96918,29.74531]]},"properties":{"sw":0.3,"scalerank":6,"name":"Chattahoochee","featurecla":"River","na":1,"cl":"Chattahoochee#0"}},{"type":"Feature","geometry":{"type":"LineString","coordinates":[[-86.20031,33.58782],[-86.21176,33.55997],[-86.32997,33.44447]]},"properties":{"sw":0.2,"scalerank":6,"name":"Alabama","featurecla":"Lake Centerline","na":1,"cl":"Alabama#0"}},{"type":"Feature","geometry":{"type":"LineString","coordinates":[[-86.52177,33.03212],[-86.52099,33.01426],[-86.46146,32.83567],[-86.44536,32.81125]]},"properties":{"sw":0.25,"scalerank":6,"name":"Alabama","featurecla":"Lake Centerline","na":1,"cl":"Alabama#0"}},{"type":"Feature","geometry":{"type":"LineString","coordinates":[[-85.18262,34.25946],[-85.50129,34.20918]]},"properties":{"sw":0.15,"scalerank":6,"name":"Alabama","featurecla":"River","na":1,"cl":"Alabama#0"}},{"type":"Feature","geometry":{"type":"LineString","coordinates":[[-85.50129,34.20918],[-85.65709,34.20458],[-85.7028,34.20274],[-85.72667,34.19215],[-85.73329,34.17357],[-85.70699,34.15414],[-85.70538,34.13352],[-85.73396,34.11244],[-85.77122,34.10699],[-85.81287,34.11257],[-85.83804,34.09988],[-85.84548,34.0759],[-85.86284,34.05771],[-85.88103,34.05771],[-85.89775,34.05025],[-85.90088,34.03208],[-85.92162,34.01046],[-85.94966,34.00976],[-85.96454,33.99157],[-85.96671,33.96669],[-85.98395,33.94416],[-86.03278,33.9279],[-86.05482,33.88506],[-86.04624,33.81065],[-86.08154,33.75298],[-86.1607,33.712],[-86.19109,33.66663],[-86.1944,33.61536],[-86.20026,33.58787]]},"properties":{"sw":0.2,"scalerank":6,"name":"Alabama","featurecla":"River","na":1,"cl":"Alabama#0"}},{"type":"Feature","geometry":{"type":"LineString","coordinates":[[-86.32997,33.44447],[-86.36627,33.41843],[-86.37648,33.38217],[-86.37266,33.32701],[-86.40113,33.27575],[-86.4619,33.22841],[-86.4843,33.18911],[-86.46831,33.15785],[-86.47567,33.11475],[-86.51686,33.06057],[-86.52177,33.03235]]},"properties":{"sw":0.2,"scalerank":6,"name":"Alabama","featurecla":"River","na":1,"cl":"Alabama#0"}},{"type":"Feature","geometry":{"type":"LineString","coordinates":[[-86.44624,32.812],[-86.26817,32.62248],[-86.24251,32.5269],[-86.30989,32.46205],[-86.32752,32.4203],[-86.33948,32.40931],[-86.37433,32.41802],[-86.42322,32.40784],[-86.48239,32.36795],[-86.5428,32.36345],[-86.6045,32.39435],[-86.65163,32.39756],[-86.68424,32.37301],[-86.72008,32.36852],[-86.75922,32.38402],[-86.78573,32.37379],[-86.7955,32.35446],[-86.80955,32.35281],[-86.82444,32.3619],[-86.84046,32.40993],[-86.85503,32.41978],[-86.87131,32.42019],[-86.91058,32.38056],[-86.94975,32.37301],[-86.98882,32.39756],[-87.0245,32.4036],[-87.05675,32.3912],[-87.05845,32.37056],[-87.02962,32.3417],[-87.04964,32.31699],[-87.11855,32.29653],[-87.13863,32.25994],[-87.10985,32.20734],[-87.13282,32.17646],[-87.20751,32.16734],[-87.24643,32.1383],[-87.2496,32.08939],[-87.28534,32.08561],[-87.35365,32.12698],[-87.40947,32.11034],[-87.45285,32.03562],[-87.45207,31.9796],[-87.40714,31.94224],[-87.41794,31.91619],[-87.48445,31.90144],[-87.49411,31.868],[-87.44688,31.81584],[-87.45587,31.76478],[-87.52109,31.71478],[-87.543,31.66026],[-87.5216,31.60117],[-87.53494,31.55931],[-87.58305,31.53461],[-87.6016,31.49859],[-87.59064,31.45118],[-87.6295,31.41253],[-87.71818,31.38263],[-87.79094,31.31644],[-87.84778,31.21391],[-87.89336,31.15862],[-87.92078,31.15216],[-87.94065,31.13986]]},"properties":{"sw":0.25,"scalerank":6,"name":"Alabama","featurecla":"River","na":1,"cl":"Alabama#0"}},{"type":"Feature","geometry":{"type":"LineString","coordinates":[[-87.94065,31.13986],[-87.94545,31.11753],[-87.95145,30.91925],[-87.97093,30.82882],[-88.00535,30.79952],[-88.01578,30.76001],[-88.01131,30.69417]]},"properties":{"sw":0.3,"scalerank":6,"name":"Alabama","featurecla":"River","na":1,"cl":"Alabama#0"}},{"type":"Feature","geometry":{"type":"LineString","coordinates":[[-83.1659,34.59853],[-83.05278,34.51087],[-82.97568,34.4764],[-82.89682,34.4658],[-82.84773,34.43692],[-82.81861,34.36607]]},"properties":{"sw":0.2,"scalerank":6,"name":"Tugaloo","featurecla":"Lake Centerline","na":1,"cl":"Tugaloo#0"}},{"type":"Feature","geometry":{"type":"LineString","coordinates":[[-83.35558,34.70832],[-83.16652,34.59959]]},"properties":{"sw":0.2,"scalerank":6,"name":"Tugaloo","featurecla":"River","na":1,"cl":"Tugaloo#0"}},{"type":"Feature","geometry":{"type":"LineString","coordinates":[[-83.31672,34.80565],[-83.35558,34.70832]]},"properties":{"sw":0.2,"scalerank":6,"name":"Chattooga","featurecla":"River","na":1,"cl":"Chattooga#0"}},{"type":"Feature","geometry":{"type":"LineString","coordinates":[[-83.12058,35.07626],[-83.12135,35.00055],[-83.1704,34.93291],[-83.31672,34.80565]]},"properties":{"sw":0.15,"scalerank":6,"name":"Chattooga","featurecla":"River","na":1,"cl":"Chattooga#0"}},{"type":"Feature","geometry":{"type":"LineString","coordinates":[[-82.58935,34.01761],[-82.35189,33.83773],[-82.25663,33.74923],[-82.20836,33.66358]]},"properties":{"sw":0.2,"scalerank":6,"name":"Savannah","featurecla":"Lake Centerline","na":1,"cl":"Savannah#0"}},{"type":"Feature","geometry":{"type":"LineString","coordinates":[[-82.81858,34.36602],[-82.58927,34.01738]]},"properties":{"sw":0.2,"scalerank":6,"name":"Savannah","featurecla":"River","na":1,"cl":"Savannah#0"}},{"type":"Feature","geometry":{"type":"LineString","coordinates":[[-82.20836,33.66358],[-82.00571,33.52289],[-81.93639,33.44729],[-81.93285,33.38987],[-81.90874,33.34926],[-81.86409,33.32543],[-81.82128,33.27409],[-81.78033,33.19529],[-81.69932,33.12676],[-81.57825,33.06858],[-81.48977,32.93566],[-81.43381,32.72803],[-81.37697,32.60747],[-81.29033,32.55724]]},"properties":{"sw":0.25,"scalerank":6,"name":"Savannah","featurecla":"River","na":1,"cl":"Savannah#0"}},{"type":"Feature","geometry":{"type":"LineString","coordinates":[[-81.29033,32.55724],[-81.1715,32.38014],[-81.13295,32.27467],[-81.13502,32.18186],[-81.07481,32.10969],[-80.87236,32.02958]]},"properties":{"sw":0.3,"scalerank":6,"name":"Savannah","featurecla":"River","na":1,"cl":"Savannah#0"}},{"type":"Feature","geometry":{"type":"LineString","coordinates":[[6.1333,46.2046],[6.23469,46.33262],[6.32192,46.39371],[6.42889,46.4305],[6.57823,46.43737],[6.86607,46.4028]]},"properties":{"sw":0.2,"scalerank":6,"name":"Rh\u00f4ne","featurecla":"Lake Centerline","na":0,"cl":"Rh\u00f4ne#0"}},{"type":"Feature","geometry":{"type":"LineString","coordinates":[[8.25048,46.48228],[8.06827,46.37412],[7.95531,46.33469],[7.79863,46.32461]]},"properties":{"sw":0.15,"scalerank":6,"name":"Rh\u00f4ne","featurecla":"River","na":0,"cl":"Rh\u00f4ne#0"}},{"type":"Feature","geometry":{"type":"LineString","coordinates":[[4.72129,44.57343],[4.67354,44.35008],[4.6754,44.22813],[4.71096,44.13309],[4.75933,44.07054],[4.82041,44.04041],[4.8434,44.01235],[4.82062,43.97323]]},"properties":{"sw":0.2,"scalerank":6,"name":"Rh\u00f4ne","featurecla":"River","na":0,"cl":"Rh\u00f4ne#0"}},{"type":"Feature","geometry":{"type":"LineString","coordinates":[[7.79863,46.32461],[7.6529,46.32658],[7.4712,46.27749],[7.20497,46.17801],[7.08916,46.15176],[7.02048,46.19682],[6.86638,46.40259]]},"properties":{"sw":0.2,"scalerank":6,"name":"Rh\u00f4ne","featurecla":"River","na":0,"cl":"Rh\u00f4ne#0"}},{"type":"Feature","geometry":{"type":"LineString","coordinates":[[6.1333,46.2046],[5.9022,46.12261],[5.81446,46.01332],[5.79306,45.84948],[5.74697,45.73711],[5.67627,45.67618],[5.57292,45.70429],[5.43701,45.82139],[5.34978,45.84671],[5.28519,45.81227],[5.19103,45.79894],[5.05843,45.81738],[4.95177,45.80806],[4.87095,45.77095],[4.82351,45.71253],[4.80945,45.6328],[4.81932,45.58213],[4.85312,45.56053],[4.84139,45.51278],[4.78403,45.43896],[4.78971,45.28892],[4.85824,45.06268],[4.86382,44.91101],[4.80635,44.83396],[4.78057,44.76117],[4.78646,44.6927],[4.77235,44.6372],[4.72129,44.57343]]},"properties":{"sw":0.25,"scalerank":6,"name":"Rh\u00f4ne","featurecla":"River","na":0,"cl":"Rh\u00f4ne#0"}},{"type":"Feature","geometry":{"type":"LineString","coordinates":[[4.61742,43.71005],[4.51407,43.70229],[4.46653,43.68323],[4.44017,43.6502],[4.43563,43.6269],[4.44374,43.61326],[4.43377,43.59103],[4.37889,43.56029],[4.37124,43.52814],[4.40974,43.44723]]},"properties":{"sw":0.25,"scalerank":6,"name":"Rh\u00f4ne","featurecla":"River","na":0,"cl":"Rh\u00f4ne#0"}},{"type":"Feature","geometry":{"type":"LineString","coordinates":[[4.82062,43.97323],[4.69024,43.90642],[4.63768,43.82776],[4.61939,43.71506],[4.63138,43.63878],[4.69463,43.5791],[4.72362,43.55367],[4.7354,43.50753],[4.74326,43.44861],[4.78723,43.40142]]},"properties":{"sw":0.3,"scalerank":6,"name":"Rh\u00f4ne","featurecla":"River","na":0,"cl":"Rh\u00f4ne#0"}},{"type":"Feature","geometry":{"type":"LineString","coordinates":[[30.47796,60.57418],[30.29782,60.65366],[30.11654,60.67632],[29.87407,60.66862],[29.71372,60.6778],[29.59636,60.71699]]},"properties":{"sw":0.2,"scalerank":6,"name":"Vuoksa","featurecla":"Lake Centerline","na":0,"cl":"Vuoksa#0"}},{"type":"Feature","geometry":{"type":"LineString","coordinates":[[30.53388,60.6301],[30.65832,60.64896],[30.79298,60.63467],[30.97933,60.59349],[31.15741,60.48861],[31.41207,60.2357]]},"properties":{"sw":0.25,"scalerank":6,"name":"Vuoksa","featurecla":"Lake Centerline","na":0,"cl":"Vuoksa#0"}},{"type":"Feature","geometry":{"type":"LineString","coordinates":[[30.47796,60.57418],[30.50422,60.58741],[30.51083,60.61609],[30.53388,60.6301]]},"properties":{"sw":0.2,"scalerank":6,"name":"Vuoksa","featurecla":"River","na":0,"cl":"Vuoksa#0"}},{"type":"Feature","geometry":{"type":"LineString","coordinates":[[28.82204,61.12906],[29.09479,60.95168],[29.28837,60.84866],[29.59636,60.71699]]},"properties":{"sw":0.2,"scalerank":6,"name":"Vuoksa","featurecla":"River","na":0,"cl":"Vuoksa#0"}},{"type":"Feature","geometry":{"type":"LineString","coordinates":[[28.78783,61.20417],[28.82204,61.12906]]},"properties":{"sw":0.25,"scalerank":6,"name":"Vuoksa","featurecla":"River","na":0,"cl":"Vuoksa#0"}},{"type":"Feature","geometry":{"type":"LineString","coordinates":[[128.73677,-16.13338],[128.70804,-16.43435],[128.71409,-16.5746],[128.74664,-16.63759],[128.75569,-16.69888],[128.73409,-16.78848]]},"properties":{"sw":0.2,"scalerank":6,"name":"Ord","featurecla":"Lake Centerline","na":0,"cl":"Ord#0"}},{"type":"Feature","geometry":{"type":"LineString","coordinates":[[127.57808,-17.62321],[127.92917,-17.46291]]},"properties":{"sw":0.15,"scalerank":6,"name":"Ord","featurecla":"River","na":0,"cl":"Ord#0"}},{"type":"Feature","geometry":{"type":"LineString","coordinates":[[127.92917,-17.46291],[128.15686,-17.52301],[128.25809,-17.57996],[128.30884,-17.65396],[128.3555,-17.69592],[128.39824,-17.70584],[128.50232,-17.65303],[128.66778,-17.53748],[128.78938,-17.43155],[128.86726,-17.33507],[128.89129,-17.25915],[128.86162,-17.20376],[128.85558,-17.15146],[128.8732,-17.10226],[128.83672,-17.04847],[128.74607,-16.98997],[128.69698,-16.93085],[128.68944,-16.87111],[128.69781,-16.82807],[128.73409,-16.78848]]},"properties":{"sw":0.2,"scalerank":6,"name":"Ord","featurecla":"River","na":0,"cl":"Ord#0"}},{"type":"Feature","geometry":{"type":"LineString","coordinates":[[128.73698,-16.13359],[128.70282,-16.08398],[128.70143,-16.03204],[128.7438,-15.9289],[128.74721,-15.80198],[128.71181,-15.65145],[128.61182,-15.56344],[128.44718,-15.53802],[128.346,-15.49451],[128.28925,-15.40185],[128.28016,-15.34992],[128.25464,-15.29849]]},"properties":{"sw":0.25,"scalerank":6,"name":"Ord","featurecla":"River","na":0,"cl":"Ord#0"}},{"type":"Feature","geometry":{"type":"LineString","coordinates":[[81.29471,30.79166],[81.19931,30.8521]]},"properties":{"sw":0.2,"scalerank":6,"name":"Sutlej","featurecla":"Lake Centerline","na":0,"cl":"Sutlej#0"}},{"type":"Feature","geometry":{"type":"LineString","coordinates":[[76.76465,31.40863],[76.74356,31.33364],[76.71483,31.29845],[76.67132,31.27799],[76.59598,31.30636],[76.43506,31.42227]]},"properties":{"sw":0.3,"scalerank":6,"name":"Sutlej","featurecla":"Lake Centerline","na":0,"cl":"Sutlej#0"}},{"type":"Feature","geometry":{"type":"LineString","coordinates":[[81.37574,30.75815],[81.29378,30.79228]]},"properties":{"sw":0.2,"scalerank":6,"name":"Sutlej","featurecla":"River","na":0,"cl":"Sutlej#0"}},{"type":"Feature","geometry":{"type":"LineString","coordinates":[[81.19931,30.8521],[80.87396,31.05397],[80.73123,31.12125],[80.62839,31.12125]]},"properties":{"sw":0.2,"scalerank":6,"name":"Sutlej","featurecla":"River","na":0,"cl":"Sutlej#0"}},{"type":"Feature","geometry":{"type":"LineString","coordinates":[[80.62839,31.12125],[80.53403,31.06637],[80.4745,31.05335],[80.41817,31.06389],[80.2956,31.12461],[80.10656,31.23541],[79.98042,31.33592],[79.91707,31.4262],[79.79547,31.48087],[79.61574,31.50004],[79.45559,31.55037],[79.31514,31.63192],[79.17081,31.66977],[79.0227,31.66388],[78.92214,31.69698],[78.86912,31.76912],[78.81134,31.81573],[78.74861,31.83689],[78.65166,31.80447],[78.52051,31.71843],[78.45178,31.65667],[78.44548,31.61916],[78.40481,31.60042],[78.32967,31.60042],[78.28445,31.5806],[78.26905,31.54097],[78.1534,31.53182],[77.93739,31.55322],[77.75653,31.51151],[77.6108,31.40682],[77.49546,31.3555],[77.4106,31.35757],[77.35298,31.33798],[77.3227,31.29672],[77.27046,31.26724],[77.19615,31.24957],[77.0899,31.27274],[76.95161,31.33677],[76.88288,31.38023],[76.88371,31.40312],[76.85425,31.41307],[76.76465,31.40863]]},"properties":{"sw":0.25,"scalerank":6,"name":"Sutlej","featurecla":"River","na":0,"cl":"Sutlej#0"}},{"type":"Feature","geometry":{"type":"LineString","coordinates":[[76.43506,31.42227],[76.38379,31.40739],[76.36958,31.38656],[76.37527,31.35488],[76.535,31.14368],[76.56693,31.05335],[76.52611,31.00302],[76.36002,30.98901],[76.06867,31.01136],[75.79112,31.0132],[75.52746,30.99449],[75.305,31.0347],[75.12382,31.13378],[74.98398,31.17712],[74.88559,31.16476],[74.72751,31.09226],[74.50975,30.95966],[74.3804,30.89341],[74.33937,30.89357],[74.2156,30.76897],[74.009,30.51969],[73.80566,30.36337],[73.50542,30.26831]]},"properties":{"sw":0.3,"scalerank":6,"name":"Sutlej","featurecla":"River","na":0,"cl":"Sutlej#0"}},{"type":"Feature","geometry":{"type":"LineString","coordinates":[[73.50542,30.26831],[73.38181,30.22927],[73.32537,30.19444],[73.29499,30.15074],[73.26812,30.13935],[73.24476,30.16023],[73.15794,30.12364],[73.00777,30.02959],[72.85832,29.96008],[72.70981,29.91502],[72.63126,29.87585],[72.62268,29.84255],[72.55436,29.82903],[72.4261,29.83529],[72.30859,29.79371],[72.20162,29.70426],[72.15263,29.63951],[72.16152,29.59949],[72.12054,29.55747],[72.02969,29.51344],[71.9051,29.48699],[71.74687,29.4781],[71.65013,29.45216],[71.61499,29.40916],[71.56481,29.38239],[71.49959,29.37185],[71.4181,29.38208],[71.32043,29.41309],[71.20912,29.41309],[71.01415,29.32625]]},"properties":{"sw":0.35,"scalerank":6,"name":"Sutlej","featurecla":"River","na":0,"cl":"Sutlej#0"}},{"type":"Feature","geometry":{"type":"LineString","coordinates":[[-114.17303,65.63894],[-114.30534,65.64026],[-114.3549,65.60855],[-114.36586,65.54432],[-114.28994,65.49636],[-114.12716,65.46484],[-114.0343,65.42541],[-114.0113,65.37818],[-113.78661,65.33565],[-113.36023,65.29788],[-113.02506,65.25214],[-112.78115,65.19855],[-112.60049,65.17651],[-112.48318,65.18607],[-112.38853,65.13778],[-112.31652,65.03164],[-112.28986,64.97397],[-112.31784,64.96017]]},"properties":{"sw":0.2,"scalerank":6,"name":"Coppermine","featurecla":"Lake Centerline","na":1,"cl":"Coppermine#0"}},{"type":"Feature","geometry":{"type":"LineString","coordinates":[[-112.34342,64.89883],[-112.05044,64.77615],[-111.95613,64.71091],[-111.96618,64.63781]]},"properties":{"sw":0.2,"scalerank":6,"name":"Coppermine","featurecla":"Lake Centerline","na":1,"cl":"Coppermine#0"}},{"type":"Feature","geometry":{"type":"LineString","coordinates":[[-114.17336,65.63837],[-114.16786,65.6839],[-114.23083,65.72839],[-114.36043,65.7871],[-114.42993,65.86353],[-114.43934,65.95771],[-114.40317,66.03532],[-114.32147,66.09638],[-114.37361,66.2327],[-114.55954,66.44432],[-114.75116,66.58596],[-114.94835,66.65759],[-115.26536,66.72771],[-115.92059,66.8307]]},"properties":{"sw":0.2,"scalerank":6,"name":"Coppermine","featurecla":"River","na":1,"cl":"Coppermine#0"}},{"type":"Feature","geometry":{"type":"LineString","coordinates":[[-111.21207,64.58257],[-111.35126,64.55182],[-111.4559,64.56224],[-111.57243,64.60352],[-111.71457,64.62758],[-111.96618,64.63781]]},"properties":{"sw":0.15,"scalerank":6,"name":"Coppermine","featurecla":"River","na":1,"cl":"Coppermine#0"}},{"type":"Feature","geometry":{"type":"LineString","coordinates":[[-112.31784,64.96017],[-112.34342,64.89883]]},"properties":{"sw":0.2,"scalerank":6,"name":"Coppermine","featurecla":"River","na":1,"cl":"Coppermine#0"}},{"type":"Feature","geometry":{"type":"LineString","coordinates":[[-115.92059,66.8307],[-116.1566,66.80977],[-116.26553,66.83171],[-116.32599,66.88959],[-116.29292,66.97229],[-116.16621,67.07978],[-116.13386,67.15595],[-116.19587,67.20081],[-116.07392,67.22427],[-115.76799,67.22639],[-115.60048,67.2361],[-115.57142,67.25341],[-115.59457,67.27574],[-115.67001,67.30308],[-115.71298,67.34075],[-115.72353,67.38886],[-115.69435,67.44035],[-115.62547,67.49526],[-115.59343,67.53624],[-115.59829,67.56321],[-115.55299,67.61468],[-115.45757,67.69062],[-115.33536,67.74742],[-115.13322,67.8192]]},"properties":{"sw":0.25,"scalerank":6,"name":"Coppermine","featurecla":"River","na":1,"cl":"Coppermine#0"}},{"type":"Feature","geometry":{"type":"LineString","coordinates":[[35.92414,14.93537],[35.90017,14.86346],[35.89541,14.61962]]},"properties":{"sw":0.2,"scalerank":6,"name":"Atbarah","featurecla":"Lake Centerline","na":0,"cl":"Atbarah#0"}},{"type":"Feature","geometry":{"type":"LineString","coordinates":[[35.58566,16.00375],[35.61279,15.71566],[35.71444,15.46937],[35.89955,15.16889],[35.9504,15.04461],[35.9584,14.99875],[35.92414,14.93537]]},"properties":{"sw":0.2,"scalerank":6,"name":"Atbarah","featurecla":"River","na":0,"cl":"Atbarah#0"}},{"type":"Feature","geometry":{"type":"LineString","coordinates":[[35.58339,16.00003],[35.35229,16.31254],[35.27302,16.44533],[35.26847,16.50258],[35.18961,16.63198],[35.03645,16.83352],[34.95506,16.96279],[34.94544,17.01979],[34.76731,17.13839],[34.42057,17.31863],[34.2275,17.45294],[34.18813,17.54131],[34.1225,17.60559],[33.95186,17.69851]]},"properties":{"sw":0.25,"scalerank":6,"name":"Atbarah","featurecla":"River","na":0,"cl":"Atbarah#0"}},{"type":"Feature","geometry":{"type":"LineString","coordinates":[[87.75571,51.36438],[87.68574,51.63587],[87.59479,51.73516],[87.39201,51.76162]]},"properties":{"sw":0.2,"scalerank":6,"name":"Biya","featurecla":"Lake Centerline","na":0,"cl":"Biya#0"}},{"type":"Feature","geometry":{"type":"LineString","coordinates":[[87.39201,51.76162],[87.17652,51.84867],[87.10712,51.97556],[87.11198,52.17131],[87.07038,52.29324],[86.98242,52.34133],[86.9294,52.38662],[86.91132,52.42905],[86.8677,52.45357],[86.79845,52.46011],[86.68807,52.50734],[86.53671,52.59529],[86.43114,52.63252],[86.3715,52.61901],[86.33378,52.58617],[86.31807,52.5339],[86.24712,52.53964],[86.12092,52.60325],[86.01917,52.61658],[85.94187,52.57963],[85.85489,52.57369],[85.75826,52.59881],[85.6039,52.60033],[85.39172,52.57824],[85.22832,52.5338],[85.05623,52.4336]]},"properties":{"sw":0.25,"scalerank":6,"name":"Biya","featurecla":"River","na":0,"cl":"Biya#0"}},{"type":"Feature","geometry":{"type":"LineString","coordinates":[[-91.31907,48.82823],[-91.44002,48.9027],[-91.51764,48.91192],[-91.62952,48.86518]]},"properties":{"sw":0.2,"scalerank":6,"name":"Rainy","featurecla":"Lake Centerline","na":1,"cl":"Rainy#0"}},{"type":"Feature","geometry":{"type":"LineString","coordinates":[[-93.38158,48.61615],[-92.77901,48.67801]]},"properties":{"sw":0.2,"scalerank":6,"name":"Rainy","featurecla":"Lake Centerline","na":1,"cl":"Rainy#0"}},{"type":"Feature","geometry":{"type":"LineString","coordinates":[[-90.50349,49.32913],[-90.61333,49.21927]]},"properties":{"sw":0.15,"scalerank":6,"name":"Rainy","featurecla":"River","na":1,"cl":"Rainy#0"}},{"type":"Feature","geometry":{"type":"LineString","coordinates":[[-90.61333,49.21927],[-90.59005,49.16858],[-90.60061,49.12992],[-90.6373,49.08641],[-90.75598,49.05378],[-90.95669,49.03202],[-91.12252,48.97293],[-91.31907,48.82823]]},"properties":{"sw":0.2,"scalerank":6,"name":"Rainy","featurecla":"River","na":1,"cl":"Rainy#0"}},{"type":"Feature","geometry":{"type":"LineString","coordinates":[[-91.62949,48.86523],[-91.65877,48.79185],[-91.75721,48.76199],[-91.93456,48.75113],[-92.05965,48.75956],[-92.13241,48.78715],[-92.32136,48.7702],[-92.77901,48.67801]]},"properties":{"sw":0.2,"scalerank":6,"name":"Rainy","featurecla":"River","na":1,"cl":"Rainy#0"}},{"type":"Feature","geometry":{"type":"LineString","coordinates":[[-93.37683,48.61721],[-93.46362,48.56127],[-93.56428,48.53691],[-93.70774,48.52546],[-93.80355,48.54895],[-93.85163,48.60729],[-94.05518,48.65902],[-94.41415,48.70411],[-94.62089,48.74261],[-94.67535,48.77444],[-94.70509,48.80852],[-94.71256,48.86301]]},"properties":{"sw":0.2,"scalerank":6,"name":"Rainy","featurecla":"River","na":1,"cl":"Rainy#0"}},{"type":"Feature","geometry":{"type":"LineString","coordinates":[[-96.02597,50.28303],[-95.98876,50.4048]]},"properties":{"sw":0.2,"scalerank":6,"name":"Winnipeg","featurecla":"Lake Centerline","na":1,"cl":"Winnipeg#0"}},{"type":"Feature","geometry":{"type":"LineString","coordinates":[[-94.6145,49.99266],[-94.50769,49.70735],[-94.54893,49.57351],[-94.70269,49.496],[-94.80199,49.42499],[-94.84689,49.36055],[-94.86041,49.2586],[-94.8426,49.11917],[-94.80346,49.00295],[-94.71277,48.86343]]},"properties":{"sw":0.2,"scalerank":6,"name":"Winnipeg","featurecla":"Lake Centerline","na":1,"cl":"Winnipeg#0"}},{"type":"Feature","geometry":{"type":"LineString","coordinates":[[-96.59764,50.97924],[-96.46731,50.77416],[-96.3915,50.68533],[-96.29438,50.62389]]},"properties":{"sw":0.2,"scalerank":6,"name":"Winnipeg","featurecla":"Lake Centerline","na":1,"cl":"Winnipeg#0"}},{"type":"Feature","geometry":{"type":"LineString","coordinates":[[-94.6145,49.99266],[-94.65114,50.02387],[-94.64755,50.0624],[-94.6392,50.10087],[-94.66804,50.13456],[-94.74514,50.1433],[-94.8087,50.1496],[-94.93133,50.13095],[-94.99939,50.14102],[-95.01288,50.17993],[-95.07267,50.21983],[-95.17881,50.26081],[-95.20664,50.3398],[-95.2757,50.36556],[-95.39753,50.36897],[-95.50556,50.32318],[-95.59982,50.2282],[-95.7257,50.16986],[-95.88311,50.14815],[-95.98664,50.14769],[-96.0363,50.16846],[-96.05235,50.20492],[-96.02594,50.28313]]},"properties":{"sw":0.2,"scalerank":6,"name":"Winnipeg","featurecla":"River","na":1,"cl":"Winnipeg#0"}},{"type":"Feature","geometry":{"type":"LineString","coordinates":[[-95.98871,50.40354],[-96.00455,50.45067],[-96.08121,50.50591],[-96.29531,50.62451]]},"properties":{"sw":0.2,"scalerank":6,"name":"Winnipeg","featurecla":"River","na":1,"cl":"Winnipeg#0"}},{"type":"Feature","geometry":{"type":"LineString","coordinates":[[-108.0895,64.71548],[-107.97893,64.72039]]},"properties":{"sw":0.2,"scalerank":6,"name":"Back","featurecla":"Lake Centerline","na":1,"cl":"Back#0"}},{"type":"Feature","geometry":{"type":"LineString","coordinates":[[-108.53332,64.56208],[-108.18026,64.68561]]},"properties":{"sw":0.2,"scalerank":6,"name":"Back","featurecla":"Lake Centerline","na":1,"cl":"Back#0"}},{"type":"Feature","geometry":{"type":"LineString","coordinates":[[-98.65645,65.92771],[-98.67658,66.00284],[-98.71604,66.02321],[-98.78154,66.0138],[-98.87355,66.03155],[-98.99209,66.07648],[-99.12735,66.06227],[-99.27934,65.98905],[-99.46746,65.93241],[-99.69174,65.89236],[-99.85186,65.88559],[-99.94787,65.91205],[-100.11505,65.90874],[-100.35338,65.87564],[-100.58179,65.8711],[-100.80028,65.8951],[-100.97251,65.89768],[-101.0985,65.87887],[-101.31368,65.8888],[-101.77022,65.94678]]},"properties":{"sw":0.25,"scalerank":6,"name":"Back","featurecla":"Lake Centerline","na":1,"cl":"Back#0"}},{"type":"Feature","geometry":{"type":"LineString","coordinates":[[-97.26721,65.97416],[-96.99464,66.15147]]},"properties":{"sw":0.3,"scalerank":6,"name":"Back","featurecla":"Lake Centerline","na":1,"cl":"Back#0"}},{"type":"Feature","geometry":{"type":"LineString","coordinates":[[-108.82798,64.56208],[-108.53316,64.56208]]},"properties":{"sw":0.2,"scalerank":6,"name":"Back","featurecla":"River","na":1,"cl":"Back#0"}},{"type":"Feature","geometry":{"type":"LineString","coordinates":[[-108.18026,64.68561],[-108.08965,64.71538]]},"properties":{"sw":0.2,"scalerank":6,"name":"Back","featurecla":"River","na":1,"cl":"Back#0"}},{"type":"Feature","geometry":{"type":"LineString","coordinates":[[-107.97917,64.72037],[-107.84941,64.7546],[-107.77468,64.80287],[-107.71169,64.87661],[-107.60467,64.95288],[-107.45356,65.03169],[-107.37385,65.10755],[-107.36548,65.18047],[-107.37677,65.24408],[-107.40778,65.29839],[-107.36199,65.36609],[-107.23942,65.44712],[-107.10346,65.47771],[-106.95403,65.45797],[-106.80234,65.39908],[-106.64839,65.30103],[-106.46218,65.2493],[-106.24372,65.24385],[-106.12682,65.22899],[-106.11148,65.20475],[-105.89666,65.16367],[-105.27527,65.07667]]},"properties":{"sw":0.2,"scalerank":6,"name":"Back","featurecla":"River","na":1,"cl":"Back#0"}},{"type":"Feature","geometry":{"type":"LineString","coordinates":[[-98.65643,65.92698],[-98.59979,65.88412],[-98.54098,65.88668],[-98.46109,65.92037],[-98.35585,65.92931],[-98.22521,65.9136],[-98.14514,65.92595],[-98.11558,65.96646],[-98.06031,65.99931],[-97.97929,66.02447],[-97.85839,66.01277],[-97.69767,65.96427],[-97.52978,65.94853],[-97.26721,65.97416]]},"properties":{"sw":0.25,"scalerank":6,"name":"Back","featurecla":"River","na":1,"cl":"Back#0"}},{"type":"Feature","geometry":{"type":"LineString","coordinates":[[-105.27527,65.07667],[-105.00519,65.07107],[-104.64761,65.11179],[-104.11248,65.197],[-103.70873,65.28289],[-103.43634,65.3694],[-103.27718,65.44487],[-103.23124,65.50931],[-103.15925,65.55579],[-103.06117,65.58437],[-102.81232,65.6007],[-102.41268,65.60488],[-102.17776,65.63005],[-102.10748,65.67625],[-102.09611,65.72353],[-102.14363,65.77185],[-102.06805,65.83371],[-101.77014,65.94683]]},"properties":{"sw":0.25,"scalerank":6,"name":"Back","featurecla":"River","na":1,"cl":"Back#0"}},{"type":"Feature","geometry":{"type":"LineString","coordinates":[[-96.99547,66.15167],[-96.65422,66.09163],[-96.47501,66.0933],[-96.34411,66.13671],[-96.19167,66.2064],[-96.01767,66.30231],[-95.89598,66.389],[-95.82647,66.46641],[-95.79906,66.52664],[-95.79735,66.61655]]},"properties":{"sw":0.3,"scalerank":6,"name":"Back","featurecla":"River","na":1,"cl":"Back#0"}},{"type":"Feature","geometry":{"type":"LineString","coordinates":[[-106.85308,51.2624],[-106.68994,51.12975],[-106.69123,51.07213],[-106.80255,51.04544],[-106.90081,50.96257],[-106.98605,50.82351],[-107.15927,50.72277],[-107.42049,50.66027],[-107.66477,50.63629],[-108.00573,50.65805]]},"properties":{"sw":0.25,"scalerank":6,"name":"South Saskatchewan","featurecla":"Lake Centerline","na":1,"cl":"South Saskatchewan#0"}},{"type":"Feature","geometry":{"type":"LineString","coordinates":[[-116.42204,51.66731],[-116.35674,51.65114],[-116.31904,51.61173],[-116.27122,51.50967]]},"properties":{"sw":0.15,"scalerank":6,"name":"South Saskatchewan","featurecla":"River","na":1,"cl":"South Saskatchewan#0"}},{"type":"Feature","geometry":{"type":"LineString","coordinates":[[-116.27122,51.50967],[-115.85969,51.27315],[-115.65821,51.19406],[-115.52956,51.19352],[-115.41401,51.15869],[-115.31151,51.08954],[-115.10041,51.10277],[-114.78066,51.19837],[-114.47965,51.19553],[-114.19731,51.09432],[-114.04079,50.99864],[-114.01006,50.90852],[-113.9404,50.85049],[-113.83178,50.82452],[-113.58107,50.79907],[-113.44707,50.81253],[-113.31003,50.84785],[-113.19048,50.83809],[-113.08836,50.78326],[-113.00253,50.76657],[-112.93297,50.78801],[-112.80931,50.7893],[-112.63154,50.77034],[-112.52354,50.729],[-112.48527,50.66531],[-112.44404,50.63107],[-112.39988,50.62626],[-112.35714,50.57423],[-112.31588,50.47496],[-112.26265,50.42188],[-112.19746,50.41501],[-112.16759,50.39269],[-112.17304,50.35481],[-112.15085,50.30331],[-112.10103,50.23812],[-112.03111,50.20502],[-111.94115,50.20394],[-111.82544,50.17577],[-111.68411,50.12053],[-111.60907,50.06521],[-111.60044,50.00982],[-111.62362,49.96785],[-111.64259,49.93651]]},"properties":{"sw":0.2,"scalerank":6,"name":"South Saskatchewan","featurecla":"River","na":1,"cl":"South Saskatchewan#0"}},{"type":"Feature","geometry":{"type":"LineString","coordinates":[[-111.64259,49.93651],[-111.60695,49.90388],[-111.5235,49.90863],[-111.42247,49.93442],[-111.34227,50.00098],[-111.26413,50.04113],[-111.18812,50.05493],[-110.77507,50.04604],[-110.6604,50.05901],[-110.68107,50.09544],[-110.66391,50.12046],[-110.60898,50.13394],[-110.57996,50.15539],[-110.57686,50.18469],[-110.5941,50.21115],[-110.63161,50.23471],[-110.63151,50.29889],[-110.59368,50.40359],[-110.52852,50.44829],[-110.43597,50.43294],[-110.39067,50.46258],[-110.39261,50.53712],[-110.34398,50.58957],[-110.24484,50.61978],[-110.15821,50.66115],[-110.08415,50.7137],[-110.05408,50.75375],[-110.06803,50.7814],[-110.05423,50.80961],[-110.01258,50.83845],[-109.99824,50.8631],[-110.01116,50.88356],[-109.97749,50.90862],[-109.89721,50.93829],[-109.63397,50.97012],[-109.18772,51.00412],[-108.92521,51.00237],[-108.84637,50.9648],[-108.73,50.93906],[-108.57608,50.92511],[-108.44141,50.85777],[-108.32607,50.73711],[-108.20272,50.6721],[-108.00573,50.65805]]},"properties":{"sw":0.2,"scalerank":6,"name":"South Saskatchewan","featurecla":"River","na":1,"cl":"South Saskatchewan#0"}},{"type":"Feature","geometry":{"type":"LineString","coordinates":[[-106.85324,51.26261],[-107.01519,51.38761],[-107.06684,51.46399],[-107.06217,51.53344],[-106.99292,51.60786],[-106.8591,51.68718],[-106.77609,51.74844],[-106.74379,51.79157],[-106.73787,51.85275],[-106.75831,51.93202],[-106.75474,51.97649],[-106.72715,51.98616],[-106.71335,52.01217],[-106.71335,52.05455],[-106.5737,52.19754],[-106.29441,52.44114],[-106.14806,52.61601],[-106.13473,52.72211],[-106.10329,52.80789],[-106.05373,52.87336],[-105.90291,52.9317],[-105.65083,52.98297],[-105.4973,53.0463],[-105.44237,53.12172],[-105.37286,53.15257],[-105.28874,53.13893],[-105.2013,53.15918],[-105.06508,53.24039]]},"properties":{"sw":0.25,"scalerank":6,"name":"South Saskatchewan","featurecla":"River","na":1,"cl":"South Saskatchewan#0"}},{"type":"Feature","geometry":{"type":"LineString","coordinates":[[-0.97422,8.6612],[-1.11112,8.85566],[-1.15548,8.9695],[-1.15168,9.11655]]},"properties":{"sw":0.25,"scalerank":6,"name":"White Volta","featurecla":"Lake Centerline","na":0,"cl":"White Volta#0"}},{"type":"Feature","geometry":{"type":"LineString","coordinates":[[-2.08274,14.0101],[-2.05542,13.68051]]},"properties":{"sw":0.15,"scalerank":6,"name":"White Volta","featurecla":"River","na":0,"cl":"White Volta#0"}},{"type":"Feature","geometry":{"type":"LineString","coordinates":[[-2.05542,13.68051],[-2.10777,13.56594],[-2.10449,13.47347],[-2.0631,13.36487],[-2.06914,13.25317],[-2.12258,13.13835],[-2.13454,13.06804],[-2.10498,13.0423],[-1.9892,13.03812],[-1.78715,13.05548],[-1.62778,13.03158],[-1.51109,12.96642],[-1.41084,12.94593],[-1.32707,12.97016],[-1.26204,12.96177],[-1.21581,12.92079],[-1.18295,12.83609],[-1.16344,12.7077],[-1.14088,12.65122],[-1.11525,12.66662],[-1.09582,12.65768],[-1.08254,12.62435],[-1.09179,12.33325],[-1.04481,12.1528],[-0.94022,11.97493],[-0.85785,11.86708],[-0.79762,11.8293],[-0.77093,11.75375],[-0.77775,11.64048],[-0.72362,11.55746],[-0.60854,11.5047],[-0.53381,11.45377],[-0.49947,11.40468],[-0.49219,11.37],[-0.51203,11.34975],[-0.48319,11.29094],[-0.40573,11.19358],[-0.37261,11.08134],[-0.38377,10.95419],[-0.37431,10.86699],[-0.34431,10.8198],[-0.33912,10.78399],[-0.35881,10.7596],[-0.36052,10.72002],[-0.33612,10.6379]]},"properties":{"sw":0.2,"scalerank":6,"name":"White Volta","featurecla":"River","na":0,"cl":"White Volta#0"}},{"type":"Feature","geometry":{"type":"LineString","coordinates":[[-0.33612,10.6379],[-0.60846,10.54574],[-0.70039,10.54607],[-0.70269,10.60814],[-0.72421,10.6401],[-0.76488,10.64193],[-0.81682,10.60406],[-0.87991,10.52644],[-0.93699,10.4992],[-0.988,10.52236],[-1.02693,10.52163],[-1.05386,10.49703],[-1.06711,10.44541],[-1.06675,10.36681],[-1.05045,10.30265],[-1.01825,10.25299],[-1.02401,10.20568],[-1.06778,10.16072],[-1.06996,10.11682],[-1.03055,10.07401],[-0.99965,9.96089],[-0.97732,9.77747],[-1.02084,9.69566],[-1.13013,9.71548],[-1.23728,9.68628],[-1.34224,9.60815],[-1.38518,9.52298],[-1.36611,9.43079],[-1.32754,9.35896],[-1.2695,9.30747],[-1.24217,9.25424],[-1.24558,9.19931],[-1.22341,9.15805],[-1.15171,9.1166]]},"properties":{"sw":0.25,"scalerank":6,"name":"White Volta","featurecla":"River","na":0,"cl":"White Volta#0"}},{"type":"Feature","geometry":{"type":"LineString","coordinates":[[27.38482,66.76476],[27.51856,66.66802],[27.51344,66.62121],[27.41412,66.59206],[27.36322,66.54984],[27.3595,66.46698]]},"properties":{"sw":0.25,"scalerank":6,"name":"Kemijoki","featurecla":"Lake Centerline","na":0,"cl":"Kemijoki#0"}},{"type":"Feature","geometry":{"type":"LineString","coordinates":[[28.78101,68.10499],[28.93046,68.01239],[28.95475,67.96149],[28.87817,67.90146]]},"properties":{"sw":0.15,"scalerank":6,"name":"Kemijoki","featurecla":"River","na":0,"cl":"Kemijoki#0"}},{"type":"Feature","geometry":{"type":"LineString","coordinates":[[28.87817,67.90146],[28.85073,67.81348],[28.80251,67.75142],[28.72448,67.68589],[28.55338,67.58952],[28.28931,67.46224],[28.18653,67.3686],[28.24503,67.3085],[28.22684,67.2869],[28.13185,67.30375],[28.08483,67.29321],[28.08555,67.25522],[28.0625,67.23081],[27.99202,67.21445]]},"properties":{"sw":0.2,"scalerank":6,"name":"Kemijoki","featurecla":"River","na":0,"cl":"Kemijoki#0"}},{"type":"Feature","geometry":{"type":"LineString","coordinates":[[27.3595,66.46698],[27.32353,66.40553],[27.27113,66.3729],[27.19031,66.34856],[26.90103,66.356],[26.40328,66.39517],[26.06593,66.44085],[25.88899,66.4931],[25.70854,66.49418],[25.52467,66.44424],[25.40013,66.36262],[25.30257,66.19265]]},"properties":{"sw":0.25,"scalerank":6,"name":"Kemijoki","featurecla":"River","na":0,"cl":"Kemijoki#0"}},{"type":"Feature","geometry":{"type":"LineString","coordinates":[[27.99202,67.21445],[27.60806,67.15802],[27.50011,67.10583],[27.54011,67.03901],[27.51628,66.94542],[27.38482,66.76476]]},"properties":{"sw":0.25,"scalerank":6,"name":"Kemijoki","featurecla":"River","na":0,"cl":"Kemijoki#0"}},{"type":"Feature","geometry":{"type":"LineString","coordinates":[[25.30257,66.19265],[24.94585,66.11772],[24.79785,66.0476],[24.71056,65.9121],[24.62799,65.85918]]},"properties":{"sw":0.3,"scalerank":6,"name":"Kemijoki","featurecla":"River","na":0,"cl":"Kemijoki#0"}},{"type":"Feature","geometry":{"type":"LineString","coordinates":[[109.58683,63.45546],[109.81359,63.426],[109.93895,63.43515],[110.03828,63.47313],[110.14246,63.48031],[110.25149,63.4567],[110.34513,63.42259],[110.42337,63.37794],[110.44854,63.3126],[110.42053,63.22655],[110.47422,63.17671],[110.60971,63.16302],[110.64382,63.12832],[110.57654,63.07256],[110.66501,63.00799],[110.90902,62.93461],[111.05651,62.93528],[111.10736,63.01006],[111.23376,63.05682],[111.43581,63.07563],[111.57648,63.1261],[111.65585,63.20818],[111.7407,63.23898],[111.83093,63.21847],[111.88633,63.17604],[111.9069,63.1117],[111.86855,63.05946],[111.7715,63.01925],[111.77688,62.96468],[111.88478,62.8958],[111.99495,62.85978],[112.1073,62.85673],[112.20776,62.9058],[112.29612,63.00703],[112.37529,63.04837],[112.47999,63.02055]]},"properties":{"sw":0.25,"scalerank":6,"name":"Vilyuy","featurecla":"Lake Centerline","na":0,"cl":"Vilyuy#0"}},{"type":"Feature","geometry":{"type":"LineString","coordinates":[[103.5163,65.99401],[103.67711,66.00806],[103.76936,65.99341],[103.88516,65.93536]]},"properties":{"sw":0.15,"scalerank":6,"name":"Vilyuy","featurecla":"River","na":0,"cl":"Vilyuy#0"}},{"type":"Feature","geometry":{"type":"LineString","coordinates":[[103.88516,65.93536],[104.05704,65.80335],[104.26819,65.73082],[104.57587,65.67372],[104.81079,65.64692],[104.97285,65.65036],[105.15186,65.68281],[105.34771,65.7442],[105.49468,65.76467],[105.59255,65.74415],[105.71089,65.68503],[105.84959,65.58731],[105.91801,65.51546],[105.91615,65.46952],[105.93207,65.43735],[105.96586,65.41895],[106.02074,65.42221],[106.09691,65.44712],[106.21598,65.44789],[106.37793,65.42443],[106.54025,65.43502],[106.70277,65.47975],[106.78189,65.5168],[106.82111,65.55499],[106.93531,65.57512],[107.41549,65.61791]]},"properties":{"sw":0.2,"scalerank":6,"name":"Vilyuy","featurecla":"River","na":0,"cl":"Vilyuy#0"}},{"type":"Feature","geometry":{"type":"LineString","coordinates":[[107.41549,65.61791],[107.70405,65.59181],[107.81361,65.56809],[107.84027,65.53802],[107.84539,65.50711],[107.82895,65.47544],[107.8411,65.45805],[107.85758,65.44632],[107.85639,65.42732],[107.87965,65.38469],[107.95665,65.31687],[108.06444,65.29638],[108.20325,65.32325],[108.34856,65.31426],[108.59361,65.23553],[108.62813,65.21251],[108.63784,65.1938],[108.62276,65.17941],[108.66725,65.15132],[108.77132,65.10951],[108.88341,65.10535],[109.00351,65.13879],[109.10572,65.12538],[109.19006,65.06518],[109.29899,65.0189],[109.43242,64.9866],[109.4872,64.93865],[109.46332,64.87503],[109.4179,64.82865],[109.35103,64.79951],[109.31677,64.76349],[109.31501,64.72065],[109.3918,64.67484],[109.54704,64.626],[109.55505,64.58123],[109.41578,64.54058],[109.36659,64.48382],[109.40741,64.411],[109.40798,64.36021],[109.36839,64.33145],[109.29569,64.32106],[109.19001,64.32905],[109.1144,64.28962],[109.06903,64.2027],[109.12505,64.16487],[109.28256,64.17613],[109.42095,64.16688],[109.54012,64.13707],[109.5457,64.10337],[109.43769,64.0657],[109.40493,64.02581],[109.44741,63.98359],[109.4626,63.94964],[109.45056,63.92385],[109.47686,63.89489],[109.54156,63.86269],[109.54456,63.81809],[109.48575,63.7611],[109.38591,63.70686],[109.2839,63.68526],[109.24484,63.65544],[109.27067,63.62573],[109.34824,63.56865],[109.41072,63.52754],[109.58683,63.45546]]},"properties":{"sw":0.25,"scalerank":6,"name":"Vilyuy","featurecla":"River","na":0,"cl":"Vilyuy#0"}},{"type":"Feature","geometry":{"type":"LineString","coordinates":[[123.61554,64.09149],[123.22496,63.94406],[123.03542,63.9068],[122.91677,63.93057],[122.60691,63.92535],[122.10586,63.89114],[121.79518,63.85187],[121.67478,63.80753],[121.50305,63.78856],[121.27992,63.79497],[121.14065,63.77737],[121.08525,63.73577],[121.02324,63.72552],[120.95461,63.7466],[120.86883,63.72944],[120.76589,63.67405],[120.65799,63.64826],[120.54528,63.65198],[120.48239,63.61069],[120.46927,63.52444],[120.32933,63.50879],[120.06257,63.56372],[119.67376,63.56599],[119.16289,63.51555],[118.89107,63.48052],[118.8581,63.46096],[118.85903,63.43008],[118.89386,63.38797],[118.8334,63.34911],[118.67775,63.31355],[118.40789,63.28508],[118.02384,63.26374],[117.7685,63.22061],[117.64189,63.15576],[117.54448,63.04943],[117.47617,62.90169],[117.45705,62.81325],[117.48712,62.78405],[117.48123,62.75353],[117.43937,62.72175],[117.41922,62.66145],[117.42067,62.57272],[117.4556,62.51582],[117.52392,62.49091],[117.54867,62.44523],[117.52971,62.3788],[117.57301,62.30633],[117.67853,62.22773],[117.70923,62.16091],[117.6652,62.10582],[117.6189,62.08758],[117.57043,62.10624],[117.52175,62.08998],[117.47286,62.03888],[117.38026,61.99216],[117.24368,61.94984],[117.04415,61.93937],[116.78174,61.96077],[116.55033,61.99978],[116.35014,62.05645],[116.21583,62.10427],[116.14752,62.14334],[116.12597,62.19042],[116.15118,62.24545],[116.05403,62.30147],[115.83461,62.35842],[115.76423,62.42089],[115.7355,62.46689],[115.7355,62.50528],[115.7634,62.55892],[115.717,62.58362],[115.59628,62.57938],[115.49407,62.59168],[115.41025,62.62057],[115.35206,62.65607],[115.3195,62.69819],[115.32281,62.73821],[115.36209,62.77612],[115.33821,62.80185],[115.25108,62.81549],[115.22923,62.85058],[115.27253,62.90722],[115.28106,62.95161],[115.25481,62.98375],[115.1977,63.01476],[115.1097,63.04458],[115.02888,63.04266],[114.95519,63.00897],[114.86516,63.00132],[114.75902,63.01967],[114.68321,63.04564],[114.63784,63.07917],[114.63138,63.11356],[114.66383,63.14886],[114.67138,63.17273],[114.65391,63.18532],[114.34416,63.14509],[114.20676,63.14845],[114.13265,63.18607],[114.05855,63.19495],[113.98444,63.17511],[113.93726,63.17873],[113.91711,63.20575],[113.8552,63.22803],[113.75174,63.24555],[113.63837,63.21472],[113.51507,63.13558],[113.49739,63.09656],[113.4545,63.06111],[113.37833,63.05687],[113.35518,63.04034],[113.36334,62.99592],[113.37492,62.9604],[113.38949,62.93373],[113.43218,62.90453],[113.43073,62.87301],[113.38515,62.83911],[113.33911,62.82885],[113.2925,62.84221],[113.25441,62.87973],[113.22495,62.94133],[113.15726,62.97807],[113.05132,62.98993],[112.9921,63.01279],[112.9796,63.04664],[112.92559,63.05553],[112.8302,63.03949],[112.78302,63.00866],[112.76648,62.98081],[112.7085,62.96034],[112.4803,63.02029]]},"properties":{"sw":0.3,"scalerank":6,"name":"Vilyuy","featurecla":"River","na":0,"cl":"Vilyuy#0"}},{"type":"Feature","geometry":{"type":"LineString","coordinates":[[126.42348,64.40289],[126.42095,64.28476],[126.30994,64.18022],[126.09378,64.05733],[125.80837,63.96411],[125.45356,63.90065],[125.11508,63.89388],[124.79293,63.94375],[124.6208,63.98602],[124.59878,64.02069],[124.34469,64.05139],[123.61554,64.09149]]},"properties":{"sw":0.35,"scalerank":6,"name":"Vilyuy","featurecla":"River","na":0,"cl":"Vilyuy#0"}},{"type":"Feature","geometry":{"type":"LineString","coordinates":[[111.47767,32.56781],[111.00008,32.74069]]},"properties":{"sw":0.25,"scalerank":6,"name":"Han","featurecla":"Lake Centerline","na":0,"cl":"Han#0"}},{"type":"Feature","geometry":{"type":"LineString","coordinates":[[106.3985,33.06772],[106.67621,33.14222]]},"properties":{"sw":0.15,"scalerank":6,"name":"Han","featurecla":"River","na":0,"cl":"Han#0"}},{"type":"Feature","geometry":{"type":"LineString","coordinates":[[106.67621,33.14222],[106.8317,33.1341],[106.93102,33.10167],[107.02601,33.04222],[107.18884,33.0632],[107.41962,33.16462],[107.59605,33.20045],[107.71811,33.17074],[107.80658,33.17779],[107.86135,33.22164],[107.90549,33.2343],[107.93897,33.2157],[107.95597,33.17503],[107.95649,33.11219],[108.03633,33.06201],[108.19549,33.02444],[108.26567,32.96411],[108.24702,32.88099],[108.28769,32.81068],[108.38773,32.75322],[108.41078,32.73413],[108.41078,32.70917],[108.42514,32.66545],[108.51217,32.54977]]},"properties":{"sw":0.2,"scalerank":6,"name":"Han","featurecla":"River","na":0,"cl":"Han#0"}},{"type":"Feature","geometry":{"type":"LineString","coordinates":[[108.51217,32.54977],[108.65092,32.50623],[108.71784,32.52758],[108.75908,32.59928],[108.78233,32.61351],[108.79773,32.61739],[108.81861,32.60881],[108.83577,32.60251],[108.85473,32.60757],[108.92217,32.63589],[109.06325,32.73459],[109.17497,32.77492],[109.25734,32.75686],[109.32473,32.778],[109.37723,32.83833],[109.48741,32.88554],[109.7155,32.93406],[109.73928,32.93675]]},"properties":{"sw":0.25,"scalerank":6,"name":"Han","featurecla":"River","na":0,"cl":"Han#0"}},{"type":"Feature","geometry":{"type":"LineString","coordinates":[[111.47767,32.56781],[111.60221,32.46758],[111.64216,32.40743],[111.63895,32.35399],[111.68479,32.26511],[111.77967,32.14088],[111.91857,32.06455],[112.10141,32.03618],[112.18895,31.9658],[112.18119,31.85346],[112.22543,31.77108],[112.32165,31.71868],[112.39048,31.65693],[112.43172,31.58582],[112.4404,31.49609],[112.41653,31.3877],[112.43358,31.30775],[112.52061,31.2305]]},"properties":{"sw":0.25,"scalerank":6,"name":"Han","featurecla":"River","na":0,"cl":"Han#0"}},{"type":"Feature","geometry":{"type":"LineString","coordinates":[[109.73928,32.93675],[109.76677,32.93406],[110.14049,32.8249],[110.30513,32.80694],[110.36683,32.84099],[110.47458,32.84342],[110.62827,32.81422],[110.71534,32.8151],[110.7358,32.84616],[110.80784,32.84802],[110.93135,32.82068],[110.9669,32.78766],[110.96861,32.77107],[111.00008,32.74069]]},"properties":{"sw":0.25,"scalerank":6,"name":"Han","featurecla":"River","na":0,"cl":"Han#0"}},{"type":"Feature","geometry":{"type":"LineString","coordinates":[[112.52061,31.2305],[112.55585,31.21918],[112.57176,31.18308],[112.58014,31.11846],[112.56856,31.09635],[112.53947,31.07748],[112.52309,31.03904],[112.55585,30.93878],[112.59884,30.87481],[112.63372,30.84791],[112.63202,30.81535],[112.62194,30.78654],[112.60484,30.71298],[112.62727,30.67017],[112.68897,30.65808],[112.71305,30.62702],[112.70736,30.60118],[112.71594,30.57547],[112.75367,30.57204],[112.79718,30.56413],[112.84885,30.51876],[112.88565,30.51535],[112.97298,30.53093],[113.07261,30.47496],[113.20966,30.43044],[113.38091,30.40683],[113.51171,30.44284],[113.60193,30.53845],[113.67237,30.59663],[113.7688,30.62609],[113.80146,30.62234],[113.83799,30.63002],[113.86047,30.64443],[113.90047,30.63668],[113.92569,30.64433],[113.93855,30.65983],[113.96413,30.65741],[114.0094,30.61451],[114.09643,30.58635],[114.28846,30.57209]]},"properties":{"sw":0.3,"scalerank":6,"name":"Han","featurecla":"River","na":0,"cl":"Han#0"}},{"type":"Feature","geometry":{"type":"LineString","coordinates":[[83.85765,21.52013],[83.71316,21.67315],[83.63596,21.72823],[83.57798,21.7364],[83.52847,21.71674],[83.48755,21.66925],[83.42522,21.6579],[83.29965,21.69516]]},"properties":{"sw":0.25,"scalerank":6,"name":"Mah\u00e4na Nad\u00ef","featurecla":"Lake Centerline","na":0,"cl":"Mah\u00e4na Nad\u00ef#0"}},{"type":"Feature","geometry":{"type":"LineString","coordinates":[[80.62529,20.59903],[80.63041,20.71481],[80.66488,20.76462],[80.76306,20.79827]]},"properties":{"sw":0.15,"scalerank":6,"name":"Mah\u00e4na Nad\u00ef","featurecla":"River","na":0,"cl":"Mah\u00e4na Nad\u00ef#0"}},{"type":"Feature","geometry":{"type":"LineString","coordinates":[[80.76306,20.79827],[80.88879,20.97027],[81.00594,21.04624],[81.15642,21.08347],[81.27109,21.22],[81.34995,21.4558],[81.42772,21.58814],[81.54265,21.63155]]},"properties":{"sw":0.2,"scalerank":6,"name":"Mah\u00e4na Nad\u00ef","featurecla":"River","na":0,"cl":"Mah\u00e4na Nad\u00ef#0"}},{"type":"Feature","geometry":{"type":"LineString","coordinates":[[81.54265,21.63155],[81.64115,21.5899],[81.68068,21.62157],[81.69401,21.71268],[81.74527,21.76407],[81.83447,21.77575],[81.92035,21.8088],[82.00293,21.86316],[82.11435,21.84756],[82.2546,21.76188],[82.37619,21.72777],[82.47903,21.74513],[82.72279,21.73914],[83.29965,21.69516]]},"properties":{"sw":0.25,"scalerank":6,"name":"Mah\u00e4na Nad\u00ef","featurecla":"River","na":0,"cl":"Mah\u00e4na Nad\u00ef#0"}},{"type":"Feature","geometry":{"type":"LineString","coordinates":[[83.82995,21.05474],[83.83202,20.96177],[83.86571,20.90704],[83.93176,20.85961],[84.04637,20.84612],[84.20978,20.86658],[84.30972,20.84694],[84.3463,20.78723],[84.44418,20.72954],[84.60334,20.67388],[84.70752,20.61484],[84.75662,20.55244],[84.92198,20.48009],[85.34438,20.35669]]},"properties":{"sw":0.25,"scalerank":6,"name":"Mah\u00e4na Nad\u00ef","featurecla":"River","na":0,"cl":"Mah\u00e4na Nad\u00ef#0"}},{"type":"Feature","geometry":{"type":"LineString","coordinates":[[83.85662,21.52044],[83.94922,21.45386],[83.94261,21.33743],[83.82995,21.05474]]},"properties":{"sw":0.25,"scalerank":6,"name":"Mah\u00e4na Nad\u00ef","featurecla":"River","na":0,"cl":"Mah\u00e4na Nad\u00ef#0"}},{"type":"Feature","geometry":{"type":"LineString","coordinates":[[85.34438,20.35669],[85.66545,20.44273],[85.83221,20.44521],[85.95158,20.39286],[86.04816,20.3108],[86.1587,20.14314],[86.17658,20.09379],[86.24521,20.05303]]},"properties":{"sw":0.3,"scalerank":6,"name":"Mah\u00e4na Nad\u00ef","featurecla":"River","na":0,"cl":"Mah\u00e4na Nad\u00ef#0"}},{"type":"Feature","geometry":{"type":"LineString","coordinates":[[-122.09466,40.78351],[-122.36922,40.76335]]},"properties":{"sw":0.25,"scalerank":6,"name":"Pit","featurecla":"Lake Centerline","na":1,"cl":"Pit#0"}},{"type":"Feature","geometry":{"type":"LineString","coordinates":[[-120.42936,41.70895],[-120.45729,41.55814]]},"properties":{"sw":0.15,"scalerank":6,"name":"Pit","featurecla":"River","na":1,"cl":"Pit#0"}},{"type":"Feature","geometry":{"type":"LineString","coordinates":[[-120.45729,41.55814],[-120.51419,41.49804],[-120.67922,41.45096],[-120.97129,41.39685],[-121.11547,41.28937],[-121.11172,41.12839],[-121.13033,41.02339],[-121.17131,40.97424],[-121.22267,40.97714],[-121.2844,41.03197],[-121.34734,41.04194],[-121.4115,41.00706],[-121.49586,40.99982],[-121.60045,41.02029],[-121.68949,41.01502],[-121.76308,40.98398],[-121.82917,40.98553],[-121.88783,41.01967],[-121.93242,41.01993],[-121.96296,40.98634],[-121.96958,40.94665],[-121.95227,40.90097],[-121.98136,40.85446],[-122.09466,40.78351]]},"properties":{"sw":0.2,"scalerank":6,"name":"Pit","featurecla":"River","na":1,"cl":"Pit#0"}},{"type":"Feature","geometry":{"type":"LineString","coordinates":[[-7.04349,7.04148],[-7.05744,6.91079],[-7.03913,6.8246],[-6.99313,6.73933],[-6.98874,6.5857],[-7.02564,6.36537],[-7.00765,6.26391]]},"properties":{"sw":0.25,"scalerank":6,"name":"Sassandra","featurecla":"Lake Centerline","na":0,"cl":"Sassandra#0"}},{"type":"Feature","geometry":{"type":"LineString","coordinates":[[-7.16744,9.7137],[-7.21446,9.60523],[-7.23012,9.51089],[-7.23012,9.33633]]},"properties":{"sw":0.15,"scalerank":6,"name":"Sassandra","featurecla":"River","na":0,"cl":"Sassandra#0"}},{"type":"Feature","geometry":{"type":"LineString","coordinates":[[-7.23012,9.33633],[-7.20408,9.19293],[-7.21167,9.12621],[-7.24431,9.08828],[-7.25456,9.04002],[-7.23632,8.95212]]},"properties":{"sw":0.2,"scalerank":6,"name":"Sassandra","featurecla":"River","na":0,"cl":"Sassandra#0"}},{"type":"Feature","geometry":{"type":"LineString","coordinates":[[-7.23632,8.94529],[-7.20092,8.82752],[-7.19937,8.74711],[-7.21989,8.6649],[-7.2008,8.54852],[-7.14214,8.39799],[-7.10258,8.1719],[-7.07184,7.71943]]},"properties":{"sw":0.2,"scalerank":6,"name":"Sassandra","featurecla":"River","na":0,"cl":"Sassandra#0"}},{"type":"Feature","geometry":{"type":"LineString","coordinates":[[-7.07184,7.71943],[-7.06429,7.64331],[-7.04212,7.61072],[-7.00275,7.59628],[-6.98884,7.55318],[-7.00032,7.48135],[-7.02592,7.42559],[-7.06566,7.3858],[-7.07473,7.28488],[-7.04233,7.04179]]},"properties":{"sw":0.25,"scalerank":6,"name":"Sassandra","featurecla":"River","na":0,"cl":"Sassandra#0"}},{"type":"Feature","geometry":{"type":"LineString","coordinates":[[-7.00765,6.26391],[-6.95329,6.18526],[-6.77573,6.05377],[-6.70111,5.97328],[-6.73103,5.94496],[-6.73346,5.90233],[-6.70829,5.84528],[-6.67615,5.81011],[-6.63698,5.7968],[-6.59243,5.73619],[-6.54252,5.62829],[-6.48143,5.53832],[-6.37294,5.43031]]},"properties":{"sw":0.25,"scalerank":6,"name":"Sassandra","featurecla":"River","na":0,"cl":"Sassandra#0"}},{"type":"Feature","geometry":{"type":"LineString","coordinates":[[-6.37294,5.43031],[-6.27385,5.31968],[-6.23233,5.22562],[-6.2154,5.11124],[-6.17132,5.02987],[-6.06172,4.95283]]},"properties":{"sw":0.3,"scalerank":6,"name":"Sassandra","featurecla":"River","na":0,"cl":"Sassandra#0"}},{"type":"Feature","geometry":{"type":"LineString","coordinates":[[175.80186,-38.93912],[175.82956,-38.91664],[175.96459,-38.82145],[176.03306,-38.758],[176.05926,-38.69381]]},"properties":{"sw":0.2,"scalerank":6,"name":"Waikato","featurecla":"Lake Centerline","na":0,"cl":"Waikato#0"}},{"type":"Feature","geometry":{"type":"LineString","coordinates":[[175.74393,-39.07183],[175.80687,-39.01395],[175.81731,-38.98289],[175.80253,-38.96651],[175.80186,-38.93912]]},"properties":{"sw":0.15,"scalerank":6,"name":"Waikato","featurecla":"River","na":0,"cl":"Waikato#0"}},{"type":"Feature","geometry":{"type":"LineString","coordinates":[[175.57329,-37.92756],[175.65525,-37.96321],[175.67293,-38.01907],[175.6537,-38.10713],[175.65567,-38.19204],[175.67871,-38.27384],[175.71954,-38.34107],[175.77814,-38.39378],[175.8726,-38.41523],[176.00304,-38.40536],[176.10112,-38.42768],[176.16695,-38.48225],[176.23408,-38.50571],[176.30255,-38.49811],[176.32581,-38.51863],[176.30369,-38.5671],[176.2562,-38.59521],[176.18328,-38.60286],[176.12499,-38.62849],[176.05926,-38.69381]]},"properties":{"sw":0.2,"scalerank":6,"name":"Waikato","featurecla":"River","na":0,"cl":"Waikato#0"}},{"type":"Feature","geometry":{"type":"LineString","coordinates":[[175.57329,-37.92756],[175.45123,-37.892],[175.35346,-37.82844],[175.23926,-37.72509],[175.17787,-37.62452],[175.16929,-37.52686],[175.13766,-37.43001],[175.08299,-37.3341],[174.99989,-37.28749],[174.83298,-37.29173],[174.76766,-37.33906]]},"properties":{"sw":0.25,"scalerank":6,"name":"Waikato","featurecla":"River","na":0,"cl":"Waikato#0"}},{"type":"Feature","geometry":{"type":"LineString","coordinates":[[-96.59764,50.97924],[-96.59526,51.30847],[-96.63071,51.48239],[-96.70321,51.61075],[-96.95193,51.86004],[-97.37692,52.23025],[-97.64285,52.53219],[-97.74979,52.76588],[-97.83084,53.0417],[-97.9136,53.51865]]},"properties":{"sw":0.3,"scalerank":6,"name":"Nelson","featurecla":"Lake Centerline","na":1,"cl":"Nelson#0"}},{"type":"Feature","geometry":{"type":"LineString","coordinates":[[-97.94554,54.94822],[-97.25408,55.23562]]},"properties":{"sw":0.3,"scalerank":6,"name":"Nelson","featurecla":"Lake Centerline","na":1,"cl":"Nelson#0"}},{"type":"Feature","geometry":{"type":"LineString","coordinates":[[-97.90146,54.70462],[-97.7908,54.57078]]},"properties":{"sw":0.3,"scalerank":6,"name":"Nelson","featurecla":"Lake Centerline","na":1,"cl":"Nelson#0"}},{"type":"Feature","geometry":{"type":"LineString","coordinates":[[-97.9136,53.51865],[-97.86924,53.71409],[-97.90567,53.77576],[-97.98081,53.83656],[-98.01525,53.88625],[-98.00905,53.92472],[-98.00546,53.96601],[-97.9868,53.98838],[-97.91402,54.00332],[-97.79834,54.02572],[-97.73116,54.08171]]},"properties":{"sw":0.3,"scalerank":6,"name":"Nelson","featurecla":"Lake Centerline","na":1,"cl":"Nelson#0"}},{"type":"Feature","geometry":{"type":"LineString","coordinates":[[-96.55268,56.06281],[-96.50447,56.1074],[-96.42054,56.12856],[-96.28494,56.14112],[-96.19554,56.17115],[-96.15242,56.21864],[-96.05834,56.25455],[-95.84089,56.29119]]},"properties":{"sw":0.35,"scalerank":6,"name":"Nelson","featurecla":"Lake Centerline","na":1,"cl":"Nelson#0"}},{"type":"Feature","geometry":{"type":"LineString","coordinates":[[-95.43112,56.3392],[-94.7794,56.39382]]},"properties":{"sw":0.35,"scalerank":6,"name":"Nelson","featurecla":"Lake Centerline","na":1,"cl":"Nelson#0"}},{"type":"Feature","geometry":{"type":"LineString","coordinates":[[-97.73116,54.08171],[-97.59489,54.24144],[-97.56931,54.31855],[-97.61489,54.37257],[-97.62202,54.42872],[-97.59065,54.48706],[-97.62905,54.5299],[-97.79118,54.57083]]},"properties":{"sw":0.3,"scalerank":6,"name":"Nelson","featurecla":"River","na":1,"cl":"Nelson#0"}},{"type":"Feature","geometry":{"type":"LineString","coordinates":[[-97.90146,54.70462],[-97.92428,54.77423],[-97.9574,54.80689],[-98.00846,54.8258],[-98.01187,54.8635],[-97.94554,54.94822]]},"properties":{"sw":0.3,"scalerank":6,"name":"Nelson","featurecla":"River","na":1,"cl":"Nelson#0"}},{"type":"Feature","geometry":{"type":"LineString","coordinates":[[-97.25408,55.23562],[-97.07394,55.24854],[-96.95364,55.3019],[-96.83313,55.40003],[-96.76848,55.48318],[-96.7597,55.55144],[-96.70435,55.67123],[-96.60244,55.84264],[-96.55175,55.96193],[-96.55268,56.06281]]},"properties":{"sw":0.3,"scalerank":6,"name":"Nelson","featurecla":"River","na":1,"cl":"Nelson#0"}},{"type":"Feature","geometry":{"type":"LineString","coordinates":[[-95.84203,56.29078],[-95.43112,56.3392]]},"properties":{"sw":0.35,"scalerank":6,"name":"Nelson","featurecla":"River","na":1,"cl":"Nelson#0"}},{"type":"Feature","geometry":{"type":"LineString","coordinates":[[-94.7794,56.39382],[-94.34403,56.42054],[-93.9963,56.549],[-93.59105,56.78816],[-93.26182,56.90945],[-92.88197,56.91456],[-92.80239,56.92831]]},"properties":{"sw":0.35,"scalerank":6,"name":"Nelson","featurecla":"River","na":1,"cl":"Nelson#0"}},{"type":"Feature","geometry":{"type":"LineString","coordinates":[[11.1702,59.38865],[11.20126,59.45097],[11.20286,59.49823]]},"properties":{"sw":0.3,"scalerank":6,"name":"Vorma","featurecla":"Lake Centerline","na":0,"cl":"Vorma#0"}},{"type":"Feature","geometry":{"type":"LineString","coordinates":[[11.19955,59.67021],[11.19434,59.72026],[11.15909,59.83149],[11.15687,59.91081]]},"properties":{"sw":0.3,"scalerank":6,"name":"Vorma","featurecla":"Lake Centerline","na":0,"cl":"Vorma#0"}},{"type":"Feature","geometry":{"type":"LineString","coordinates":[[12.02762,60.52483],[12.0549,60.49233],[12.04829,60.41099],[12.01687,60.26996],[11.9254,60.21173],[11.77389,60.23622],[11.64092,60.22764],[11.52651,60.18596],[11.38538,60.10181],[11.19154,59.95567],[11.15677,59.91076]]},"properties":{"sw":0.3,"scalerank":6,"name":"Vorma","featurecla":"River","na":0,"cl":"Vorma#0"}},{"type":"Feature","geometry":{"type":"LineString","coordinates":[[11.19955,59.67021],[11.17899,59.63186],[11.12659,59.6037],[11.12705,59.56197],[11.18446,59.51334],[11.20286,59.49823]]},"properties":{"sw":0.3,"scalerank":6,"name":"Vorma","featurecla":"River","na":0,"cl":"Vorma#0"}},{"type":"Feature","geometry":{"type":"LineString","coordinates":[[11.1702,59.38865],[11.14147,59.29984],[11.08297,59.24853],[10.94505,59.17085]]},"properties":{"sw":0.3,"scalerank":6,"name":"Vorma","featurecla":"River","na":0,"cl":"Vorma#0"}},{"type":"Feature","geometry":{"type":"LineString","coordinates":[[42.10971,47.60177],[42.30339,47.66066],[42.48416,47.72846],[42.66301,47.79434],[42.83246,47.83765],[42.88139,47.88473],[42.92708,47.96116],[43.04237,48.18605],[43.13223,48.29385],[43.23677,48.38942],[43.45862,48.53939],[43.5275,48.61427],[43.52161,48.65261],[43.48058,48.69853],[43.46487,48.73739],[43.47438,48.76922],[43.52156,48.82074],[43.60641,48.89195],[43.69028,48.92859],[43.77317,48.93071],[43.84366,48.949],[43.8959,48.96763],[43.92283,49.00957],[43.93781,49.07246],[43.98463,49.13581],[43.95575,49.18625],[43.90485,49.20421],[43.7848,49.20315],[43.74914,49.20718],[43.70816,49.24971],[43.7001,49.32789],[43.65933,49.40192],[43.60238,49.48571],[43.5491,49.50664]]},"properties":{"sw":0.3,"scalerank":6,"name":"Don","featurecla":"Lake Centerline","na":0,"cl":"Don#0"}},{"type":"Feature","geometry":{"type":"LineString","coordinates":[[38.4781,53.88901],[38.30612,54.06375]]},"properties":{"sw":0.15,"scalerank":6,"name":"Don","featurecla":"River","na":0,"cl":"Don#0"}},{"type":"Feature","geometry":{"type":"LineString","coordinates":[[39.13294,52.01856],[39.15165,52.0516],[39.16379,52.08416],[39.15439,52.12488],[39.09646,52.17935],[38.99,52.24766],[38.95765,52.28937],[38.95807,52.32719],[38.90494,52.43773],[38.93068,52.57622],[38.93275,52.66459],[38.91094,52.70288],[38.96437,52.79414],[39.09294,52.93837],[39.15537,53.11784],[39.15154,53.33261],[39.11165,53.44857],[39.05605,53.51859],[39.02132,53.56092],[38.99806,53.57621],[38.87125,53.6182],[38.64098,53.68683],[38.53096,53.75372],[38.54119,53.81889],[38.52926,53.86087],[38.4781,53.88901]]},"properties":{"sw":0.2,"scalerank":6,"name":"Don","featurecla":"River","na":0,"cl":"Don#0"}},{"type":"Feature","geometry":{"type":"LineString","coordinates":[[40.19799,50.09632],[40.03965,50.10335],[40.00141,50.13255],[40.03046,50.18624],[40.02653,50.23838],[39.98963,50.28902],[40.00193,50.34564],[40.06363,50.40819],[40.03635,50.47537],[39.92028,50.5471],[39.907,50.61738],[39.87941,50.64983],[39.79435,50.69187],[39.75719,50.73344],[39.76804,50.77463],[39.79409,50.7969],[39.81424,50.83312],[39.78851,50.87416],[39.77466,50.91873],[39.77786,50.95219],[39.74479,50.96211],[39.6774,50.95456],[39.51287,50.95968],[39.26616,50.98702],[39.14312,51.02415],[39.14384,51.07112],[39.18157,51.11052],[39.25629,51.14241],[39.26208,51.17326],[39.19893,51.20313],[39.17676,51.23757],[39.16007,51.29418],[39.13108,51.364],[39.05181,51.42957],[39.05165,51.47709],[39.05894,51.50711],[39.03724,51.53967],[39.0177,51.56765],[39.01191,51.59721],[39.03817,51.62589],[39.04581,51.65674],[39.03496,51.68982],[39.06033,51.75715],[39.12204,51.85867],[39.13997,51.93409],[39.13294,52.01174]]},"properties":{"sw":0.25,"scalerank":6,"name":"Don","featurecla":"River","na":0,"cl":"Don#0"}},{"type":"Feature","geometry":{"type":"LineString","coordinates":[[42.10971,47.60177],[42.01473,47.56033],[41.85298,47.56389],[41.75474,47.59009],[41.59274,47.59867],[41.40681,47.59867],[41.29529,47.56389],[41.18393,47.54733],[41.07282,47.54898],[41.00921,47.56686],[40.99308,47.60102],[40.97024,47.61004],[40.92601,47.58591]]},"properties":{"sw":0.3,"scalerank":6,"name":"Don","featurecla":"River","na":0,"cl":"Don#0"}},{"type":"Feature","geometry":{"type":"LineString","coordinates":[[40.19799,50.09632],[40.32181,50.06511],[40.38589,50.08289],[40.43157,50.13916],[40.50154,50.1204],[40.5959,50.02656],[40.62122,49.97654],[40.64437,49.95339],[40.67662,49.94455],[40.77801,49.96382],[40.84896,49.9562],[40.88958,49.92176],[40.91361,49.87876],[40.92105,49.82727],[40.9966,49.79112],[41.14036,49.7703],[41.23452,49.7343],[41.27927,49.68307],[41.28805,49.64818],[41.26098,49.62968],[41.2695,49.60919],[41.31363,49.58677],[41.37952,49.58803],[41.46706,49.61302],[41.71294,49.61576],[41.83257,49.59651],[42.00625,49.61025],[42.29673,49.59948],[42.44648,49.57852],[42.64709,49.56656],[42.73096,49.58152],[42.76988,49.57253],[42.79685,49.51563],[42.83478,49.4715],[42.95663,49.44215],[43.01704,49.41166],[43.01591,49.38004],[43.04206,49.35081],[43.09549,49.32402],[43.16541,49.32888],[43.25191,49.36546],[43.30199,49.40781],[43.31573,49.45592],[43.37919,49.48664],[43.5491,49.50664]]},"properties":{"sw":0.3,"scalerank":6,"name":"Don","featurecla":"River","na":0,"cl":"Don#0"}},{"type":"Feature","geometry":{"type":"LineString","coordinates":[[40.92601,47.58591],[40.58846,47.49144],[40.41162,47.4014],[40.28305,47.28435],[40.11236,47.22249],[39.89956,47.21593],[39.68934,47.18717],[39.37789,47.11082],[39.29346,47.10576]]},"properties":{"sw":0.35,"scalerank":6,"name":"Don","featurecla":"River","na":0,"cl":"Don#0"}},{"type":"Feature","geometry":{"type":"LineString","coordinates":[[115.98189,29.2792],[116.0344,29.31919],[116.08829,29.43722],[116.19759,29.75139]]},"properties":{"sw":0.3,"scalerank":6,"name":"Gan","featurecla":"Lake Centerline","na":0,"cl":"Gan#0"}},{"type":"Feature","geometry":{"type":"LineString","coordinates":[[114.41248,24.70705],[114.47961,24.70831],[114.52989,24.73544],[114.61371,24.81557]]},"properties":{"sw":0.15,"scalerank":6,"name":"Gan","featurecla":"River","na":0,"cl":"Gan#0"}},{"type":"Feature","geometry":{"type":"LineString","coordinates":[[114.61371,24.81557],[114.73008,24.88192],[114.76202,24.95315],[114.74827,25.05144],[114.78259,25.11258],[114.86475,25.13666],[114.89906,25.19593],[114.88542,25.29042],[114.92992,25.4299],[115.03254,25.6143],[115.08954,25.74634],[115.10102,25.82602],[115.06841,25.86374],[114.99182,25.85951],[114.93989,25.88155],[114.91271,25.92986],[114.90878,25.99188],[114.93793,26.10544]]},"properties":{"sw":0.2,"scalerank":6,"name":"Gan","featurecla":"River","na":0,"cl":"Gan#0"}},{"type":"Feature","geometry":{"type":"LineString","coordinates":[[114.93793,26.10544],[114.90413,26.12549],[114.90806,26.1528],[114.93855,26.19406],[114.94625,26.23742],[114.93126,26.28289],[114.86186,26.36932],[114.73814,26.49673],[114.7166,26.61442],[114.79731,26.7224],[114.87891,26.78855],[114.96149,26.81273],[114.99508,26.8488],[114.97978,26.8967],[114.98836,26.94208],[115.02071,26.98497],[115.02138,27.03194],[114.99027,27.083],[115.00852,27.13847],[115.076,27.19834],[115.09823,27.28407],[115.07507,27.39569],[115.13026,27.51238],[115.26369,27.63418],[115.36865,27.78528],[115.44503,27.96579],[115.57701,28.10994],[115.76459,28.21779],[115.84826,28.3167],[115.81777,28.45167]]},"properties":{"sw":0.25,"scalerank":6,"name":"Gan","featurecla":"River","na":0,"cl":"Gan#0"}},{"type":"Feature","geometry":{"type":"LineString","coordinates":[[115.81777,28.45167],[115.81637,28.585],[115.86877,28.71561],[115.9745,28.888],[116.016,29.05042],[115.98189,29.2792]]},"properties":{"sw":0.3,"scalerank":6,"name":"Gan","featurecla":"River","na":0,"cl":"Gan#0"}},{"type":"Feature","geometry":{"type":"LineString","coordinates":[[78.99717,16.2303],[79.15685,16.235],[79.21091,16.30074],[79.21266,16.42905],[79.23845,16.51475],[79.31333,16.57938]]},"properties":{"sw":0.35,"scalerank":6,"name":"Krishna","featurecla":"Lake Centerline","na":0,"cl":"Krishna#0"}},{"type":"Feature","geometry":{"type":"LineString","coordinates":[[73.79646,17.99182],[73.89769,17.93066],[73.96203,17.85431],[74.0537,17.68644]]},"properties":{"sw":0.15,"scalerank":6,"name":"Krishna","featurecla":"River","na":0,"cl":"Krishna#0"}},{"type":"Feature","geometry":{"type":"LineString","coordinates":[[74.0537,17.68644],[74.11799,17.63275],[74.12739,17.57875],[74.10331,17.50653],[74.12099,17.42323],[74.18021,17.32884],[74.20429,17.25528],[74.19313,17.20257],[74.23219,17.1573],[74.32159,17.11945],[74.3695,17.0833],[74.37601,17.04883],[74.3957,17.03379],[74.42856,17.03808],[74.45673,17.01576],[74.49192,16.94225]]},"properties":{"sw":0.2,"scalerank":6,"name":"Krishna","featurecla":"River","na":0,"cl":"Krishna#0"}},{"type":"Feature","geometry":{"type":"LineString","coordinates":[[74.49192,16.94225],[74.53667,16.85773],[74.58731,16.80823],[74.65883,16.76559],[74.67227,16.73314],[74.62752,16.71097],[74.62344,16.66717],[74.65992,16.60178],[74.75428,16.59565],[74.90652,16.64878],[75.01333,16.63423],[75.07483,16.55196],[75.12599,16.54008],[75.16702,16.59847],[75.23068,16.62116],[75.31698,16.60808],[75.38313,16.57982],[75.42892,16.5363],[75.44881,16.49222],[75.44271,16.44755],[75.48995,16.43047],[75.59051,16.44096],[75.67696,16.42194],[75.74931,16.37337],[75.83799,16.33823],[75.94289,16.31658],[76.01648,16.27875],[76.05854,16.22477],[76.12417,16.18759],[76.21326,16.16723],[76.40488,16.22736],[76.69902,16.36792],[76.88206,16.47],[76.95399,16.53367],[77.05724,16.52793],[77.25898,16.41535]]},"properties":{"sw":0.25,"scalerank":6,"name":"Krishna","featurecla":"River","na":0,"cl":"Krishna#0"}},{"type":"Feature","geometry":{"type":"LineString","coordinates":[[77.25898,16.41535],[77.61571,16.34882],[77.845,16.23224],[78.06565,16.04352],[78.19309,15.95598],[78.2273,15.96962],[78.24435,15.99194],[78.24435,16.023],[78.28326,16.04972],[78.36109,16.0722],[78.49777,16.07119],[78.69342,16.04677],[78.80514,16.06362],[78.83295,16.1217],[78.88447,16.17064],[78.99717,16.2303]]},"properties":{"sw":0.3,"scalerank":6,"name":"Krishna","featurecla":"River","na":0,"cl":"Krishna#0"}},{"type":"Feature","geometry":{"type":"LineString","coordinates":[[79.31333,16.57938],[79.65718,16.69017],[79.81842,16.70293],[79.91154,16.65462],[79.99308,16.67787],[80.06295,16.77267],[80.1215,16.76818],[80.16873,16.66433],[80.2619,16.60736],[80.40091,16.59723],[80.52359,16.5532],[80.62984,16.47533],[80.71655,16.39321],[80.78383,16.30696],[80.83375,16.20129],[80.88274,16.0137],[80.89246,15.97096],[80.89163,15.86596],[80.87758,15.81965],[80.86476,15.78222]]},"properties":{"sw":0.35,"scalerank":6,"name":"Krishna","featurecla":"River","na":0,"cl":"Krishna#0"}},{"type":"Feature","geometry":{"type":"LineString","coordinates":[[-128.57031,57.07905],[-128.28428,56.90738]]},"properties":{"sw":0.15,"scalerank":6,"name":"Skeena","featurecla":"River","na":1,"cl":"Skeena#0"}},{"type":"Feature","geometry":{"type":"LineString","coordinates":[[-128.28428,56.90738],[-127.85108,56.71664],[-127.62055,56.57445],[-127.44826,56.41718],[-127.38413,56.32189],[-127.42821,56.28861],[-127.54293,56.27827],[-127.72824,56.29088],[-127.85767,56.27419],[-127.9312,56.2282],[-127.96689,56.16866],[-127.96472,56.09554],[-127.93898,56.02986],[-127.88968,55.97152],[-127.88867,55.90449],[-127.93591,55.82869],[-127.89082,55.77908],[-127.75336,55.75562],[-127.70287,55.72079],[-127.73925,55.67464],[-127.71987,55.59374],[-127.64468,55.47814],[-127.62655,55.40489],[-127.66535,55.37398],[-127.68468,55.33045],[-127.68453,55.27428],[-127.71654,55.21818],[-127.78075,55.16211],[-127.90348,55.12594],[-128.08473,55.10956],[-128.22455,55.07343],[-128.32294,55.01757],[-128.37386,54.96729],[-128.37727,54.92259],[-128.35064,54.86978],[-128.294,54.80875],[-128.31663,54.7255],[-128.46952,54.56729]]},"properties":{"sw":0.2,"scalerank":6,"name":"Skeena","featurecla":"River","na":1,"cl":"Skeena#0"}},{"type":"Feature","geometry":{"type":"LineString","coordinates":[[-128.46952,54.56729],[-129.48354,54.24191],[-129.54247,54.22811],[-129.57785,54.22811],[-129.62604,54.23027]]},"properties":{"sw":0.25,"scalerank":6,"name":"Skeena","featurecla":"River","na":1,"cl":"Skeena#0"}},{"type":"Feature","geometry":{"type":"LineString","coordinates":[[-131.37272,61.20417],[-131.32038,61.07178],[-131.24599,61.04341],[-131.13209,61.07498],[-131.04417,61.08154],[-130.9513,61.05379]]},"properties":{"sw":0.15,"scalerank":6,"name":"Liard","featurecla":"River","na":1,"cl":"Liard#0"}},{"type":"Feature","geometry":{"type":"LineString","coordinates":[[-130.9513,61.05379],[-130.61877,60.86202],[-130.37351,60.76466],[-130.10469,60.69779],[-129.84465,60.58175],[-129.59345,60.41655],[-129.37357,60.30945],[-129.18505,60.26046],[-129.02842,60.18625],[-128.90368,60.08688],[-128.79128,60.03458],[-128.69126,60.02946],[-128.60972,60.00334],[-128.54659,59.95629],[-128.39696,59.90942],[-128.1608,59.86273],[-127.99107,59.88317],[-127.88772,59.97076],[-127.77196,60.00502],[-127.64381,59.98605],[-127.54043,59.95177],[-127.46188,59.90218],[-127.4464,59.84265],[-127.49394,59.77315],[-127.4632,59.73827],[-127.35408,59.73811],[-127.25926,59.71243],[-127.13838,59.63569]]},"properties":{"sw":0.2,"scalerank":6,"name":"Liard","featurecla":"River","na":1,"cl":"Liard#0"}},{"type":"Feature","geometry":{"type":"LineString","coordinates":[[-127.13838,59.63569],[-126.9872,59.65987],[-126.8346,59.65008],[-126.63012,59.61435],[-126.40409,59.54996],[-126.15645,59.45691],[-125.97895,59.42537],[-125.87156,59.45534],[-125.80965,59.45637],[-125.67227,59.38382],[-125.44681,59.32219],[-125.23196,59.31064],[-125.02774,59.34914],[-124.87994,59.41343],[-124.7885,59.50345],[-124.7199,59.55293],[-124.68197,59.61641],[-124.64606,59.66504],[-124.55376,59.72876],[-124.41356,59.72421],[-124.22536,59.65129],[-124.16017,59.61946],[-124.14614,59.56086],[-124.08079,59.55776],[-124.04816,59.59352],[-123.93106,59.70959],[-123.85995,59.85332],[-123.83484,60.02473],[-123.71286,60.16483],[-123.49401,60.27363],[-123.41957,60.36644],[-123.48954,60.44324],[-123.53393,60.52282],[-123.55271,60.60524],[-123.55152,60.66555],[-123.53036,60.70384],[-123.46843,60.73541],[-123.43698,60.8013],[-123.39538,60.89261],[-123.34557,60.94677],[-123.32603,60.9739],[-123.27681,61.02227],[-123.1817,61.07803],[-123.13633,61.09663],[-123.00334,61.10108],[-122.88565,61.13524],[-122.75284,61.21761],[-122.4049,61.3069],[-121.84181,61.4031],[-121.521,61.48206],[-121.44248,61.54379],[-121.41364,61.5964],[-121.43442,61.6398],[-121.38424,61.68468],[-121.26311,61.73106],[-121.22102,61.77711],[-121.27985,61.86398]]},"properties":{"sw":0.25,"scalerank":6,"name":"Liard","featurecla":"River","na":1,"cl":"Liard#0"}},{"type":"Feature","geometry":{"type":"LineString","coordinates":[[18.79661,-11.25626],[18.70721,-10.87928]]},"properties":{"sw":0.15,"scalerank":6,"name":"Kwango","featurecla":"River","na":0,"cl":"Kwango#0"}},{"type":"Feature","geometry":{"type":"LineString","coordinates":[[18.70721,-10.87928],[18.63171,-10.73108],[18.62163,-10.65744],[18.65181,-10.60891],[18.61026,-10.52649],[18.49699,-10.41011],[18.4802,-10.36283],[18.48702,-10.33885],[18.49554,-10.31663],[18.48149,-10.28097],[18.49513,-10.23209],[18.53637,-10.17008],[18.58794,-10.11685],[18.64964,-10.07246],[18.67713,-9.99706],[18.67031,-9.89061],[18.64809,-9.80478],[18.61057,-9.73961],[18.54598,-9.68142],[18.45451,-9.63016],[18.36139,-9.52216],[18.26682,-9.35731],[18.1891,-9.2537],[18.12833,-9.21122],[18.09071,-9.20404],[18.05614,-9.1906],[18.04265,-9.15215],[18.04994,-9.11484],[18.04244,-9.01149],[18.01361,-8.87527],[17.93821,-8.71523],[17.81615,-8.53147],[17.70789,-8.41401],[17.61332,-8.3629],[17.55855,-8.27195],[17.53602,-8.07584]]},"properties":{"sw":0.2,"scalerank":6,"name":"Kwango","featurecla":"River","na":0,"cl":"Kwango#0"}},{"type":"Feature","geometry":{"type":"LineString","coordinates":[[17.53602,-8.07584],[17.24503,-7.62331],[17.15506,-7.46135],[17.12157,-7.41903],[17.0638,-7.36312],[16.98473,-7.25744],[16.95202,-7.15708],[16.96577,-7.0621],[16.91941,-6.93394],[16.81306,-6.77256],[16.74299,-6.61846],[16.7094,-6.4717],[16.70098,-6.34602],[16.71782,-6.24143],[16.69731,-6.16427],[16.63953,-6.11451],[16.60222,-6.03984],[16.577,-5.89039]]},"properties":{"sw":0.25,"scalerank":6,"name":"Kwango","featurecla":"River","na":0,"cl":"Kwango#0"}},{"type":"Feature","geometry":{"type":"LineString","coordinates":[[16.577,-5.89039],[16.51515,-5.3914],[16.50827,-5.15777],[16.53566,-5.02331],[16.53566,-4.8411],[16.50827,-4.61124],[16.50786,-4.45962],[16.53453,-4.38614],[16.53608,-4.31472],[16.51251,-4.24548],[16.58651,-4.18011],[16.75818,-4.11866],[16.8697,-4.06234],[16.92127,-4.01112],[16.99331,-3.99149],[17.08591,-4.00332],[17.18348,-3.92012],[17.28611,-3.74194],[17.32202,-3.61012],[17.29133,-3.52459],[17.29815,-3.45354],[17.36466,-3.36858],[17.37613,-3.2952],[17.35535,-3.20001]]},"properties":{"sw":0.3,"scalerank":6,"name":"Kwango","featurecla":"River","na":0,"cl":"Kwango#0"}},{"type":"Feature","geometry":{"type":"LineString","coordinates":[[27.15672,-11.62622],[27.14349,-11.74869],[27.18339,-11.85178],[27.3165,-12.03864]]},"properties":{"sw":0.15,"scalerank":6,"name":"Kafue","featurecla":"River","na":0,"cl":"Kafue#0"}},{"type":"Feature","geometry":{"type":"LineString","coordinates":[[27.3165,-12.03864],[27.36632,-12.15404],[27.44466,-12.25465],[27.56796,-12.37899],[27.65509,-12.42906],[27.70594,-12.40488],[27.82149,-12.41976],[28.00173,-12.47392],[28.13568,-12.58548],[28.22332,-12.75452],[28.23965,-12.94345],[28.18477,-13.15232],[28.12483,-13.2842],[28.05992,-13.33919],[27.96401,-13.36833],[27.8372,-13.37164],[27.76009,-13.40761],[27.73271,-13.47623],[27.68816,-13.51561],[27.62646,-13.52553],[27.60253,-13.57349],[27.61649,-13.65948],[27.56083,-13.76934],[27.43567,-13.90308],[27.38596,-14.01181],[27.4119,-14.09537],[27.40978,-14.16472],[27.3797,-14.21975],[27.31707,-14.27918],[27.22188,-14.34295],[27.12039,-14.38331],[26.9587,-14.40873]]},"properties":{"sw":0.2,"scalerank":6,"name":"Kafue","featurecla":"River","na":0,"cl":"Kafue#0"}},{"type":"Feature","geometry":{"type":"LineString","coordinates":[[26.9587,-14.40873],[26.65608,-14.4402],[26.50012,-14.51653],[26.38984,-14.6482],[26.29197,-14.69063],[26.20639,-14.64381],[26.15125,-14.64722],[26.12655,-14.70076],[26.13053,-14.73636],[26.16329,-14.75403],[26.179,-14.78902],[26.17787,-14.84132],[26.11234,-14.88075],[25.98263,-14.90741],[25.94703,-14.94694],[26.00563,-14.99934],[26.0155,-15.05412],[25.97653,-15.11117],[25.96692,-15.28827],[25.98656,-15.58535],[26.04764,-15.75496],[26.15027,-15.79697],[26.28535,-15.77609],[26.45299,-15.69227],[26.56792,-15.66359],[26.63014,-15.68995],[26.7477,-15.66726],[26.92061,-15.59543],[27.08045,-15.60577],[27.22731,-15.69821],[27.37283,-15.72054],[27.51721,-15.67279],[27.57313,-15.6732],[27.6247,-15.68519],[27.64331,-15.68349],[27.6525,-15.66493],[27.67483,-15.64757]]},"properties":{"sw":0.25,"scalerank":6,"name":"Kafue","featurecla":"River","na":0,"cl":"Kafue#0"}},{"type":"Feature","geometry":{"type":"LineString","coordinates":[[27.67483,-15.64757],[27.70976,-15.64561],[27.89383,-15.65997],[28.03687,-15.70411],[28.16958,-15.78048],[28.27469,-15.81004],[28.3522,-15.79299],[28.48165,-15.82627],[28.66304,-15.91009],[28.80184,-15.95313],[28.97299,-15.95009]]},"properties":{"sw":0.3,"scalerank":6,"name":"Kafue","featurecla":"River","na":0,"cl":"Kafue#0"}},{"type":"Feature","geometry":{"type":"LineString","coordinates":[[-43.40851,-18.29361],[-43.53207,-18.10448],[-43.55863,-18.01177],[-43.51475,-17.92278]]},"properties":{"sw":0.15,"scalerank":6,"name":"Jequitinhonha","featurecla":"River","na":0,"cl":"Jequitinhonha#0"}},{"type":"Feature","geometry":{"type":"LineString","coordinates":[[-43.51475,-17.92278],[-43.47551,-17.83922],[-43.49424,-17.81814],[-43.55785,-17.83173],[-43.61139,-17.78579],[-43.65482,-17.68037],[-43.66521,-17.60838],[-43.64247,-17.56978],[-43.57023,-17.50513],[-43.48812,-17.49552],[-43.36451,-17.50663],[-43.29911,-17.4763],[-43.23309,-17.41832],[-43.21263,-17.33873],[-43.1809,-17.30442],[-43.11785,-17.27869],[-43.0484,-17.21218],[-42.97244,-17.105],[-42.9051,-17.04604],[-42.8464,-17.03529],[-42.77736,-16.95964],[-42.69806,-16.81908],[-42.55466,-16.71614],[-42.3472,-16.65102],[-42.17781,-16.65133],[-42.0465,-16.71712],[-41.91912,-16.70322],[-41.79569,-16.60968],[-41.68748,-16.56214],[-41.548,-16.56007]]},"properties":{"sw":0.2,"scalerank":6,"name":"Jequitinhonha","featurecla":"River","na":0,"cl":"Jequitinhonha#0"}},{"type":"Feature","geometry":{"type":"LineString","coordinates":[[-41.548,-16.56007],[-41.33199,-16.52421],[-41.2358,-16.48644],[-41.18743,-16.43476],[-41.12366,-16.416],[-41.04449,-16.43016],[-40.90827,-16.35471],[-40.71498,-16.18976],[-40.52008,-16.11597],[-40.32355,-16.13354],[-40.16982,-16.12548],[-40.05882,-16.09178],[-39.98978,-16.05633],[-39.9627,-16.01892],[-39.84002,-15.98574],[-39.51275,-15.94223]]},"properties":{"sw":0.25,"scalerank":6,"name":"Jequitinhonha","featurecla":"River","na":0,"cl":"Jequitinhonha#0"}},{"type":"Feature","geometry":{"type":"LineString","coordinates":[[-39.51275,-15.94223],[-39.40221,-16.02522],[-39.32266,-16.04026],[-39.23729,-16.01489],[-39.16445,-15.95484],[-39.10409,-15.86012],[-39.021,-15.82126],[-38.94891,-15.82534],[-38.88525,-15.84198]]},"properties":{"sw":0.3,"scalerank":6,"name":"Jequitinhonha","featurecla":"River","na":0,"cl":"Jequitinhonha#0"}},{"type":"Feature","geometry":{"type":"LineString","coordinates":[[-71.21999,-43.58158],[-71.09196,-43.60809],[-71.01341,-43.56173],[-70.9058,-43.39616]]},"properties":{"sw":0.15,"scalerank":6,"name":"Chubut","featurecla":"River","na":0,"cl":"Chubut#0"}},{"type":"Feature","geometry":{"type":"LineString","coordinates":[[-70.8991,-43.3928],[-70.811,-43.09592],[-70.74415,-42.98223],[-70.6692,-42.95288],[-70.62605,-42.90369],[-70.61478,-42.83465],[-70.57881,-42.76612],[-70.51825,-42.69812],[-70.46122,-42.65109],[-70.40779,-42.62525],[-70.24413,-42.6174],[-69.97025,-42.62758],[-69.78411,-42.64303],[-69.68572,-42.6637],[-69.50821,-42.8208],[-69.25158,-43.11442],[-69.13373,-43.30454],[-69.15471,-43.39115],[-69.15311,-43.44732],[-69.11696,-43.48582]]},"properties":{"sw":0.2,"scalerank":6,"name":"Chubut","featurecla":"River","na":0,"cl":"Chubut#0"}},{"type":"Feature","geometry":{"type":"LineString","coordinates":[[-69.11696,-43.48582],[-68.97591,-43.5824],[-68.90057,-43.66777],[-68.84383,-43.77418],[-68.76536,-43.81753],[-68.66518,-43.79789],[-68.54679,-43.80616],[-68.41026,-43.84249],[-68.10219,-43.82389],[-67.35782,-43.71387],[-67.30798,-43.71408],[-67.26367,-43.74177],[-67.22491,-43.79676],[-67.15975,-43.83154],[-67.06828,-43.84616],[-66.8786,-43.83774],[-66.52299,-43.79996]]},"properties":{"sw":0.25,"scalerank":6,"name":"Chubut","featurecla":"River","na":0,"cl":"Chubut#0"}},{"type":"Feature","geometry":{"type":"LineString","coordinates":[[-65.03249,-43.34608],[-65.34409,-43.28609],[-65.47925,-43.28754],[-65.55126,-43.32195],[-65.65596,-43.34387],[-65.79332,-43.35317],[-65.90204,-43.39172],[-65.98219,-43.45931],[-66.1073,-43.52106],[-66.27742,-43.57698],[-66.35613,-43.61889],[-66.44408,-43.67708],[-66.46477,-43.70555],[-66.45746,-43.74498],[-66.45832,-43.76761],[-66.49322,-43.79479],[-66.52299,-43.79996]]},"properties":{"sw":0.3,"scalerank":6,"name":"Chubut","featurecla":"River","na":0,"cl":"Chubut#0"}},{"type":"Feature","geometry":{"type":"LineString","coordinates":[[-70.13644,-32.23803],[-70.04252,-32.33425],[-69.97043,-32.35477],[-69.88886,-32.33162],[-69.83312,-32.28077],[-69.80325,-32.20217],[-69.79555,-32.14377],[-69.81,-32.10559],[-69.78734,-32.03272],[-69.69773,-31.87149]]},"properties":{"sw":0.15,"scalerank":6,"name":"Mendoza","featurecla":"River","na":0,"cl":"Mendoza#0"}},{"type":"Feature","geometry":{"type":"LineString","coordinates":[[-69.69773,-31.87149],[-69.58916,-31.78219],[-69.5212,-31.69285],[-69.45764,-31.57373],[-69.42684,-31.45508],[-69.42937,-31.30434],[-69.41816,-31.28279]]},"properties":{"sw":0.2,"scalerank":6,"name":"Mendoza","featurecla":"River","na":0,"cl":"Mendoza#0"}},{"type":"Feature","geometry":{"type":"LineString","coordinates":[[-65.8651,-24.20839],[-65.82001,-24.4167]]},"properties":{"sw":0.15,"scalerank":6,"name":"Salado","featurecla":"River","na":0,"cl":"Salado#0"}},{"type":"Feature","geometry":{"type":"LineString","coordinates":[[-65.82001,-24.4167],[-65.85471,-24.52951],[-65.83073,-24.6416],[-65.75968,-24.79063],[-65.6488,-24.92546],[-65.49814,-25.04596],[-65.42414,-25.13557],[-65.42672,-25.19428],[-65.38208,-25.23505],[-65.2902,-25.25789],[-65.20477,-25.22756],[-65.12581,-25.14405],[-65.04884,-25.11852],[-64.97383,-25.15097],[-64.92303,-25.20192],[-64.89647,-25.27138],[-64.82955,-25.32109],[-64.72227,-25.35086],[-64.60088,-25.32941],[-64.46539,-25.25675],[-64.36829,-25.18497],[-64.30948,-25.11407],[-64.2532,-25.08627],[-64.19951,-25.10157],[-64.11696,-25.22725],[-64.00557,-25.46335],[-63.95121,-25.61337],[-63.95387,-25.67724],[-63.897,-25.79476],[-63.78062,-25.96591],[-63.73802,-26.09164],[-63.7692,-26.17189],[-63.75385,-26.30568],[-63.69205,-26.49296],[-63.67637,-26.65806],[-63.70683,-26.80095],[-63.71161,-26.93696],[-63.69073,-27.06605],[-63.64554,-27.20563],[-63.57609,-27.35569],[-63.54573,-27.47734],[-63.55885,-27.61697]]},"properties":{"sw":0.2,"scalerank":6,"name":"Salado","featurecla":"River","na":0,"cl":"Salado#0"}},{"type":"Feature","geometry":{"type":"LineString","coordinates":[[-63.55885,-27.61697],[-63.57221,-27.66317],[-63.52948,-27.77159],[-63.43509,-27.95762],[-63.32135,-28.10345],[-63.18831,-28.20908],[-63.11627,-28.2961],[-63.10532,-28.36462],[-63.0585,-28.41666],[-62.97581,-28.45232],[-62.88311,-28.52141],[-62.78037,-28.62394],[-62.69488,-28.77917],[-62.62666,-28.98691],[-62.5036,-29.15486],[-62.32573,-29.28281],[-62.16555,-29.35847],[-62.02308,-29.38162],[-61.89629,-29.3627],[-61.78519,-29.30162],[-61.70277,-29.29919],[-61.649,-29.35526],[-61.50841,-29.42234],[-61.28103,-29.50027],[-61.06446,-29.59747],[-60.85868,-29.71384],[-60.742,-29.79854],[-60.7144,-29.85167],[-60.70603,-29.95967],[-60.71688,-30.12255],[-60.70489,-30.2227],[-60.67001,-30.26006],[-60.65792,-30.34471],[-60.66857,-30.47664],[-60.65526,-30.57586],[-60.618,-30.64221],[-60.60777,-30.69461],[-60.62454,-30.7329],[-60.67885,-30.76381],[-60.77063,-30.78722],[-60.82122,-30.83083],[-60.83527,-30.92648]]},"properties":{"sw":0.25,"scalerank":6,"name":"Salado","featurecla":"River","na":0,"cl":"Salado#0"}},{"type":"Feature","geometry":{"type":"LineString","coordinates":[[-60.83527,-30.92648],[-60.80652,-31.06978],[-60.82752,-31.17159],[-60.88871,-31.27959],[-60.88886,-31.3415],[-60.82788,-31.35741],[-60.78701,-31.44681],[-60.76623,-31.6097],[-60.77703,-31.73269],[-60.81943,-31.81568],[-60.81093,-31.8825],[-60.70554,-31.95913]]},"properties":{"sw":0.3,"scalerank":6,"name":"Salado","featurecla":"River","na":0,"cl":"Salado#0"}},{"type":"Feature","geometry":{"type":"LineString","coordinates":[[-63.78029,2.84639],[-63.70347,3.00095],[-63.69892,3.07483],[-63.74099,3.1195],[-63.76088,3.16317],[-63.75747,3.22719]]},"properties":{"sw":0.15,"scalerank":6,"name":"Branco","featurecla":"River","na":0,"cl":"Branco#0"}},{"type":"Feature","geometry":{"type":"LineString","coordinates":[[-63.75747,3.22719],[-63.77902,3.46423],[-63.74339,3.59722],[-63.65779,3.70512],[-63.54064,3.71724],[-63.39196,3.63355],[-63.28887,3.61456],[-63.23133,3.66024],[-63.18864,3.6352],[-63.16076,3.53945],[-63.11108,3.45855],[-63.03956,3.39251],[-62.86458,3.3044],[-62.58615,3.19412],[-62.38327,3.14206],[-62.25594,3.14823],[-62.16491,3.17663],[-62.11023,3.22727],[-62.04701,3.25076],[-61.97526,3.24706],[-61.90136,3.2689],[-61.82539,3.31618],[-61.72003,3.33349],[-61.58525,3.32078],[-61.49994,3.32447],[-61.44617,3.35471]]},"properties":{"sw":0.2,"scalerank":6,"name":"Branco","featurecla":"River","na":0,"cl":"Branco#0"}},{"type":"Feature","geometry":{"type":"LineString","coordinates":[[-61.44617,3.35471],[-61.35297,3.35938],[-61.29886,3.3822],[-61.25282,3.42467],[-61.095,3.45235],[-60.82545,3.46519],[-60.66567,3.45462],[-60.61565,3.42067],[-60.56867,3.31763],[-60.52483,3.14554],[-60.57578,2.94685],[-60.72156,2.72151],[-60.80073,2.54047],[-60.81331,2.40373],[-60.87119,2.2841],[-60.97433,2.18157],[-61.0304,2.11315],[-61.03934,2.07894],[-61.02343,2.03024],[-60.9826,1.96706],[-61.02604,1.86418],[-61.15373,1.72163],[-61.25638,1.47141],[-61.334,1.11358],[-61.45978,0.81494],[-61.6338,0.57547],[-61.75545,0.25006],[-61.82475,-0.16128],[-61.84746,-0.4192],[-61.81162,-0.57609]]},"properties":{"sw":0.25,"scalerank":6,"name":"Branco","featurecla":"River","na":0,"cl":"Branco#0"}},{"type":"Feature","geometry":{"type":"LineString","coordinates":[[-61.81162,-0.57609],[-61.86792,-0.79184],[-61.87816,-0.95632],[-61.8611,-1.14143],[-61.86317,-1.26953],[-61.88089,-1.38917]]},"properties":{"sw":0.3,"scalerank":6,"name":"Branco","featurecla":"River","na":0,"cl":"Branco#0"}},{"type":"Feature","geometry":{"type":"LineString","coordinates":[[-72.42601,-10.84476],[-72.3492,-10.90667],[-72.22073,-10.9014],[-71.91209,-10.82363]]},"properties":{"sw":0.15,"scalerank":6,"name":"Purus","featurecla":"River","na":0,"cl":"Purus#0"}},{"type":"Feature","geometry":{"type":"LineString","coordinates":[[-71.91209,-10.82363],[-71.80132,-10.7178],[-71.68918,-10.66193],[-71.53875,-10.6209],[-71.38047,-10.54318],[-71.21433,-10.42887],[-71.13638,-10.35559],[-71.14661,-10.32314],[-71.12596,-10.29224],[-71.07444,-10.26289],[-71.03672,-10.17979],[-71.01284,-10.04295],[-70.92915,-9.91231],[-70.78562,-9.78788],[-70.7079,-9.69558],[-70.69594,-9.63543],[-70.65878,-9.59533],[-70.59643,-9.57528],[-70.55034,-9.51435],[-70.5205,-9.4125],[-70.45469,-9.32971],[-70.35288,-9.26595],[-70.29821,-9.21127],[-70.29067,-9.16559],[-70.22462,-9.12291],[-70.10013,-9.08322],[-69.9942,-9.07702],[-69.90686,-9.1043],[-69.84723,-9.10027],[-69.8154,-9.06472],[-69.76403,-9.04673],[-69.65773,-9.04601]]},"properties":{"sw":0.2,"scalerank":6,"name":"Purus","featurecla":"River","na":0,"cl":"Purus#0"}},{"type":"Feature","geometry":{"type":"LineString","coordinates":[[-69.65773,-9.04601],[-69.61629,-9.05903],[-69.59319,-9.04462],[-69.57001,-9.01345],[-69.54136,-9.00023],[-69.49203,-9.00369],[-69.41935,-8.96374],[-69.32282,-8.87372],[-69.18763,-8.79838],[-69.01369,-8.73771],[-68.92289,-8.7312],[-68.88884,-8.74753],[-68.86711,-8.77047],[-68.82285,-8.78153],[-68.77158,-8.77089],[-68.71102,-8.79517],[-68.63376,-8.88251],[-68.59271,-8.95284],[-68.5879,-9.00601],[-68.56302,-9.02772],[-68.51806,-9.018],[-68.48762,-9.0286],[-68.47171,-9.0596],[-68.40665,-9.06534],[-68.29249,-9.04586],[-68.21787,-9.04617],[-68.18284,-9.06627],[-68.10501,-9.04394],[-67.92414,-8.94669]]},"properties":{"sw":0.25,"scalerank":6,"name":"Purus","featurecla":"River","na":0,"cl":"Purus#0"}},{"type":"Feature","geometry":{"type":"LineString","coordinates":[[-67.92414,-8.94669],[-67.51776,-8.77724],[-67.37751,-8.68159],[-67.3679,-8.60314],[-67.37883,-8.574],[-67.39844,-8.56056],[-67.40464,-8.5354],[-67.39348,-8.48744],[-67.40014,-8.45938],[-67.41224,-8.44336],[-67.4096,-8.42465],[-67.35498,-8.38],[-67.34694,-8.34316],[-67.36363,-8.31582],[-67.35777,-8.29526],[-67.3417,-8.25438],[-67.26408,-8.14942],[-67.2331,-8.06933],[-67.24881,-8.01398],[-67.20103,-7.93874],[-67.08972,-7.8435],[-67.04779,-7.79797],[-67.04474,-7.77524],[-67.025,-7.76004],[-66.99916,-7.75968],[-66.97774,-7.7417],[-66.96792,-7.70118],[-66.92312,-7.67162],[-66.84336,-7.65312],[-66.78938,-7.65767],[-66.76116,-7.68522],[-66.71879,-7.67312],[-66.6622,-7.62134],[-66.60479,-7.60574],[-66.5465,-7.6263],[-66.51131,-7.61664],[-66.49929,-7.57685],[-66.45343,-7.54109],[-66.3738,-7.50946],[-66.3353,-7.52331],[-66.3292,-7.56155],[-66.29832,-7.5784],[-66.23972,-7.56703],[-66.19526,-7.58693],[-66.16497,-7.63819],[-66.12195,-7.65798],[-66.06865,-7.65721],[-66.04441,-7.68377],[-66.01919,-7.6956],[-65.95723,-7.67483],[-65.91093,-7.67989],[-65.88628,-7.70222],[-65.85628,-7.70108],[-65.83548,-7.68258],[-65.78934,-7.68377],[-65.74115,-7.69808],[-65.67332,-7.69085],[-65.64849,-7.66181],[-65.61966,-7.64568],[-65.57777,-7.64672],[-65.54253,-7.63173],[-65.5216,-7.59928],[-65.48734,-7.59173],[-65.45039,-7.59633],[-65.42858,-7.58176],[-65.43132,-7.56104],[-65.41039,-7.54905],[-65.38476,-7.5523],[-65.37285,-7.53453],[-65.38011,-7.51391],[-65.36655,-7.4935],[-65.30213,-7.45029],[-65.22953,-7.41143],[-65.19266,-7.40776],[-65.16728,-7.42647],[-65.15217,-7.39965],[-65.14726,-7.32736],[-65.1208,-7.31061],[-65.09775,-7.30674],[-65.03486,-7.32529],[-64.98952,-7.31165],[-64.97538,-7.26793],[-64.95745,-7.25718],[-64.9327,-7.24963],[-64.87128,-7.27578],[-64.79025,-7.25181],[-64.68961,-7.1778],[-64.64491,-7.13057],[-64.65618,-7.11011],[-64.64646,-7.09554],[-64.61571,-7.08706],[-64.61158,-7.07549],[-64.60949,-7.06319],[-64.58406,-7.04867],[-64.58499,-7.02014],[-64.6362,-6.92903],[-64.63465,-6.87157],[-64.58034,-6.84775],[-64.56497,-6.82475],[-64.58858,-6.80274],[-64.59546,-6.76951],[-64.58564,-6.72522],[-64.55218,-6.70207],[-64.49513,-6.70016],[-64.46234,-6.67871],[-64.45381,-6.63768],[-64.41474,-6.60037],[-64.34514,-6.56658],[-64.29798,-6.47387],[-64.26093,-6.24623]]},"properties":{"sw":0.3,"scalerank":6,"name":"Purus","featurecla":"River","na":0,"cl":"Purus#0"}},{"type":"Feature","geometry":{"type":"LineString","coordinates":[[-62.07851,-4.63129],[-62.03344,-4.5899],[-62.01608,-4.53786],[-62.04011,-4.48743],[-62.02303,-4.44412],[-61.99215,-4.42914],[-61.92069,-4.41477],[-61.87477,-4.37963],[-61.85444,-4.32366],[-61.78974,-4.27979],[-61.6806,-4.24785],[-61.56443,-4.14553],[-61.44123,-3.97263],[-61.40555,-3.83207],[-61.46753,-3.676]]},"properties":{"sw":0.4,"scalerank":6,"name":"Purus","featurecla":"River","na":0,"cl":"Purus#0"}},{"type":"Feature","geometry":{"type":"LineString","coordinates":[[-64.26093,-6.24623],[-64.30423,-6.0248],[-64.35687,-5.93426],[-64.43319,-5.90078],[-64.4535,-5.86708],[-64.41769,-5.83329],[-64.39717,-5.78688],[-64.39185,-5.72787],[-64.36826,-5.69521],[-64.32638,-5.6888],[-64.31134,-5.66456],[-64.32312,-5.6224],[-64.29186,-5.59826],[-64.21755,-5.59222],[-64.18078,-5.60302],[-64.18155,-5.63072],[-64.16254,-5.64715],[-64.12373,-5.65232],[-64.09461,-5.63816],[-64.07518,-5.60483],[-64.01921,-5.58891],[-63.92669,-5.59041],[-63.85716,-5.6242],[-63.81065,-5.6902],[-63.74398,-5.71624],[-63.65717,-5.70234],[-63.63009,-5.72146],[-63.63451,-5.7567],[-63.62417,-5.78833],[-63.58973,-5.81086],[-63.54157,-5.79959],[-63.47966,-5.75453],[-63.42664,-5.74192],[-63.38251,-5.76156],[-63.30391,-5.73272],[-63.19084,-5.65542],[-63.15828,-5.66203],[-63.14407,-5.68327],[-63.12193,-5.7165],[-63.07229,-5.72818],[-63.05157,-5.7072],[-63.06325,-5.62224],[-63.0469,-5.5732],[-63.00248,-5.55997],[-62.99473,-5.53057],[-62.98,-5.47279],[-62.95688,-5.45992],[-62.93589,-5.43683],[-62.90119,-5.43683],[-62.85605,-5.4299],[-62.82965,-5.39197],[-62.82854,-5.2758],[-62.83908,-5.20759],[-62.8613,-5.18749],[-62.84332,-5.15348],[-62.78508,-5.10558],[-62.76337,-5.06098],[-62.77815,-5.01964],[-62.74844,-4.9676],[-62.69986,-4.94394],[-62.65762,-4.95138],[-62.61656,-4.93701],[-62.60106,-4.91339],[-62.58878,-4.87453],[-62.55098,-4.85743],[-62.51011,-4.86218],[-62.47305,-4.83676],[-62.46169,-4.80792],[-62.47603,-4.77568],[-62.45316,-4.74415],[-62.39311,-4.71341],[-62.31335,-4.70395],[-62.2139,-4.71573],[-62.11458,-4.66437],[-62.07851,-4.63129]]},"properties":{"sw":0.35,"scalerank":6,"name":"Purus","featurecla":"River","na":0,"cl":"Purus#0"}},{"type":"Feature","geometry":{"type":"LineString","coordinates":[[-73.8722,4.66997],[-73.90853,4.60807],[-73.91657,4.54068],[-73.90845,4.4472],[-73.8861,4.36495],[-73.83125,4.25847]]},"properties":{"sw":0.15,"scalerank":6,"name":"Meta","featurecla":"River","na":0,"cl":"Meta#0"}},{"type":"Feature","geometry":{"type":"LineString","coordinates":[[-73.83125,4.25847],[-73.74136,4.19323],[-73.71872,4.14197],[-73.7333,4.0829],[-73.57129,4.02239],[-73.23271,3.96048],[-73.03443,3.95774],[-72.97639,4.01423],[-72.92673,4.09988],[-72.88547,4.2147],[-72.83565,4.28237],[-72.74814,4.3131]]},"properties":{"sw":0.2,"scalerank":6,"name":"Meta","featurecla":"River","na":0,"cl":"Meta#0"}},{"type":"Feature","geometry":{"type":"LineString","coordinates":[[-72.74814,4.3131],[-72.47896,4.33157],[-72.37281,4.35576],[-72.34,4.39188],[-72.28021,4.42009],[-72.19342,4.44045],[-72.11559,4.43761],[-72.04673,4.41157],[-71.96162,4.44337],[-71.86023,4.53303],[-71.66097,4.63729],[-71.36388,4.75614],[-71.17366,4.8442],[-71.09036,4.90146],[-71.02662,4.97696],[-70.98248,5.07072],[-70.89427,5.16661],[-70.76198,5.26464],[-70.68744,5.33634],[-70.67059,5.38176],[-70.51954,5.46468],[-70.23418,5.58503],[-70.03016,5.74311],[-69.90748,5.93886],[-69.7677,6.04312],[-69.61089,6.05588],[-69.5073,6.0773],[-69.4318,6.12239]]},"properties":{"sw":0.25,"scalerank":6,"name":"Meta","featurecla":"River","na":0,"cl":"Meta#0"}},{"type":"Feature","geometry":{"type":"LineString","coordinates":[[-69.4318,6.12239],[-69.35708,6.148],[-69.31083,6.13761],[-69.26814,6.09973],[-69.1945,6.11534],[-69.08991,6.18438],[-68.93723,6.19817],[-68.73647,6.15678],[-68.47176,6.15652],[-68.1431,6.1975],[-67.9389,6.24194],[-67.85916,6.2899],[-67.72715,6.28494],[-67.42255,6.20231]]},"properties":{"sw":0.3,"scalerank":6,"name":"Meta","featurecla":"River","na":0,"cl":"Meta#0"}},{"type":"Feature","geometry":{"type":"LineString","coordinates":[[-72.16531,-12.18174],[-72.09363,-12.06298],[-72.09273,-11.96046],[-72.13867,-11.83457],[-72.11704,-11.74197],[-72.02777,-11.68285],[-71.93124,-11.65862],[-71.77551,-11.67458]]},"properties":{"sw":0.15,"scalerank":6,"name":"Madre de Dios","featurecla":"River","na":0,"cl":"Madre de Dios#0"}},{"type":"Feature","geometry":{"type":"LineString","coordinates":[[-71.77551,-11.67458],[-71.60436,-11.68761],[-71.53255,-11.71644],[-71.5031,-11.76543],[-71.3991,-11.84832],[-71.22053,-11.96511],[-71.08648,-12.07973],[-70.99693,-12.19233],[-70.9099,-12.25858],[-70.82544,-12.27848],[-70.75384,-12.32963],[-70.69514,-12.41206],[-70.58992,-12.48911],[-70.43825,-12.56084],[-70.31883,-12.59784],[-70.2317,-12.60021],[-70.17966,-12.589],[-70.15535,-12.56456],[-70.11476,-12.56776],[-70.02557,-12.58641],[-69.76801,-12.65535],[-69.57784,-12.66078],[-69.45495,-12.60269],[-69.39098,-12.55939],[-69.34439,-12.55381],[-69.30892,-12.56807],[-69.26778,-12.58171],[-69.2352,-12.57489],[-69.21466,-12.55226],[-69.18748,-12.54781],[-69.15601,-12.57324],[-69.10715,-12.57448],[-69.06319,-12.54264],[-69.0078,-12.53438],[-68.94868,-12.55556],[-68.85892,-12.54843],[-68.67828,-12.49515]]},"properties":{"sw":0.2,"scalerank":6,"name":"Madre de Dios","featurecla":"River","na":0,"cl":"Madre de Dios#0"}},{"type":"Feature","geometry":{"type":"LineString","coordinates":[[-68.67828,-12.49515],[-68.60614,-12.42906],[-68.55581,-12.40947],[-68.50328,-12.41438],[-68.45533,-12.37325],[-68.41197,-12.28612],[-68.3543,-12.22039],[-68.28229,-12.17595],[-68.23854,-12.12035],[-68.22304,-12.05348],[-68.16041,-12.00459],[-68.0507,-11.97374],[-67.97582,-11.89659],[-67.93582,-11.77318],[-67.88084,-11.70352],[-67.81097,-11.68761],[-67.74906,-11.6349],[-67.69519,-11.5456],[-67.64145,-11.49439],[-67.58783,-11.48131],[-67.51923,-11.49837],[-67.43562,-11.5455],[-67.3602,-11.55066],[-67.29302,-11.51366],[-67.23891,-11.46261],[-67.19796,-11.3975],[-67.12716,-11.35977],[-66.97624,-11.34427]]},"properties":{"sw":0.25,"scalerank":6,"name":"Madre de Dios","featurecla":"River","na":0,"cl":"Madre de Dios#0"}},{"type":"Feature","geometry":{"type":"LineString","coordinates":[[-66.11831,-10.95701],[-66.07862,-10.93716],[-66.06451,-10.89282],[-66.0611,-10.86094],[-66.09242,-10.8475],[-66.084,-10.82797],[-66.03586,-10.80234],[-65.98263,-10.7951],[-65.92432,-10.80627],[-65.90184,-10.77955],[-65.89672,-10.72549],[-65.87357,-10.69573],[-65.81988,-10.69666],[-65.7798,-10.6671],[-65.76763,-10.59847],[-65.73968,-10.56607],[-65.69593,-10.56979],[-65.60439,-10.52685],[-65.39546,-10.39229]]},"properties":{"sw":0.3,"scalerank":6,"name":"Madre de Dios","featurecla":"River","na":0,"cl":"Madre de Dios#0"}},{"type":"Feature","geometry":{"type":"LineString","coordinates":[[-66.97624,-11.34427],[-66.96048,-11.29394],[-66.91614,-11.27626],[-66.83796,-11.27445],[-66.80326,-11.25394],[-66.78638,-11.22159],[-66.74879,-11.22965],[-66.67313,-11.20469],[-66.56689,-11.13167],[-66.48025,-11.09508],[-66.4132,-11.09503],[-66.37003,-11.06232],[-66.34321,-11.02646],[-66.3152,-11.01809],[-66.27579,-11.00723],[-66.21425,-10.94967],[-66.158,-10.94708],[-66.11831,-10.95701]]},"properties":{"sw":0.3,"scalerank":6,"name":"Madre de Dios","featurecla":"River","na":0,"cl":"Madre de Dios#0"}},{"type":"Feature","geometry":{"type":"LineString","coordinates":[[-45.04929,-23.04934],[-45.50549,-23.30943]]},"properties":{"sw":0.15,"scalerank":6,"name":"Paraiba","featurecla":"River","na":0,"cl":"Paraiba#0"}},{"type":"Feature","geometry":{"type":"LineString","coordinates":[[-45.50549,-23.30943],[-45.60558,-23.35087],[-45.70922,-23.36121],[-45.84983,-23.35439],[-45.9336,-23.36488],[-45.96063,-23.39273],[-45.98964,-23.39614],[-46.02067,-23.37516],[-46.00445,-23.30891],[-45.94096,-23.1975],[-45.86107,-23.1266],[-45.76482,-23.09642],[-45.66623,-23.03823],[-45.56525,-22.95204],[-45.4465,-22.89271],[-45.30997,-22.86015],[-45.16657,-22.77292],[-45.01629,-22.63112],[-44.86286,-22.54715],[-44.70639,-22.52111],[-44.65091,-22.52405],[-44.59252,-22.53754],[-44.52237,-22.51651],[-44.36155,-22.43465],[-44.25577,-22.42576],[-44.20507,-22.48974],[-44.15128,-22.50793],[-44.09438,-22.48023],[-44.04033,-22.47682],[-43.98907,-22.4977],[-43.85202,-22.43827],[-43.6293,-22.29874],[-43.42455,-22.19591],[-43.14439,-22.09658]]},"properties":{"sw":0.2,"scalerank":6,"name":"Paraiba","featurecla":"River","na":0,"cl":"Paraiba#0"}},{"type":"Feature","geometry":{"type":"LineString","coordinates":[[-43.13819,-22.09658],[-42.28041,-21.71361]]},"properties":{"sw":0.25,"scalerank":6,"name":"Paraiba","featurecla":"River","na":0,"cl":"Paraiba#0"}},{"type":"Feature","geometry":{"type":"LineString","coordinates":[[-42.28041,-21.71361],[-41.99084,-21.60049],[-41.85467,-21.58168],[-41.7753,-21.6194],[-41.68419,-21.6315],[-41.58131,-21.61806],[-41.46705,-21.64566],[-41.34137,-21.71428],[-41.21342,-21.71428],[-41.02158,-21.61083]]},"properties":{"sw":0.3,"scalerank":6,"name":"Paraiba","featurecla":"River","na":0,"cl":"Paraiba#0"}},{"type":"Feature","geometry":{"type":"LineString","coordinates":[[-49.73673,-28.51139],[-49.83915,-28.46529],[-49.93847,-28.44808],[-50.0688,-28.44436],[-50.14096,-28.45289],[-50.15492,-28.47371],[-50.23303,-28.4686],[-50.44648,-28.42204]]},"properties":{"sw":0.15,"scalerank":6,"name":"Uruguay","featurecla":"River","na":0,"cl":"Uruguay#0"}},{"type":"Feature","geometry":{"type":"LineString","coordinates":[[-50.44648,-28.42204],[-50.57753,-28.38617],[-50.73607,-28.23595],[-50.9658,-27.95938],[-51.11724,-27.80781],[-51.19041,-27.78115],[-51.28681,-27.71629],[-51.40649,-27.6132],[-51.48758,-27.56405],[-51.53013,-27.56891],[-51.58248,-27.54752],[-51.64467,-27.49987],[-51.70167,-27.48804],[-51.7535,-27.51196],[-51.79991,-27.51196],[-51.87337,-27.50938],[-51.91298,-27.47253],[-51.98413,-27.37662],[-52.05961,-27.31353],[-52.13932,-27.2833],[-52.19236,-27.28087],[-52.22856,-27.29265],[-52.26479,-27.27715],[-52.3043,-27.28314],[-52.34807,-27.27632],[-52.4147,-27.23622],[-52.51082,-27.23053],[-52.6365,-27.25947],[-52.74166,-27.24573],[-52.82638,-27.1895],[-52.90012,-27.17658],[-52.95289,-27.17881],[-52.99428,-27.1633],[-53.0305,-27.13741],[-53.07076,-27.14186],[-53.10365,-27.15441],[-53.13409,-27.14046],[-53.1844,-27.14951],[-53.22711,-27.17364],[-53.26333,-27.1633],[-53.28493,-27.12904],[-53.30478,-27.09762],[-53.34759,-27.08057],[-53.39818,-27.08243],[-53.45652,-27.10325],[-53.4898,-27.13318],[-53.49802,-27.17224],[-53.54001,-27.19787],[-53.61571,-27.20997],[-53.65956,-27.20046],[-53.67152,-27.16945],[-53.71845,-27.15752],[-53.80041,-27.16465],[-53.85177,-27.15612],[-53.93533,-27.16118],[-54.04013,-27.24376],[-54.11382,-27.27467],[-54.15646,-27.25379],[-54.20524,-27.2896],[-54.26015,-27.38205],[-54.32701,-27.42349],[-54.44812,-27.44644],[-54.48434,-27.45729],[-54.55493,-27.45414],[-54.61542,-27.47719],[-54.66586,-27.52654],[-54.71973,-27.54493],[-54.77709,-27.53253],[-54.82908,-27.55062],[-54.87574,-27.59925],[-54.90277,-27.6519],[-54.91021,-27.70854],[-54.95589,-27.74714],[-55.03992,-27.76781],[-55.06901,-27.79629],[-55.06387,-27.83592],[-55.10151,-27.86677],[-55.24373,-27.89887],[-55.34651,-27.95592],[-55.40982,-28.03782],[-55.47669,-28.08934],[-55.58239,-28.12097]]},"properties":{"sw":0.2,"scalerank":6,"name":"Uruguay","featurecla":"River","na":0,"cl":"Uruguay#0"}},{"type":"Feature","geometry":{"type":"LineString","coordinates":[[-55.58239,-28.12097],[-55.72551,-28.20412],[-55.746,-28.25548],[-55.69153,-28.30282],[-55.67197,-28.34488],[-55.68727,-28.38168],[-55.73197,-28.38664],[-55.80605,-28.35977],[-55.85888,-28.35419],[-55.89051,-28.37],[-55.90542,-28.39966],[-55.90366,-28.44328],[-55.93015,-28.47289],[-55.98492,-28.4886],[-56.01962,-28.52462],[-56.03422,-28.58084],[-56.10287,-28.65174],[-56.22555,-28.73721],[-56.32234,-28.85245],[-56.39324,-28.99725],[-56.476,-29.09249],[-56.57068,-29.13807],[-56.63584,-29.20302],[-56.67152,-29.28736],[-56.77245,-29.41789],[-56.93861,-29.59483],[-57.08935,-29.71617],[-57.22464,-29.78211],[-57.30071,-29.85652],[-57.3175,-29.93941],[-57.40522,-30.03393],[-57.56387,-30.13997],[-57.64575,-30.22699],[-57.65089,-30.295],[-57.71272,-30.38445],[-57.83122,-30.49524],[-57.87251,-30.59105],[-57.81856,-30.71198]]},"properties":{"sw":0.25,"scalerank":6,"name":"Uruguay","featurecla":"River","na":0,"cl":"Uruguay#0"}},{"type":"Feature","geometry":{"type":"LineString","coordinates":[[-57.81856,-30.71198],[-57.8106,-30.85863],[-57.83409,-30.91744],[-57.88631,-30.93739],[-57.8983,-30.97521],[-57.87008,-31.03103],[-57.86843,-31.10441],[-57.89333,-31.19536],[-57.94837,-31.29943],[-58.03343,-31.41658],[-58.05384,-31.49487],[-58.00966,-31.53435],[-57.98798,-31.57621],[-57.98888,-31.6206],[-58.007,-31.68494],[-58.04234,-31.76927],[-58.09585,-31.8318],[-58.1675,-31.87268],[-58.18903,-31.92425],[-58.1604,-31.98657],[-58.15637,-32.05153],[-58.17699,-32.11902],[-58.16479,-32.18486],[-58.11975,-32.24894],[-58.12304,-32.3219],[-58.20117,-32.47168]]},"properties":{"sw":0.3,"scalerank":6,"name":"Uruguay","featurecla":"River","na":0,"cl":"Uruguay#0"}},{"type":"Feature","geometry":{"type":"LineString","coordinates":[[-66.44441,-19.36993],[-66.38672,-19.3075],[-66.3731,-19.26782],[-66.38429,-19.2302],[-66.35884,-19.19609],[-66.29672,-19.1655],[-66.20683,-19.20601],[-66.08922,-19.31774],[-65.97966,-19.36564],[-65.82745,-19.34197]]},"properties":{"sw":0.15,"scalerank":6,"name":"Pilcomayo River","featurecla":"River","na":0,"cl":"Pilcomayo River#0"}},{"type":"Feature","geometry":{"type":"LineString","coordinates":[[-65.82745,-19.34197],[-65.77802,-19.24957],[-65.70169,-19.18575],[-65.58191,-19.11961],[-65.46476,-19.14255],[-65.35022,-19.25443],[-65.25237,-19.32761],[-65.17124,-19.36207],[-65.07801,-19.37716],[-64.97275,-19.37282],[-64.83968,-19.54501],[-64.67886,-19.89357],[-64.58951,-20.15717],[-64.57174,-20.33576],[-64.49885,-20.44061],[-64.37082,-20.47167],[-64.27408,-20.58639],[-64.20856,-20.78462],[-64.132,-20.89893],[-64.04435,-20.92921],[-63.97451,-21.00197],[-63.92245,-21.11726],[-63.84292,-21.17592],[-63.73592,-21.17798],[-63.55247,-21.24175],[-63.29264,-21.36722],[-63.12216,-21.46623],[-63.04113,-21.53868],[-62.97739,-21.63274],[-62.90773,-21.80611]]},"properties":{"sw":0.2,"scalerank":6,"name":"Pilcomayo River","featurecla":"River","na":0,"cl":"Pilcomayo River#0"}},{"type":"Feature","geometry":{"type":"LineString","coordinates":[[-62.90773,-21.80611],[-62.8151,-22.04956],[-62.74456,-22.15984],[-62.66527,-22.21802],[-62.62571,-22.26153],[-62.62597,-22.29047],[-62.54155,-22.34964],[-62.37249,-22.43915],[-62.21418,-22.61242],[-62.06659,-22.86946],[-61.92802,-23.05932],[-61.79852,-23.182],[-61.67951,-23.26871],[-61.57102,-23.3194],[-61.51304,-23.36049],[-61.50552,-23.39201],[-61.40397,-23.45748],[-61.20838,-23.55706],[-61.08472,-23.65649],[-61.03294,-23.75571],[-60.83982,-23.85813],[-60.50535,-23.9636],[-60.26218,-24.01399],[-60.1103,-24.00923],[-59.89246,-24.09357],[-59.60858,-24.26684],[-59.43541,-24.38699],[-59.37293,-24.45396],[-59.18726,-24.56227],[-58.72401,-24.78665]]},"properties":{"sw":0.25,"scalerank":6,"name":"Pilcomayo River","featurecla":"River","na":0,"cl":"Pilcomayo River#0"}},{"type":"Feature","geometry":{"type":"LineString","coordinates":[[-58.72401,-24.78665],[-58.51965,-24.84288],[-58.42281,-24.89414],[-58.3654,-24.95925],[-58.30871,-24.97915],[-58.2528,-24.95377],[-58.13647,-24.97713],[-57.95982,-25.04917],[-57.82166,-25.1364],[-57.64389,-25.32843]]},"properties":{"sw":0.3,"scalerank":6,"name":"Pilcomayo River","featurecla":"River","na":0,"cl":"Pilcomayo River#0"}},{"type":"Feature","geometry":{"type":"LineString","coordinates":[[14.66529,6.6984],[14.70477,6.66099],[14.6874,6.58474],[14.59583,6.39333]]},"properties":{"sw":0.15,"scalerank":6,"name":"Lom","featurecla":"River","na":0,"cl":"Lom#0"}},{"type":"Feature","geometry":{"type":"LineString","coordinates":[[14.59583,6.39333],[14.47134,6.30225],[14.43062,6.22241],[14.43217,6.1235],[14.41719,6.0416],[14.38566,5.97669],[14.31368,5.92615],[14.20134,5.88987],[14.13012,5.81417],[14.10026,5.69903],[14.06656,5.64002],[14.02925,5.6372],[13.99081,5.60676],[13.95143,5.54873],[13.90967,5.52248],[13.86575,5.52801],[13.84849,5.49884],[13.858,5.43497],[13.80131,5.37231],[13.67842,5.31084],[13.59476,5.29947],[13.5282,5.3575]]},"properties":{"sw":0.2,"scalerank":6,"name":"Lom","featurecla":"River","na":0,"cl":"Lom#0"}},{"type":"Feature","geometry":{"type":"LineString","coordinates":[[13.5282,5.3575],[13.46588,5.38138],[13.42278,5.36205],[13.37803,5.30743],[13.36423,5.23374],[13.38128,5.14093],[13.35942,5.05576],[13.29875,4.97825],[13.23282,4.93799],[13.12605,4.93347]]},"properties":{"sw":0.2,"scalerank":6,"name":"Lom","featurecla":"River","na":0,"cl":"Lom#0"}},{"type":"Feature","geometry":{"type":"LineString","coordinates":[[24.5945,-3.17676],[24.61724,-2.99455],[24.58292,-2.9021],[24.49921,-2.83853],[24.44009,-2.76908],[24.38841,-2.65601]]},"properties":{"sw":0.15,"scalerank":6,"name":"Tshuapa","featurecla":"River","na":0,"cl":"Tshuapa#0"}},{"type":"Feature","geometry":{"type":"LineString","coordinates":[[24.38841,-2.65601],[24.36898,-2.47732],[24.27085,-2.30916],[24.08761,-2.09197],[23.97082,-1.82847],[23.92048,-1.51851],[23.84772,-1.40224],[23.76912,-1.36126],[23.70758,-1.33134],[23.66861,-1.27305],[23.48811,-1.21135],[23.16596,-1.14618],[22.96023,-1.06391],[22.87083,-0.96464],[22.7712,-0.90491],[22.66134,-0.8847],[22.5569,-0.85054],[22.45789,-0.80248],[22.39727,-0.75411],[22.37505,-0.70564],[22.27319,-0.65066],[22.00096,-0.55867]]},"properties":{"sw":0.2,"scalerank":6,"name":"Tshuapa","featurecla":"River","na":0,"cl":"Tshuapa#0"}},{"type":"Feature","geometry":{"type":"LineString","coordinates":[[22.00096,-0.55867],[21.78464,-0.48633],[21.68305,-0.43775],[21.62403,-0.38866],[21.57484,-0.37093],[21.53536,-0.38442],[21.47474,-0.36664],[21.39299,-0.3175],[21.30281,-0.29549],[21.20411,-0.3005],[21.12732,-0.28489],[21.07223,-0.24851],[21.02939,-0.26107],[21.00877,-0.24913],[20.97777,-0.20474],[20.93601,-0.19115],[20.87653,-0.19704],[20.82145,-0.22247],[20.79602,-0.26903],[20.7537,-0.28158]]},"properties":{"sw":0.25,"scalerank":6,"name":"Tshuapa","featurecla":"River","na":0,"cl":"Tshuapa#0"}},{"type":"Feature","geometry":{"type":"LineString","coordinates":[[37.03188,9.15135],[37.03079,9.05237],[37.06707,8.99707],[37.14035,8.9525],[37.1837,8.90721],[37.20376,8.83825]]},"properties":{"sw":0.15,"scalerank":6,"name":"Omo","featurecla":"River","na":0,"cl":"Omo#0"}},{"type":"Feature","geometry":{"type":"LineString","coordinates":[[37.20376,8.83825],[37.15678,8.74138],[37.14944,8.69208],[37.16608,8.65808],[37.4102,8.36399],[37.51774,8.2611],[37.57443,8.22774],[37.5996,8.11222],[37.58988,7.8774],[37.52684,7.6486],[37.41056,7.42583],[37.37718,7.28638],[37.42669,7.2302],[37.47464,7.20202],[37.52095,7.20178],[37.52374,7.18354],[37.48291,7.14726],[37.4517,7.072],[37.4301,6.95772],[37.39599,6.89265],[37.34959,6.87682],[37.30003,6.82064],[37.24742,6.72416],[37.16526,6.65918],[37.05353,6.62575],[36.9832,6.6329],[36.95416,6.6807],[36.87768,6.70626],[36.75365,6.70951],[36.5794,6.63458],[36.35492,6.48141],[36.20945,6.41475],[36.14299,6.43459],[36.08506,6.41876],[36.03556,6.36726],[36.00383,6.30551],[35.98285,6.1975]]},"properties":{"sw":0.2,"scalerank":6,"name":"Omo","featurecla":"River","na":0,"cl":"Omo#0"}},{"type":"Feature","geometry":{"type":"LineString","coordinates":[[35.98285,6.1975],[35.95484,6.17229],[35.96011,6.11872],[35.98915,6.02842],[35.9782,5.8399],[35.92714,5.5532],[35.912,5.39091],[35.93277,5.35306],[35.98398,5.34438],[36.06553,5.36484],[36.11349,5.41039],[36.12765,5.48104],[36.15514,5.5009],[36.19586,5.47],[36.20242,5.41776],[36.17483,5.3442],[36.17142,5.28508],[36.19219,5.2404],[36.16661,5.2078],[36.09457,5.18733],[36.06558,5.16496],[36.07953,5.14077],[36.07183,5.11375],[36.04259,5.08393],[36.04755,5.04279],[36.08672,4.99039],[36.0739,4.9136],[36.0091,4.81242],[35.9937,4.70615],[36.04496,4.53903]]},"properties":{"sw":0.25,"scalerank":6,"name":"Omo","featurecla":"River","na":0,"cl":"Omo#0"}},{"type":"Feature","geometry":{"type":"LineString","coordinates":[[47.16707,-22.01127],[47.16428,-21.97287],[47.10098,-21.93866],[46.97623,-21.89577],[46.90508,-21.85226],[46.87862,-21.7858]]},"properties":{"sw":0.15,"scalerank":6,"name":"Mananantanana","featurecla":"River","na":0,"cl":"Mananantanana#0"}},{"type":"Feature","geometry":{"type":"LineString","coordinates":[[46.87862,-21.7858],[46.73,-21.7363],[46.67501,-21.65299],[46.66504,-21.54266],[46.63677,-21.51254],[46.59636,-21.47264],[46.57357,-21.46417],[46.49321,-21.37973],[46.3447,-21.30159],[46.18574,-21.27529],[46.01634,-21.30077],[45.89759,-21.34759],[45.82948,-21.41564],[45.75972,-21.44438],[45.65275,-21.42836]]},"properties":{"sw":0.2,"scalerank":6,"name":"Mananantanana","featurecla":"River","na":0,"cl":"Mananantanana#0"}},{"type":"Feature","geometry":{"type":"LineString","coordinates":[[15.32261,6.46191],[15.39847,6.34181],[15.49624,6.32468],[15.7137,6.39333]]},"properties":{"sw":0.15,"scalerank":6,"name":"Ouham","featurecla":"River","na":0,"cl":"Ouham#0"}},{"type":"Feature","geometry":{"type":"LineString","coordinates":[[15.7137,6.39333],[15.78982,6.46087],[15.84614,6.4856],[15.90805,6.4901],[15.95968,6.43739],[16.00092,6.32752],[16.07507,6.26975],[16.18204,6.26406],[16.27635,6.30179],[16.3581,6.38287],[16.40389,6.44806],[16.41371,6.49733],[16.47391,6.56027],[16.58439,6.63696],[16.66289,6.67076],[16.7093,6.66171],[16.77405,6.60929],[16.85704,6.5135],[16.93285,6.47232],[17.00147,6.48565],[17.08199,6.47511],[17.17449,6.44064],[17.28073,6.44808],[17.40093,6.49743],[17.50894,6.51976],[17.60474,6.51511],[17.70872,6.55841],[17.82065,6.64959],[17.90028,6.77215],[17.94751,6.92609],[18.00157,7.02278],[18.06244,7.06231],[18.1274,7.13949],[18.19654,7.25436],[18.2491,7.31253],[18.28517,7.31402],[18.27545,7.36213],[18.21995,7.45691],[18.14518,7.48957],[18.05123,7.46011],[17.98441,7.46942],[17.94483,7.51747],[17.87744,7.54812],[17.78225,7.56135],[17.74913,7.61137],[17.77796,7.69816],[17.76773,7.82593],[17.71833,7.99471],[17.6988,8.12746],[17.70913,8.2242],[17.77011,8.36851],[17.88163,8.56038],[17.94493,8.74407],[17.95992,8.91961],[17.99159,9.01077],[18.04007,9.01759],[18.09753,9.05614],[18.16409,9.12642],[18.20678,9.20016],[18.23489,9.31584]]},"properties":{"sw":0.2,"scalerank":6,"name":"Ouham","featurecla":"River","na":0,"cl":"Ouham#0"}},{"type":"Feature","geometry":{"type":"LineString","coordinates":[[14.61692,5.86512],[14.61692,5.4955]]},"properties":{"sw":0.15,"scalerank":6,"name":"Kade\u00ef","featurecla":"River","na":0,"cl":"Kade\u00ef#0"}},{"type":"Feature","geometry":{"type":"LineString","coordinates":[[14.61692,5.4955],[14.4931,5.28743],[14.46282,5.18227],[14.48473,5.1107],[14.43677,5.03016],[14.31895,4.94065],[14.2543,4.7965],[14.24283,4.59776],[14.29714,4.42955],[14.41734,4.29188],[14.49847,4.23023],[14.53878,4.22897],[14.56968,4.21135],[14.57408,4.18928],[14.6226,4.17166],[14.68038,4.20533],[14.75396,4.22768],[14.82683,4.23],[14.87339,4.20321],[14.89354,4.14729],[14.957,4.11815],[15.06376,4.11569],[15.14691,4.09073],[15.2361,4.01947]]},"properties":{"sw":0.2,"scalerank":6,"name":"Kade\u00ef","featurecla":"River","na":0,"cl":"Kade\u00ef#0"}},{"type":"Feature","geometry":{"type":"LineString","coordinates":[[15.2361,4.01947],[15.36757,4.05533],[15.45139,4.0465],[15.53128,4.00492],[15.57841,3.93121],[15.59267,3.82537],[15.65138,3.75615],[15.75463,3.7236],[15.88144,3.64975],[16.03192,3.53462],[16.10809,3.40005],[16.10995,3.24613],[16.15801,3.10312],[16.25217,2.97109],[16.26302,2.9237],[16.24534,2.88401],[16.17372,2.82396],[16.11781,2.71604],[16.09548,2.5992],[16.10675,2.47347],[16.1361,2.36376],[16.18344,2.27007],[16.17662,2.20478],[16.11574,2.16783],[16.08003,2.1068],[16.06959,2.02169],[16.08794,1.91807],[16.13496,1.79596],[16.1362,1.71488],[16.09765,1.6537]]},"properties":{"sw":0.25,"scalerank":6,"name":"Kade\u00ef","featurecla":"River","na":0,"cl":"Kade\u00ef#0"}},{"type":"Feature","geometry":{"type":"LineString","coordinates":[[35.59931,-10.80689],[35.35818,-10.71196],[35.25989,-10.69552],[35.22424,-10.72591],[35.2045,-10.77552],[35.19892,-10.87887]]},"properties":{"sw":0.15,"scalerank":6,"name":"Ruvuma","featurecla":"River","na":0,"cl":"Ruvuma#0"}},{"type":"Feature","geometry":{"type":"LineString","coordinates":[[35.19892,-10.87887],[35.36836,-11.40613],[35.45141,-11.58952],[35.50443,-11.60482],[35.56432,-11.60234],[35.63098,-11.58198],[35.70473,-11.53216],[35.78544,-11.45294],[35.91133,-11.45465],[36.08217,-11.53733],[36.1755,-11.60927],[36.19131,-11.67066],[36.30567,-11.70631],[36.51868,-11.71624],[36.67381,-11.6843],[36.77107,-11.6104],[36.87272,-11.57128],[36.97886,-11.56694],[37.05916,-11.59221],[37.11384,-11.64714],[37.21838,-11.68652],[37.37289,-11.71045],[37.54172,-11.6751],[37.72486,-11.58064],[37.8293,-11.48193],[37.85503,-11.3791],[37.88537,-11.31667],[37.9202,-11.29476],[38.0173,-11.2821],[38.17656,-11.27869],[38.31511,-11.31109],[38.49174,-11.41331]]},"properties":{"sw":0.2,"scalerank":6,"name":"Ruvuma","featurecla":"River","na":0,"cl":"Ruvuma#0"}},{"type":"Feature","geometry":{"type":"LineString","coordinates":[[38.49174,-11.41331],[38.79477,-11.22893],[38.98752,-11.16728],[39.17097,-11.16686],[39.32156,-11.12258],[39.43917,-11.03452],[39.56346,-10.97855],[39.6944,-10.95478],[39.81708,-10.91236],[39.9887,-10.82084]]},"properties":{"sw":0.25,"scalerank":6,"name":"Ruvuma","featurecla":"River","na":0,"cl":"Ruvuma#0"}},{"type":"Feature","geometry":{"type":"LineString","coordinates":[[39.9887,-10.82084],[40.46355,-10.46432]]},"properties":{"sw":0.3,"scalerank":6,"name":"Ruvuma","featurecla":"River","na":0,"cl":"Ruvuma#0"}},{"type":"Feature","geometry":{"type":"LineString","coordinates":[[-2.02191,51.68589],[-1.93928,51.64848],[-1.8243,51.65207],[-1.56199,51.70018]]},"properties":{"sw":0.15,"scalerank":6,"name":"Thames","featurecla":"River","na":0,"cl":"Thames#0"}},{"type":"Feature","geometry":{"type":"LineString","coordinates":[[-1.56199,51.70018],[-1.43399,51.7048],[-1.36883,51.72532],[-1.32382,51.76317],[-1.28154,51.75896],[-1.24191,51.71271],[-1.23881,51.68196],[-1.22015,51.64982],[-1.17028,51.6277],[-1.12391,51.58657],[-1.11021,51.52523],[-1.06866,51.48461],[-0.99924,51.46471],[-0.94394,51.47882],[-0.90281,51.52698],[-0.84142,51.55411],[-0.75977,51.56029],[-0.71455,51.54931],[-0.70574,51.52125],[-0.6769,51.50394],[-0.60365,51.49412]]},"properties":{"sw":0.2,"scalerank":6,"name":"Thames","featurecla":"River","na":0,"cl":"Thames#0"}},{"type":"Feature","geometry":{"type":"LineString","coordinates":[[-0.60365,51.49412],[-0.50325,51.41573],[-0.43325,51.39242],[-0.36023,51.39805],[-0.32034,51.41883],[-0.31359,51.45474],[-0.24486,51.47975],[-0.04875,51.50094]]},"properties":{"sw":0.25,"scalerank":6,"name":"Thames","featurecla":"River","na":0,"cl":"Thames#0"}},{"type":"Feature","geometry":{"type":"LineString","coordinates":[[-0.04875,51.50094],[0.3845,51.45314],[0.42451,51.46563]]},"properties":{"sw":0.3,"scalerank":6,"name":"Thames","featurecla":"River","na":0,"cl":"Thames#0"}},{"type":"Feature","geometry":{"type":"LineString","coordinates":[[1.80902,42.62696],[1.82493,42.69305],[1.79139,42.73217],[1.67497,42.78349]]},"properties":{"sw":0.15,"scalerank":6,"name":"Ari\u00e8ge","featurecla":"River","na":0,"cl":"Ari\u00e8ge#0"}},{"type":"Feature","geometry":{"type":"LineString","coordinates":[[1.67497,42.78349],[1.61626,42.85645],[1.59353,42.97009],[1.58722,43.14863],[1.5404,43.29762],[1.45317,43.41704],[1.40935,43.51368],[1.40883,43.58762],[1.3615,43.6886],[1.22001,43.88073]]},"properties":{"sw":0.2,"scalerank":6,"name":"Ari\u00e8ge","featurecla":"River","na":0,"cl":"Ari\u00e8ge#0"}},{"type":"Feature","geometry":{"type":"LineString","coordinates":[[1.22001,43.88073],[1.08234,44.03101],[0.86065,44.12583],[0.50899,44.21523],[0.32347,44.29533],[0.30415,44.36608],[0.25508,44.42212],[0.1369,44.48406]]},"properties":{"sw":0.25,"scalerank":6,"name":"Garonne","featurecla":"River","na":0,"cl":"Garonne#0"}},{"type":"Feature","geometry":{"type":"LineString","coordinates":[[0.1369,44.48406],[0.00324,44.56087],[-0.10208,44.58687],[-0.22362,44.58761],[-0.34331,44.6356],[-0.53397,44.79551],[-0.56179,44.82993],[-0.56722,44.8599],[-0.54169,44.89803],[-0.5365,44.95214],[-0.54849,45.00059]]},"properties":{"sw":0.3,"scalerank":6,"name":"Garonne","featurecla":"River","na":0,"cl":"Garonne#0"}},{"type":"Feature","geometry":{"type":"LineString","coordinates":[[-2.8375,41.92806],[-2.54193,41.84995],[-2.44401,41.79678],[-2.44527,41.74252],[-2.4237,41.68787],[-2.35709,41.60532]]},"properties":{"sw":0.15,"scalerank":6,"name":"Douro","featurecla":"River","na":0,"cl":"Douro#0"}},{"type":"Feature","geometry":{"type":"LineString","coordinates":[[-2.35709,41.60532],[-2.49832,41.52145],[-2.61676,41.50501],[-2.75954,41.52806],[-2.86558,41.52909],[-2.93488,41.50801],[-3.03834,41.52444],[-3.1759,41.57837],[-3.41097,41.63278],[-3.74349,41.68769],[-3.94055,41.69296],[-4.00215,41.6486],[-4.14607,41.63079],[-4.37231,41.63963],[-4.68191,41.59235],[-5.0748,41.48899],[-5.30691,41.46352],[-5.37827,41.51599],[-5.51803,41.52747],[-5.7261,41.49793],[-5.83757,41.49214],[-5.8878,41.47359],[-5.97092,41.49039],[-6.09195,41.54284],[-6.17802,41.54963]]},"properties":{"sw":0.2,"scalerank":6,"name":"Douro","featurecla":"River","na":0,"cl":"Douro#0"}},{"type":"Feature","geometry":{"type":"LineString","coordinates":[[-6.17802,41.54963],[-6.24432,41.51592],[-6.28935,41.45504],[-6.40314,41.37541],[-6.56592,41.30373],[-6.69015,41.21449],[-6.77578,41.10772],[-6.8828,41.0624],[-7.01127,41.07853],[-7.08481,41.11299],[-7.10349,41.16576],[-7.24438,41.18942],[-7.65121,41.18121]]},"properties":{"sw":0.25,"scalerank":6,"name":"Douro","featurecla":"River","na":0,"cl":"Douro#0"}},{"type":"Feature","geometry":{"type":"LineString","coordinates":[[-7.65121,41.18121],[-8.23481,41.09183],[-8.42548,41.08421],[-8.55549,41.12757],[-8.67461,41.15449]]},"properties":{"sw":0.3,"scalerank":6,"name":"Douro","featurecla":"River","na":0,"cl":"Douro#0"}},{"type":"Feature","geometry":{"type":"LineString","coordinates":[[68.48929,34.57164],[68.37622,34.5074],[68.30682,34.49275],[68.21179,34.51296]]},"properties":{"sw":0.15,"scalerank":6,"name":"Helmand","featurecla":"River","na":0,"cl":"Helmand#0"}},{"type":"Feature","geometry":{"type":"LineString","coordinates":[[67.26621,34.15704],[67.22859,34.10929],[67.22166,34.05707],[67.23272,33.9886],[67.21608,33.95348],[67.17175,33.9518],[67.08607,33.89788],[66.95915,33.79174],[66.83972,33.73122],[66.72779,33.71629],[66.5986,33.66751],[66.45215,33.58482],[66.35572,33.50927],[66.30932,33.44085],[66.25511,33.4022],[66.1932,33.39331],[66.11362,33.32649],[66.01657,33.20164],[65.93658,33.12069],[65.84232,33.06509]]},"properties":{"sw":0.2,"scalerank":6,"name":"Helmand","featurecla":"River","na":0,"cl":"Helmand#0"}},{"type":"Feature","geometry":{"type":"LineString","coordinates":[[68.21179,34.51296],[67.73398,34.39452],[67.49762,34.30555],[67.26621,34.15704]]},"properties":{"sw":0.2,"scalerank":6,"name":"Helmand","featurecla":"River","na":0,"cl":"Helmand#0"}},{"type":"Feature","geometry":{"type":"LineString","coordinates":[[61.60413,31.20443],[61.75409,31.01356],[61.81672,30.80179],[61.84194,30.50553],[62.03066,30.31014],[62.38279,30.21573],[62.68484,30.1918],[62.93671,30.23836],[63.19411,30.34218],[63.45693,30.5032],[63.66302,30.57002],[63.81216,30.54263],[63.90755,30.53829],[63.949,30.557],[64.0016,30.61741],[64.06537,30.71947],[64.12025,30.87186],[64.16645,31.07454],[64.2357,31.23918],[64.3282,31.36579],[64.37099,31.48761],[64.36582,31.57769],[64.39052,31.65745]]},"properties":{"sw":0.25,"scalerank":6,"name":"Helmand","featurecla":"River","na":0,"cl":"Helmand#0"}},{"type":"Feature","geometry":{"type":"LineString","coordinates":[[65.84232,33.06509],[65.61985,32.96372],[65.47459,32.78198],[65.33248,32.48608],[65.19543,32.32175],[65.06355,32.28899],[64.93219,32.1815],[64.80124,31.99929],[64.64032,31.84689],[64.4546,31.72768],[64.39052,31.65745]]},"properties":{"sw":0.25,"scalerank":6,"name":"Helmand","featurecla":"River","na":0,"cl":"Helmand#0"}},{"type":"Feature","geometry":{"type":"LineString","coordinates":[[100.18286,25.44315],[100.30295,25.23464]]},"properties":{"sw":0.15,"scalerank":6,"name":"Red","featurecla":"River","na":0,"cl":"Red#0"}},{"type":"Feature","geometry":{"type":"LineString","coordinates":[[100.30295,25.23464],[100.3507,25.1502],[100.45855,25.08844],[100.64242,25.02121],[100.76008,24.99289],[100.81166,25.00344],[100.93082,24.89094],[101.11758,24.65539],[101.23799,24.53845],[101.29183,24.5401],[101.3493,24.50533],[101.41017,24.43417],[101.46288,24.3351],[101.50722,24.20819],[101.60127,24.04882],[101.74504,23.85702],[101.89242,23.69938],[102.11917,23.51409]]},"properties":{"sw":0.2,"scalerank":6,"name":"Red","featurecla":"River","na":0,"cl":"Red#0"}},{"type":"Feature","geometry":{"type":"LineString","coordinates":[[102.11917,23.51409],[102.61418,23.35341],[102.90636,23.24029],[103.16071,23.1212],[103.47888,22.90227],[104.05177,22.42416]]},"properties":{"sw":0.25,"scalerank":6,"name":"Red","featurecla":"River","na":0,"cl":"Red#0"}},{"type":"Feature","geometry":{"type":"LineString","coordinates":[[104.05177,22.42416],[104.69235,21.8745],[104.97652,21.60403],[105.1178,21.42954],[105.19743,21.35797],[105.21552,21.38934],[105.24126,21.37043],[105.27474,21.30118],[105.32508,21.27297],[105.42595,21.29203]]},"properties":{"sw":0.3,"scalerank":6,"name":"Red","featurecla":"River","na":0,"cl":"Red#0"}},{"type":"Feature","geometry":{"type":"LineString","coordinates":[[106.51798,20.28889],[106.38708,20.34827],[106.32863,20.35625],[106.28781,20.33974],[106.27034,20.34677],[106.27634,20.37726],[106.26435,20.39777],[106.23437,20.40832],[106.19582,20.46645],[106.14859,20.57218],[106.10859,20.62293],[106.07583,20.61869],[106.02322,20.66481],[105.95098,20.76132],[105.90881,20.861],[105.89672,20.96394],[105.83554,21.05091],[105.72515,21.12202],[105.62604,21.16158],[105.53819,21.16961],[105.47721,21.2032],[105.42595,21.29203]]},"properties":{"sw":0.35,"scalerank":6,"name":"Red","featurecla":"River","na":0,"cl":"Red#0"}},{"type":"Feature","geometry":{"type":"LineString","coordinates":[[78.33995,30.91517],[78.07237,30.73766]]},"properties":{"sw":0.15,"scalerank":6,"name":"Yamuna","featurecla":"River","na":0,"cl":"Yamuna#0"}},{"type":"Feature","geometry":{"type":"LineString","coordinates":[[78.07237,30.73766],[77.98669,30.5677],[77.9422,30.5179],[77.91026,30.53157],[77.81471,30.51101],[77.65545,30.4562],[77.57442,30.39117],[77.57008,30.27828]]},"properties":{"sw":0.2,"scalerank":6,"name":"Yamuna","featurecla":"River","na":0,"cl":"Yamuna#0"}},{"type":"Feature","geometry":{"type":"LineString","coordinates":[[77.57008,30.27828],[77.52775,30.20265],[77.44275,30.12726],[77.30084,30.0269],[77.187,29.87141],[77.10111,29.66085],[77.07367,29.53763],[77.10478,29.50177],[77.10664,29.46911],[77.09434,29.4504],[77.09274,29.42748],[77.12054,29.40128],[77.14462,29.34033],[77.13749,29.19106],[77.15563,29.06593],[77.19904,28.96495],[77.22126,28.85803],[77.22219,28.74517],[77.24886,28.64652],[77.3274,28.51976]]},"properties":{"sw":0.25,"scalerank":6,"name":"Yamuna","featurecla":"River","na":0,"cl":"Yamuna#0"}},{"type":"Feature","geometry":{"type":"LineString","coordinates":[[77.3274,28.51976],[77.45463,28.42493],[77.48936,28.37382],[77.47406,28.33478],[77.48445,28.28168],[77.52052,28.21461],[77.52088,28.14748],[77.48564,28.08041],[77.49587,27.98452],[77.55168,27.8598],[77.60718,27.79743],[77.66227,27.79732],[77.68123,27.74921],[77.66397,27.65309],[77.66795,27.60077],[77.69307,27.59224],[77.7004,27.56971],[77.68986,27.53315],[77.71146,27.4669],[77.76531,27.37099],[77.82143,27.3051],[77.87993,27.26924],[77.92003,27.26294],[77.94173,27.28619],[77.96644,27.28983],[77.99424,27.27389],[78.01222,27.24454],[78.02049,27.20185],[78.06844,27.18315],[78.15609,27.18842],[78.20342,27.16493],[78.21035,27.11269],[78.24911,27.09607],[78.29205,27.10605],[78.30864,27.09543],[78.31293,27.07902],[78.32698,27.06186],[78.3831,27.05794],[78.4369,27.02435],[78.48826,26.96107],[78.50759,26.95332],[78.5218,26.96042],[78.54376,26.95797],[78.60898,26.91019],[78.6634,26.89448],[78.70711,26.91084],[78.779,26.87981],[78.87894,26.80136],[78.94787,26.76214],[78.9858,26.76214],[79.02441,26.72119],[79.06378,26.63925],[79.13577,26.57951],[79.24036,26.54197],[79.26253,26.5113],[79.26196,26.48536],[79.25147,26.47161],[79.26584,26.44593],[79.28021,26.43286],[79.311,26.42751],[79.40185,26.43647],[79.47301,26.41617],[79.49378,26.37185],[79.51828,26.35917],[79.5359,26.35475],[79.54474,26.3349],[79.53781,26.30612],[79.59207,26.24393],[79.71227,26.15577],[79.80426,26.10755],[79.86802,26.09936],[79.91226,26.1121],[79.93159,26.1251],[79.94735,26.1251],[79.95629,26.095],[79.989,26.072],[80.04987,26.07112],[80.08031,26.05273],[80.08041,26.01681],[80.11313,25.97924],[80.21126,25.92049]]},"properties":{"sw":0.3,"scalerank":6,"name":"Yamuna","featurecla":"River","na":0,"cl":"Yamuna#0"}},{"type":"Feature","geometry":{"type":"LineString","coordinates":[[80.21126,25.92049],[80.44215,25.88932],[80.52432,25.87],[80.53475,25.85214],[80.52276,25.83509],[80.48856,25.81879],[80.52426,25.78142],[80.62999,25.72303],[80.7165,25.70241],[80.78378,25.71952],[80.84393,25.71745],[80.89695,25.69616],[80.93039,25.66768],[80.94434,25.63208],[80.96925,25.61714],[81.00522,25.62283],[81.02175,25.6049],[81.01886,25.5633],[81.05906,25.53056],[81.14226,25.50666],[81.18123,25.46563],[81.17585,25.40744],[81.22153,25.36724],[81.31838,25.34491],[81.37739,25.31874],[81.39858,25.28874],[81.47206,25.29484],[81.59774,25.33703],[81.69427,25.35109],[81.76166,25.33701],[81.80362,25.35158],[81.82005,25.39478],[81.84703,25.41597],[81.90315,25.41462]]},"properties":{"sw":0.35,"scalerank":6,"name":"Yamuna","featurecla":"River","na":0,"cl":"Yamuna#0"}},{"type":"Feature","geometry":{"type":"LineString","coordinates":[[81.57428,22.75375],[81.28013,22.87726]]},"properties":{"sw":0.15,"scalerank":6,"name":"Narmada","featurecla":"River","na":0,"cl":"Narmada#0"}},{"type":"Feature","geometry":{"type":"LineString","coordinates":[[81.28013,22.87726],[81.09648,22.95571],[81.02671,22.96899],[81.00956,22.94325],[80.97297,22.93607],[80.91706,22.94733],[80.87727,22.9786],[80.8537,23.02978],[80.8321,23.04035],[80.81236,23.01022],[80.73169,22.98464],[80.59,22.96356],[80.50855,22.92532],[80.48737,22.87003],[80.48396,22.78763],[80.49832,22.67815],[80.48649,22.61107],[80.44835,22.58637],[80.41068,22.58353],[80.37337,22.60244],[80.33322,22.65784],[80.29032,22.74965],[80.21658,22.79039],[80.05985,22.77484]]},"properties":{"sw":0.2,"scalerank":6,"name":"Narmada","featurecla":"River","na":0,"cl":"Narmada#0"}},{"type":"Feature","geometry":{"type":"LineString","coordinates":[[80.05985,22.77484],[79.96259,22.85165],[79.93272,22.9339],[79.93779,23.04717],[79.83428,23.11208],[79.6221,23.12856],[79.41859,23.12161],[79.22377,23.09117],[79.11624,23.06079],[79.09588,23.03048],[78.99707,23.02361],[78.81961,23.04025],[78.67172,23.03787],[78.55327,23.01648],[78.44201,22.97023],[78.33794,22.89915],[78.25717,22.86835],[78.19981,22.87778],[78.15841,22.85907],[78.13309,22.81217],[78.0749,22.79365],[77.98385,22.80341],[77.91879,22.82463],[77.87972,22.85724],[77.79022,22.82533],[77.65028,22.72895],[77.45675,22.63908],[77.08608,22.51416]]},"properties":{"sw":0.25,"scalerank":6,"name":"Narmada","featurecla":"River","na":0,"cl":"Narmada#0"}},{"type":"Feature","geometry":{"type":"LineString","coordinates":[[77.08608,22.51416],[76.88402,22.4577],[76.8032,22.40664],[76.77643,22.3422],[76.71359,22.28916],[76.61479,22.24758],[76.52973,22.25409],[76.45831,22.30866],[76.30555,22.29892],[76.07136,22.2249],[75.60751,22.14609],[74.56737,22.02072]]},"properties":{"sw":0.3,"scalerank":6,"name":"Narmada","featurecla":"River","na":0,"cl":"Narmada#0"}},{"type":"Feature","geometry":{"type":"LineString","coordinates":[[74.56737,22.02072],[74.46644,22.03478],[74.38686,22.01207],[74.29498,21.95724],[74.20201,21.93246],[74.10807,21.93773],[73.98482,21.91422],[73.83237,21.86192],[73.70292,21.87174],[73.59647,21.94375],[73.51833,21.98145],[73.46852,21.98486],[73.41689,21.96137],[73.36346,21.91101],[73.31054,21.8968],[73.25814,21.91871],[73.23525,21.90838],[73.24187,21.86572],[73.21789,21.84427],[73.16342,21.84402],[73.135,21.82136],[73.13732,21.78348],[73.11248,21.75043]]},"properties":{"sw":0.35,"scalerank":6,"name":"Narmada","featurecla":"River","na":0,"cl":"Narmada#0"}},{"type":"Feature","geometry":{"type":"LineString","coordinates":[[100.0702,33.00566],[100.16518,32.89569],[100.24042,32.83906],[100.37127,32.77911]]},"properties":{"sw":0.15,"scalerank":6,"name":"Dadu","featurecla":"River","na":0,"cl":"Dadu#0"}},{"type":"Feature","geometry":{"type":"LineString","coordinates":[[100.37127,32.77911],[100.50873,32.62718],[100.61591,32.54623],[100.73859,32.48564],[100.8008,32.42688],[100.80246,32.36996],[100.84245,32.32609],[100.921,32.29526],[100.96984,32.21209],[100.99883,32.0088]]},"properties":{"sw":0.2,"scalerank":6,"name":"Dadu","featurecla":"River","na":0,"cl":"Dadu#0"}},{"type":"Feature","geometry":{"type":"LineString","coordinates":[[100.99883,32.0088],[101.21432,31.83656],[101.42226,31.79966],[101.69439,31.84061],[101.8795,31.82346],[101.97737,31.74819],[102.03897,31.64636],[102.06419,31.518],[102.05478,31.43229],[102.01076,31.3892],[102.00373,31.35039],[102.0337,31.31576],[102.00962,31.25758],[101.93159,31.17577],[101.88735,31.10495],[101.87552,30.98498],[101.88244,30.92473],[101.92818,30.84582],[102.01272,30.74815],[102.0584,30.65549],[102.06533,30.56775],[102.10233,30.44631],[102.1694,30.29112],[102.19493,30.1748],[102.1787,30.09736],[102.18506,30.03209],[102.2139,29.979],[102.21291,29.8396],[102.18211,29.6138],[102.2062,29.43916],[102.28505,29.31565],[102.3973,29.2778],[102.61568,29.3495]]},"properties":{"sw":0.25,"scalerank":6,"name":"Dadu","featurecla":"River","na":0,"cl":"Dadu#0"}},{"type":"Feature","geometry":{"type":"LineString","coordinates":[[102.61568,29.3495],[102.7597,29.31302],[102.8182,29.2794],[102.83923,29.23651],[102.8768,29.23713],[102.93106,29.28126],[102.97948,29.28826],[103.02206,29.25811],[103.06092,29.25821],[103.09617,29.2885],[103.15084,29.28917],[103.22515,29.26013],[103.27786,29.26126],[103.30907,29.29253],[103.35889,29.31082],[103.42741,29.31614],[103.50591,29.29155],[103.59448,29.23703],[103.6443,29.2361],[103.65536,29.2887],[103.63924,29.32116],[103.59588,29.33335],[103.56921,29.3596],[103.55919,29.39991],[103.59464,29.45479],[103.64177,29.49523],[103.6768,29.52517],[103.71923,29.53703]]},"properties":{"sw":0.3,"scalerank":6,"name":"Dadu","featurecla":"River","na":0,"cl":"Dadu#0"}},{"type":"Feature","geometry":{"type":"LineString","coordinates":[[117.20869,42.59218],[117.17231,42.61316],[117.17893,42.64546],[117.21624,42.69605],[117.22962,42.74778],[117.21365,42.82705]]},"properties":{"sw":0.15,"scalerank":6,"name":"Xar Moron","featurecla":"River","na":0,"cl":"Xar Moron#0"}},{"type":"Feature","geometry":{"type":"LineString","coordinates":[[117.21365,42.82705],[117.18869,42.8856],[117.19422,42.93477],[117.22182,42.99402],[117.34718,43.06321],[117.57012,43.1423],[117.74561,43.18517],[117.87366,43.19173],[118.01577,43.2202],[118.17204,43.27059],[118.47053,43.27614],[118.91133,43.23692],[119.21973,43.22852],[119.4838,43.26211]]},"properties":{"sw":0.2,"scalerank":6,"name":"Xar Moron","featurecla":"River","na":0,"cl":"Xar Moron#0"}},{"type":"Feature","geometry":{"type":"LineString","coordinates":[[119.4838,43.26211],[120.75855,43.42345]]},"properties":{"sw":0.25,"scalerank":6,"name":"Xar Moron","featurecla":"River","na":0,"cl":"Xar Moron#0"}},{"type":"Feature","geometry":{"type":"LineString","coordinates":[[113.46504,1.20137],[113.23333,0.96464]]},"properties":{"sw":0.15,"scalerank":6,"name":"Kapuas","featurecla":"River","na":0,"cl":"Kapuas#0"}},{"type":"Feature","geometry":{"type":"LineString","coordinates":[[113.23333,0.96464],[112.95381,0.85473],[112.79377,0.82346],[112.66013,0.83432],[112.53585,0.80233],[112.42102,0.72755],[112.25184,0.672],[112.02828,0.63562],[111.94958,0.59867],[111.94545,0.54648],[111.91661,0.50255],[111.83972,0.46214],[111.8206,0.43],[111.82685,0.40809],[111.8022,0.37455],[111.73574,0.33006],[111.6805,0.32148],[111.64531,0.31094],[111.63182,0.27244],[111.61828,0.24226],[111.57953,0.24195],[111.55555,0.22071],[111.54175,0.15756]]},"properties":{"sw":0.2,"scalerank":6,"name":"Kapuas","featurecla":"River","na":0,"cl":"Kapuas#0"}},{"type":"Feature","geometry":{"type":"LineString","coordinates":[[111.54175,0.15756],[111.50082,0.10361],[111.46496,0.09824],[111.40388,0.10589],[111.3675,0.08935],[111.32915,0.09824],[111.30404,0.10206],[111.28171,0.0816],[111.26259,0.08832],[111.2319,0.10589],[111.20642,0.08883],[111.15614,0.0787],[111.07728,0.09193],[111.02406,0.0817],[110.99656,0.0479],[110.9328,0.02331],[110.83265,0.00796],[110.77249,0.02904],[110.7325,0.04635],[110.69612,0.03312],[110.65312,0.04305],[110.61343,0.05958],[110.58036,0.05958],[110.56786,0.03431],[110.54398,0.0199],[110.51695,0.02279],[110.48548,-0.0016],[110.46502,-0.03793],[110.4183,-0.06609],[110.33531,-0.08082],[110.17687,-0.05617],[110.09776,-0.07007],[110.00655,-0.09462],[109.94717,-0.18516],[109.81018,-0.26898],[109.59572,-0.34613],[109.52193,-0.35248],[109.45258,-0.33729],[109.40317,-0.30381],[109.33568,-0.26696],[109.21858,-0.23063],[109.14961,-0.18556]]},"properties":{"sw":0.25,"scalerank":6,"name":"Kapuas","featurecla":"River","na":0,"cl":"Kapuas#0"}},{"type":"Feature","geometry":{"type":"LineString","coordinates":[[133.13433,-13.29831],[133.20048,-13.42114],[133.22384,-13.50651],[133.22652,-13.5954],[133.20957,-13.66397],[133.17309,-13.71234],[133.1334,-13.73565],[133.06912,-13.73311]]},"properties":{"sw":0.15,"scalerank":6,"name":"Katherine","featurecla":"River","na":0,"cl":"Katherine#0"}},{"type":"Feature","geometry":{"type":"LineString","coordinates":[[133.06912,-13.73311],[132.96639,-13.70454],[132.89962,-13.73022],[132.83451,-13.80066],[132.78149,-13.91352],[132.74066,-14.06896],[132.69498,-14.17205],[132.64454,-14.22275],[132.56837,-14.26595],[132.46647,-14.30156],[132.30224,-14.41354],[132.07569,-14.60195],[131.93275,-14.69848],[131.84366,-14.70572]]},"properties":{"sw":0.2,"scalerank":6,"name":"Katherine","featurecla":"River","na":0,"cl":"Katherine#0"}},{"type":"Feature","geometry":{"type":"LineString","coordinates":[[140.29524,-3.71119],[139.94229,-3.62924]]},"properties":{"sw":0.15,"scalerank":6,"name":"Taritatu","featurecla":"River","na":0,"cl":"Taritatu#0"}},{"type":"Feature","geometry":{"type":"LineString","coordinates":[[139.94229,-3.62924],[139.78897,-3.55239],[139.68355,-3.52836],[139.57492,-3.53146],[139.5218,-3.49317],[139.48702,-3.47111],[139.4156,-3.48056],[139.38439,-3.47333],[139.3353,-3.43943],[139.21045,-3.44346],[139.12198,-3.40284],[139.06989,-3.31768],[138.95837,-3.25391],[138.75528,-3.20368],[138.70216,-3.1905]]},"properties":{"sw":0.2,"scalerank":6,"name":"Taritatu","featurecla":"River","na":0,"cl":"Taritatu#0"}},{"type":"Feature","geometry":{"type":"LineString","coordinates":[[143.46879,-16.48432],[143.13837,-16.38029]]},"properties":{"sw":0.15,"scalerank":6,"name":"Mitchell","featurecla":"River","na":0,"cl":"Mitchell#0"}},{"type":"Feature","geometry":{"type":"LineString","coordinates":[[143.13837,-16.38029],[142.75028,-16.10367],[142.56466,-16.00135],[142.45211,-15.98109],[142.36467,-15.94678],[142.27114,-15.87417]]},"properties":{"sw":0.2,"scalerank":6,"name":"Mitchell","featurecla":"River","na":0,"cl":"Mitchell#0"}},{"type":"Feature","geometry":{"type":"LineString","coordinates":[[142.27114,-15.87417],[142.04325,-15.47337],[141.87654,-15.30563],[141.75102,-15.24543],[141.58145,-15.1954]]},"properties":{"sw":0.25,"scalerank":6,"name":"Mitchell","featurecla":"River","na":0,"cl":"Mitchell#0"}},{"type":"Feature","geometry":{"type":"LineString","coordinates":[[77.43561,32.29309],[77.13393,32.45696]]},"properties":{"sw":0.15,"scalerank":6,"name":"Chenab","featurecla":"River","na":0,"cl":"Chenab#0"}},{"type":"Feature","geometry":{"type":"LineString","coordinates":[[77.13393,32.45696],[76.93983,32.59326],[76.76744,32.67108],[76.55205,32.73588],[76.43733,32.84174],[76.42338,32.98863],[76.33811,33.1224],[76.18153,33.24301],[76.0202,33.32324],[75.8539,33.36311],[75.75944,33.37093],[75.7366,33.3468],[75.746,33.30525],[75.78755,33.24634],[75.8015,33.20169],[75.78786,33.17131],[75.67665,33.15209],[75.46788,33.14395],[75.3083,33.17351],[75.19792,33.24071],[75.12196,33.24639],[75.08031,33.19051],[74.99923,33.17028],[74.87861,33.18567],[74.8087,33.12299],[74.78947,32.98233],[74.58277,32.7888],[74.18847,32.54246],[73.84369,32.37131],[73.5482,32.27537],[73.33519,32.14605],[73.13913,31.90208]]},"properties":{"sw":0.2,"scalerank":6,"name":"Chenab","featurecla":"River","na":0,"cl":"Chenab#0"}},{"type":"Feature","geometry":{"type":"LineString","coordinates":[[72.13878,31.18332],[72.13919,31.11634],[72.10312,31.04777],[71.9946,30.90897]]},"properties":{"sw":0.25,"scalerank":6,"name":"Chenab","featurecla":"River","na":0,"cl":"Chenab#0"}},{"type":"Feature","geometry":{"type":"LineString","coordinates":[[71.9946,30.90897],[71.77146,30.61415]]},"properties":{"sw":0.3,"scalerank":6,"name":"Chenab","featurecla":"River","na":0,"cl":"Chenab#0"}},{"type":"Feature","geometry":{"type":"LineString","coordinates":[[71.77146,30.61415],[71.6786,30.58289],[71.57675,30.50842],[71.43484,30.38026],[71.3163,30.20617],[71.22111,29.98603],[71.173,29.82916],[71.17207,29.73552],[71.13063,29.64946],[71.04867,29.57091],[71.0172,29.50497],[71.03611,29.45159],[71.03513,29.392],[71.01415,29.32625],[70.98743,29.2748],[70.95508,29.23775],[70.91167,29.22057],[70.85741,29.22333],[70.79736,29.17791],[70.73153,29.08437],[70.68378,29.0374],[70.61164,29.02311]]},"properties":{"sw":0.35,"scalerank":6,"name":"Chenab","featurecla":"River","na":0,"cl":"Chenab#0"}},{"type":"Feature","geometry":{"type":"LineString","coordinates":[[73.13913,31.90208],[72.97434,31.75822],[72.85357,31.69925],[72.72179,31.67724],[72.58232,31.62166],[72.43504,31.53257],[72.33386,31.45715],[72.27877,31.39542],[72.24699,31.32848],[72.23841,31.25634],[72.2103,31.21102],[72.13857,31.18332]]},"properties":{"sw":0.25,"scalerank":6,"name":"Chenab","featurecla":"River","na":0,"cl":"Chenab#0"}},{"type":"Feature","geometry":{"type":"LineString","coordinates":[[170.96572,67.09885],[171.34513,66.97405]]},"properties":{"sw":0.15,"scalerank":6,"name":"Anadyr","featurecla":"River","na":0,"cl":"Anadyr#0"}},{"type":"Feature","geometry":{"type":"LineString","coordinates":[[171.34513,66.97405],[171.44796,66.82559],[171.50791,66.76585],[171.55907,66.74533],[171.37706,66.6857],[170.96179,66.58697],[170.65871,66.48607],[170.46782,66.38303],[170.24752,66.30407],[169.99782,66.24919],[169.85664,66.2063],[169.82388,66.17539],[169.80998,66.07085],[169.81478,65.89272],[169.76584,65.79149],[169.61159,65.75506]]},"properties":{"sw":0.2,"scalerank":6,"name":"Anadyr","featurecla":"River","na":0,"cl":"Anadyr#0"}},{"type":"Feature","geometry":{"type":"LineString","coordinates":[[169.61159,65.75506],[169.12325,65.64659],[168.93473,65.5823],[168.88342,65.52616],[168.78611,65.47471],[168.64297,65.428],[168.57444,65.37043],[168.58065,65.30201],[168.65403,65.24545],[168.79459,65.20075],[168.8136,65.14042],[168.71097,65.0645],[168.64586,64.99472],[168.61816,64.93108],[168.70353,64.86633],[168.90207,64.80046],[169.14568,64.78106],[169.43434,64.80814],[169.75484,64.79522],[170.10737,64.74241],[170.39981,64.72039],[170.63225,64.72918],[170.73338,64.77667],[170.76046,64.82297],[170.77586,64.85883],[170.78759,64.91219],[170.83198,64.92756],[170.89058,64.92596],[170.97678,64.95883],[171.09047,65.02616],[171.12468,65.07572],[171.0793,65.1075],[171.06742,65.1623],[171.08892,65.24007],[171.26079,65.28056],[171.58294,65.28377],[171.79337,65.2524],[171.89197,65.18646],[172.0224,65.15168],[172.18477,65.14796],[172.29442,65.16879],[172.35158,65.21421],[172.49751,65.26643],[172.73243,65.3255],[172.88932,65.39226],[172.96818,65.46673],[173.05334,65.5159],[173.14481,65.53972],[173.23421,65.54411],[173.32165,65.52902],[173.37012,65.50228],[173.37963,65.46389],[173.45611,65.41451],[173.59967,65.3542],[173.67579,65.30992],[173.68457,65.2817],[173.66819,65.24175],[173.60587,65.16424]]},"properties":{"sw":0.25,"scalerank":6,"name":"Anadyr","featurecla":"River","na":0,"cl":"Anadyr#0"}},{"type":"Feature","geometry":{"type":"LineString","coordinates":[[173.60587,65.16424],[173.54985,65.12367],[173.54319,65.08952],[173.56706,65.04823],[173.64835,65.02066],[173.78694,65.00678],[173.90993,64.95138],[174.01711,64.85452],[174.16351,64.77765],[174.44179,64.69243],[174.54886,64.6839]]},"properties":{"sw":0.3,"scalerank":6,"name":"Anadyr","featurecla":"River","na":0,"cl":"Anadyr#0"}},{"type":"Feature","geometry":{"type":"LineString","coordinates":[[104.95693,67.56833],[105.33923,67.51371]]},"properties":{"sw":0.15,"scalerank":6,"name":"Olenyok","featurecla":"River","na":0,"cl":"Olenyok#0"}},{"type":"Feature","geometry":{"type":"LineString","coordinates":[[105.33923,67.51371],[105.46781,67.57004],[105.56217,67.58368],[105.66521,67.57345],[105.69327,67.53557],[105.70748,67.5118],[105.75141,67.48606],[105.81404,67.4765],[105.89517,67.48306],[105.96152,67.50498],[106.01299,67.54223],[106.02632,67.56983],[106.11293,67.59427],[106.25225,67.55696],[106.2831,67.52614],[106.24786,67.48645],[106.21691,67.44012],[106.28522,67.37496],[106.40191,67.35077],[106.56707,67.36752],[106.8716,67.34036],[107.3155,67.26931],[107.61827,67.24442],[107.78002,67.26571],[108.06785,67.23895],[108.48199,67.16417],[108.85054,67.12443],[109.29238,67.13048]]},"properties":{"sw":0.2,"scalerank":6,"name":"Olenyok","featurecla":"River","na":0,"cl":"Olenyok#0"}},{"type":"Feature","geometry":{"type":"LineString","coordinates":[[109.29238,67.13048],[109.33672,67.14086],[109.37134,67.16711],[109.44751,67.17541],[109.57577,67.15885],[109.77256,67.16593],[110.03797,67.19662],[110.12809,67.23455],[110.14509,67.26091],[110.16804,67.27822],[110.23098,67.28018],[110.2702,67.28623],[110.28581,67.29636],[110.2765,67.30995],[110.26085,67.3309],[110.25666,67.35408],[110.31919,67.39118],[110.44657,67.42648],[110.6387,67.45991],[110.808,67.50751],[110.95445,67.56926],[110.95589,67.60164],[110.94075,67.61825],[110.92442,67.63747],[110.93507,67.66409],[110.93062,67.69664],[110.89342,67.74742],[110.9082,67.78646],[111.05372,67.84837],[111.19459,67.89363],[111.33081,67.92221],[111.44687,67.92381],[111.54268,67.89834],[111.58624,67.86619],[111.5989,67.84635],[111.64066,67.82465],[111.77584,67.85808],[111.96369,67.86289],[112.20419,67.83912],[112.33591,67.8385],[112.35896,67.86097],[112.35038,67.88407],[112.31039,67.90784],[112.28475,67.94727],[112.27359,68.00231],[112.19101,68.04778],[112.03691,68.0836],[111.98028,68.12132],[112.0211,68.1609],[112.10833,68.19946],[112.20548,68.21082],[112.23669,68.22904],[112.23406,68.26028],[112.19241,68.2811],[112.19241,68.30451],[112.23928,68.34358],[112.25385,68.37717],[112.2385,68.40652],[112.1938,68.4414],[112.18605,68.49473],[112.24073,68.54682],[112.32341,68.55331],[112.4342,68.51419],[112.53208,68.50008],[112.61703,68.51099],[112.84276,68.4866],[113.20925,68.42693],[113.54152,68.43205],[113.83949,68.50202],[114.04785,68.5182],[114.1665,68.48068],[114.339,68.4689],[114.56523,68.4828],[114.69257,68.48114],[114.72088,68.46388],[114.69412,68.44184],[114.61242,68.415],[114.64213,68.3904],[114.78341,68.36808],[115.06381,68.40502],[115.48332,68.5013],[115.70455,68.54269],[115.72739,68.5292],[115.73007,68.51008],[115.71261,68.48523],[115.63928,68.44978],[115.51009,68.40373],[115.58192,68.34684],[115.85477,68.27919],[115.94691,68.23785],[115.85828,68.22281],[115.81053,68.19377],[115.80351,68.15072],[115.87213,68.12396],[116.01626,68.11359],[116.07021,68.07466],[116.10189,68.0073],[116.17749,67.89511],[116.20327,67.81302],[116.17919,67.76103],[116.25826,67.74026],[116.44026,67.7507],[116.52667,67.78075],[116.55478,67.82664],[116.63756,67.86242],[116.88716,67.87674],[116.99413,67.8972],[116.95847,67.92381],[116.96457,67.95846],[117.01242,68.0012],[117.12151,68.03125],[117.29174,68.04866],[117.46222,68.0944],[117.63295,68.16855],[117.59399,68.23416],[117.34543,68.29123],[117.2243,68.33795],[117.23081,68.37428],[117.2029,68.4036],[117.14068,68.42598],[117.098,68.45939],[117.07485,68.50388],[117.13939,68.54946],[117.29158,68.59618],[117.43441,68.57261],[117.56784,68.47877],[117.74137,68.46941],[117.955,68.54463],[118.07024,68.61483],[118.08688,68.6801],[118.05184,68.71384],[117.96492,68.71617],[117.95934,68.7327],[118.03489,68.76345],[118.19313,68.76053],[118.43394,68.72389],[118.57274,68.73146],[118.60943,68.78319],[118.68901,68.82303],[118.81128,68.85089],[118.82151,68.88608],[118.71961,68.92856],[118.63661,68.9468],[118.57254,68.94083],[118.52479,68.91908],[118.49347,68.88151],[118.29297,68.90213],[117.96125,68.96202],[117.9118,69.01481],[117.93867,69.05237],[118.22775,69.09217],[118.35668,69.12017],[118.37089,69.1594],[118.33038,69.24789],[118.33973,69.28399]]},"properties":{"sw":0.25,"scalerank":6,"name":"Olenyok","featurecla":"River","na":0,"cl":"Olenyok#0"}},{"type":"Feature","geometry":{"type":"LineString","coordinates":[[118.33973,69.28399],[118.35787,69.32337],[118.38903,69.34616],[118.37544,69.38176],[118.29648,69.41509],[118.26201,69.45558],[118.27204,69.50317],[118.22734,69.55095],[118.17711,69.57524],[118.18724,69.62857],[118.29912,69.64733],[118.74074,69.69606],[119.02625,69.75156],[119.15576,69.81383],[119.248,69.87594],[119.30309,69.9379],[119.32143,70.00653],[119.30303,70.08172],[119.19451,70.16437],[118.99577,70.25442],[118.9089,70.3138],[118.93375,70.34243],[118.98636,70.34263],[119.06656,70.31447],[119.20754,70.31245],[119.40918,70.33669],[119.55775,70.38666],[119.65314,70.46247],[119.75112,70.51148],[119.85168,70.53373],[120.15037,70.5329],[120.8956,70.49709],[121.72733,70.51187],[122.12436,70.53435],[122.36383,70.56959],[122.51147,70.60561],[122.54945,70.64049],[122.52423,70.67222],[122.38248,70.69475],[122.30688,70.73413],[122.29748,70.79036],[122.32197,70.84118],[122.38057,70.8866],[122.38584,70.92265],[122.33778,70.94926],[122.31939,70.97053],[122.33045,70.98637],[122.37334,71.00518],[122.44982,71.02569],[122.48,71.06052]]},"properties":{"sw":0.3,"scalerank":6,"name":"Olenyok","featurecla":"River","na":0,"cl":"Olenyok#0"}},{"type":"Feature","geometry":{"type":"LineString","coordinates":[[122.48,71.06052],[122.49529,71.09029],[122.50118,71.14119],[122.54511,71.1925],[122.62479,71.22521],[122.64805,71.2603],[122.61487,71.29787],[122.7389,71.37874],[123.02022,71.50292],[123.27354,71.58747],[123.49885,71.63237],[123.61202,71.66839],[123.61305,71.69557],[123.65667,71.72089],[123.74287,71.74435],[123.73842,71.7904],[123.64349,71.85897],[123.63124,71.93535],[123.70163,72.01953],[123.42433,72.14632],[122.79936,72.31566],[122.2318,72.50203],[121.72175,72.70538],[121.35547,72.79871],[121.13295,72.78202],[120.96676,72.79894],[120.85689,72.84953],[120.74481,72.87829],[120.57345,72.88863],[120.19915,72.89428],[119.88465,72.93304],[119.75045,72.9791]]},"properties":{"sw":0.35,"scalerank":6,"name":"Olenyok","featurecla":"River","na":0,"cl":"Olenyok#0"}},{"type":"Feature","geometry":{"type":"LineString","coordinates":[[89.77109,53.64603],[89.39478,53.43514]]},"properties":{"sw":0.15,"scalerank":6,"name":"Tom","featurecla":"River","na":0,"cl":"Tom#0"}},{"type":"Feature","geometry":{"type":"LineString","coordinates":[[89.39478,53.43514],[89.1764,53.44061],[89.08012,53.48296],[89.03305,53.56397],[88.97548,53.62102],[88.90737,53.65412],[88.74449,53.67672],[88.48683,53.68882],[88.31598,53.6836],[88.23175,53.66114],[88.11548,53.67768],[87.96696,53.73323],[87.78821,53.7768],[87.57913,53.80834],[87.40121,53.80987],[87.25434,53.78129],[87.1789,53.79832],[87.17466,53.8609],[87.24912,53.93733],[87.40219,54.0275],[87.49144,54.10548],[87.51696,54.17116],[87.51205,54.23199],[87.4766,54.28785],[87.48446,54.3435],[87.53562,54.39885],[87.5398,54.47479],[87.49691,54.57127],[87.39986,54.63486],[87.1728,54.68095]]},"properties":{"sw":0.2,"scalerank":6,"name":"Tom","featurecla":"River","na":0,"cl":"Tom#0"}},{"type":"Feature","geometry":{"type":"LineString","coordinates":[[87.1728,54.68095],[87.08722,54.71583],[87.06945,54.74973],[87.05141,54.83048],[87.0574,54.85552],[87.10298,54.89644],[87.12123,54.9451],[87.11213,55.0015],[87.03999,55.02615],[86.84248,55.06664],[86.80124,55.10258],[86.71546,55.14041],[86.59376,55.14255],[86.43615,55.10901],[86.37083,55.16387],[86.33766,55.23591],[86.26231,55.33228],[86.16562,55.38528],[86.0477,55.39491],[85.96698,55.43403],[85.92368,55.50261],[85.83314,55.57085],[85.69558,55.63877],[85.53703,55.66963],[85.35772,55.66332],[85.1938,55.67968],[85.04528,55.71872],[84.96714,55.76616],[84.95919,55.82199],[84.97748,55.86594],[84.98937,55.917],[84.98378,55.95341],[84.95784,55.99457],[84.94709,56.04852],[84.95014,56.14099],[84.9164,56.19936],[84.90606,56.2346],[84.91092,56.29496]]},"properties":{"sw":0.25,"scalerank":6,"name":"Tom","featurecla":"River","na":0,"cl":"Tom#0"}},{"type":"Feature","geometry":{"type":"LineString","coordinates":[[84.91092,56.29496],[84.89842,56.34271],[84.89986,56.37842],[84.94337,56.40188],[84.9473,56.44772],[84.91154,56.51588],[84.85625,56.56673],[84.78152,56.60021],[84.71667,56.6631],[84.66179,56.75545],[84.5973,56.80744],[84.52319,56.81917],[84.47369,56.84643],[84.43632,56.91069]]},"properties":{"sw":0.3,"scalerank":6,"name":"Tom","featurecla":"River","na":0,"cl":"Tom#0"}},{"type":"Feature","geometry":{"type":"LineString","coordinates":[[157.63227,54.2903],[157.69356,54.1313],[157.74834,54.08078],[157.81686,54.08585],[157.88393,54.11479],[157.98233,54.19411]]},"properties":{"sw":0.15,"scalerank":6,"name":"Kamchatka","featurecla":"River","na":0,"cl":"Kamchatka#0"}},{"type":"Feature","geometry":{"type":"LineString","coordinates":[[157.98233,54.19411],[158.12413,54.36361],[158.20464,54.43389],[158.2712,54.46148],[158.31388,54.50525],[158.33259,54.56515],[158.45599,54.64225],[158.68389,54.73661],[158.857,54.86611],[158.97534,55.03083],[159.10081,55.14511],[159.23341,55.20898],[159.30958,55.26097],[159.32932,55.30117],[159.32922,55.32789],[159.30948,55.34112],[159.31454,55.35228],[159.33646,55.37791]]},"properties":{"sw":0.2,"scalerank":6,"name":"Kamchatka","featurecla":"River","na":0,"cl":"Kamchatka#0"}},{"type":"Feature","geometry":{"type":"LineString","coordinates":[[159.33646,55.37791],[159.34302,55.39062],[159.36012,55.41031],[159.40539,55.43331],[159.48807,55.45067],[159.60807,55.46245],[159.66491,55.48271],[159.6585,55.51144],[159.67742,55.54235],[159.72175,55.57537],[159.74026,55.64157],[159.73318,55.74084],[159.697,55.81455],[159.63179,55.86266],[159.63256,55.87499],[159.64114,55.88677],[159.65241,55.90475],[159.64693,55.94072],[159.69282,55.98635],[159.79007,56.04172],[159.86779,56.11575],[159.92619,56.20846],[160.0221,56.27109],[160.15573,56.30375],[160.24658,56.34612],[160.29464,56.39816],[160.68366,56.38589],[161.77848,56.27093]]},"properties":{"sw":0.25,"scalerank":6,"name":"Kamchatka","featurecla":"River","na":0,"cl":"Kamchatka#0"}},{"type":"Feature","geometry":{"type":"LineString","coordinates":[[161.77848,56.27093],[161.9057,56.23522],[162.04368,56.22424],[162.17577,56.2606],[162.37296,56.26445],[162.46111,56.23549]]},"properties":{"sw":0.3,"scalerank":6,"name":"Kamchatka","featurecla":"River","na":0,"cl":"Kamchatka#0"}},{"type":"Feature","geometry":{"type":"LineString","coordinates":[[-86.84397,13.42045],[-86.63915,13.51292]]},"properties":{"sw":0.15,"scalerank":6,"name":"Coco","featurecla":"River","na":1,"cl":"Coco#0"}},{"type":"Feature","geometry":{"type":"LineString","coordinates":[[-86.63915,13.51292],[-86.49231,13.61044],[-86.41105,13.63586],[-86.34646,13.62168],[-86.28163,13.57207],[-86.21651,13.48708],[-86.14773,13.46068],[-86.07521,13.49292],[-86.00418,13.50473],[-85.93457,13.4961],[-85.85633,13.58088],[-85.76941,13.75906],[-85.72771,13.87605],[-85.73122,13.93186],[-85.68192,13.98256],[-85.57981,14.02824],[-85.47708,14.1087],[-85.37378,14.22389],[-85.28419,14.29163],[-85.20833,14.31184],[-85.17947,14.34331],[-85.19756,14.386],[-85.19151,14.44661],[-85.16133,14.52516],[-85.11731,14.57058],[-85.0594,14.58296],[-85.03651,14.60766],[-85.04865,14.64474],[-85.03734,14.68556],[-84.98514,14.75243]]},"properties":{"sw":0.2,"scalerank":6,"name":"Coco","featurecla":"River","na":1,"cl":"Coco#0"}},{"type":"Feature","geometry":{"type":"LineString","coordinates":[[-84.98514,14.75243],[-84.86045,14.80974],[-84.78919,14.79036],[-84.72981,14.71337],[-84.64596,14.66107],[-84.53765,14.63342],[-84.45355,14.64368],[-84.39365,14.69177],[-84.33978,14.70634],[-84.29193,14.68737],[-84.26666,14.69812],[-84.26397,14.73853],[-84.23922,14.74783],[-84.1924,14.72603],[-84.1508,14.72042],[-84.11442,14.73101],[-84.10031,14.75062],[-84.09295,14.77091],[-84.06579,14.78607],[-83.97226,14.77109],[-83.8673,14.7945],[-83.75093,14.85625],[-83.67365,14.88356],[-83.63548,14.87643],[-83.58975,14.90757],[-83.53652,14.97702],[-83.41503,15.00805],[-83.15753,14.99306]]},"properties":{"sw":0.25,"scalerank":6,"name":"Coco","featurecla":"River","na":1,"cl":"Coco#0"}},{"type":"Feature","geometry":{"type":"LineString","coordinates":[[-101.6665,33.54007],[-101.42628,33.40011]]},"properties":{"sw":0.15,"scalerank":6,"name":"Double Mountain Fork Brazos","featurecla":"River","na":1,"cl":"Double Mountain Fork Brazos#0"}},{"type":"Feature","geometry":{"type":"LineString","coordinates":[[-100.99541,33.1395],[-100.83216,33.10289],[-100.70865,33.04418],[-100.50135,32.90468]]},"properties":{"sw":0.2,"scalerank":6,"name":"Double Mountain Fork Brazos","featurecla":"River","na":1,"cl":"Double Mountain Fork Brazos#0"}},{"type":"Feature","geometry":{"type":"LineString","coordinates":[[-101.42628,33.40011],[-101.32319,33.26575],[-101.25255,33.20071],[-101.17989,33.16025],[-101.10651,33.13986],[-100.99541,33.1395]]},"properties":{"sw":0.2,"scalerank":6,"name":"Double Mountain Fork Brazos","featurecla":"River","na":1,"cl":"Double Mountain Fork Brazos#0"}},{"type":"Feature","geometry":{"type":"LineString","coordinates":[[-127.23535,56.81457],[-126.92625,56.91554]]},"properties":{"sw":0.15,"scalerank":6,"name":"Finlay","featurecla":"River","na":1,"cl":"Finlay#0"}},{"type":"Feature","geometry":{"type":"LineString","coordinates":[[-126.92625,56.91554],[-126.91499,57.08194],[-126.82241,57.19028],[-126.64474,57.29604],[-126.55129,57.41469],[-126.54206,57.5461],[-126.51757,57.62749],[-126.47783,57.65886],[-126.40331,57.67441],[-126.29404,57.67428],[-126.16697,57.62163],[-126.02215,57.51644],[-125.84459,57.43949],[-125.63434,57.39071],[-125.39273,57.26054],[-125.11977,57.04897],[-124.9464,56.8966],[-124.83563,56.75692]]},"properties":{"sw":0.2,"scalerank":6,"name":"Finlay","featurecla":"River","na":1,"cl":"Finlay#0"}},{"type":"Feature","geometry":{"type":"LineString","coordinates":[[-100.34395,22.11692],[-100.17124,22.027]]},"properties":{"sw":0.15,"scalerank":6,"name":"Verde","featurecla":"River","na":1,"cl":"Verde#0"}},{"type":"Feature","geometry":{"type":"LineString","coordinates":[[-100.17124,22.027],[-99.99262,21.94502],[-99.90193,21.8637],[-99.83971,21.75573],[-99.78228,21.70281],[-99.72962,21.70495],[-99.69037,21.69196],[-99.66453,21.66385],[-99.62081,21.67299],[-99.55916,21.7194],[-99.46031,21.71919],[-99.32427,21.67245],[-99.19066,21.69914],[-99.0595,21.79924],[-98.95196,21.85104],[-98.86804,21.85451],[-98.80701,21.88972],[-98.76898,21.9567],[-98.72792,21.98843],[-98.66188,21.98315]]},"properties":{"sw":0.2,"scalerank":6,"name":"Verde","featurecla":"River","na":1,"cl":"Verde#0"}},{"type":"Feature","geometry":{"type":"LineString","coordinates":[[-98.66188,21.98315],[-98.58995,21.98117]]},"properties":{"sw":0.25,"scalerank":6,"name":"Verde","featurecla":"River","na":1,"cl":"Verde#0"}},{"type":"Feature","geometry":{"type":"LineString","coordinates":[[-79.5709,38.41455],[-79.38538,38.63356]]},"properties":{"sw":0.15,"scalerank":6,"name":"Potomac","featurecla":"River","na":1,"cl":"Potomac#0"}},{"type":"Feature","geometry":{"type":"LineString","coordinates":[[-79.38538,38.63356],[-79.25312,38.90062],[-79.16307,38.99873],[-79.07119,39.01684],[-78.95618,39.12412],[-78.81803,39.32049],[-78.70545,39.44723],[-78.57497,39.53286]]},"properties":{"sw":0.2,"scalerank":6,"name":"Potomac","featurecla":"River","na":1,"cl":"Potomac#0"}},{"type":"Feature","geometry":{"type":"LineString","coordinates":[[-78.57497,39.53286],[-78.49554,39.53335],[-78.46027,39.55614],[-78.4427,39.60146],[-78.40676,39.62787],[-78.32537,39.63921]]},"properties":{"sw":0.25,"scalerank":6,"name":"Potomac","featurecla":"River","na":1,"cl":"Potomac#0"}},{"type":"Feature","geometry":{"type":"LineString","coordinates":[[-74.07449,44.10015],[-74.06377,44.01556],[-74.07994,43.98212],[-74.11942,43.97179],[-74.15162,43.94238],[-74.17645,43.89401],[-74.17821,43.86042],[-74.14617,43.83231]]},"properties":{"sw":0.15,"scalerank":6,"name":"Hudson","featurecla":"River","na":1,"cl":"Hudson#0"}},{"type":"Feature","geometry":{"type":"LineString","coordinates":[[-74.14617,43.83231],[-73.97137,43.7355],[-73.88848,43.66082],[-73.83926,43.576],[-73.8304,43.50603],[-73.86192,43.45078],[-73.86719,43.38293],[-73.84616,43.30242],[-73.78074,43.2739],[-73.67087,43.29736],[-73.61744,43.23181],[-73.62199,42.99999]]},"properties":{"sw":0.2,"scalerank":6,"name":"Hudson","featurecla":"River","na":1,"cl":"Hudson#0"}},{"type":"Feature","geometry":{"type":"LineString","coordinates":[[-73.62199,42.99999],[-73.72818,42.71414],[-73.76668,42.54376],[-73.77283,42.39354],[-73.81753,42.26517],[-73.90078,42.15867],[-73.9438,42.02038],[-73.94804,41.76541]]},"properties":{"sw":0.25,"scalerank":6,"name":"Hudson","featurecla":"River","na":1,"cl":"Hudson#0"}},{"type":"Feature","geometry":{"type":"LineString","coordinates":[[-73.94804,41.76541],[-73.98372,41.57364],[-73.98403,41.45959],[-73.96008,41.33125],[-73.9692,41.28112],[-73.96992,41.24971]]},"properties":{"sw":0.3,"scalerank":6,"name":"Hudson","featurecla":"River","na":1,"cl":"Hudson#0"}},{"type":"Feature","geometry":{"type":"LineString","coordinates":[[-84.75467,40.35896],[-84.64695,40.35565],[-84.63932,40.37139],[-84.72413,40.42193]]},"properties":{"sw":0.15,"scalerank":6,"name":"Wabash","featurecla":"River","na":1,"cl":"Wabash#0"}},{"type":"Feature","geometry":{"type":"LineString","coordinates":[[-84.72413,40.42193],[-84.75748,40.43983],[-84.76678,40.48324],[-84.75934,40.52453],[-84.7936,40.56734],[-84.88642,40.58817],[-85.00723,40.64961],[-85.15614,40.75167],[-85.31698,40.82567],[-85.48979,40.87161],[-85.67657,40.8634],[-85.87736,40.80102],[-86.1127,40.7632],[-86.38258,40.74981],[-86.61758,40.65995],[-86.81767,40.4936],[-86.95492,40.41177],[-87.02923,40.41451],[-87.11705,40.38952],[-87.21842,40.33687],[-87.40378,40.21413],[-87.44502,40.12747],[-87.43773,40.01833],[-87.41872,39.94077],[-87.38807,39.89472],[-87.37784,39.80837],[-87.38802,39.68161],[-87.41262,39.56771],[-87.45163,39.46669],[-87.50711,39.39209],[-87.57912,39.34398],[-87.61106,39.29135],[-87.60292,39.23414],[-87.61498,39.19329],[-87.64728,39.16875],[-87.6317,39.10671],[-87.56829,39.00718],[-87.53028,38.90889],[-87.51768,38.81182],[-87.52946,38.74229],[-87.58377,38.67937]]},"properties":{"sw":0.2,"scalerank":6,"name":"Wabash","featurecla":"River","na":1,"cl":"Wabash#0"}},{"type":"Feature","geometry":{"type":"LineString","coordinates":[[-87.58377,38.67937],[-87.63596,38.54261],[-87.68066,38.48799],[-87.73523,38.4699],[-87.78407,38.4191],[-87.82717,38.33557],[-87.87295,38.29503],[-87.92142,38.29751],[-87.95726,38.28221],[-87.98041,38.24919],[-87.97749,38.21444],[-87.94855,38.17801],[-87.95806,38.14429],[-88.00602,38.11328],[-88.00514,38.0984],[-87.99026,38.0893],[-87.99604,38.07442],[-88.02612,38.05959],[-88.04452,38.01329],[-88.0425,37.93665],[-88.05912,37.89836],[-88.09113,37.89665],[-88.09531,37.87557],[-88.04198,37.78886]]},"properties":{"sw":0.25,"scalerank":6,"name":"Wabash","featurecla":"River","na":1,"cl":"Wabash#0"}},{"type":"Feature","geometry":{"type":"LineString","coordinates":[[-70.26408,46.18349],[-70.20785,46.31487],[-70.16062,46.37397],[-70.0751,46.4198]]},"properties":{"sw":0.15,"scalerank":6,"name":"Saint John","featurecla":"River","na":1,"cl":"Saint John#0"}},{"type":"Feature","geometry":{"type":"LineString","coordinates":[[-70.0751,46.4198],[-70.01386,46.49442],[-69.96014,46.51406],[-69.89348,46.50362],[-69.86242,46.5183],[-69.86697,46.55814],[-69.72915,46.69953],[-69.44891,46.94251],[-69.26148,47.0802],[-69.16683,47.1126],[-69.0964,47.12198],[-69.05017,47.10834],[-68.96093,47.13547],[-68.82871,47.20332],[-68.66854,47.25345],[-68.48039,47.2858],[-68.37691,47.31616],[-68.35802,47.34453],[-68.31089,47.35447],[-68.23549,47.34595],[-68.09679,47.27484],[-67.79374,47.07418]]},"properties":{"sw":0.2,"scalerank":6,"name":"Saint John","featurecla":"River","na":1,"cl":"Saint John#0"}},{"type":"Feature","geometry":{"type":"LineString","coordinates":[[-67.79374,47.07418],[-67.71134,46.98385],[-67.69772,46.86794],[-67.72542,46.69637],[-67.70204,46.5845],[-67.62757,46.5323],[-67.59868,46.49153],[-67.61543,46.46213],[-67.59783,46.40722],[-67.54595,46.32673],[-67.52822,46.22726],[-67.54466,46.10871],[-67.49732,46.03047],[-67.38622,45.99254],[-67.29168,45.9773],[-67.21364,45.98474],[-67.12305,45.96371],[-67.01991,45.9142],[-66.93464,45.91247],[-66.8672,45.95851],[-66.7961,45.98236],[-66.68393,45.98489]]},"properties":{"sw":0.25,"scalerank":6,"name":"Saint John","featurecla":"River","na":1,"cl":"Saint John#0"}},{"type":"Feature","geometry":{"type":"LineString","coordinates":[[-66.68393,45.98489],[-66.52351,45.89854],[-66.39351,45.85782],[-66.2405,45.83395],[-66.13105,45.75721],[-66.06516,45.6276],[-66.05299,45.56874],[-66.081,45.52012],[-66.17856,45.43469],[-66.21817,45.37868],[-66.21753,45.35542],[-66.18271,45.33521]]},"properties":{"sw":0.3,"scalerank":6,"name":"Saint John","featurecla":"River","na":1,"cl":"Saint John#0"}},{"type":"Feature","geometry":{"type":"LineString","coordinates":[[-81.57636,36.07366],[-81.52238,36.04705],[-81.46549,36.05511],[-81.3489,36.10586]]},"properties":{"sw":0.15,"scalerank":6,"name":"Yadkin","featurecla":"River","na":1,"cl":"Yadkin#0"}},{"type":"Feature","geometry":{"type":"LineString","coordinates":[[-81.3489,36.10586],[-80.89917,36.22549],[-80.67411,36.25867],[-80.4903,36.24228],[-80.46377,36.23231]]},"properties":{"sw":0.2,"scalerank":6,"name":"Yadkin","featurecla":"River","na":1,"cl":"Yadkin#0"}},{"type":"Feature","geometry":{"type":"LineString","coordinates":[[24.25561,48.32175],[24.33787,48.2939],[24.3325,48.23416],[24.23431,48.08275]]},"properties":{"sw":0.15,"scalerank":6,"name":"Tisza","featurecla":"River","na":0,"cl":"Tisza#0"}},{"type":"Feature","geometry":{"type":"LineString","coordinates":[[24.23431,48.08275],[24.16972,47.95495],[24.00182,47.93578],[23.70902,47.9826],[23.47731,48.04921],[23.30667,48.13567],[23.14611,48.15453],[22.99553,48.10575],[22.88515,48.09138],[22.81497,48.11148],[22.70154,48.10701],[22.54496,48.07802],[22.41954,48.09536],[22.32518,48.15897],[22.27635,48.24403],[22.27294,48.35049],[22.25376,48.40738],[22.21893,48.41472],[22.13325,48.37374],[21.99683,48.28449],[21.86898,48.22176],[21.74981,48.18559],[21.63664,48.16993],[21.52967,48.17476],[21.46518,48.14554],[21.44337,48.08223],[21.40906,48.04454],[21.33899,48.02632]]},"properties":{"sw":0.2,"scalerank":6,"name":"Tisza","featurecla":"River","na":0,"cl":"Tisza#0"}},{"type":"Feature","geometry":{"type":"LineString","coordinates":[[21.34643,48.02632],[21.18163,48.0058],[21.1035,47.94421],[21.05709,47.83465],[20.87121,47.68996],[20.54575,47.51012],[20.40003,47.38222],[20.43403,47.30626],[20.42628,47.26957],[20.37677,47.27215],[20.30598,47.24151],[20.21378,47.17774],[20.17472,47.11914],[20.18877,47.06571],[20.21797,47.03754],[20.19208,47.0099],[20.15503,46.97961],[20.1435,46.93853],[20.12469,46.91171],[20.06609,46.87355],[20.07974,46.81094],[20.16562,46.72392],[20.19156,46.65286],[20.15746,46.59772],[20.16273,46.50011],[20.20748,46.36001],[20.21709,46.28265],[20.17885,46.26085]]},"properties":{"sw":0.25,"scalerank":6,"name":"Tisza","featurecla":"River","na":0,"cl":"Tisza#0"}},{"type":"Feature","geometry":{"type":"LineString","coordinates":[[127.15206,-17.38307],[126.99755,-17.45428],[126.9034,-17.47805],[126.77534,-17.47805]]},"properties":{"sw":0.15,"scalerank":6,"name":"Fitzroy","featurecla":"River","na":0,"cl":"Fitzroy#0"}},{"type":"Feature","geometry":{"type":"LineString","coordinates":[[126.77534,-17.47805],[126.39971,-17.45759],[126.23693,-17.47971],[126.16179,-17.53779],[126.12427,-17.58223],[126.12437,-17.61303],[126.09776,-17.63277],[126.04453,-17.64125],[125.98469,-17.70703],[125.91844,-17.83013],[125.79163,-17.98789],[125.51072,-18.27656]]},"properties":{"sw":0.2,"scalerank":6,"name":"Fitzroy","featurecla":"River","na":0,"cl":"Fitzroy#0"}},{"type":"Feature","geometry":{"type":"LineString","coordinates":[[125.51072,-18.27656],[125.13942,-18.45174],[124.92254,-18.49205],[124.7364,-18.45577],[124.58085,-18.35273],[124.4559,-18.18302],[124.3512,-18.09042],[124.26655,-18.07507],[124.1785,-18.08453],[124.08703,-18.11884],[124.00011,-18.11553],[123.91784,-18.0745],[123.81728,-17.96707],[123.69842,-17.79313],[123.62184,-17.70099],[123.58753,-17.69065],[123.5697,-17.66109],[123.56768,-17.58792],[123.56309,-17.5209]]},"properties":{"sw":0.25,"scalerank":6,"name":"Fitzroy","featurecla":"River","na":0,"cl":"Fitzroy#0"}},{"type":"Feature","geometry":{"type":"LineString","coordinates":[[140.68281,-4.85572],[140.73067,-4.9152],[140.74245,-4.96657],[140.73434,-5.02982],[140.69687,-5.1093],[140.59682,-5.25296]]},"properties":{"sw":0.15,"scalerank":6,"name":"Digul","featurecla":"River","na":0,"cl":"Digul#0"}},{"type":"Feature","geometry":{"type":"LineString","coordinates":[[140.59682,-5.25296],[140.31891,-5.53604],[140.22305,-5.67299],[140.21654,-5.75836],[140.2385,-5.82822],[140.28894,-5.88259],[140.3094,-5.96134],[140.29524,-6.11632]]},"properties":{"sw":0.2,"scalerank":6,"name":"Digul","featurecla":"River","na":0,"cl":"Digul#0"}},{"type":"Feature","geometry":{"type":"LineString","coordinates":[[140.29524,-6.11632],[140.26403,-6.15265],[140.26558,-6.21631],[140.28945,-6.31946],[140.31369,-6.37465],[140.33818,-6.38199],[140.34599,-6.4271],[140.3372,-6.50999],[140.34909,-6.57298],[140.38185,-6.61618],[140.37245,-6.6753],[140.32108,-6.75049],[140.26537,-6.80232],[140.20543,-6.83075],[140.15406,-6.87886],[140.11117,-6.9465],[140.0905,-7.00893],[140.09195,-7.06613],[140.06156,-7.11409],[139.99924,-7.1529],[139.91842,-7.14582],[139.84979,-7.10453],[139.79842,-7.10453],[139.73972,-7.13755],[139.70675,-7.20359],[139.65171,-7.22188],[139.62603,-7.19258],[139.58939,-7.19992],[139.55844,-7.23113],[139.52123,-7.25175],[139.48888,-7.24421],[139.46785,-7.21486],[139.45803,-7.16375],[139.42067,-7.15956],[139.38765,-7.18525],[139.35452,-7.20385],[139.23722,-7.17677],[139.17686,-7.19043]]},"properties":{"sw":0.25,"scalerank":6,"name":"Digul","featurecla":"River","na":0,"cl":"Digul#0"}},{"type":"Feature","geometry":{"type":"LineString","coordinates":[[-122.09466,43.42205],[-122.21912,43.48512]]},"properties":{"sw":0.15,"scalerank":6,"name":"Willamette","featurecla":"River","na":1,"cl":"Willamette#0"}},{"type":"Feature","geometry":{"type":"LineString","coordinates":[[-122.21912,43.48512],[-122.37147,43.51502],[-122.42381,43.57403],[-122.42702,43.67211],[-122.45808,43.74573],[-122.51704,43.79477],[-122.68426,43.8875],[-122.9597,44.02398],[-123.11907,44.14989],[-123.18397,44.32298]]},"properties":{"sw":0.2,"scalerank":6,"name":"Willamette","featurecla":"River","na":1,"cl":"Willamette#0"}},{"type":"Feature","geometry":{"type":"LineString","coordinates":[[-123.18397,44.32298],[-123.2203,44.51312],[-123.1893,44.59893],[-123.1031,44.64379],[-123.07737,44.6797],[-123.11201,44.70673],[-123.11638,44.74745],[-123.09039,44.80187],[-123.09827,44.83587],[-123.13997,44.84946],[-123.12377,44.88656],[-123.04972,44.94718],[-123.02373,44.99893],[-123.04584,45.04175],[-123.03559,45.08102],[-122.993,45.11668],[-122.98724,45.15688],[-123.01825,45.20156],[-123.01615,45.2383],[-122.98091,45.26708],[-122.90192,45.28773],[-122.71783,45.30643]]},"properties":{"sw":0.25,"scalerank":6,"name":"Willamette","featurecla":"River","na":1,"cl":"Willamette#0"}},{"type":"Feature","geometry":{"type":"LineString","coordinates":[[-122.71783,45.30643],[-122.62055,45.36837],[-122.60349,45.42658],[-122.63419,45.50167],[-122.67718,45.56037],[-122.73243,45.60264],[-122.74532,45.64918],[-122.72591,45.67375]]},"properties":{"sw":0.3,"scalerank":6,"name":"Willamette","featurecla":"River","na":1,"cl":"Willamette#0"}},{"type":"Feature","geometry":{"type":"LineString","coordinates":[[-108.20362,33.57687],[-108.11425,33.41272]]},"properties":{"sw":0.15,"scalerank":6,"name":"Gila","featurecla":"River","na":1,"cl":"Gila#0"}},{"type":"Feature","geometry":{"type":"LineString","coordinates":[[-111.24938,33.10426],[-111.45477,33.03977],[-111.64835,33.05416],[-111.89859,33.12589],[-112.12232,33.22185],[-112.31957,33.34205],[-112.51119,33.37161],[-112.69722,33.31053],[-112.76694,33.23792],[-112.72022,33.15384],[-112.70355,33.08661],[-112.71694,33.03625],[-112.80918,33.02982],[-112.98026,33.06728],[-113.08374,33.06747],[-113.1196,33.03034],[-113.19722,33.00088],[-113.31659,32.97907],[-113.52539,32.906],[-113.82364,32.78164],[-114.00466,32.72451],[-114.06848,32.73464],[-114.13031,32.72508],[-114.1901,32.69591],[-114.26121,32.70852],[-114.34358,32.76291],[-114.42818,32.77604],[-114.58217,32.73472]]},"properties":{"sw":0.2,"scalerank":6,"name":"Gila","featurecla":"River","na":1,"cl":"Gila#0"}},{"type":"Feature","geometry":{"type":"LineString","coordinates":[[-108.11425,33.41272],[-108.24576,33.17614],[-108.34785,33.09131],[-108.46433,33.07935],[-108.5552,32.99171],[-108.62042,32.82836],[-108.71021,32.71756],[-108.82454,32.6593],[-108.9436,32.65718],[-109.06734,32.71113],[-109.15589,32.78585],[-109.20922,32.88135],[-109.2642,32.94011],[-109.32079,32.9622],[-109.39665,32.94344],[-109.49179,32.88388],[-109.59132,32.85285],[-109.69529,32.85037],[-109.84556,32.93246],[-110.04219,33.09907],[-110.22626,33.18583],[-110.39778,33.1927],[-110.55356,33.1495],[-110.69357,33.05617],[-110.8145,33.03814],[-110.9163,33.09534],[-111.03929,33.12092],[-111.25558,33.11173]]},"properties":{"sw":0.2,"scalerank":6,"name":"Gila","featurecla":"River","na":1,"cl":"Gila#0"}},{"type":"Feature","geometry":{"type":"LineString","coordinates":[[-49.17872,-15.926],[-49.25756,-15.76803]]},"properties":{"sw":0.15,"scalerank":4,"name":"Tocantins","featurecla":"River","na":0,"cl":"Tocantins#0"}},{"type":"Feature","geometry":{"type":"LineString","coordinates":[[-49.25756,-15.76803],[-49.34964,-15.72509],[-49.43685,-15.63352],[-49.54989,-15.47911],[-49.59224,-15.34847],[-49.56392,-15.24165],[-49.51444,-15.16471],[-49.44375,-15.11758],[-49.35639,-15.01092],[-49.25231,-14.84473],[-49.15469,-14.74623],[-49.06354,-14.71528],[-49.00928,-14.62862],[-48.99191,-14.4862],[-48.99362,-14.38667],[-49.01439,-14.33024],[-49.00757,-14.28228],[-48.97316,-14.24285],[-48.79624,-14.12539],[-48.71317,-14.11108],[-48.65343,-14.14751],[-48.5978,-14.15361],[-48.54626,-14.12921],[-48.38425,-13.99563],[-48.34203,-13.92168],[-48.34844,-13.85471],[-48.32534,-13.82753],[-48.27273,-13.84014],[-48.21589,-13.82009],[-48.15476,-13.76738],[-48.1161,-13.691],[-48.09998,-13.59106],[-48.12279,-13.51638],[-48.18457,-13.46714],[-48.19822,-13.32916],[-48.16377,-13.10256],[-48.18098,-12.89673],[-48.28433,-12.61928]]},"properties":{"sw":0.2,"scalerank":4,"name":"Tocantins","featurecla":"River","na":0,"cl":"Tocantins#0"}},{"type":"Feature","geometry":{"type":"LineString","coordinates":[[-48.28433,-12.61928],[-48.23824,-12.51164],[-48.2348,-12.46554],[-48.25873,-12.44518],[-48.2657,-12.41345],[-48.25573,-12.37046],[-48.30715,-12.30933],[-48.41991,-12.23005],[-48.52419,-12.02888],[-48.64609,-11.6365],[-48.64808,-11.53578]]},"properties":{"sw":0.25,"scalerank":4,"name":"Tocantins","featurecla":"River","na":0,"cl":"Tocantins#0"}},{"type":"Feature","geometry":{"type":"LineString","coordinates":[[-48.72314,-5.35538],[-48.63054,-5.33037],[-48.57432,-5.28815],[-48.52357,-5.2204],[-48.45815,-5.18087],[-48.37805,-5.1695],[-48.28162,-5.1894],[-48.16897,-5.24066],[-48.05944,-5.26299],[-47.95309,-5.25637],[-47.88459,-5.28562],[-47.854,-5.35073],[-47.76325,-5.40716],[-47.61244,-5.45502],[-47.51994,-5.50638],[-47.4858,-5.56126],[-47.44482,-5.74998],[-47.39705,-6.07245],[-47.40558,-6.42111],[-47.47046,-6.79602],[-47.53717,-7.02722],[-47.60575,-7.11471],[-47.66533,-7.16721],[-47.71597,-7.18468],[-47.71716,-7.22219],[-47.66892,-7.27976],[-47.61182,-7.30157],[-47.5458,-7.28757],[-47.50689,-7.30581],[-47.49505,-7.35624],[-47.52239,-7.40735],[-47.58895,-7.45923],[-47.63045,-7.53241],[-47.64691,-7.62698],[-47.72408,-7.70924],[-47.86196,-7.77916],[-47.94144,-7.87704],[-47.9626,-8.00287],[-48.01099,-8.07201],[-48.0867,-8.08457],[-48.137,-8.10788],[-48.16199,-8.14198],[-48.15383,-8.22916],[-48.11256,-8.36946],[-48.10597,-8.46703],[-48.13403,-8.52191],[-48.14109,-8.60707],[-48.12711,-8.72241],[-48.18238,-8.91682],[-48.30692,-9.19029],[-48.3787,-9.40237],[-48.39771,-9.5529],[-48.38699,-9.68525],[-48.34647,-9.79935],[-48.33909,-9.87366],[-48.36482,-9.90818],[-48.36668,-9.95076],[-48.34472,-10.0014],[-48.35733,-10.0645],[-48.40451,-10.13995],[-48.43681,-10.26165],[-48.45412,-10.42954],[-48.4475,-10.58633],[-48.41691,-10.73195],[-48.4429,-10.86275],[-48.52559,-10.97881],[-48.54078,-11.11028],[-48.48859,-11.25725],[-48.51553,-11.38411],[-48.59778,-11.46674],[-48.64808,-11.53578]]},"properties":{"sw":0.3,"scalerank":4,"name":"Tocantins","featurecla":"River","na":0,"cl":"Tocantins#0"}},{"type":"Feature","geometry":{"type":"LineString","coordinates":[[27.24116,-23.49004],[27.3134,-23.42425],[27.39919,-23.38364],[27.49871,-23.36834],[27.56321,-23.32462],[27.59266,-23.25264],[27.64387,-23.21765],[27.71674,-23.21962],[27.75829,-23.19677],[27.76852,-23.14892],[27.8126,-23.10799],[27.89053,-23.07389],[27.93135,-23.03358],[27.93507,-22.98702],[28.02798,-22.87369],[28.2102,-22.69365],[28.38176,-22.5934],[28.54289,-22.57294],[28.69554,-22.53542],[28.83982,-22.48085],[28.94581,-22.39517],[29.01351,-22.27843],[29.12988,-22.21327],[29.37746,-22.19281]]},"properties":{"sw":0.2,"scalerank":6,"name":"Limpopo","featurecla":"River","na":0,"cl":"Limpopo#0"}},{"type":"Feature","geometry":{"type":"LineString","coordinates":[[26.96159,-23.73731],[27.08551,-23.57794],[27.14638,-23.5244],[27.18556,-23.52342],[27.24116,-23.49004]]},"properties":{"sw":0.15,"scalerank":6,"name":"Limpopo","featurecla":"River","na":0,"cl":"Limpopo#0"}},{"type":"Feature","geometry":{"type":"LineString","coordinates":[[29.37746,-22.19281],[29.66313,-22.1463],[29.90234,-22.18423],[30.19038,-22.29115],[30.46019,-22.32902],[30.71165,-22.29781],[30.91608,-22.29068],[31.07338,-22.30779],[31.1973,-22.34489],[31.28784,-22.40204],[31.39264,-22.43749],[31.5116,-22.45119],[31.63045,-22.50555],[31.749,-22.60043],[31.87726,-22.73985],[32.01513,-22.92377],[32.11879,-23.03596],[32.18814,-23.07647],[32.23104,-23.1328],[32.24747,-23.20504],[32.30245,-23.30209],[32.39609,-23.424],[32.48776,-23.63577],[32.57737,-23.9374],[32.67287,-24.14039],[32.8248,-24.29691]]},"properties":{"sw":0.25,"scalerank":6,"name":"Limpopo","featurecla":"River","na":0,"cl":"Limpopo#0"}},{"type":"Feature","geometry":{"type":"LineString","coordinates":[[32.8248,-24.29691],[32.87141,-24.40368],[32.90552,-24.4397],[32.94272,-24.44052],[33.01021,-24.4846],[33.10798,-24.57199],[33.18255,-24.61354],[33.23392,-24.6092],[33.2642,-24.62356],[33.2734,-24.65663],[33.32906,-24.69911],[33.43107,-24.75084],[33.48507,-24.77187],[33.50972,-24.77068],[33.52615,-24.75658],[33.53674,-24.74485],[33.55199,-24.73895],[33.5679,-24.75146],[33.59726,-24.82277],[33.63126,-24.94897],[33.61369,-25.04059],[33.54455,-25.09764],[33.51478,-25.14244],[33.53009,-25.18887]]},"properties":{"sw":0.3,"scalerank":6,"name":"Limpopo","featurecla":"River","na":0,"cl":"Limpopo#0"}},{"type":"Feature","geometry":{"type":"LineString","coordinates":[[11.08519,62.44301],[10.9837,62.39087],[10.77276,62.30855],[10.6554,62.24524],[10.63153,62.20091],[10.62434,62.15652],[10.63375,62.11202],[10.69933,62.06195],[10.82097,62.00629],[10.88815,61.94997],[10.90066,61.89302],[10.88298,61.83493],[10.83493,61.77571],[10.86335,61.69959],[10.96815,61.60663],[11.03347,61.52575],[11.07222,61.42276]]},"properties":{"sw":0.2,"scalerank":6,"name":"Glomma","featurecla":"River","na":0,"cl":"Glomma#0"}},{"type":"Feature","geometry":{"type":"LineString","coordinates":[[11.48357,62.68698],[11.18777,62.49575],[11.08519,62.44301]]},"properties":{"sw":0.15,"scalerank":6,"name":"Glomma","featurecla":"River","na":0,"cl":"Glomma#0"}},{"type":"Feature","geometry":{"type":"LineString","coordinates":[[11.07222,61.42276],[11.24668,61.31745],[11.31795,61.23288],[11.34409,61.13392],[11.40228,61.02935],[11.49251,60.91912],[11.57876,60.84866],[11.66092,60.81794],[11.73658,60.76337],[11.80562,60.68493],[11.88086,60.63341],[11.9624,60.60881],[12.00922,60.57858],[12.02762,60.52483]]},"properties":{"sw":0.25,"scalerank":6,"name":"Glomma","featurecla":"River","na":0,"cl":"Glomma#0"}},{"type":"Feature","geometry":{"type":"LineString","coordinates":[[-69.41816,-31.28279],[-69.39664,-31.27664],[-69.18456,-31.26884],[-69.07818,-31.29478],[-69.02896,-31.35266],[-69.00364,-31.41467],[-69.00222,-31.48071],[-68.94377,-31.51864],[-68.82822,-31.52857],[-68.69332,-31.51461],[-68.53909,-31.47679],[-68.45088,-31.47152],[-68.4176,-31.51244]]},"properties":{"sw":0.2,"scalerank":6,"name":"San Juan","featurecla":"River","na":0,"cl":"San Juan#1"}},{"type":"Feature","geometry":{"type":"LineString","coordinates":[[-68.4176,-31.51244],[-68.36732,-31.5728],[-68.35709,-31.65352],[-68.37011,-31.77465],[-68.34913,-31.88317],[-68.29415,-31.97918],[-68.27963,-32.0443],[-68.2697,-32.07241],[-68.22578,-32.08357],[-68.08915,-32.07396],[-67.97365,-32.11163],[-67.87918,-32.19674],[-67.74359,-32.24956],[-67.56685,-32.27002],[-67.44931,-32.30754],[-67.3618,-32.3895]]},"properties":{"sw":0.2,"scalerank":6,"name":"San Juan","featurecla":"River","na":0,"cl":"San Juan#1"}},{"type":"Feature","geometry":{"type":"LineString","coordinates":[[45.65275,-21.42836],[45.51446,-21.43962],[45.42455,-21.50055],[45.29318,-21.67206]]},"properties":{"sw":0.2,"scalerank":6,"name":"Mangoky","featurecla":"River","na":0,"cl":"Mangoky#0"}},{"type":"Feature","geometry":{"type":"LineString","coordinates":[[45.29318,-21.67206],[44.80557,-21.72353],[44.56486,-21.76989],[44.40869,-21.82838],[44.30172,-21.84456],[44.24395,-21.81841],[44.1655,-21.8289],[44.06618,-21.87603],[43.98613,-21.88998],[43.91404,-21.87158],[43.89482,-21.86104]]},"properties":{"sw":0.25,"scalerank":6,"name":"Mangoky","featurecla":"River","na":0,"cl":"Mangoky#0"}},{"type":"Feature","geometry":{"type":"LineString","coordinates":[[43.89482,-21.86104],[43.8742,-21.83763],[43.78496,-21.63739],[43.69685,-21.50106],[43.54648,-21.32105]]},"properties":{"sw":0.3,"scalerank":6,"name":"Mangoky","featurecla":"River","na":0,"cl":"Mangoky#0"}},{"type":"Feature","geometry":{"type":"LineString","coordinates":[[37.81664,13.87533],[37.69959,13.90998],[37.62926,13.97041],[37.53521,14.11705]]},"properties":{"sw":0.15,"scalerank":6,"name":"Tekez\u00e9","featurecla":"River","na":0,"cl":"Tekez\u00e9#0"}},{"type":"Feature","geometry":{"type":"LineString","coordinates":[[37.53521,14.11705],[37.35372,14.37248],[37.25724,14.45374],[37.1852,14.44599],[37.13265,14.40607],[37.09947,14.33396],[37.06351,14.28926],[37.02454,14.272],[36.94072,14.28058],[36.81194,14.31502],[36.67914,14.30758],[36.5424,14.25823],[36.42747,14.24957],[36.33445,14.28161],[36.22025,14.27913],[36.08496,14.24213],[35.97654,14.25771],[35.895,14.3259],[35.86456,14.42491],[35.89541,14.61962]]},"properties":{"sw":0.2,"scalerank":6,"name":"Tekez\u00e9","featurecla":"River","na":0,"cl":"Tekez\u00e9#0"}},{"type":"Feature","geometry":{"type":"LineString","coordinates":[[131.84366,-14.70572],[131.74951,-14.66861],[131.70564,-14.60102],[131.68073,-14.49064],[131.56554,-14.34481],[131.25734,-14.07294]]},"properties":{"sw":0.2,"scalerank":6,"name":"Daly","featurecla":"River","na":0,"cl":"Daly#0"}},{"type":"Feature","geometry":{"type":"LineString","coordinates":[[131.25734,-14.07294],[131.20045,-13.98147],[131.18603,-13.92706],[131.19502,-13.87915],[131.17404,-13.84892],[131.12309,-13.83631],[131.0371,-13.85471],[130.91607,-13.90411],[130.82739,-13.91352],[130.77096,-13.88282],[130.72125,-13.81879],[130.67826,-13.72128],[130.63712,-13.67146],[130.59795,-13.66935],[130.54617,-13.61757],[130.48199,-13.51613],[130.40913,-13.45628],[130.32737,-13.43789],[130.30505,-13.40109],[130.32448,-13.35293],[130.32489,-13.32999],[130.29265,-13.30932],[130.25977,-13.30225]]},"properties":{"sw":0.25,"scalerank":6,"name":"Daly","featurecla":"River","na":0,"cl":"Daly#0"}},{"type":"Feature","geometry":{"type":"LineString","coordinates":[[138.70216,-3.1905],[138.66836,-3.20172],[138.62289,-3.19753],[138.59839,-3.158],[138.59209,-3.02653],[138.55736,-2.94892],[138.49442,-2.92514],[138.45329,-2.85404],[138.43406,-2.7357],[138.40719,-2.65405],[138.35551,-2.58687]]},"properties":{"sw":0.2,"scalerank":6,"name":"Mamberamo","featurecla":"River","na":0,"cl":"Mamberamo#0"}},{"type":"Feature","geometry":{"type":"LineString","coordinates":[[138.35551,-2.58687],[138.22074,-2.41903],[138.12328,-2.34213],[138.01827,-2.30017],[137.92329,-2.22255],[137.83844,-2.10922],[137.81457,-2.02742],[137.85167,-1.97719],[137.85818,-1.90877],[137.83389,-1.82227],[137.83751,-1.7693],[137.85193,-1.7354],[137.84392,-1.69943],[137.84908,-1.64894],[137.9111,-1.48379]]},"properties":{"sw":0.25,"scalerank":6,"name":"Mamberamo","featurecla":"River","na":0,"cl":"Mamberamo#0"}},{"type":"Feature","geometry":{"type":"LineString","coordinates":[[92.86134,69.94803],[93.22819,69.92591],[93.62036,69.88806],[93.73271,69.85289],[94.00556,69.84426],[94.43918,69.86214],[94.8191,69.93289],[95.14539,70.0565],[95.40506,70.1306],[95.59812,70.1552],[95.74416,70.21091],[95.84317,70.2977],[95.87635,70.35576],[95.84379,70.38511],[95.83356,70.43901],[95.84565,70.51735],[95.73651,70.55709],[95.38367,70.56494],[95.32491,70.63093],[95.15815,70.67036],[94.72562,70.65166],[94.38786,70.67718],[94.14478,70.74695],[94.13919,70.83108],[94.37122,70.92952],[94.86701,70.94549],[96.00657,70.84593]]},"properties":{"sw":0.2,"scalerank":6,"name":"Kheta","featurecla":"River","na":0,"cl":"Kheta#0"}},{"type":"Feature","geometry":{"type":"LineString","coordinates":[[92.22004,69.98663],[92.86134,69.94803]]},"properties":{"sw":0.15,"scalerank":6,"name":"Kheta","featurecla":"River","na":0,"cl":"Kheta#0"}},{"type":"Feature","geometry":{"type":"LineString","coordinates":[[96.00657,70.84593],[97.36525,70.81327],[97.83525,70.8248],[97.86941,70.8696],[97.94739,70.90761],[98.06903,70.93882],[98.14122,70.98306],[98.16386,71.04042],[98.18019,71.12041],[98.30452,71.19108],[98.70398,71.15752],[98.9698,71.15095],[99.1021,71.17137],[99.26508,71.24831],[99.51267,71.43316]]},"properties":{"sw":0.25,"scalerank":6,"name":"Kheta","featurecla":"River","na":0,"cl":"Kheta#0"}},{"type":"Feature","geometry":{"type":"LineString","coordinates":[[102.07814,71.95178],[101.58401,71.81629],[101.0812,71.75172],[100.40507,71.71288],[99.91021,71.6593],[99.59674,71.59088],[99.5398,71.51476],[99.51515,71.43461]]},"properties":{"sw":0.3,"scalerank":6,"name":"Kheta","featurecla":"River","na":0,"cl":"Kheta#0"}},{"type":"Feature","geometry":{"type":"LineString","coordinates":[[89.19381,50.62229],[88.94566,50.60833],[88.75978,50.65556],[88.63627,50.76409],[88.51204,50.83124],[88.3873,50.857],[88.21976,50.92924],[88.00965,51.048],[87.86051,51.15099],[87.77245,51.23822],[87.73524,51.30248],[87.75571,51.36438]]},"properties":{"sw":0.2,"scalerank":6,"name":"Chulyshman","featurecla":"River","na":0,"cl":"Chulyshman#0"}},{"type":"Feature","geometry":{"type":"LineString","coordinates":[[89.65637,50.50451],[89.40253,50.59807],[89.19381,50.62229]]},"properties":{"sw":0.15,"scalerank":6,"name":"Chulyshman","featurecla":"River","na":0,"cl":"Chulyshman#0"}},{"type":"Feature","geometry":{"type":"LineString","coordinates":[[-100.50135,32.90468],[-100.44128,32.9568],[-100.31906,32.99424],[-100.11463,33.03434],[-99.99759,33.09111],[-99.96785,33.16459],[-99.96418,33.24753],[-99.98658,33.33993],[-99.89139,33.43476],[-99.67861,33.53201],[-99.49384,33.58167],[-99.33711,33.58374],[-99.24742,33.55568],[-99.22482,33.49749],[-99.18435,33.46752],[-99.12601,33.46581],[-99.08131,33.43765],[-99.05031,33.38305],[-99.02178,33.36137],[-98.99584,33.37264],[-98.97287,33.3545],[-98.95287,33.30693],[-98.88205,33.24634],[-98.6996,33.13601]]},"properties":{"sw":0.2,"scalerank":6,"name":"Brazos","featurecla":"River","na":1,"cl":"Brazos#0"}},{"type":"Feature","geometry":{"type":"LineString","coordinates":[[-98.6996,33.13601],[-98.71239,33.08201],[-98.69327,33.03928],[-98.64651,32.98985],[-98.6077,32.98739],[-98.57687,33.03194],[-98.51871,33.03338],[-98.43324,32.99173],[-98.406,32.95212],[-98.43706,32.91458],[-98.43476,32.87918],[-98.39918,32.84593],[-98.34037,32.83727],[-98.25842,32.85324],[-98.20116,32.83562],[-98.16871,32.78441],[-98.17612,32.75195],[-98.19434,32.73901],[-98.18628,32.71924],[-98.15581,32.70374],[-97.97319,32.64855],[-97.85043,32.57359],[-97.78754,32.47884],[-97.71623,32.41564],[-97.63649,32.38402],[-97.623,32.35772],[-97.67582,32.33679],[-97.6955,32.30348],[-97.68207,32.25785],[-97.63236,32.21256],[-97.54637,32.1676],[-97.49789,32.15685],[-97.47392,32.1676],[-97.46399,32.16264],[-97.46151,32.15243],[-97.46627,32.0898],[-97.41738,32.00306],[-97.31486,31.89229],[-97.26277,31.80865],[-97.26106,31.75217],[-97.19347,31.66282],[-97.06004,31.54056],[-96.97097,31.42061],[-96.90395,31.24414]]},"properties":{"sw":0.25,"scalerank":6,"name":"Brazos","featurecla":"River","na":1,"cl":"Brazos#0"}},{"type":"Feature","geometry":{"type":"LineString","coordinates":[[-96.90395,31.24414],[-96.65428,30.79068],[-96.51191,30.61015],[-96.39357,30.55142],[-96.31895,30.48522],[-96.28794,30.41158],[-96.24195,30.37639],[-96.18097,30.37967],[-96.13121,30.36238],[-96.09258,30.32451],[-96.0986,30.25828],[-96.14924,30.16369],[-96.15301,30.0917],[-96.10992,30.04233],[-96.07814,29.93122],[-96.05762,29.75836],[-96.03033,29.66573],[-95.97912,29.64711]]},"properties":{"sw":0.3,"scalerank":6,"name":"Brazos","featurecla":"River","na":1,"cl":"Brazos#0"}},{"type":"Feature","geometry":{"type":"LineString","coordinates":[[-95.97912,29.64711],[-95.90541,29.63173],[-95.758,29.60101],[-95.65589,29.55882],[-95.59915,29.50523],[-95.57158,29.41823],[-95.5732,29.29788],[-95.58912,29.20561],[-95.61933,29.14137],[-95.56979,29.0743],[-95.44045,29.00433],[-95.37751,28.94712],[-95.38763,28.89845]]},"properties":{"sw":0.35,"scalerank":6,"name":"Brazos","featurecla":"River","na":1,"cl":"Brazos#0"}},{"type":"Feature","geometry":{"type":"LineString","coordinates":[[-123.47197,65.15173],[-123.73702,65.06236],[-124.20546,65.02644],[-124.96562,65.0142],[-125.40957,64.98208],[-125.61902,64.89532]]},"properties":{"sw":0.2,"scalerank":6,"name":"Great Bear","featurecla":"River","na":1,"cl":"Great Bear#3"}},{"type":"Feature","geometry":{"type":"LineString","coordinates":[[-97.7769,22.22964],[-97.78237,22.27931]]},"properties":{"sw":0.2,"scalerank":6,"name":"P\u00e1nuco","featurecla":"River","na":1,"cl":"P\u00e1nuco#0"}},{"type":"Feature","geometry":{"type":"LineString","coordinates":[[-98.58995,21.98117],[-98.47083,21.9653],[-98.42533,21.97954],[-98.41381,22.01855],[-98.37559,22.04057],[-98.31074,22.04553],[-98.2579,22.06594],[-98.21713,22.10186],[-98.17754,22.09857],[-98.1392,22.05615],[-98.0969,22.04674],[-98.05068,22.07036],[-98.04739,22.10651],[-98.05068,22.12333],[-98.01502,22.17836],[-97.96551,22.20924],[-97.7769,22.22964]]},"properties":{"sw":0.25,"scalerank":6,"name":"P\u00e1nuco","featurecla":"River","na":1,"cl":"P\u00e1nuco#0"}},{"type":"Feature","geometry":{"type":"LineString","coordinates":[[88.91988,40.6724],[88.71451,40.68987],[88.42239,40.74444],[88.28648,40.81544],[88.12675,40.85968],[87.94309,40.8772],[87.78713,40.90998],[87.65887,40.95807],[87.52864,40.97373],[87.39666,40.95698],[87.25837,40.97114],[87.11399,41.0162],[87.0249,41.06912],[86.9911,41.12989],[86.89902,41.20482],[86.74853,41.29386],[86.59785,41.31451],[86.37161,41.24281]]},"properties":{"sw":0.2,"scalerank":6,"name":"Konqi He","featurecla":"River","na":0,"cl":"Konqi He#0"}},{"type":"Feature","geometry":{"type":"LineString","coordinates":[[89.38693,40.63266],[88.91988,40.6724]]},"properties":{"sw":0.15,"scalerank":6,"name":"Konqi He","featurecla":"River","na":0,"cl":"Konqi He#0"}},{"type":"Feature","geometry":{"type":"LineString","coordinates":[[86.37161,41.24281],[86.38184,41.2782],[86.3682,41.28503],[86.33409,41.2751],[86.26567,41.29743],[86.16294,41.35205],[86.06082,41.38238],[85.95923,41.38848],[85.87686,41.42636],[85.8136,41.49597],[85.78632,41.5709],[85.795,41.65115],[85.8289,41.70668],[85.88802,41.7375],[85.97349,41.75254],[86.08532,41.75172],[86.1648,41.77246],[86.21193,41.81479],[86.30474,41.81926],[86.44313,41.78593],[86.57263,41.78329],[86.75339,41.82551]]},"properties":{"sw":0.2,"scalerank":6,"name":"Tarim","featurecla":"River","na":0,"cl":"Tarim#0"}},{"type":"Feature","geometry":{"type":"LineString","coordinates":[[80.88801,40.46714],[81.0262,40.51861],[81.12903,40.53494],[81.24241,40.53324],[81.34256,40.57447],[81.42948,40.65866],[81.54627,40.70669],[81.69303,40.71863],[81.80961,40.7525],[81.89591,40.80831],[82.12122,40.88634],[82.48554,40.98659],[82.74904,41.00416],[82.91182,40.93897],[83.0823,40.92797],[83.26038,40.97112],[83.45499,40.99809],[83.66614,41.00889],[83.7929,41.00112],[83.83538,40.97481],[83.896,40.99765],[83.97485,41.06964],[84.09133,41.13126],[84.24564,41.18245],[84.47653,41.19495],[84.784,41.16878],[84.98435,41.12938],[85.07747,41.07672],[85.2184,41.02822],[85.40701,40.98383],[85.61703,40.99251],[85.84843,41.05426],[86.03788,41.07062],[86.18537,41.04158],[86.33486,41.03734],[86.48628,41.05791],[86.50535,41.09971],[86.39217,41.16284],[86.34453,41.20648],[86.37161,41.24281]]},"properties":{"sw":0.2,"scalerank":6,"name":"Tarim","featurecla":"River","na":0,"cl":"Tarim#0"}},{"type":"Feature","geometry":{"type":"LineString","coordinates":[[168.77485,-45.3271],[168.72441,-45.46115],[168.68286,-45.51629],[168.63336,-45.53727],[168.63656,-45.56972],[168.69237,-45.6136],[168.71159,-45.6692],[168.69413,-45.73638],[168.70074,-45.78925],[168.74663,-45.84702]]},"properties":{"sw":0.15,"scalerank":6,"name":"Great Bear","featurecla":"River","na":0,"cl":"Great Bear#0"}},{"type":"Feature","geometry":{"type":"LineString","coordinates":[[168.74663,-45.84702],[168.92233,-46.02784],[168.95737,-46.1069],[168.92905,-46.20927],[168.79862,-46.44755],[168.76678,-46.56631]]},"properties":{"sw":0.25,"scalerank":6,"name":"Great Bear","featurecla":"River","na":0,"cl":"Great Bear#0"}},{"type":"Feature","geometry":{"type":"LineString","coordinates":[[19.06,47.48103],[19.09122,47.43886],[19.09794,47.41778],[19.09375,47.39419],[19.05241,47.3537],[18.97433,47.27549],[18.94875,47.1995],[18.97262,47.14493],[18.97603,47.10051],[18.93531,47.03305]]},"properties":{"sw":0.25,"scalerank":6,"name":"R\u00e1ckeve-Soroks\u00e1r Danube","featurecla":"River","na":0,"cl":"R\u00e1ckeve-Soroks\u00e1r Danube#0"}},{"type":"Feature","geometry":{"type":"LineString","coordinates":[[18.91986,46.26684],[18.90859,45.94993],[18.90539,45.93172],[18.89356,45.86552],[18.83909,45.83576]]},"properties":{"sw":0.25,"scalerank":6,"name":"Ferenc Csatorna","featurecla":"River","na":0,"cl":"Ferenc Csatorna#0"}},{"type":"Feature","geometry":{"type":"LineString","coordinates":[[-67.3618,-32.39694],[-67.23462,-32.6701],[-67.20096,-32.79991],[-67.21837,-32.87742],[-67.20832,-33.04444],[-67.1708,-33.30086],[-67.05081,-33.58787],[-66.84839,-33.90548],[-66.75021,-34.0943],[-66.75626,-34.15445],[-66.77486,-34.19579],[-66.80597,-34.21812],[-66.8193,-34.26814],[-66.81493,-34.34586],[-66.79408,-34.44239],[-66.75677,-34.55779],[-66.69662,-34.67489],[-66.61363,-34.79359],[-66.55542,-34.92081],[-66.52198,-35.05641],[-66.53425,-35.34616],[-66.59229,-35.79011],[-66.67853,-36.07764],[-66.7931,-36.2088],[-66.8325,-36.39463],[-66.79682,-36.63513],[-66.79527,-36.79977],[-66.82793,-36.88865],[-66.82762,-36.98952],[-66.79434,-37.10259],[-66.79592,-37.17298],[-66.83238,-37.20078],[-66.78406,-37.25132],[-66.65094,-37.3248],[-66.54242,-37.40686],[-66.4585,-37.49761],[-66.37075,-37.54422],[-66.27923,-37.5467],[-66.21148,-37.60592],[-66.16756,-37.72188],[-66.06707,-37.79924],[-65.91005,-37.83795],[-65.82182,-37.91464],[-65.80239,-38.02915],[-65.8183,-38.09664],[-65.86957,-38.1171],[-65.91222,-38.16093],[-65.94633,-38.22821],[-65.91217,-38.28247],[-65.80975,-38.32371],[-65.74319,-38.37011],[-65.7125,-38.42158],[-65.62955,-38.48866],[-65.49447,-38.57119],[-65.31278,-38.66028],[-64.97029,-38.80368]]},"properties":{"sw":0.25,"scalerank":6,"name":"Desaguadero","featurecla":"River","na":0,"cl":"Desaguadero#0"}},{"type":"Feature","geometry":{"type":"LineString","coordinates":[[30.53574,7.76723],[30.6208,8.0307],[30.64638,8.21226],[30.6409,8.39969],[30.66906,8.51579],[30.73077,8.56046],[30.78399,8.64118],[30.82854,8.75786],[30.84022,8.87271],[30.81903,8.98573],[30.89107,9.1381],[31.13901,9.4257]]},"properties":{"sw":0.25,"scalerank":6,"name":"Bahr el Zeraf","featurecla":"River","na":0,"cl":"Bahr el Zeraf#0"}},{"type":"Feature","geometry":{"type":"LineString","coordinates":[[13.12605,4.93347],[12.99407,4.98391],[12.90064,4.99344],[12.71197,4.95975],[12.63125,4.93603],[12.54821,4.87691],[12.46294,4.7825],[12.38522,4.73261],[12.28001,4.7246]]},"properties":{"sw":0.25,"scalerank":6,"name":"Sanaga","featurecla":"River","na":0,"cl":"Sanaga#0"}},{"type":"Feature","geometry":{"type":"LineString","coordinates":[[12.28001,4.7246],[12.13056,4.57517],[12.0579,4.54443],[12.01232,4.58251],[11.90711,4.5422],[11.74226,4.42345],[11.59591,4.39916],[11.46796,4.46926],[11.29578,4.41198],[11.07925,4.22729],[10.85942,4.10771],[10.63607,4.05324],[10.50249,4.04658],[10.45857,4.08771],[10.39227,4.04523],[10.30369,3.91924],[10.23507,3.8592],[10.18649,3.86509],[10.116,3.81313],[10.0235,3.70326],[9.93787,3.64319],[9.81959,3.62784],[9.76572,3.62383]]},"properties":{"sw":0.3,"scalerank":6,"name":"Sanaga","featurecla":"River","na":0,"cl":"Sanaga#0"}},{"type":"Feature","geometry":{"type":"LineString","coordinates":[[20.7537,-0.28158],[20.61216,-0.2944],[20.50338,-0.27983],[20.38018,-0.24231],[20.29719,-0.23358],[20.2543,-0.25378],[20.22071,-0.22722],[20.19632,-0.15389],[20.15632,-0.12986],[20.10061,-0.15518],[20.02754,-0.14676],[19.93701,-0.10475],[19.86414,-0.10506],[19.80885,-0.14764],[19.71325,-0.15002],[19.57723,-0.11214],[19.41084,-0.11364],[19.21405,-0.15467],[19.0985,-0.19916],[19.06419,-0.24727],[19.02306,-0.25823],[18.95123,-0.21916]]},"properties":{"sw":0.25,"scalerank":6,"name":"Tshuapa","featurecla":"River","na":0,"cl":"Tshuapa#0"}},{"type":"Feature","geometry":{"type":"LineString","coordinates":[[41.96584,4.32366],[42.0292,4.29059],[42.05581,4.25499],[42.06687,4.20587],[42.12118,4.17254],[42.21885,4.15504],[42.34168,4.07836],[42.48979,3.94255],[42.54234,3.79468],[42.49925,3.63477],[42.49728,3.5217],[42.53645,3.4555],[42.53346,3.39835],[42.4885,3.35026],[42.47294,3.28011],[42.4869,3.18792],[42.51589,3.13035],[42.55991,3.1073],[42.57542,3.07041],[42.5625,3.01956],[42.50173,2.94197],[42.3931,2.83766],[42.34582,2.74944],[42.35977,2.6773],[42.3453,2.61385],[42.30241,2.55907],[42.29481,2.50253],[42.32241,2.44419],[42.31559,2.38755],[42.27435,2.33262],[42.22877,2.31939],[42.17906,2.34787],[42.14475,2.34531],[42.12594,2.31172],[42.14449,2.28048],[42.2004,2.25157],[42.20469,2.22077],[42.15725,2.18806],[42.1773,2.13493],[42.26464,2.06137],[42.29724,1.99285],[42.27502,1.92939],[42.30556,1.83544],[42.38876,1.71096],[42.42576,1.61675],[42.41636,1.55277],[42.4237,1.51262],[42.42452,1.46203],[42.46219,1.37519],[42.5611,1.21889],[42.60544,1.07032],[42.59521,0.9294],[42.62596,0.8076],[42.69758,0.70487],[42.73773,0.58069],[42.7506,0.36241]]},"properties":{"sw":0.25,"scalerank":6,"name":"Jubba","featurecla":"River","na":0,"cl":"Jubba#0"}},{"type":"Feature","geometry":{"type":"LineString","coordinates":[[42.7506,0.36241],[42.72983,0.13451],[42.68476,0.01493],[42.60839,-0.07214],[42.58544,-0.14795],[42.63423,-0.25074]]},"properties":{"sw":0.3,"scalerank":6,"name":"Jubba","featurecla":"River","na":0,"cl":"Jubba#0"}},{"type":"Feature","geometry":{"type":"LineString","coordinates":[[12.33468,58.3738],[12.17055,58.23962],[12.11226,58.14033],[12.10493,58.03114],[12.0286,57.92778],[11.81047,57.78138],[11.7291,57.76446]]},"properties":{"sw":0.25,"scalerank":6,"name":"G\u00f6ta \u00e4lv","featurecla":"River","na":0,"cl":"G\u00f6ta \u00e4lv#0"}},{"type":"Feature","geometry":{"type":"LineString","coordinates":[[120.75855,43.42345],[121.0591,43.50944],[121.34932,43.51685],[121.72935,43.47435],[122.0299,43.52075],[122.25107,43.65604],[122.44899,43.74759],[122.62376,43.79539],[122.76939,43.81547],[122.88612,43.80777],[123.01702,43.76508],[123.16202,43.68736],[123.2691,43.64666],[123.33824,43.64297],[123.40459,43.62752],[123.46815,43.60018],[123.51347,43.56078],[123.55394,43.4835]]},"properties":{"sw":0.25,"scalerank":6,"name":"Xiliao","featurecla":"River","na":0,"cl":"Xiliao#0"}},{"type":"Feature","geometry":{"type":"LineString","coordinates":[[22.57912,61.21099],[22.39944,61.29336],[22.34141,61.30207],[22.34513,61.2645],[22.30141,61.25569],[22.21015,61.27559],[22.05254,61.34403],[21.71633,61.51948],[21.65489,61.54487],[21.59807,61.57791]]},"properties":{"sw":0.25,"scalerank":6,"name":"Kokem\u00e4enjoki","featurecla":"River","na":0,"cl":"Kokem\u00e4enjoki#0"}},{"type":"Feature","geometry":{"type":"LineString","coordinates":[[-80.46377,36.23231],[-80.45588,36.20601],[-80.481,36.09304],[-80.45852,36.01072],[-80.39204,35.94313],[-80.36535,35.893],[-80.37842,35.86029],[-80.40563,35.84283],[-80.44692,35.84055],[-80.46516,35.8174],[-80.46035,35.77337],[-80.42317,35.74216],[-80.35362,35.72371],[-80.26975,35.6524],[-80.12247,35.46605]]},"properties":{"sw":0.2,"scalerank":6,"name":"Pee Dee","featurecla":"River","na":1,"cl":"Pee Dee#0"}},{"type":"Feature","geometry":{"type":"LineString","coordinates":[[-80.12247,35.46605],[-80.07105,35.40125],[-80.05539,35.3117],[-80.05834,35.17573],[-80.02744,35.10943],[-79.96263,35.11274],[-79.91468,35.09615],[-79.88357,35.05975],[-79.88352,34.97637],[-79.91452,34.84599],[-79.89065,34.73783],[-79.81179,34.65189],[-79.78146,34.58022],[-79.79957,34.52285],[-79.79055,34.50479],[-79.75381,34.50311],[-79.72154,34.46495],[-79.67575,34.3594],[-79.63392,34.30049],[-79.59604,34.28819],[-79.55051,34.19507],[-79.47075,33.93421]]},"properties":{"sw":0.25,"scalerank":6,"name":"Pee Dee","featurecla":"River","na":1,"cl":"Pee Dee#0"}},{"type":"Feature","geometry":{"type":"LineString","coordinates":[[-79.47075,33.93421],[-79.33373,33.78577],[-79.24609,33.71515],[-79.16209,33.67288],[-79.11527,33.6288],[-79.10563,33.58286],[-79.12299,33.52919],[-79.18958,33.43703],[-79.22646,33.40488]]},"properties":{"sw":0.3,"scalerank":6,"name":"Pee Dee","featurecla":"River","na":1,"cl":"Pee Dee#0"}},{"type":"Feature","geometry":{"type":"LineString","coordinates":[[20.17885,46.26085],[20.08697,46.16586],[20.06646,46.1384]]},"properties":{"sw":0.25,"scalerank":6,"name":"Tisza","featurecla":"River","na":0,"cl":"Tisza#0"}},{"type":"Feature","geometry":{"type":"LineString","coordinates":[[20.06646,46.1384],[20.06444,46.11693],[20.07881,46.07636],[20.07353,46.04871],[20.06113,46.02897],[20.07999,46.00076],[20.10423,45.96918],[20.12376,45.92231],[20.12165,45.89027],[20.09777,45.87307],[20.1049,45.834],[20.14035,45.77834],[20.13586,45.74207],[20.10955,45.72367],[20.08475,45.68889],[20.07018,45.63189],[20.10464,45.56332],[20.18805,45.48312],[20.22283,45.43108],[20.20888,45.40715],[20.23104,45.34871],[20.28944,45.25574],[20.30835,45.19244],[20.28231,45.12577]]},"properties":{"sw":0.3,"scalerank":6,"name":"Tisza","featurecla":"River","na":0,"cl":"Tisza#0"}},{"type":"Feature","geometry":{"type":"LineString","coordinates":[[16.09765,1.6537],[16.09011,1.61667],[16.15011,1.4874],[16.21175,1.42591],[16.28121,1.41898],[16.35666,1.36622],[16.43799,1.26757],[16.50145,1.22106],[16.55406,1.18406],[16.60119,1.05828],[16.66444,0.71577],[16.72966,0.52384],[16.79673,0.4824],[16.85967,0.47465],[16.90463,0.45646],[16.92334,0.43062],[16.96416,0.41016],[16.9914,0.40799],[17.03568,0.39372],[17.07351,0.36205],[17.09584,0.31611],[17.10266,0.25595],[17.13082,0.22092],[17.18033,0.21089],[17.1902,0.16883],[17.16053,0.09472],[17.15609,0],[17.17686,-0.11519],[17.17418,-0.21441],[17.14803,-0.29755],[17.14612,-0.34608],[17.16854,-0.35993],[17.17278,-0.39114],[17.15883,-0.43951],[17.17015,-0.47088],[17.20673,-0.48514],[17.22895,-0.55557],[17.23691,-0.68208],[17.22756,-0.74352],[17.18058,-0.77251],[17.16643,-0.8416],[17.10297,-0.92031],[16.99031,-1.00857],[16.91264,-1.10241],[16.84908,-1.27248]]},"properties":{"sw":0.3,"scalerank":6,"name":"Sangha","featurecla":"River","na":0,"cl":"Sangha#0"}},{"type":"Feature","geometry":{"type":"LineString","coordinates":[[18.95123,-0.21916],[18.8041,-0.12118],[18.66153,-0.0694],[18.47456,-0.03126],[18.36015,0.01245],[18.31829,0.06181],[18.27168,0.08222],[18.18435,0.0631]]},"properties":{"sw":0.3,"scalerank":6,"name":"Tshuapa","featurecla":"River","na":0,"cl":"Tshuapa#0"}},{"type":"Feature","geometry":{"type":"LineString","coordinates":[[125.05173,45.46617],[125.07229,45.41273],[125.1556,45.38912],[125.30153,45.39532],[125.39362,45.42002],[125.43196,45.46322],[125.54896,45.48818],[125.7446,45.4949],[125.88795,45.54962],[125.9788,45.65236],[126.10717,45.70171],[126.27284,45.69773],[126.41505,45.71096],[126.5337,45.74145],[126.63008,45.79651],[126.70418,45.87617],[126.8017,45.94298],[126.92262,45.99704],[127.08344,45.99763],[127.28405,45.94474],[127.41608,45.92226],[127.47943,45.93012],[127.52703,45.96071],[127.55871,46.01409],[127.6403,46.01143],[127.77166,45.95275],[127.91016,45.92159],[128.05557,45.91797],[128.18663,45.93162],[128.30321,45.96257],[128.41886,45.95911],[128.53348,45.92125],[128.64789,45.91988],[128.76189,45.95508],[128.85966,45.94826],[128.9412,45.89942],[129.03608,45.89901],[129.1445,45.94696],[129.24651,46.04174],[129.34211,46.18333],[129.43172,46.2765],[129.51533,46.32131],[129.57719,46.38177],[129.61739,46.45784],[129.70219,46.52471],[129.83149,46.58235],[129.9151,46.64894],[129.95303,46.72449],[130.00285,46.76381],[130.06455,46.76691],[130.10351,46.78446],[130.11963,46.81645],[130.17875,46.83296],[130.33192,46.83461]]},"properties":{"sw":0.3,"scalerank":6,"name":"Songhwa","featurecla":"River","na":0,"cl":"Songhwa#0"}},{"type":"Feature","geometry":{"type":"LineString","coordinates":[[124.67459,45.45046],[124.81443,45.44586],[124.87458,45.46642],[124.90176,45.51061],[124.94682,45.52275],[125.00987,45.50286],[125.05173,45.46617]]},"properties":{"sw":0.15,"scalerank":6,"name":"Songhwa","featurecla":"River","na":0,"cl":"Songhwa#0"}},{"type":"Feature","geometry":{"type":"LineString","coordinates":[[132.56186,47.76851],[132.41412,47.56676],[132.30038,47.48023],[132.14215,47.40039],[132.04448,47.33375],[132.00737,47.28032],[131.70496,47.23743],[131.13725,47.20508],[130.80967,47.15071],[130.72234,47.07423],[130.64518,47.02739],[130.57831,47.01021],[130.53072,46.97047],[130.5025,46.90822],[130.44881,46.86711],[130.33016,46.83719]]},"properties":{"sw":0.35,"scalerank":6,"name":"Songhwa","featurecla":"River","na":0,"cl":"Songhwa#0"}},{"type":"Feature","geometry":{"type":"LineString","coordinates":[[103.71923,29.53703],[103.76713,29.51652],[103.83173,29.38606],[103.86589,29.31578],[103.8571,29.29046],[103.92573,29.22393],[104.14479,29.06233]]},"properties":{"sw":0.3,"scalerank":6,"name":"Min","featurecla":"River","na":0,"cl":"Min#0"}},{"type":"Feature","geometry":{"type":"LineString","coordinates":[[104.14479,29.06233],[104.25052,28.99629],[104.29118,28.94821],[104.30204,28.89604],[104.38043,28.84858],[104.62036,28.77935]]},"properties":{"sw":0.35,"scalerank":6,"name":"Min","featurecla":"River","na":0,"cl":"Min#0"}},{"type":"Feature","geometry":{"type":"LineString","coordinates":[[105.14395,72.77705],[104.8604,72.74954],[104.61561,72.67086],[104.42859,72.64616],[104.19987,72.57573],[104.17,72.52038],[103.88992,72.46188],[103.35972,72.40034],[103.07787,72.34869],[103.04439,72.30698],[102.88564,72.21425],[102.60173,72.07054],[102.36433,71.98692],[102.07814,71.95178]]},"properties":{"sw":0.3,"scalerank":6,"name":"Khatanga","featurecla":"River","na":0,"cl":"Khatanga#0"}},{"type":"Feature","geometry":{"type":"LineString","coordinates":[[-117.68178,49.01523],[-117.41399,49.02706],[-117.33673,49.00693],[-117.32382,48.96063],[-117.33937,48.90508],[-117.38345,48.8402],[-117.39123,48.75338],[-117.3627,48.6446],[-117.32503,48.56905],[-117.27821,48.52673],[-117.24945,48.44702],[-117.2387,48.32987],[-117.12243,48.24145],[-116.90053,48.18166],[-116.76137,48.17783],[-116.70494,48.22998],[-116.6499,48.25447],[-116.56949,48.24977]]},"properties":{"sw":0.3,"scalerank":6,"name":"Pend Oreille","featurecla":"River","na":1,"cl":"Pend Oreille#0"}},{"type":"Feature","geometry":{"type":"LineString","coordinates":[[-78.32537,39.63921],[-78.18114,39.68574],[-78.09779,39.67789],[-78.0272,39.63122],[-77.9557,39.6088],[-77.88325,39.61071],[-77.85542,39.5997],[-77.87217,39.57578],[-77.85307,39.54834],[-77.79814,39.51728],[-77.77959,39.48834],[-77.79744,39.46147],[-77.79171,39.44178],[-77.76235,39.42925],[-77.74484,39.4001],[-77.73905,39.35434],[-77.66882,39.30954],[-77.53415,39.26561],[-77.47886,39.22086],[-77.50294,39.17528],[-77.50645,39.14262],[-77.48092,39.11296]]},"properties":{"sw":0.25,"scalerank":6,"name":"Potomac","featurecla":"River","na":1,"cl":"Potomac#0"}},{"type":"Feature","geometry":{"type":"LineString","coordinates":[[-77.48092,39.11296],[-77.30109,39.05338],[-77.1903,38.96904],[-77.10183,38.93597],[-77.05304,38.9153],[-77.03037,38.88925]]},"properties":{"sw":0.3,"scalerank":6,"name":"Potomac","featurecla":"River","na":1,"cl":"Potomac#0"}},{"type":"Feature","geometry":{"type":"LineString","coordinates":[[56.33447,58.14601],[56.34072,58.26142],[56.39282,58.44269],[56.25122,58.52216],[56.17686,58.55446],[56.09482,58.57184],[56.08877,58.65485],[56.14453,58.69599],[56.26782,58.80952],[56.25186,58.88483],[56.22353,58.99662],[56.1793,59.09816],[56.20908,59.19746],[56.24014,59.24958],[56.34155,59.27936],[56.427,59.30427],[56.57529,59.33278],[56.6123,59.34907],[56.67832,59.38879],[56.68579,59.45192],[56.6835,59.56208],[56.66084,59.62453],[56.62324,59.69123],[56.59092,59.76557],[56.54956,59.81147],[56.4709,59.85046],[56.43384,59.88268],[56.38467,59.91657],[56.36377,59.92304],[56.34141,59.92951],[56.31104,59.94526],[56.29434,60.00051],[56.29873,60.05244],[56.28125,60.10737],[56.27686,60.1405],[56.23574,60.15851],[56.16821,60.15485],[56.15225,60.20466],[56.1501,60.23371],[56.15615,60.2873],[56.16455,60.33393],[56.13525,60.38471],[56.13721,60.39228],[56.10962,60.42385],[55.97939,60.45869],[55.87266,60.50012],[55.71543,60.48542],[55.66426,60.41652],[55.57119,60.31081],[55.3583,60.25129],[55.25,60.22097],[55.14621,60.20318],[55.03506,60.2259],[54.84922,60.24518]]},"properties":{"sw":0.25,"scalerank":6,"name":"Kama","featurecla":"River","na":0,"cl":"Kama#0"}},{"type":"Feature","geometry":{"type":"LineString","coordinates":[[56.33447,58.14601],[56.33325,58.13605],[56.33135,58.10974],[56.32822,58.09638],[56.32202,58.07775],[56.3085,58.05854],[56.20078,58.0279],[56.06589,58.03023],[55.89087,57.94929],[55.83203,57.94558],[55.79446,58.02237],[55.72559,58.07551],[55.66064,58.06904],[55.63252,58.01508],[55.47485,57.89582],[55.29922,57.87665],[55.24658,57.87414]]},"properties":{"sw":0.3,"scalerank":6,"name":"Kama","featurecla":"River","na":0,"cl":"Kama#0"}},{"type":"Feature","geometry":{"type":"LineString","coordinates":[[51.93713,55.70107],[51.88087,55.68626],[51.82031,55.69746],[51.7476,55.69366],[51.66284,55.60817],[51.57871,55.59943],[51.51343,55.58312],[51.50854,55.52949],[51.48584,55.49641],[51.36914,55.46796],[51.21306,55.50265],[51.13452,55.48273],[51.07935,55.4676],[50.98022,55.46638],[50.83445,55.45631],[50.68838,55.42011],[50.41187,55.40119],[50.07803,55.38112],[49.82217,55.33466],[49.53223,55.26061],[49.38232,55.17182],[49.24808,55.11302]]},"properties":{"sw":0.6,"scalerank":6,"name":"Kama","featurecla":"Lake Centerline","na":0,"cl":"Kama#0"}},{"type":"Feature","geometry":{"type":"LineString","coordinates":[[53.69385,58.20632],[53.67715,58.27346],[53.62588,58.35705],[53.55234,58.39448],[53.46475,58.41877],[53.42896,58.43488],[53.43887,58.48456],[53.47144,58.511]]},"properties":{"sw":0.15,"scalerank":6,"name":"Kama","featurecla":"River","na":0,"cl":"Kama#0"}},{"type":"Feature","geometry":{"type":"LineString","coordinates":[[53.47144,58.511],[53.4918,58.58674],[53.3811,58.67194],[53.29956,58.77997],[53.24717,58.82521],[53.20117,58.93037],[53.23867,59.0113],[53.21865,59.09948],[53.1499,59.128],[53.06309,59.17824],[53.00317,59.20925],[52.96426,59.28185],[52.91201,59.33967],[52.86621,59.40246],[52.81455,59.49377],[52.68896,59.58156],[52.61475,59.60773],[52.60864,59.67975],[52.63906,59.71015],[52.6874,59.73376],[52.76709,59.72365],[52.80322,59.75817],[52.86582,59.79836],[52.91992,59.89631],[52.975,59.95617],[53.03506,59.97316],[53.12607,59.98962],[53.2207,60.01491],[53.32227,60.05202],[53.40088,60.05585],[53.45088,60.07392],[53.49229,60.12446],[53.52646,60.13893],[53.59492,60.13757],[53.73203,60.18371],[53.82528,60.2099],[53.89658,60.25886],[53.94678,60.29235],[53.98633,60.3227],[54.03828,60.33723],[54.10508,60.33576],[54.15469,60.3572],[54.2665,60.36127],[54.31338,60.33698],[54.39121,60.27697],[54.52051,60.23896],[54.84922,60.24518]]},"properties":{"sw":0.2,"scalerank":6,"name":"Kama","featurecla":"River","na":0,"cl":"Kama#0"}},{"type":"Feature","geometry":{"type":"LineString","coordinates":[[55.24658,57.87414],[55.2123,57.83246],[55.26699,57.79597],[55.34668,57.76325],[55.3998,57.68049],[55.44932,57.58991],[55.5251,57.57746],[55.5437,57.53156],[55.45557,57.33044],[55.35498,57.31306],[55.24824,57.30561],[55.13647,57.34162],[55.08066,57.34084],[55.04258,57.30544],[55.01572,57.23659],[54.97852,57.11445],[54.92227,57.09084],[54.84985,57.08557],[54.78149,57.05537],[54.67031,57.04194],[54.53944,57.05518],[54.45332,57.04194],[54.379,56.99775],[54.31348,56.98408],[54.22168,56.97912],[54.16699,56.94191],[54.14966,56.86989],[54.13594,56.82026],[54.08838,56.77119],[54.04565,56.75305],[53.99585,56.73615],[53.94946,56.73981],[53.91699,56.77741],[53.91016,56.8122],[53.88452,56.8279],[53.83096,56.83906],[53.79746,56.83369],[53.74585,56.80537],[53.74258,56.79365],[53.75049,56.77712],[53.75195,56.75873],[53.74697,56.71472],[53.75659,56.6737],[53.77393,56.66091],[53.78052,56.65388],[53.79248,56.61267],[53.8001,56.52814],[53.81396,56.49006],[53.8418,56.45808],[53.85352,56.41938],[53.86582,56.40065],[53.8999,56.39318],[53.97451,56.3603],[54.03457,56.34309],[54.10205,56.27778],[54.15664,56.24011],[54.18457,56.18835],[54.11719,56.15827],[54.09863,56.14367],[54.08291,56.12311],[54.04678,56.05805],[54.00586,56.02892],[53.94883,56.02228],[53.88794,56.03181],[53.83447,56.05121],[53.77368,56.05121],[53.73936,56.03356],[53.66348,55.99262],[53.64331,55.98229],[53.56494,55.96955],[53.54346,55.95869],[53.53955,55.95104],[53.53857,55.93972],[53.53965,55.91774],[53.53857,55.91425],[53.53564,55.91076],[53.52578,55.90407]]},"properties":{"sw":0.35,"scalerank":6,"name":"Kama","featurecla":"River","na":0,"cl":"Kama#0"}},{"type":"Feature","geometry":{"type":"LineString","coordinates":[[53.52578,55.90407],[53.49927,55.89289],[53.28574,55.852],[53.06348,55.86982],[52.99219,55.90034],[52.9166,55.92585],[52.8418,55.92988],[52.76025,55.95417],[52.7085,55.96516],[52.60864,55.92829],[52.52954,55.86281],[52.46826,55.85236],[52.37671,55.86982],[52.33153,55.87144],[52.3064,55.84199],[52.31582,55.80324],[52.34351,55.75329],[52.35176,55.72932],[52.33495,55.70534],[52.27656,55.69575],[52.09414,55.69489],[52.02319,55.72211],[51.93565,55.70107]]},"properties":{"sw":0.6,"scalerank":6,"name":"Kama","featurecla":"River","na":0,"cl":"Kama#0"}},{"type":"Feature","geometry":{"type":"LineString","coordinates":[[3.08313,46.98503],[3.16823,46.97689],[3.24856,46.95159],[3.32889,46.84603],[3.48954,46.82913],[3.62549,46.74027],[3.72435,46.63855],[3.74907,46.55788],[3.86029,46.50687],[3.98388,46.46006],[3.99006,46.37913],[4.03949,46.23827],[4.10128,46.16557],[4.10128,46.06276],[4.03331,45.97695],[4.05185,45.92539],[4.15689,45.85227],[4.21251,45.74457],[4.21869,45.62802],[4.25576,45.47658],[4.20015,45.36815],[4.13218,45.30734],[4.08274,45.23777],[3.95298,45.19859],[3.90973,45.11581],[3.92209,45.03726],[3.90355,44.97173],[3.92827,44.8711],[4.07039,44.80975],[4.16925,44.77467],[4.20015,44.8229]]},"properties":{"sw":0.2,"scalerank":5,"name":"Loire","featurecla":"River","na":0,"cl":"Loire#0"}},{"type":"Feature","geometry":{"type":"LineString","coordinates":[[44.55995,48.57283],[44.5515,48.52468],[44.56163,48.5005],[44.49869,48.41922],[44.3616,48.45349],[44.34918,48.46775],[44.20295,48.49253],[44.164,48.52475],[44.14453,48.59344],[44.05778,48.62708],[44.01396,48.67309],[43.9548,48.68154],[43.89582,48.65952],[43.76299,48.66721]]},"properties":{"sw":0.25,"scalerank":6,"name":"Volga\u2013Don Canal","featurecla":"Canal","na":0,"cl":"Volga\u2013Don Canal#0"}},{"type":"Feature","geometry":{"type":"LineString","coordinates":[[43.5275,48.61427],[43.76299,48.66721]]},"properties":{"sw":0.25,"scalerank":6,"name":"Volga\u2013Don Canal","featurecla":"Lake Centerline","na":0,"cl":"Volga\u2013Don Canal#0"}},{"type":"Feature","geometry":{"type":"LineString","coordinates":[[37.64261,59.14776],[37.73951,59.07954],[38.04151,58.91816],[38.25697,58.6338],[38.40773,58.28754]]},"properties":{"sw":0.25,"scalerank":7,"name":"Suda","featurecla":"Lake Centerline","na":0,"cl":"Suda#0"}},{"type":"Feature","geometry":{"type":"LineString","coordinates":[[37.73951,59.07954],[37.81275,59.10915],[37.93215,59.13051],[38.14706,59.07579],[38.2566,59.11677],[38.35816,59.12674],[38.41099,59.16287]]},"properties":{"sw":0.2,"scalerank":9,"name":"Sheksna","featurecla":"Lake Centerline","na":0,"cl":"Sheksna#0"}},{"type":"Feature","geometry":{"type":"LineString","coordinates":[[38.41099,59.16287],[38.48528,59.22895],[38.47128,59.26175],[38.50538,59.29926],[38.45533,59.41783],[38.48756,59.51736],[38.45012,59.57359],[38.56796,59.66979],[38.39283,59.68989],[38.344,59.74836],[38.23097,59.79959],[38.26734,59.8371],[38.25831,59.85419],[38.0844,59.92292],[38.07399,59.94046],[38.08261,59.96418],[38.1491,59.99132],[38.10442,60.05683],[37.9831,60.09419]]},"properties":{"sw":0.2,"scalerank":9,"name":"Sheksna","featurecla":"River","na":0,"cl":"Sheksna#0"}},{"type":"Feature","geometry":{"type":"LineString","coordinates":[[37.24762,60.20004],[37.29542,60.21133],[37.33627,60.21747],[37.424,60.20547],[37.67677,60.1564],[37.9831,60.09419]]},"properties":{"sw":0.2,"scalerank":9,"name":"Sheksna","featurecla":"Lake Centerline","na":0,"cl":"Sheksna#0"}},{"type":"Feature","geometry":{"type":"LineString","coordinates":[[37.3172,60.24851],[37.33627,60.21747]]},"properties":{"sw":0.2,"scalerank":12,"name":"Kovzha","featurecla":"Lake Centerline","na":0,"cl":"Kovzha#0"}},{"type":"Feature","geometry":{"type":"LineString","coordinates":[[37.3172,60.24851],[37.21688,60.28035],[37.14486,60.36001],[37.10812,60.37856],[37.12558,60.3942],[37.12085,60.41821],[37.08957,60.44185],[37.09842,60.50618],[37.12194,60.56371],[37.1445,60.57935],[37.12778,60.61856],[37.14357,60.66153],[37.10857,60.79023],[37.06886,60.83535],[36.74366,60.92674],[36.66432,60.95303],[36.50123,60.96157],[36.35597,61.06118],[36.34189,61.08396],[36.26045,61.1079]]},"properties":{"sw":0.2,"scalerank":12,"name":"Kovzha","featurecla":"River","na":0,"cl":"Kovzha#0"}},{"type":"Feature","geometry":{"type":"LineString","coordinates":[[35.90545,61.27163],[36.26045,61.1079]]},"properties":{"sw":0.2,"scalerank":12,"name":"Kovzha","featurecla":"Lake Centerline","na":0,"cl":"Kovzha#0"}},{"type":"Feature","geometry":{"type":"LineString","coordinates":[[34.32704,61.86616],[34.37322,61.8183],[34.63087,61.74421],[34.91538,61.84553],[35.12941,61.77843],[35.81471,61.44497],[35.90545,61.27163],[35.83302,61.03486],[35.61704,60.95132],[35.42888,61.05268],[35.1797,61.03913],[34.96241,61.14444],[34.87127,61.13565],[34.84791,61.09846],[34.86378,61.07758],[34.84638,61.02664]]},"properties":{"sw":0.2,"scalerank":5,"name":"Svir","featurecla":"Lake Centerline","na":0,"cl":"Svir#0"}},{"type":"Feature","geometry":{"type":"LineString","coordinates":[[34.81888,62.82857],[34.80665,62.85068],[34.8255,62.88984],[34.86309,62.91904]]},"properties":{"sw":0.2,"scalerank":10,"name":"White Sea \u2013 Baltic Canal","featurecla":"Canal","na":0,"cl":"White Sea \u2013 Baltic Canal#0"}},{"type":"Feature","geometry":{"type":"LineString","coordinates":[[34.86309,62.91904],[34.94225,63.08868],[34.8862,63.23349],[34.80724,63.40965],[34.74266,63.51339],[34.41536,63.81049],[34.3599,63.85072]]},"properties":{"sw":0.2,"scalerank":10,"name":"White Sea \u2013 Baltic Canal","featurecla":"Lake Centerline","na":0,"cl":"White Sea \u2013 Baltic Canal#0"}},{"type":"Feature","geometry":{"type":"LineString","coordinates":[[34.3599,63.85072],[34.20021,63.99437],[34.22023,64.00788]]},"properties":{"sw":0.2,"scalerank":10,"name":"White Sea \u2013 Baltic Canal","featurecla":"Canal","na":0,"cl":"White Sea \u2013 Baltic Canal#0"}},{"type":"Feature","geometry":{"type":"LineString","coordinates":[[34.22023,64.00788],[34.26791,64.04662],[34.31723,64.11591],[34.32846,64.21141],[34.35271,64.24242]]},"properties":{"sw":0.2,"scalerank":10,"name":"White Sea \u2013 Baltic Canal","featurecla":"Lake Centerline","na":0,"cl":"White Sea \u2013 Baltic Canal#0"}},{"type":"Feature","geometry":{"type":"LineString","coordinates":[[34.35271,64.24242],[34.41041,64.29027],[34.47242,64.36693],[34.47104,64.41315],[34.74334,64.55585]]},"properties":{"sw":0.2,"scalerank":10,"name":"White Sea \u2013 Baltic Canal","featurecla":"Canal","na":0,"cl":"White Sea \u2013 Baltic Canal#0"}},{"type":"Feature","geometry":{"type":"MultiLineString","coordinates":[[[34.48945,62.90361],[34.66798,62.79499],[34.80798,62.74847],[35.42384,62.55085],[35.51954,62.44343],[35.58522,62.36579],[35.64259,62.25983],[35.47071,62.09577],[35.32423,61.84382],[35.12941,61.77843],[35.12892,61.77831]],[[34.80798,62.74847],[34.81888,62.82857]]]},"properties":{"sw":0.2,"scalerank":10,"name":"White Sea \u2013 Baltic Canal","featurecla":"Lake Centerline","na":0,"cl":"White Sea \u2013 Baltic Canal#0"}},{"type":"Feature","properties":{"sw":0.2,"scalerank":7,"name":"Tiber","featurecla":"River","na":0,"cl":"Tiber#0"},"geometry":{"type":"LineString","coordinates":[[12.052,43.76516],[12.04004,43.70226],[12.04663,43.58654],[12.16333,43.53132],[12.18691,43.50202],[12.23999,43.44831],[12.25269,43.36682]]}},{"type":"Feature","properties":{"sw":0.2,"scalerank":7,"name":"Tiber","featurecla":"River","na":0,"cl":"Tiber#0"},"geometry":{"type":"LineString","coordinates":[[12.25269,43.36682],[12.30981,43.32482],[12.42529,43.19709],[12.44458,43.13747],[12.46499,43.10297],[12.42935,43.05187],[12.42104,43.02875],[12.41699,43.00954],[12.4042,42.98542],[12.39941,42.96418],[12.39502,42.93049],[12.39038,42.89594],[12.39004,42.85671],[12.37856,42.83229],[12.38818,42.8122],[12.37026,42.7812],[12.23218,42.70202],[12.22134,42.65278],[12.24731,42.5987],[12.26709,42.56555],[12.27539,42.53591],[12.29507,42.49684],[12.39331,42.46235],[12.41714,42.42829],[12.43545,42.42585],[12.44521,42.411],[12.44668,42.38776],[12.45337,42.37214],[12.47241,42.31843],[12.56948,42.27827],[12.58105,42.27892],[12.61172,42.26516],[12.61108,42.23774],[12.6061,42.19177],[12.63784,42.15632],[12.6188,42.10981],[12.56055,42.07888],[12.55371,42.05158],[12.5127,42.00319],[12.49429,41.95893],[12.45815,41.92805],[12.46499,41.90075],[12.46499,41.84894],[12.41714,41.83185],[12.4103,41.80451],[12.33936,41.80773],[12.27319,41.77722],[12.25601,41.77204]]}}]}