{
"type": "FeatureCollection",
"name": "state-polys-50m",
"crs": { "type": "name", "properties": { "name": "urn:ogc:def:crs:OGC:1.3:CRS84" } },
"xy_coordinate_resolution": 0.001,
"features": [
{ "type": "Feature", "properties": { "name": "Alaska", "postal": "AK", "min_label": 3.5 }, "geometry": { "type": "MultiPolygon", "coordinates": [ [ [ [ -139.057, 60.002 ], [ -138.705, 59.901 ], [ -138.632, 59.778 ], [ -137.593, 59.226 ], [ -137.484, 58.991 ], [ -137.521, 58.915 ], [ -137.439, 58.903 ], [ -137.278, 58.988 ], [ -136.813, 59.15 ], [ -136.579, 59.152 ], [ -136.467, 59.28 ], [ -136.466, 59.459 ], [ -136.348, 59.456 ], [ -136.278, 59.48 ], [ -136.247, 59.533 ], [ -136.322, 59.605 ], [ -135.935, 59.663 ], [ -135.476, 59.793 ], [ -135.261, 59.695 ], [ -135.051, 59.579 ], [ -135.071, 59.441 ], [ -134.944, 59.288 ], [ -134.441, 59.085 ], [ -134.297, 58.898 ], [ -133.821, 58.705 ], [ -133.401, 58.411 ], [ -133.423, 58.337 ], [ -133.12, 58.078 ], [ -132.232, 57.199 ], [ -132.338, 57.079 ], [ -132.032, 57.027 ], [ -132.104, 56.857 ], [ -131.866, 56.793 ], [ -131.886, 56.742 ], [ -131.833, 56.685 ], [ -131.824, 56.59 ], [ -131.575, 56.599 ], [ -131.083, 56.405 ], [ -130.742, 56.341 ], [ -130.649, 56.264 ], [ -130.477, 56.231 ], [ -130.413, 56.123 ], [ -130.215, 56.083 ], [ -130.098, 56.109 ], [ -130.023, 56.015 ], [ -130.014, 55.951 ], [ -130.147, 55.654 ], [ -130.037, 55.298 ], [ -130.172, 55.137 ], [ -130.214, 55.026 ], [ -130.575, 54.77 ], [ -130.85, 54.808 ], [ -131.046, 55.18 ], [ -130.984, 55.244 ], [ -130.748, 55.318 ], [ -130.856, 55.355 ], [ -130.919, 55.736 ], [ -131.128, 55.96 ], [ -131.14, 55.998 ], [ -131.033, 56.088 ], [ -131.784, 55.877 ], [ -131.826, 55.835 ], [ -131.803, 55.766 ], [ -131.945, 55.554 ], [ -131.983, 55.535 ], [ -132.119, 55.57 ], [ -132.223, 55.721 ], [ -132.208, 55.753 ], [ -132.006, 55.93 ], [ -131.844, 56.16 ], [ -131.551, 56.207 ], [ -131.888, 56.242 ], [ -132.022, 56.38 ], [ -132.182, 56.421 ], [ -132.305, 56.52 ], [ -132.358, 56.626 ], [ -132.476, 56.65 ], [ -132.487, 56.766 ], [ -132.64, 56.796 ], [ -132.802, 56.895 ], [ -132.839, 56.96 ], [ -132.825, 57.056 ], [ -132.913, 57.047 ], [ -133.466, 57.172 ], [ -133.437, 57.337 ], [ -133.539, 57.554 ], [ -133.649, 57.642 ], [ -133.603, 57.695 ], [ -133.554, 57.695 ], [ -133.117, 57.566 ], [ -133.515, 57.775 ], [ -133.535, 57.833 ], [ -133.511, 57.88 ], [ -133.194, 57.878 ], [ -133.559, 57.924 ], [ -133.657, 57.841 ], [ -133.722, 57.844 ], [ -134.031, 58.072 ], [ -134.063, 58.211 ], [ -134.045, 58.289 ], [ -133.877, 58.518 ], [ -133.944, 58.498 ], [ -134.131, 58.279 ], [ -134.209, 58.233 ], [ -134.485, 58.367 ], [ -134.664, 58.385 ], [ -134.776, 58.454 ], [ -134.943, 58.646 ], [ -134.986, 58.766 ], [ -135.132, 58.843 ], [ -135.217, 59.077 ], [ -135.33, 59.239 ], [ -135.364, 59.419 ], [ -135.413, 59.318 ], [ -135.484, 59.309 ], [ -135.4, 59.208 ], [ -135.502, 59.202 ], [ -135.386, 59.088 ], [ -135.334, 58.91 ], [ -135.062, 58.341 ], [ -135.05, 58.307 ], [ -135.09, 58.246 ], [ -135.303, 58.256 ], [ -135.45, 58.376 ], [ -135.572, 58.412 ], [ -135.898, 58.4 ], [ -135.862, 58.577 ], [ -136.045, 58.789 ], [ -136.043, 58.822 ], [ -135.826, 58.898 ], [ -136.017, 58.874 ], [ -136.15, 59.048 ], [ -136.159, 58.947 ], [ -136.124, 58.893 ], [ -136.124, 58.82 ], [ -136.226, 58.765 ], [ -136.451, 58.846 ], [ -136.566, 58.941 ], [ -136.989, 59.034 ], [ -136.948, 58.935 ], [ -137.059, 58.874 ], [ -136.879, 58.882 ], [ -136.614, 58.809 ], [ -136.534, 58.74 ], [ -136.41, 58.701 ], [ -136.484, 58.618 ], [ -136.225, 58.602 ], [ -136.061, 58.453 ], [ -136.056, 58.384 ], [ -136.081, 58.364 ], [ -136.462, 58.328 ], [ -136.607, 58.244 ], [ -137.544, 58.581 ], [ -137.565, 58.626 ], [ -137.864, 58.786 ], [ -138.027, 58.941 ], [ -138.352, 59.087 ], [ -138.56, 59.129 ], [ -138.515, 59.166 ], [ -138.884, 59.237 ], [ -139.799, 59.546 ], [ -139.612, 59.61 ], [ -139.513, 59.698 ], [ -139.582, 59.848 ], [ -139.569, 59.912 ], [ -139.512, 59.954 ], [ -139.447, 59.957 ], [ -139.331, 59.877 ], [ -139.287, 59.611 ], [ -139.221, 59.82 ], [ -138.988, 59.835 ], [ -139.243, 59.893 ], [ -139.431, 60.012 ], [ -139.519, 60.017 ], [ -139.917, 59.806 ], [ -140.217, 59.727 ], [ -140.42, 59.711 ], [ -140.843, 59.749 ], [ -141.408, 59.903 ], [ -141.29, 60.004 ], [ -141.33, 60.083 ], [ -141.409, 60.118 ], [ -141.41, 60.042 ], [ -141.447, 60.019 ], [ -141.67, 59.97 ], [ -142.549, 60.086 ], [ -142.946, 60.097 ], [ -143.805, 60.013 ], [ -144.147, 60.016 ], [ -144.161, 60.046 ], [ -144.084, 60.063 ], [ -144.089, 60.084 ], [ -144.185, 60.151 ], [ -144.643, 60.225 ], [ -144.901, 60.335 ], [ -144.824, 60.534 ], [ -144.691, 60.669 ], [ -145.248, 60.38 ], [ -145.899, 60.478 ], [ -145.675, 60.651 ], [ -146.149, 60.661 ], [ -146.182, 60.735 ], [ -146.251, 60.749 ], [ -146.503, 60.701 ], [ -146.57, 60.729 ], [ -146.392, 60.811 ], [ -146.638, 60.897 ], [ -146.636, 60.993 ], [ -146.599, 61.054 ], [ -146.285, 61.113 ], [ -146.583, 61.128 ], [ -146.874, 61.005 ], [ -146.98, 60.978 ], [ -147.195, 60.997 ], [ -147.361, 60.915 ], [ -147.567, 60.995 ], [ -147.656, 60.91 ], [ -147.808, 60.885 ], [ -147.891, 60.89 ], [ -147.991, 60.948 ], [ -147.971, 61.019 ], [ -147.752, 61.219 ], [ -148.049, 61.083 ], [ -148.342, 61.06 ], [ -148.411, 61.011 ], [ -148.209, 61.03 ], [ -148.344, 60.854 ], [ -148.556, 60.827 ], [ -148.557, 60.803 ], [ -148.257, 60.675 ], [ -148.305, 60.583 ], [ -148.51, 60.565 ], [ -148.64, 60.489 ], [ -148.119, 60.575 ], [ -148.051, 60.567 ], [ -147.964, 60.485 ], [ -148.046, 60.428 ], [ -148.182, 60.393 ], [ -148.216, 60.323 ], [ -148.198, 60.168 ], [ -148.333, 60.122 ], [ -148.431, 59.989 ], [ -148.751, 59.948 ], [ -149.004, 59.98 ], [ -149.122, 60.034 ], [ -149.267, 59.998 ], [ -149.395, 60.106 ], [ -149.432, 60.001 ], [ -149.549, 59.894 ], [ -149.598, 59.77 ], [ -149.714, 59.92 ], [ -149.795, 59.856 ], [ -149.782, 59.75 ], [ -150.005, 59.784 ], [ -149.967, 59.69 ], [ -150.198, 59.567 ], [ -150.338, 59.581 ], [ -150.485, 59.535 ], [ -150.607, 59.563 ], [ -150.623, 59.48 ], [ -150.677, 59.427 ], [ -150.853, 59.342 ], [ -150.935, 59.249 ], [ -151.183, 59.301 ], [ -151.171, 59.237 ], [ -151.366, 59.246 ], [ -151.738, 59.189 ], [ -151.95, 59.265 ], [ -151.932, 59.343 ], [ -151.85, 59.406 ], [ -151.4, 59.516 ], [ -151.189, 59.638 ], [ -151.046, 59.772 ], [ -151.089, 59.789 ], [ -151.45, 59.65 ], [ -151.764, 59.7 ], [ -151.817, 59.721 ], [ -151.853, 59.782 ], [ -151.735, 59.988 ], [ -151.396, 60.274 ], [ -151.313, 60.466 ], [ -151.355, 60.66 ], [ -151.356, 60.723 ], [ -151.322, 60.743 ], [ -150.441, 61.024 ], [ -150.349, 61.023 ], [ -150.113, 60.933 ], [ -149.632, 60.952 ], [ -149.075, 60.876 ], [ -149.142, 60.936 ], [ -149.592, 60.994 ], [ -150.053, 61.171 ], [ -149.895, 61.232 ], [ -149.737, 61.363 ], [ -149.329, 61.497 ], [ -149.434, 61.501 ], [ -149.695, 61.471 ], [ -149.824, 61.413 ], [ -149.976, 61.279 ], [ -150.472, 61.26 ], [ -150.567, 61.307 ], [ -150.945, 61.198 ], [ -151.15, 61.086 ], [ -151.594, 60.98 ], [ -151.734, 60.911 ], [ -151.784, 60.833 ], [ -151.75, 60.755 ], [ -151.996, 60.682 ], [ -152.271, 60.528 ], [ -152.305, 60.453 ], [ -152.26, 60.409 ], [ -152.369, 60.336 ], [ -152.654, 60.238 ], [ -153.025, 60.296 ], [ -152.665, 60.125 ], [ -152.63, 60.084 ], [ -152.66, 59.997 ], [ -152.759, 59.921 ], [ -153.211, 59.843 ], [ -153.025, 59.794 ], [ -153.048, 59.73 ], [ -153.094, 59.709 ], [ -153.364, 59.66 ], [ -153.366, 59.73 ], [ -153.414, 59.74 ], [ -153.653, 59.647 ], [ -153.671, 59.635 ], [ -153.609, 59.615 ], [ -153.753, 59.51 ], [ -154.088, 59.363 ], [ -154.067, 59.336 ], [ -154.178, 59.156 ], [ -154.13, 59.12 ], [ -153.656, 59.039 ], [ -153.418, 58.96 ], [ -153.327, 58.884 ], [ -153.438, 58.755 ], [ -153.617, 58.655 ], [ -153.862, 58.588 ], [ -154.02, 58.493 ], [ -154.086, 58.366 ], [ -154.289, 58.304 ], [ -154.208, 58.289 ], [ -154.247, 58.159 ], [ -154.571, 58.118 ], [ -154.585, 58.056 ], [ -155.007, 58.016 ], [ -155.147, 57.882 ], [ -155.59, 57.734 ], [ -155.596, 57.701 ], [ -155.778, 57.568 ], [ -156.0, 57.545 ], [ -156.037, 57.527 ], [ -156.055, 57.448 ], [ -156.242, 57.449 ], [ -156.436, 57.36 ], [ -156.478, 57.328 ], [ -156.398, 57.241 ], [ -156.4, 57.205 ], [ -156.475, 57.105 ], [ -156.592, 57.065 ], [ -156.629, 57.01 ], [ -156.78, 57.006 ], [ -157.139, 56.827 ], [ -157.441, 56.79 ], [ -157.578, 56.634 ], [ -157.869, 56.645 ], [ -158.078, 56.552 ], [ -157.93, 56.52 ], [ -158.414, 56.436 ], [ -158.552, 56.313 ], [ -158.386, 56.302 ], [ -158.276, 56.196 ], [ -158.476, 56.075 ], [ -158.523, 56.072 ], [ -158.543, 56.167 ], [ -158.591, 56.185 ], [ -158.705, 56.043 ], [ -158.79, 55.987 ], [ -159.523, 55.81 ], [ -159.568, 55.695 ], [ -159.66, 55.626 ], [ -159.678, 55.825 ], [ -159.771, 55.841 ], [ -160.373, 55.635 ], [ -160.499, 55.537 ], [ -160.625, 55.552 ], [ -160.771, 55.484 ], [ -160.897, 55.514 ], [ -161.178, 55.389 ], [ -161.464, 55.383 ], [ -161.477, 55.465 ], [ -161.413, 55.536 ], [ -161.202, 55.544 ], [ -161.357, 55.612 ], [ -161.517, 55.618 ], [ -161.654, 55.563 ], [ -161.742, 55.391 ], [ -162.074, 55.139 ], [ -162.167, 55.144 ], [ -162.275, 55.073 ], [ -162.386, 55.052 ], [ -162.457, 55.078 ], [ -162.413, 55.107 ], [ -162.495, 55.208 ], [ -162.542, 55.243 ], [ -162.63, 55.247 ], [ -162.619, 55.038 ], [ -162.674, 54.997 ], [ -162.865, 54.955 ], [ -162.996, 55.046 ], [ -163.12, 55.065 ], [ -163.1, 54.974 ], [ -163.131, 54.917 ], [ -163.335, 54.839 ], [ -163.279, 55.122 ], [ -163.114, 55.194 ], [ -162.907, 55.196 ], [ -162.157, 55.719 ], [ -161.697, 55.907 ], [ -161.216, 56.021 ], [ -161.179, 56.014 ], [ -161.223, 55.977 ], [ -161.193, 55.954 ], [ -160.899, 55.994 ], [ -160.878, 55.97 ], [ -160.902, 55.941 ], [ -161.008, 55.912 ], [ -161.005, 55.887 ], [ -160.803, 55.754 ], [ -160.746, 55.771 ], [ -160.758, 55.855 ], [ -160.706, 55.87 ], [ -160.53, 55.863 ], [ -160.437, 55.817 ], [ -160.292, 55.805 ], [ -160.27, 55.832 ], [ -160.309, 55.864 ], [ -160.48, 55.935 ], [ -160.539, 56.006 ], [ -160.302, 56.314 ], [ -159.785, 56.562 ], [ -159.283, 56.689 ], [ -158.918, 56.882 ], [ -158.895, 56.816 ], [ -158.675, 56.795 ], [ -158.661, 57.039 ], [ -158.321, 57.298 ], [ -158.134, 57.366 ], [ -157.846, 57.528 ], [ -157.737, 57.548 ], [ -157.535, 57.483 ], [ -157.462, 57.506 ], [ -157.572, 57.541 ], [ -157.697, 57.679 ], [ -157.621, 57.895 ], [ -157.611, 58.051 ], [ -157.555, 58.14 ], [ -157.194, 58.194 ], [ -157.488, 58.254 ], [ -157.524, 58.421 ], [ -157.461, 58.503 ], [ -157.229, 58.641 ], [ -156.975, 58.736 ], [ -157.04, 58.773 ], [ -156.809, 59.134 ], [ -156.963, 58.989 ], [ -157.142, 58.878 ], [ -158.191, 58.614 ], [ -158.303, 58.642 ], [ -158.503, 58.85 ], [ -158.426, 58.999 ], [ -158.081, 58.977 ], [ -158.423, 59.09 ], [ -158.514, 59.073 ], [ -158.678, 58.929 ], [ -158.809, 58.974 ], [ -158.776, 58.903 ], [ -158.861, 58.719 ], [ -158.772, 58.52 ], [ -158.789, 58.441 ], [ -158.951, 58.405 ], [ -159.083, 58.47 ], [ -159.454, 58.793 ], [ -159.67, 58.911 ], [ -159.92, 58.82 ], [ -160.153, 58.906 ], [ -160.363, 59.051 ], [ -160.817, 58.872 ], [ -161.247, 58.799 ], [ -161.328, 58.744 ], [ -161.361, 58.67 ], [ -161.755, 58.612 ], [ -162.145, 58.644 ], [ -161.856, 58.717 ], [ -161.724, 58.794 ], [ -161.781, 58.897 ], [ -161.789, 59.016 ], [ -161.644, 59.11 ], [ -161.794, 59.109 ], [ -161.891, 59.076 ], [ -161.981, 59.146 ], [ -162.023, 59.284 ], [ -161.872, 59.428 ], [ -161.829, 59.589 ], [ -162.138, 59.98 ], [ -162.242, 60.178 ], [ -162.421, 60.284 ], [ -162.139, 60.614 ], [ -161.947, 60.685 ], [ -162.138, 60.686 ], [ -162.469, 60.395 ], [ -162.685, 60.269 ], [ -162.548, 60.231 ], [ -162.527, 60.199 ], [ -162.5, 60.127 ], [ -162.571, 59.99 ], [ -162.733, 59.994 ], [ -162.878, 59.923 ], [ -163.219, 59.846 ], [ -163.907, 59.807 ], [ -164.143, 59.897 ], [ -164.132, 59.994 ], [ -164.47, 60.149 ], [ -164.662, 60.304 ], [ -164.8, 60.307 ], [ -165.061, 60.413 ], [ -165.027, 60.501 ], [ -165.354, 60.541 ], [ -165.016, 60.74 ], [ -164.9, 60.873 ], [ -164.805, 60.892 ], [ -164.319, 60.771 ], [ -164.266, 60.725 ], [ -164.372, 60.592 ], [ -164.0, 60.766 ], [ -163.895, 60.745 ], [ -163.73, 60.59 ], [ -163.529, 60.665 ], [ -163.421, 60.757 ], [ -163.623, 60.822 ], [ -163.907, 60.854 ], [ -163.587, 60.903 ], [ -163.749, 60.97 ], [ -163.995, 60.865 ], [ -164.442, 60.87 ], [ -164.754, 60.931 ], [ -165.115, 60.933 ], [ -165.175, 60.966 ], [ -164.869, 61.112 ], [ -165.077, 61.094 ], [ -165.138, 61.13 ], [ -165.128, 61.192 ], [ -165.204, 61.153 ], [ -165.345, 61.198 ], [ -165.244, 61.269 ], [ -165.274, 61.275 ], [ -165.334, 61.266 ], [ -165.392, 61.212 ], [ -165.381, 61.106 ], [ -165.566, 61.102 ], [ -165.691, 61.3 ], [ -165.864, 61.336 ], [ -165.906, 61.404 ], [ -165.797, 61.491 ], [ -165.845, 61.536 ], [ -165.961, 61.551 ], [ -166.094, 61.507 ], [ -166.153, 61.546 ], [ -166.168, 61.651 ], [ -165.809, 61.696 ], [ -166.02, 61.748 ], [ -166.079, 61.803 ], [ -165.613, 61.869 ], [ -165.725, 61.959 ], [ -165.744, 62.012 ], [ -165.707, 62.1 ], [ -165.195, 62.474 ], [ -165.0, 62.534 ], [ -164.758, 62.497 ], [ -164.844, 62.581 ], [ -164.688, 62.608 ], [ -164.589, 62.709 ], [ -164.793, 62.623 ], [ -164.845, 62.801 ], [ -164.8, 62.918 ], [ -164.677, 63.02 ], [ -164.384, 63.03 ], [ -164.375, 63.054 ], [ -164.525, 63.128 ], [ -164.409, 63.215 ], [ -164.108, 63.262 ], [ -163.943, 63.247 ], [ -163.736, 63.193 ], [ -163.616, 63.125 ], [ -163.738, 63.016 ], [ -163.504, 63.106 ], [ -163.288, 63.046 ], [ -162.948, 63.115 ], [ -162.808, 63.207 ], [ -162.621, 63.266 ], [ -162.283, 63.529 ], [ -162.112, 63.534 ], [ -162.056, 63.471 ], [ -161.974, 63.453 ], [ -161.505, 63.468 ], [ -161.266, 63.497 ], [ -160.927, 63.661 ], [ -160.827, 63.729 ], [ -160.779, 63.819 ], [ -160.904, 64.031 ], [ -160.988, 64.251 ], [ -161.22, 64.397 ], [ -161.386, 64.44 ], [ -161.491, 64.434 ], [ -161.415, 64.526 ], [ -161.193, 64.516 ], [ -160.932, 64.579 ], [ -160.836, 64.682 ], [ -160.887, 64.796 ], [ -161.13, 64.925 ], [ -161.466, 64.795 ], [ -161.759, 64.816 ], [ -161.868, 64.743 ], [ -162.335, 64.613 ], [ -162.636, 64.451 ], [ -162.711, 64.378 ], [ -162.807, 64.374 ], [ -162.876, 64.516 ], [ -163.204, 64.652 ], [ -163.303, 64.606 ], [ -163.174, 64.533 ], [ -163.052, 64.52 ], [ -163.144, 64.424 ], [ -163.486, 64.55 ], [ -163.713, 64.588 ], [ -164.304, 64.584 ], [ -164.692, 64.507 ], [ -164.765, 64.53 ], [ -164.979, 64.454 ], [ -166.143, 64.583 ], [ -166.325, 64.626 ], [ -166.481, 64.728 ], [ -166.478, 64.798 ], [ -166.409, 64.827 ], [ -166.415, 64.927 ], [ -166.551, 64.953 ], [ -166.928, 65.157 ], [ -166.763, 65.135 ], [ -166.531, 65.155 ], [ -166.452, 65.247 ], [ -166.121, 65.261 ], [ -166.157, 65.286 ], [ -167.404, 65.422 ], [ -167.987, 65.568 ], [ -168.088, 65.658 ], [ -167.931, 65.748 ], [ -167.914, 65.681 ], [ -167.58, 65.758 ], [ -167.405, 65.859 ], [ -167.074, 65.877 ], [ -166.748, 66.052 ], [ -166.399, 66.144 ], [ -166.215, 66.17 ], [ -166.009, 66.121 ], [ -165.63, 66.131 ], [ -165.56, 66.167 ], [ -165.84, 66.245 ], [ -165.812, 66.288 ], [ -165.449, 66.41 ], [ -165.064, 66.438 ], [ -164.46, 66.588 ], [ -163.728, 66.616 ], [ -163.638, 66.575 ], [ -163.894, 66.576 ], [ -163.775, 66.531 ], [ -163.903, 66.378 ], [ -163.894, 66.287 ], [ -164.034, 66.216 ], [ -163.695, 66.084 ], [ -162.886, 66.099 ], [ -162.587, 66.051 ], [ -162.214, 66.071 ], [ -161.934, 66.043 ], [ -161.816, 66.054 ], [ -161.557, 66.251 ], [ -161.455, 66.281 ], [ -161.201, 66.219 ], [ -161.109, 66.24 ], [ -161.034, 66.189 ], [ -161.07, 66.295 ], [ -161.12, 66.334 ], [ -161.544, 66.407 ], [ -161.828, 66.371 ], [ -161.917, 66.412 ], [ -161.888, 66.493 ], [ -162.191, 66.693 ], [ -162.318, 66.734 ], [ -162.467, 66.736 ], [ -162.607, 66.894 ], [ -162.362, 66.947 ], [ -162.254, 66.919 ], [ -162.131, 66.801 ], [ -162.018, 66.784 ], [ -162.051, 66.667 ], [ -161.91, 66.56 ], [ -161.591, 66.46 ], [ -161.156, 66.495 ], [ -160.784, 66.384 ], [ -160.651, 66.373 ], [ -160.232, 66.42 ], [ -160.227, 66.509 ], [ -160.263, 66.572 ], [ -160.361, 66.613 ], [ -160.644, 66.605 ], [ -160.864, 66.671 ], [ -161.051, 66.653 ], [ -161.398, 66.552 ], [ -161.857, 66.7 ], [ -161.879, 66.804 ], [ -161.622, 66.979 ], [ -161.72, 67.021 ], [ -161.965, 67.05 ], [ -162.392, 67.02 ], [ -162.409, 67.104 ], [ -162.583, 67.018 ], [ -163.002, 67.027 ], [ -163.532, 67.103 ], [ -163.721, 67.196 ], [ -163.943, 67.478 ], [ -164.125, 67.607 ], [ -165.386, 68.046 ], [ -165.96, 68.156 ], [ -166.236, 68.278 ], [ -166.786, 68.36 ], [ -166.546, 68.424 ], [ -166.648, 68.374 ], [ -166.57, 68.361 ], [ -166.381, 68.425 ], [ -166.182, 68.797 ], [ -166.209, 68.885 ], [ -165.509, 68.868 ], [ -164.302, 68.936 ], [ -163.868, 69.037 ], [ -163.536, 69.17 ], [ -163.205, 69.393 ], [ -163.161, 69.388 ], [ -163.094, 69.611 ], [ -162.952, 69.758 ], [ -161.881, 70.332 ], [ -161.761, 70.258 ], [ -162.074, 70.162 ], [ -160.996, 70.305 ], [ -160.634, 70.446 ], [ -160.117, 70.591 ], [ -159.963, 70.568 ], [ -160.106, 70.473 ], [ -160.006, 70.448 ], [ -160.095, 70.333 ], [ -159.908, 70.331 ], [ -159.866, 70.279 ], [ -159.815, 70.497 ], [ -159.683, 70.477 ], [ -159.387, 70.525 ], [ -159.746, 70.53 ], [ -159.962, 70.634 ], [ -160.082, 70.635 ], [ -159.681, 70.787 ], [ -159.315, 70.879 ], [ -159.192, 70.86 ], [ -159.183, 70.832 ], [ -159.34, 70.781 ], [ -159.251, 70.748 ], [ -158.996, 70.802 ], [ -158.621, 70.799 ], [ -158.484, 70.841 ], [ -157.909, 70.86 ], [ -157.325, 71.04 ], [ -156.783, 71.319 ], [ -156.47, 71.408 ], [ -156.395, 71.397 ], [ -156.567, 71.342 ], [ -156.47, 71.292 ], [ -155.646, 71.183 ], [ -155.579, 71.121 ], [ -155.635, 71.062 ], [ -155.804, 70.995 ], [ -156.147, 70.928 ], [ -156.042, 70.902 ], [ -155.974, 70.842 ], [ -155.872, 70.835 ], [ -155.579, 70.894 ], [ -155.167, 71.099 ], [ -154.944, 71.083 ], [ -154.674, 70.987 ], [ -154.785, 70.894 ], [ -154.195, 70.801 ], [ -153.918, 70.877 ], [ -153.498, 70.891 ], [ -153.233, 70.933 ], [ -152.3, 70.847 ], [ -152.233, 70.81 ], [ -152.437, 70.733 ], [ -152.471, 70.654 ], [ -152.27, 70.615 ], [ -152.253, 70.568 ], [ -152.173, 70.557 ], [ -151.769, 70.56 ], [ -151.945, 70.452 ], [ -151.225, 70.419 ], [ -150.663, 70.51 ], [ -150.274, 70.434 ], [ -149.87, 70.51 ], [ -149.269, 70.501 ], [ -148.688, 70.416 ], [ -148.479, 70.318 ], [ -148.143, 70.355 ], [ -147.87, 70.303 ], [ -147.705, 70.217 ], [ -147.063, 70.17 ], [ -146.745, 70.192 ], [ -145.823, 70.16 ], [ -145.197, 70.009 ], [ -144.619, 69.982 ], [ -144.417, 70.039 ], [ -143.218, 70.116 ], [ -142.708, 70.034 ], [ -142.297, 69.87 ], [ -141.699, 69.77 ], [ -141.408, 69.653 ], [ -141.002, 69.651 ], [ -141.002, 60.3 ], [ -140.525, 60.218 ], [ -140.453, 60.3 ], [ -139.973, 60.183 ], [ -139.676, 60.328 ], [ -139.079, 60.344 ], [ -139.079, 60.279 ], [ -139.185, 60.084 ], [ -139.057, 60.002 ] ] ], [ [ [ -165.83, 66.317 ], [ -166.149, 66.222 ], [ -165.822, 66.328 ], [ -165.83, 66.317 ] ] ], [ [ [ -171.646, 63.727 ], [ -171.448, 63.616 ], [ -170.875, 63.594 ], [ -170.673, 63.669 ], [ -170.43, 63.699 ], [ -170.122, 63.618 ], [ -170.017, 63.492 ], [ -169.624, 63.431 ], [ -169.555, 63.373 ], [ -168.716, 63.311 ], [ -168.761, 63.214 ], [ -168.852, 63.171 ], [ -169.365, 63.171 ], [ -169.559, 63.058 ], [ -169.571, 62.997 ], [ -169.676, 62.956 ], [ -169.819, 63.122 ], [ -170.19, 63.196 ], [ -170.273, 63.284 ], [ -170.527, 63.379 ], [ -170.954, 63.453 ], [ -171.519, 63.332 ], [ -171.791, 63.425 ], [ -171.818, 63.53 ], [ -171.746, 63.703 ], [ -171.646, 63.727 ] ] ], [ [ [ -147.931, 60.826 ], [ -148.057, 60.818 ], [ -148.124, 60.844 ], [ -148.102, 60.916 ], [ -148.038, 60.924 ], [ -147.964, 60.9 ], [ -147.931, 60.826 ] ] ], [ [ [ -172.86, 60.506 ], [ -172.526, 60.392 ], [ -172.388, 60.398 ], [ -172.232, 60.299 ], [ -172.636, 60.329 ], [ -173.074, 60.493 ], [ -173.048, 60.568 ], [ -172.924, 60.607 ], [ -172.86, 60.506 ] ] ], [ [ [ -152.021, 60.362 ], [ -152.069, 60.358 ], [ -152.005, 60.407 ], [ -151.96, 60.504 ], [ -151.899, 60.49 ], [ -151.887, 60.473 ], [ -152.021, 60.362 ] ] ], [ [ [ -147.658, 60.45 ], [ -147.69, 60.399 ], [ -147.66, 60.352 ], [ -147.732, 60.222 ], [ -147.816, 60.185 ], [ -147.805, 60.231 ], [ -147.871, 60.23 ], [ -147.891, 60.299 ], [ -147.795, 60.46 ], [ -147.76, 60.439 ], [ -147.689, 60.491 ], [ -147.658, 60.45 ] ] ], [ [ [ -146.56, 60.481 ], [ -146.372, 60.422 ], [ -146.102, 60.411 ], [ -146.595, 60.268 ], [ -146.703, 60.396 ], [ -146.56, 60.481 ] ] ], [ [ [ -145.102, 60.388 ], [ -145.15, 60.313 ], [ -145.284, 60.337 ], [ -145.128, 60.401 ], [ -145.102, 60.388 ] ] ], [ [ [ -166.135, 60.384 ], [ -166.044, 60.334 ], [ -165.841, 60.346 ], [ -165.73, 60.314 ], [ -165.689, 60.224 ], [ -165.712, 60.069 ], [ -165.631, 60.028 ], [ -165.592, 59.913 ], [ -165.947, 59.89 ], [ -166.1, 59.85 ], [ -166.131, 59.82 ], [ -166.107, 59.775 ], [ -166.149, 59.764 ], [ -166.262, 59.815 ], [ -166.628, 59.865 ], [ -167.139, 60.009 ], [ -167.436, 60.207 ], [ -167.252, 60.234 ], [ -166.836, 60.217 ], [ -166.784, 60.296 ], [ -166.476, 60.383 ], [ -166.135, 60.384 ] ] ], [ [ [ -147.499, 59.89 ], [ -147.846, 59.799 ], [ -147.872, 59.828 ], [ -147.768, 59.944 ], [ -147.337, 60.185 ], [ -147.181, 60.358 ], [ -147.02, 60.332 ], [ -146.958, 60.289 ], [ -147.318, 60.075 ], [ -147.499, 59.89 ] ] ], [ [ [ -147.914, 60.092 ], [ -148.074, 60.035 ], [ -148.272, 60.053 ], [ -148.231, 60.114 ], [ -148.08, 60.152 ], [ -147.914, 60.092 ] ] ], [ [ [ -144.249, 59.982 ], [ -144.614, 59.813 ], [ -144.445, 59.951 ], [ -144.236, 60.015 ], [ -144.249, 59.982 ] ] ], [ [ [ -160.919, 58.577 ], [ -161.07, 58.569 ], [ -161.132, 58.668 ], [ -160.986, 58.736 ], [ -160.715, 58.795 ], [ -160.919, 58.577 ] ] ], [ [ [ -152.486, 58.485 ], [ -152.637, 58.542 ], [ -152.463, 58.618 ], [ -152.368, 58.611 ], [ -152.362, 58.571 ], [ -152.486, 58.485 ] ] ], [ [ [ -152.612, 58.446 ], [ -152.381, 58.352 ], [ -152.316, 58.413 ], [ -152.198, 58.363 ], [ -152.125, 58.374 ], [ -152.079, 58.312 ], [ -151.974, 58.31 ], [ -151.983, 58.244 ], [ -152.109, 58.161 ], [ -152.268, 58.252 ], [ -152.334, 58.208 ], [ -152.309, 58.134 ], [ -152.538, 58.101 ], [ -152.571, 58.168 ], [ -152.598, 58.163 ], [ -152.683, 58.063 ], [ -152.928, 57.994 ], [ -153.381, 58.087 ], [ -152.976, 58.297 ], [ -152.772, 58.279 ], [ -152.769, 58.346 ], [ -152.841, 58.416 ], [ -152.612, 58.446 ] ] ], [ [ [ -134.68, 58.162 ], [ -134.24, 58.144 ], [ -133.966, 57.874 ], [ -133.823, 57.629 ], [ -133.925, 57.671 ], [ -134.18, 58.011 ], [ -134.25, 58.049 ], [ -134.307, 58.034 ], [ -134.267, 57.885 ], [ -133.937, 57.582 ], [ -133.921, 57.492 ], [ -133.974, 57.451 ], [ -133.909, 57.369 ], [ -133.925, 57.337 ], [ -134.1, 57.3 ], [ -134.26, 57.147 ], [ -134.435, 57.057 ], [ -134.555, 57.058 ], [ -134.613, 57.138 ], [ -134.62, 57.196 ], [ -134.576, 57.232 ], [ -134.487, 57.482 ], [ -134.66, 57.638 ], [ -134.781, 58.078 ], [ -134.908, 58.263 ], [ -134.923, 58.355 ], [ -134.837, 58.32 ], [ -134.68, 58.162 ] ] ], [ [ [ -134.313, 58.229 ], [ -134.32, 58.204 ], [ -134.456, 58.207 ], [ -134.662, 58.291 ], [ -134.52, 58.333 ], [ -134.313, 58.229 ] ] ], [ [ [ -135.787, 58.268 ], [ -135.587, 58.147 ], [ -135.615, 58.057 ], [ -135.693, 58.039 ], [ -135.613, 57.992 ], [ -135.347, 58.124 ], [ -135.163, 58.096 ], [ -134.955, 58.015 ], [ -134.928, 57.953 ], [ -134.971, 57.817 ], [ -135.103, 57.794 ], [ -135.231, 57.816 ], [ -135.338, 57.769 ], [ -135.25, 57.733 ], [ -134.979, 57.724 ], [ -134.873, 57.589 ], [ -134.931, 57.481 ], [ -135.564, 57.666 ], [ -135.609, 57.651 ], [ -135.618, 57.48 ], [ -135.692, 57.42 ], [ -135.911, 57.447 ], [ -136.077, 57.675 ], [ -136.46, 57.873 ], [ -136.569, 57.972 ], [ -136.512, 58.096 ], [ -136.37, 58.143 ], [ -136.322, 58.219 ], [ -136.144, 58.098 ], [ -136.142, 58.154 ], [ -136.094, 58.198 ], [ -135.947, 58.206 ], [ -135.787, 58.268 ] ] ], [ [ [ -152.898, 57.824 ], [ -152.891, 57.769 ], [ -152.616, 57.849 ], [ -152.429, 57.826 ], [ -152.419, 57.782 ], [ -152.485, 57.734 ], [ -152.483, 57.703 ], [ -152.411, 57.646 ], [ -152.237, 57.615 ], [ -152.216, 57.577 ], [ -152.412, 57.455 ], [ -152.941, 57.498 ], [ -152.997, 57.469 ], [ -152.781, 57.453 ], [ -152.679, 57.345 ], [ -152.879, 57.321 ], [ -153.052, 57.238 ], [ -153.274, 57.226 ], [ -153.588, 57.078 ], [ -153.733, 57.052 ], [ -153.647, 57.03 ], [ -153.643, 56.961 ], [ -153.757, 56.858 ], [ -153.973, 56.774 ], [ -154.051, 56.788 ], [ -154.071, 56.821 ], [ -153.793, 56.989 ], [ -153.999, 57.05 ], [ -154.103, 57.021 ], [ -154.035, 57.122 ], [ -154.244, 57.143 ], [ -154.381, 57.097 ], [ -154.239, 57.087 ], [ -154.184, 57.005 ], [ -154.261, 56.912 ], [ -154.339, 56.921 ], [ -154.499, 57.037 ], [ -154.569, 57.206 ], [ -154.706, 57.335 ], [ -154.673, 57.446 ], [ -154.535, 57.559 ], [ -154.281, 57.638 ], [ -154.116, 57.651 ], [ -154.03, 57.631 ], [ -153.995, 57.587 ], [ -154.008, 57.556 ], [ -153.947, 57.53 ], [ -153.805, 57.358 ], [ -153.688, 57.305 ], [ -153.798, 57.443 ], [ -153.838, 57.636 ], [ -153.69, 57.641 ], [ -153.693, 57.663 ], [ -153.906, 57.791 ], [ -153.842, 57.863 ], [ -153.696, 57.871 ], [ -153.524, 57.731 ], [ -153.488, 57.731 ], [ -153.39, 57.798 ], [ -153.217, 57.796 ], [ -153.169, 57.911 ], [ -153.226, 57.958 ], [ -153.16, 57.972 ], [ -152.85, 57.897 ], [ -152.898, 57.824 ] ] ], [ [ [ -153.241, 57.85 ], [ -153.295, 57.829 ], [ -153.52, 57.956 ], [ -153.481, 57.971 ], [ -153.347, 57.933 ], [ -153.241, 57.85 ] ] ], [ [ [ -134.97, 57.351 ], [ -134.823, 57.157 ], [ -134.621, 56.718 ], [ -134.611, 56.603 ], [ -134.657, 56.523 ], [ -134.63, 56.302 ], [ -134.682, 56.216 ], [ -134.806, 56.281 ], [ -134.981, 56.519 ], [ -134.967, 56.596 ], [ -134.883, 56.679 ], [ -135.018, 56.66 ], [ -135.159, 56.725 ], [ -135.163, 56.824 ], [ -135.285, 56.8 ], [ -135.331, 56.822 ], [ -135.315, 56.932 ], [ -135.2, 57.027 ], [ -135.341, 57.082 ], [ -135.375, 57.188 ], [ -135.455, 57.249 ], [ -135.502, 57.244 ], [ -135.662, 57.034 ], [ -135.812, 57.01 ], [ -135.768, 57.1 ], [ -135.823, 57.28 ], [ -135.787, 57.317 ], [ -135.625, 57.354 ], [ -135.449, 57.534 ], [ -135.346, 57.533 ], [ -134.97, 57.351 ] ] ], [ [ [ -170.161, 57.184 ], [ -170.264, 57.137 ], [ -170.358, 57.154 ], [ -170.387, 57.203 ], [ -170.116, 57.242 ], [ -170.161, 57.184 ] ] ], [ [ [ -152.908, 57.152 ], [ -153.157, 57.094 ], [ -153.295, 57.0 ], [ -153.375, 57.052 ], [ -153.354, 57.132 ], [ -153.285, 57.185 ], [ -152.908, 57.152 ] ] ], [ [ [ -133.866, 57.069 ], [ -133.3, 56.972 ], [ -133.264, 57.005 ], [ -133.071, 56.974 ], [ -132.954, 56.88 ], [ -132.959, 56.677 ], [ -133.004, 56.624 ], [ -133.329, 56.83 ], [ -133.157, 56.611 ], [ -133.145, 56.528 ], [ -133.181, 56.474 ], [ -133.603, 56.464 ], [ -133.649, 56.517 ], [ -133.681, 56.798 ], [ -133.823, 56.924 ], [ -133.979, 57.01 ], [ -133.962, 57.043 ], [ -133.866, 57.069 ] ] ], [ [ [ -134.143, 56.932 ], [ -133.925, 56.776 ], [ -133.831, 56.781 ], [ -133.738, 56.65 ], [ -133.767, 56.6 ], [ -133.855, 56.582 ], [ -133.885, 56.292 ], [ -133.95, 56.128 ], [ -133.994, 56.101 ], [ -134.067, 56.133 ], [ -134.122, 56.077 ], [ -134.19, 56.077 ], [ -134.245, 56.203 ], [ -134.195, 56.414 ], [ -134.084, 56.456 ], [ -134.29, 56.58 ], [ -134.278, 56.617 ], [ -134.384, 56.724 ], [ -134.374, 56.839 ], [ -134.274, 56.918 ], [ -134.143, 56.932 ] ] ], [ [ [ -132.568, 56.576 ], [ -132.885, 56.512 ], [ -132.931, 56.524 ], [ -132.948, 56.567 ], [ -132.843, 56.795 ], [ -132.656, 56.685 ], [ -132.568, 56.576 ] ] ], [ [ [ -169.755, 56.635 ], [ -169.55, 56.628 ], [ -169.474, 56.594 ], [ -169.633, 56.546 ], [ -169.766, 56.608 ], [ -169.755, 56.635 ] ] ], [ [ [ -154.209, 56.515 ], [ -154.332, 56.539 ], [ -154.322, 56.571 ], [ -154.217, 56.609 ], [ -154.11, 56.603 ], [ -154.116, 56.544 ], [ -154.209, 56.515 ] ] ], [ [ [ -154.445, 56.573 ], [ -154.751, 56.412 ], [ -154.777, 56.44 ], [ -154.624, 56.561 ], [ -154.518, 56.601 ], [ -154.445, 56.573 ] ] ], [ [ [ -132.067, 56.244 ], [ -132.133, 55.943 ], [ -132.369, 55.94 ], [ -132.421, 55.98 ], [ -132.406, 56.029 ], [ -132.451, 56.056 ], [ -132.66, 56.078 ], [ -132.699, 56.198 ], [ -132.599, 56.242 ], [ -132.38, 56.499 ], [ -132.316, 56.487 ], [ -132.067, 56.244 ] ] ], [ [ [ -132.78, 56.247 ], [ -132.891, 56.259 ], [ -133.038, 56.365 ], [ -132.902, 56.454 ], [ -132.643, 56.435 ], [ -132.647, 56.313 ], [ -132.78, 56.247 ] ] ], [ [ [ -133.566, 56.339 ], [ -133.203, 56.32 ], [ -133.082, 56.194 ], [ -133.097, 56.09 ], [ -132.758, 55.995 ], [ -132.598, 55.895 ], [ -132.43, 55.687 ], [ -132.173, 55.481 ], [ -132.511, 55.594 ], [ -132.631, 55.473 ], [ -132.418, 55.483 ], [ -132.215, 55.384 ], [ -132.16, 55.323 ], [ -132.207, 55.224 ], [ -132.005, 55.231 ], [ -131.976, 55.209 ], [ -132.0, 55.034 ], [ -131.981, 54.805 ], [ -132.022, 54.726 ], [ -132.189, 54.735 ], [ -132.341, 54.907 ], [ -132.549, 54.953 ], [ -132.594, 54.996 ], [ -132.622, 55.136 ], [ -132.702, 55.131 ], [ -132.683, 55.074 ], [ -132.704, 55.03 ], [ -132.782, 55.048 ], [ -132.913, 55.188 ], [ -133.119, 55.328 ], [ -133.103, 55.36 ], [ -132.959, 55.396 ], [ -133.082, 55.504 ], [ -133.033, 55.59 ], [ -133.298, 55.607 ], [ -133.369, 55.689 ], [ -133.553, 55.691 ], [ -133.68, 55.785 ], [ -133.584, 55.837 ], [ -133.412, 55.798 ], [ -133.242, 55.921 ], [ -133.289, 56.019 ], [ -133.371, 56.036 ], [ -133.684, 55.943 ], [ -133.743, 55.965 ], [ -133.755, 55.999 ], [ -133.531, 56.146 ], [ -133.594, 56.216 ], [ -133.599, 56.316 ], [ -133.566, 56.339 ] ] ], [ [ [ -130.979, 55.489 ], [ -131.083, 55.267 ], [ -131.188, 55.206 ], [ -131.262, 55.22 ], [ -131.316, 55.269 ], [ -131.421, 55.276 ], [ -131.451, 55.316 ], [ -131.422, 55.368 ], [ -131.448, 55.409 ], [ -131.522, 55.341 ], [ -131.641, 55.299 ], [ -131.763, 55.166 ], [ -131.811, 55.223 ], [ -131.846, 55.416 ], [ -131.648, 55.586 ], [ -131.625, 55.832 ], [ -131.269, 55.955 ], [ -130.998, 55.728 ], [ -130.966, 55.67 ], [ -130.979, 55.489 ] ] ], [ [ [ -155.566, 55.821 ], [ -155.605, 55.79 ], [ -155.681, 55.792 ], [ -155.737, 55.83 ], [ -155.594, 55.924 ], [ -155.566, 55.821 ] ] ], [ [ [ -133.305, 55.544 ], [ -133.282, 55.498 ], [ -133.65, 55.269 ], [ -133.635, 55.413 ], [ -133.737, 55.497 ], [ -133.634, 55.539 ], [ -133.305, 55.544 ] ] ], [ [ [ -160.685, 55.315 ], [ -160.553, 55.381 ], [ -160.583, 55.308 ], [ -160.488, 55.185 ], [ -160.609, 55.159 ], [ -160.702, 55.178 ], [ -160.795, 55.145 ], [ -160.825, 55.174 ], [ -160.84, 55.335 ], [ -160.724, 55.405 ], [ -160.672, 55.379 ], [ -160.685, 55.315 ] ] ], [ [ [ -160.329, 55.338 ], [ -160.343, 55.259 ], [ -160.517, 55.334 ], [ -160.362, 55.357 ], [ -160.329, 55.338 ] ] ], [ [ [ -132.982, 55.033 ], [ -132.838, 54.881 ], [ -132.772, 54.926 ], [ -132.617, 54.892 ], [ -132.647, 54.756 ], [ -132.706, 54.684 ], [ -132.807, 54.709 ], [ -133.009, 54.855 ], [ -133.123, 54.97 ], [ -133.251, 55.175 ], [ -133.418, 55.211 ], [ -133.454, 55.26 ], [ -133.429, 55.304 ], [ -133.297, 55.326 ], [ -133.097, 55.214 ], [ -132.996, 55.111 ], [ -132.982, 55.033 ] ] ], [ [ [ -159.873, 55.129 ], [ -160.17, 54.942 ], [ -160.227, 54.923 ], [ -160.154, 55.038 ], [ -160.172, 55.123 ], [ -159.982, 55.198 ], [ -159.92, 55.268 ], [ -159.871, 55.264 ], [ -159.898, 55.221 ], [ -159.839, 55.182 ], [ -159.873, 55.129 ] ] ], [ [ [ -131.405, 55.213 ], [ -131.232, 54.904 ], [ -131.406, 54.894 ], [ -131.446, 54.909 ], [ -131.431, 54.996 ], [ -131.482, 55.035 ], [ -131.592, 55.026 ], [ -131.595, 55.091 ], [ -131.556, 55.137 ], [ -131.578, 55.249 ], [ -131.513, 55.263 ], [ -131.405, 55.213 ] ] ], [ [ [ -159.515, 55.152 ], [ -159.535, 55.06 ], [ -159.648, 55.075 ], [ -159.64, 55.124 ], [ -159.598, 55.126 ], [ -159.575, 55.218 ], [ -159.545, 55.226 ], [ -159.515, 55.152 ] ] ], [ [ [ -159.362, 54.972 ], [ -159.421, 54.978 ], [ -159.462, 55.059 ], [ -159.39, 55.041 ], [ -159.362, 54.972 ] ] ], [ [ [ -163.476, 54.981 ], [ -163.379, 54.816 ], [ -163.135, 54.723 ], [ -163.083, 54.669 ], [ -163.358, 54.736 ], [ -163.583, 54.626 ], [ -164.073, 54.621 ], [ -164.235, 54.571 ], [ -164.403, 54.448 ], [ -164.591, 54.404 ], [ -164.823, 54.419 ], [ -164.904, 54.545 ], [ -164.888, 54.608 ], [ -164.706, 54.692 ], [ -164.479, 54.907 ], [ -164.274, 54.9 ], [ -163.807, 55.049 ], [ -163.607, 55.051 ], [ -163.476, 54.981 ] ] ], [ [ [ -162.298, 54.847 ], [ -162.391, 54.873 ], [ -162.434, 54.932 ], [ -162.265, 54.984 ], [ -162.234, 54.932 ], [ -162.298, 54.847 ] ] ], [ [ [ -162.554, 54.401 ], [ -162.641, 54.38 ], [ -162.733, 54.402 ], [ -162.812, 54.444 ], [ -162.821, 54.495 ], [ -162.645, 54.462 ], [ -162.554, 54.401 ] ] ], [ [ [ -165.408, 54.197 ], [ -165.615, 54.14 ], [ -165.654, 54.253 ], [ -165.551, 54.285 ], [ -165.488, 54.222 ], [ -165.408, 54.197 ] ] ], [ [ [ -165.693, 54.1 ], [ -166.036, 54.047 ], [ -166.106, 54.145 ], [ -166.041, 54.191 ], [ -165.893, 54.207 ], [ -165.693, 54.1 ] ] ], [ [ [ -166.615, 53.901 ], [ -166.572, 53.853 ], [ -166.497, 53.884 ], [ -166.372, 53.999 ], [ -166.231, 53.933 ], [ -166.489, 53.786 ], [ -166.549, 53.701 ], [ -166.385, 53.721 ], [ -166.309, 53.697 ], [ -166.702, 53.537 ], [ -166.77, 53.476 ], [ -167.154, 53.408 ], [ -167.629, 53.259 ], [ -167.809, 53.324 ], [ -167.136, 53.526 ], [ -167.092, 53.636 ], [ -167.016, 53.698 ], [ -166.894, 53.697 ], [ -166.819, 53.641 ], [ -166.804, 53.685 ], [ -166.741, 53.713 ], [ -167.072, 53.783 ], [ -167.118, 53.873 ], [ -167.038, 53.942 ], [ -166.673, 54.006 ], [ -166.627, 53.996 ], [ -166.615, 53.901 ] ] ], [ [ [ -166.21, 53.723 ], [ -166.251, 53.768 ], [ -166.114, 53.843 ], [ -166.139, 53.787 ], [ -166.21, 53.723 ] ] ], [ [ [ -167.865, 53.387 ], [ -168.271, 53.238 ], [ -168.506, 53.043 ], [ -169.089, 52.832 ], [ -168.796, 53.045 ], [ -168.778, 53.149 ], [ -168.69, 53.227 ], [ -168.38, 53.283 ], [ -168.396, 53.409 ], [ -168.288, 53.5 ], [ -168.073, 53.557 ], [ -167.828, 53.508 ], [ -167.805, 53.485 ], [ -167.865, 53.387 ] ] ], [ [ [ -169.692, 52.847 ], [ -169.723, 52.792 ], [ -169.981, 52.806 ], [ -169.992, 52.83 ], [ -169.821, 52.883 ], [ -169.692, 52.847 ] ] ], [ [ [ -170.614, 52.61 ], [ -170.797, 52.55 ], [ -170.827, 52.601 ], [ -170.682, 52.698 ], [ -170.585, 52.668 ], [ -170.614, 52.61 ] ] ], [ [ [ -174.677, 52.035 ], [ -175.214, 51.994 ], [ -175.296, 52.022 ], [ -174.306, 52.216 ], [ -174.259, 52.269 ], [ -174.436, 52.317 ], [ -174.169, 52.42 ], [ -174.018, 52.332 ], [ -174.055, 52.246 ], [ -174.179, 52.2 ], [ -174.121, 52.135 ], [ -174.677, 52.035 ] ] ], [ [ [ -172.465, 52.272 ], [ -172.62, 52.273 ], [ -172.47, 52.388 ], [ -172.314, 52.33 ], [ -172.465, 52.272 ] ] ], [ [ [ -173.657, 52.144 ], [ -173.357, 52.096 ], [ -173.023, 52.079 ], [ -173.461, 52.042 ], [ -173.836, 52.048 ], [ -173.993, 52.123 ], [ -173.794, 52.104 ], [ -173.657, 52.144 ] ] ], [ [ [ -175.975, 52.029 ], [ -176.045, 51.973 ], [ -176.143, 52.004 ], [ -176.185, 52.056 ], [ -176.156, 52.099 ], [ -176.077, 52.1 ], [ -175.975, 52.029 ] ] ], [ [ [ -176.55, 51.944 ], [ -176.588, 51.833 ], [ -176.437, 51.82 ], [ -176.452, 51.736 ], [ -176.511, 51.746 ], [ -176.771, 51.63 ], [ -176.837, 51.676 ], [ -176.962, 51.604 ], [ -176.874, 51.79 ], [ -176.736, 51.84 ], [ -176.745, 51.895 ], [ -176.698, 51.986 ], [ -176.597, 51.982 ], [ -176.55, 51.944 ] ] ], [ [ [ -177.148, 51.717 ], [ -177.655, 51.677 ], [ -177.67, 51.701 ], [ -177.257, 51.805 ], [ -177.166, 51.909 ], [ -177.11, 51.929 ], [ -177.063, 51.902 ], [ -177.135, 51.807 ], [ -177.148, 51.717 ] ] ], [ [ [ -177.771, 51.778 ], [ -177.925, 51.617 ], [ -178.059, 51.673 ], [ -178.078, 51.691 ], [ -178.0, 51.717 ], [ -177.986, 51.764 ], [ -178.195, 51.882 ], [ -178.117, 51.916 ], [ -177.954, 51.918 ], [ -177.8, 51.84 ], [ -177.645, 51.826 ], [ -177.771, 51.778 ] ] ], [ [ [ -176.009, 51.812 ], [ -176.093, 51.79 ], [ -176.204, 51.835 ], [ -176.194, 51.886 ], [ -176.009, 51.812 ] ] ], [ [ [ -176.287, 51.792 ], [ -176.35, 51.733 ], [ -176.396, 51.76 ], [ -176.414, 51.841 ], [ -176.379, 51.861 ], [ -176.287, 51.792 ] ] ] ] } },
{ "type": "Feature", "properties": { "name": "Alabama", "postal": "AL", "min_label": 3.5 }, "geometry": { "type": "MultiPolygon", "coordinates": [ [ [ [ -87.49, 30.378 ], [ -87.622, 30.265 ], [ -88.006, 30.231 ], [ -87.79, 30.292 ], [ -87.857, 30.407 ], [ -87.924, 30.45 ], [ -87.923, 30.562 ], [ -88.011, 30.694 ], [ -88.135, 30.367 ], [ -88.4, 30.371 ], [ -88.486, 31.891 ], [ -88.085, 34.933 ], [ -88.203, 35.024 ], [ -85.624, 35.001 ], [ -85.201, 32.956 ], [ -85.015, 32.526 ], [ -84.974, 32.409 ], [ -84.986, 32.361 ], [ -84.922, 32.286 ], [ -85.035, 32.147 ], [ -85.124, 31.881 ], [ -85.125, 31.777 ], [ -85.055, 31.573 ], [ -85.093, 31.296 ], [ -85.067, 31.118 ], [ -85.007, 31.002 ], [ -87.594, 31.001 ], [ -87.601, 30.861 ], [ -87.408, 30.641 ], [ -87.429, 30.478 ], [ -87.49, 30.378 ] ] ], [ [ [ -88.071, 30.252 ], [ -88.159, 30.231 ], [ -88.316, 30.24 ], [ -88.109, 30.274 ], [ -88.071, 30.252 ] ] ] ] } },
{ "type": "Feature", "properties": { "name": "Arkansas", "postal": "AR", "min_label": 3.5 }, "geometry": { "type": "Polygon", "coordinates": [ [ [ -89.705, 36.002 ], [ -89.689, 35.921 ], [ -89.764, 35.889 ], [ -89.78, 35.806 ], [ -89.895, 35.751 ], [ -89.944, 35.679 ], [ -89.927, 35.592 ], [ -89.967, 35.503 ], [ -90.066, 35.414 ], [ -90.108, 35.314 ], [ -90.093, 35.204 ], [ -90.142, 35.114 ], [ -90.256, 35.046 ], [ -90.32, 34.899 ], [ -90.416, 34.852 ], [ -90.475, 34.76 ], [ -90.539, 34.728 ], [ -90.584, 34.504 ], [ -90.635, 34.414 ], [ -90.762, 34.356 ], [ -90.817, 34.252 ], [ -90.91, 34.189 ], [ -90.94, 34.129 ], [ -90.915, 34.049 ], [ -91.07, 33.974 ], [ -91.038, 33.901 ], [ -91.053, 33.828 ], [ -91.207, 33.676 ], [ -91.173, 33.617 ], [ -91.215, 33.583 ], [ -91.141, 33.439 ], [ -91.163, 33.294 ], [ -91.107, 33.218 ], [ -91.15, 33.016 ], [ -94.041, 33.012 ], [ -94.047, 33.554 ], [ -94.192, 33.589 ], [ -94.358, 33.561 ], [ -94.484, 33.648 ], [ -94.439, 35.387 ], [ -94.618, 36.501 ], [ -90.162, 36.501 ], [ -90.074, 36.372 ], [ -90.076, 36.297 ], [ -90.303, 36.099 ], [ -90.381, 35.993 ], [ -89.705, 36.002 ] ] ] } },
{ "type": "Feature", "properties": { "name": "Arizona", "postal": "AZ", "min_label": 3.5 }, "geometry": { "type": "Polygon", "coordinates": [ [ [ -109.048, 31.328 ], [ -111.042, 31.324 ], [ -114.836, 32.508 ], [ -114.721, 32.724 ], [ -114.582, 32.735 ], [ -114.516, 32.773 ], [ -114.478, 32.842 ], [ -114.491, 32.984 ], [ -114.648, 33.072 ], [ -114.704, 33.17 ], [ -114.719, 33.331 ], [ -114.702, 33.418 ], [ -114.603, 33.47 ], [ -114.522, 33.608 ], [ -114.509, 33.904 ], [ -114.329, 34.142 ], [ -114.126, 34.287 ], [ -114.159, 34.355 ], [ -114.371, 34.488 ], [ -114.398, 34.59 ], [ -114.611, 34.907 ], [ -114.591, 35.353 ], [ -114.662, 35.545 ], [ -114.645, 35.631 ], [ -114.687, 35.917 ], [ -114.741, 36.014 ], [ -114.669, 36.122 ], [ -114.505, 36.156 ], [ -114.406, 36.148 ], [ -114.232, 36.032 ], [ -114.183, 36.03 ], [ -114.043, 36.182 ], [ -114.04, 37.004 ], [ -109.047, 37.001 ], [ -109.048, 31.328 ] ] ] } },
{ "type": "Feature", "properties": { "name": "California", "postal": "CA", "min_label": 3.5 }, "geometry": { "type": "MultiPolygon", "coordinates": [ [ [ [ -114.611, 34.991 ], [ -114.611, 34.907 ], [ -114.557, 34.795 ], [ -114.398, 34.59 ], [ -114.371, 34.488 ], [ -114.125, 34.317 ], [ -114.126, 34.287 ], [ -114.418, 34.051 ], [ -114.509, 33.904 ], [ -114.522, 33.608 ], [ -114.603, 33.47 ], [ -114.702, 33.418 ], [ -114.704, 33.17 ], [ -114.648, 33.072 ], [ -114.491, 32.984 ], [ -114.469, 32.912 ], [ -114.516, 32.773 ], [ -114.582, 32.735 ], [ -114.839, 32.705 ], [ -117.128, 32.533 ], [ -117.137, 32.649 ], [ -117.184, 32.688 ], [ -117.243, 32.664 ], [ -117.263, 32.939 ], [ -117.319, 33.1 ], [ -117.467, 33.295 ], [ -118.081, 33.722 ], [ -118.264, 33.759 ], [ -118.294, 33.712 ], [ -118.41, 33.744 ], [ -118.393, 33.858 ], [ -118.506, 34.017 ], [ -118.832, 34.024 ], [ -119.144, 34.112 ], [ -119.236, 34.164 ], [ -119.268, 34.257 ], [ -119.606, 34.418 ], [ -119.713, 34.4 ], [ -120.053, 34.469 ], [ -120.481, 34.472 ], [ -120.645, 34.58 ], [ -120.625, 34.812 ], [ -120.663, 34.949 ], [ -120.634, 35.076 ], [ -120.659, 35.122 ], [ -120.857, 35.21 ], [ -120.885, 35.275 ], [ -120.86, 35.365 ], [ -120.9, 35.425 ], [ -121.023, 35.481 ], [ -121.138, 35.607 ], [ -121.284, 35.676 ], [ -121.344, 35.792 ], [ -121.664, 36.154 ], [ -121.877, 36.331 ], [ -121.919, 36.572 ], [ -121.79, 36.732 ], [ -121.807, 36.851 ], [ -121.881, 36.939 ], [ -122.164, 36.991 ], [ -122.395, 37.208 ], [ -122.408, 37.373 ], [ -122.499, 37.543 ], [ -122.514, 37.772 ], [ -122.446, 37.798 ], [ -122.384, 37.789 ], [ -122.37, 37.656 ], [ -122.298, 37.592 ], [ -122.166, 37.502 ], [ -122.071, 37.478 ], [ -122.385, 37.961 ], [ -122.314, 38.007 ], [ -122.087, 38.05 ], [ -121.525, 38.056 ], [ -121.626, 38.084 ], [ -121.881, 38.075 ], [ -122.032, 38.124 ], [ -122.154, 38.066 ], [ -122.393, 38.145 ], [ -122.484, 38.109 ], [ -122.495, 37.954 ], [ -122.467, 37.838 ], [ -122.521, 37.826 ], [ -122.932, 38.055 ], [ -122.999, 37.989 ], [ -122.968, 38.097 ], [ -122.978, 38.227 ], [ -122.877, 38.123 ], [ -122.908, 38.197 ], [ -123.046, 38.305 ], [ -123.121, 38.449 ], [ -123.29, 38.536 ], [ -123.701, 38.907 ], [ -123.72, 39.111 ], [ -123.82, 39.368 ], [ -123.778, 39.515 ], [ -123.833, 39.776 ], [ -124.109, 40.095 ], [ -124.324, 40.252 ], [ -124.357, 40.371 ], [ -124.372, 40.491 ], [ -124.284, 40.711 ], [ -124.254, 40.74 ], [ -124.22, 40.696 ], [ -124.19, 40.772 ], [ -124.219, 40.791 ], [ -124.133, 40.97 ], [ -124.14, 41.156 ], [ -124.069, 41.384 ], [ -124.118, 41.622 ], [ -124.163, 41.719 ], [ -124.245, 41.788 ], [ -124.209, 41.889 ], [ -124.228, 42.001 ], [ -120.001, 42.001 ], [ -120.0, 39.0 ], [ -118.126, 37.692 ], [ -114.611, 34.991 ] ] ], [ [ [ -119.918, 34.068 ], [ -119.679, 34.028 ], [ -119.569, 34.053 ], [ -119.549, 34.028 ], [ -119.81, 33.968 ], [ -119.886, 33.995 ], [ -119.918, 34.068 ] ] ], [ [ [ -120.307, 34.025 ], [ -120.36, 34.022 ], [ -120.442, 34.033 ], [ -120.368, 34.073 ], [ -120.307, 34.025 ] ] ], [ [ [ -120.044, 33.919 ], [ -120.167, 33.918 ], [ -120.252, 34.014 ], [ -120.072, 34.027 ], [ -119.984, 33.973 ], [ -120.044, 33.919 ] ] ], [ [ [ -118.348, 33.386 ], [ -118.297, 33.312 ], [ -118.446, 33.317 ], [ -118.492, 33.413 ], [ -118.559, 33.432 ], [ -118.569, 33.464 ], [ -118.348, 33.386 ] ] ], [ [ [ -119.438, 33.217 ], [ -119.544, 33.225 ], [ -119.575, 33.278 ], [ -119.479, 33.275 ], [ -119.438, 33.217 ] ] ], [ [ [ -118.35, 32.828 ], [ -118.473, 32.839 ], [ -118.59, 33.011 ], [ -118.557, 33.033 ], [ -118.35, 32.828 ] ] ] ] } },
{ "type": "Feature", "properties": { "name": "Colorado", "postal": "CO", "min_label": 3.5 }, "geometry": { "type": "Polygon", "coordinates": [ [ [ -109.047, 37.001 ], [ -109.046, 41.001 ], [ -102.025, 41.001 ], [ -102.013, 37.001 ], [ -109.047, 37.001 ] ] ] } },
{ "type": "Feature", "properties": { "name": "Connecticut", "postal": "CT", "min_label": 3.5 }, "geometry": { "type": "Polygon", "coordinates": [ [ [ -71.801, 42.012 ], [ -71.796, 41.52 ], [ -71.842, 41.336 ], [ -72.265, 41.292 ], [ -72.371, 41.312 ], [ -72.479, 41.276 ], [ -72.925, 41.285 ], [ -73.024, 41.216 ], [ -73.63, 40.992 ], [ -73.723, 41.105 ], [ -73.484, 41.219 ], [ -73.545, 41.296 ], [ -73.481, 42.056 ], [ -72.808, 42.034 ], [ -72.806, 42.008 ], [ -72.758, 42.034 ], [ -71.801, 42.012 ] ] ] } },
{ "type": "Feature", "properties": { "name": "District of Columbia", "postal": "DC", "min_label": 3.5 }, "geometry": { "type": "Polygon", "coordinates": [ [ [ -77.03, 38.889 ], [ -77.122, 38.944 ], [ -77.042, 39.012 ], [ -76.931, 38.888 ], [ -77.02, 38.807 ], [ -77.03, 38.889 ] ] ] } },
{ "type": "Feature", "properties": { "name": "Delaware", "postal": "DE", "min_label": 3.5 }, "geometry": { "type": "Polygon", "coordinates": [ [ [ -75.038, 38.456 ], [ -75.707, 38.455 ], [ -75.785, 39.722 ], [ -75.677, 39.827 ], [ -75.51, 39.843 ], [ -75.421, 39.815 ], [ -75.588, 39.641 ], [ -75.574, 39.477 ], [ -75.413, 39.281 ], [ -75.392, 39.093 ], [ -75.31, 38.967 ], [ -75.185, 38.819 ], [ -75.089, 38.778 ], [ -75.128, 38.632 ], [ -75.187, 38.591 ], [ -75.073, 38.579 ], [ -75.038, 38.456 ] ] ] } },
{ "type": "Feature", "properties": { "name": "Florida", "postal": "FL", "min_label": 3.5 }, "geometry": { "type": "MultiPolygon", "coordinates": [ [ [ [ -87.49, 30.378 ], [ -87.429, 30.478 ], [ -87.408, 30.641 ], [ -87.601, 30.861 ], [ -87.594, 31.001 ], [ -85.007, 31.002 ], [ -84.884, 30.721 ], [ -82.24, 30.566 ], [ -82.194, 30.393 ], [ -82.112, 30.371 ], [ -82.03, 30.478 ], [ -82.038, 30.732 ], [ -81.957, 30.814 ], [ -81.673, 30.74 ], [ -81.504, 30.731 ], [ -81.457, 30.641 ], [ -81.25, 29.794 ], [ -81.105, 29.457 ], [ -80.9, 29.05 ], [ -80.524, 28.486 ], [ -80.568, 28.426 ], [ -80.585, 28.272 ], [ -80.457, 27.901 ], [ -80.5, 27.934 ], [ -80.61, 28.178 ], [ -80.607, 28.523 ], [ -80.633, 28.518 ], [ -80.693, 28.345 ], [ -80.732, 28.463 ], [ -80.688, 28.579 ], [ -80.766, 28.633 ], [ -80.771, 28.732 ], [ -80.838, 28.758 ], [ -80.749, 28.381 ], [ -80.226, 27.207 ], [ -80.089, 26.994 ], [ -80.041, 26.569 ], [ -80.126, 25.834 ], [ -80.159, 25.878 ], [ -80.301, 25.619 ], [ -80.367, 25.331 ], [ -80.485, 25.23 ], [ -80.558, 25.232 ], [ -80.737, 25.156 ], [ -80.862, 25.176 ], [ -81.11, 25.138 ], [ -81.167, 25.229 ], [ -81.136, 25.31 ], [ -81.098, 25.319 ], [ -80.965, 25.224 ], [ -80.94, 25.264 ], [ -80.98, 25.312 ], [ -81.113, 25.367 ], [ -81.345, 25.732 ], [ -81.365, 25.831 ], [ -81.568, 25.892 ], [ -81.716, 25.983 ], [ -81.811, 26.146 ], [ -81.867, 26.435 ], [ -81.959, 26.49 ], [ -81.829, 26.687 ], [ -81.921, 26.631 ], [ -81.97, 26.552 ], [ -82.04, 26.552 ], [ -82.078, 26.704 ], [ -82.067, 26.892 ], [ -82.013, 26.962 ], [ -82.181, 26.937 ], [ -82.181, 26.84 ], [ -82.29, 26.871 ], [ -82.441, 27.06 ], [ -82.62, 27.401 ], [ -82.715, 27.5 ], [ -82.636, 27.525 ], [ -82.401, 27.835 ], [ -82.446, 27.903 ], [ -82.498, 27.868 ], [ -82.636, 27.981 ], [ -82.675, 27.964 ], [ -82.597, 27.873 ], [ -82.611, 27.777 ], [ -82.661, 27.718 ], [ -82.715, 27.733 ], [ -82.743, 27.709 ], [ -82.844, 27.846 ], [ -82.661, 28.486 ], [ -82.651, 28.887 ], [ -82.769, 29.052 ], [ -83.29, 29.452 ], [ -83.694, 29.926 ], [ -84.044, 30.104 ], [ -84.31, 30.065 ], [ -84.356, 30.029 ], [ -84.383, 29.907 ], [ -84.55, 29.898 ], [ -84.801, 29.773 ], [ -84.889, 29.778 ], [ -85.029, 29.721 ], [ -85.319, 29.68 ], [ -85.376, 29.695 ], [ -85.414, 29.768 ], [ -85.414, 29.842 ], [ -85.336, 29.74 ], [ -85.315, 29.758 ], [ -85.307, 29.798 ], [ -85.354, 29.876 ], [ -85.676, 30.122 ], [ -85.623, 30.117 ], [ -85.61, 30.148 ], [ -85.663, 30.189 ], [ -85.604, 30.287 ], [ -85.741, 30.244 ], [ -85.756, 30.167 ], [ -86.175, 30.333 ], [ -86.454, 30.399 ], [ -86.24, 30.429 ], [ -86.124, 30.406 ], [ -86.166, 30.464 ], [ -86.257, 30.493 ], [ -86.448, 30.496 ], [ -86.68, 30.403 ], [ -87.201, 30.339 ], [ -87.124, 30.397 ], [ -86.986, 30.431 ], [ -86.965, 30.502 ], [ -86.998, 30.57 ], [ -87.072, 30.5 ], [ -87.171, 30.539 ], [ -87.185, 30.454 ], [ -87.281, 30.339 ], [ -87.476, 30.294 ], [ -87.501, 30.309 ], [ -87.448, 30.394 ], [ -87.49, 30.378 ] ] ], [ [ [ -84.737, 29.732 ], [ -85.008, 29.607 ], [ -85.117, 29.633 ], [ -85.001, 29.627 ], [ -84.737, 29.732 ] ] ], [ [ [ -80.437, 27.851 ], [ -80.171, 27.205 ], [ -80.376, 27.643 ], [ -80.437, 27.851 ] ] ], [ [ [ -82.121, 26.666 ], [ -82.085, 26.494 ], [ -82.169, 26.701 ], [ -82.121, 26.666 ] ] ], [ [ [ -82.037, 26.454 ], [ -82.073, 26.428 ], [ -82.145, 26.447 ], [ -82.201, 26.548 ], [ -82.116, 26.461 ], [ -82.037, 26.454 ] ] ], [ [ [ -80.382, 25.142 ], [ -80.581, 24.954 ], [ -80.456, 25.149 ], [ -80.355, 25.234 ], [ -80.351, 25.297 ], [ -80.257, 25.348 ], [ -80.382, 25.142 ] ] ], [ [ [ -80.638, 24.903 ], [ -80.665, 24.898 ], [ -80.615, 24.938 ], [ -80.638, 24.903 ] ] ], [ [ [ -80.787, 24.821 ], [ -80.848, 24.804 ], [ -80.785, 24.835 ], [ -80.787, 24.821 ] ] ], [ [ [ -80.93, 24.759 ], [ -81.09, 24.693 ], [ -81.137, 24.711 ], [ -80.93, 24.759 ] ] ], [ [ [ -81.322, 24.685 ], [ -81.379, 24.636 ], [ -81.42, 24.75 ], [ -81.322, 24.685 ] ] ], [ [ [ -81.532, 24.614 ], [ -81.632, 24.59 ], [ -81.579, 24.629 ], [ -81.562, 24.689 ], [ -81.532, 24.614 ] ] ], [ [ [ -81.74, 24.555 ], [ -81.811, 24.558 ], [ -81.739, 24.575 ], [ -81.74, 24.555 ] ] ] ] } },
{ "type": "Feature", "properties": { "name": "Georgia", "postal": "GA", "min_label": 3.5 }, "geometry": { "type": "MultiPolygon", "coordinates": [ [ [ [ -84.884, 30.721 ], [ -85.067, 31.118 ], [ -85.093, 31.296 ], [ -85.055, 31.573 ], [ -85.125, 31.777 ], [ -85.124, 31.881 ], [ -85.035, 32.147 ], [ -84.922, 32.286 ], [ -84.986, 32.361 ], [ -84.974, 32.409 ], [ -85.015, 32.526 ], [ -85.201, 32.956 ], [ -85.624, 35.001 ], [ -83.115, 35.001 ], [ -83.317, 34.806 ], [ -83.356, 34.708 ], [ -83.053, 34.511 ], [ -82.848, 34.437 ], [ -82.589, 34.017 ], [ -82.352, 33.838 ], [ -82.208, 33.664 ], [ -82.006, 33.523 ], [ -81.78, 33.195 ], [ -81.578, 33.069 ], [ -81.49, 32.936 ], [ -81.377, 32.607 ], [ -81.29, 32.557 ], [ -81.172, 32.38 ], [ -81.135, 32.182 ], [ -81.075, 32.11 ], [ -80.872, 32.03 ], [ -80.923, 31.945 ], [ -81.113, 31.879 ], [ -81.066, 31.788 ], [ -81.198, 31.704 ], [ -81.17, 31.61 ], [ -81.259, 31.539 ], [ -81.175, 31.531 ], [ -81.295, 31.371 ], [ -81.381, 31.353 ], [ -81.288, 31.264 ], [ -81.365, 31.172 ], [ -81.442, 31.2 ], [ -81.52, 30.875 ], [ -81.504, 30.731 ], [ -81.673, 30.74 ], [ -81.957, 30.814 ], [ -82.038, 30.732 ], [ -82.03, 30.478 ], [ -82.112, 30.371 ], [ -82.194, 30.393 ], [ -82.24, 30.566 ], [ -84.884, 30.721 ] ] ], [ [ [ -81.419, 30.971 ], [ -81.463, 30.728 ], [ -81.485, 30.898 ], [ -81.419, 30.971 ] ] ] ] } },
{ "type": "Feature", "properties": { "name": "Hawaii", "postal": "HI", "min_label": 3.5 }, "geometry": { "type": "MultiPolygon", "coordinates": [ [ [ [ -177.362, 28.207 ], [ -177.39, 28.196 ], [ -177.354, 28.217 ], [ -177.362, 28.207 ] ] ], [ [ [ -159.373, 21.932 ], [ -159.461, 21.876 ], [ -159.609, 21.91 ], [ -159.789, 22.042 ], [ -159.727, 22.14 ], [ -159.579, 22.223 ], [ -159.352, 22.22 ], [ -159.301, 22.105 ], [ -159.373, 21.932 ] ] ], [ [ [ -160.08, 21.907 ], [ -160.2, 21.797 ], [ -160.235, 21.804 ], [ -160.221, 21.897 ], [ -160.101, 22.015 ], [ -160.049, 22.005 ], [ -160.08, 21.907 ] ] ], [ [ [ -157.799, 21.457 ], [ -157.721, 21.458 ], [ -157.706, 21.378 ], [ -157.635, 21.308 ], [ -157.799, 21.269 ], [ -157.902, 21.341 ], [ -157.958, 21.327 ], [ -157.978, 21.378 ], [ -158.017, 21.368 ], [ -157.981, 21.316 ], [ -158.11, 21.319 ], [ -158.239, 21.489 ], [ -158.273, 21.585 ], [ -158.123, 21.6 ], [ -158.02, 21.692 ], [ -157.962, 21.701 ], [ -157.799, 21.457 ] ] ], [ [ [ -157.25, 21.23 ], [ -156.952, 21.2 ], [ -156.712, 21.155 ], [ -156.748, 21.104 ], [ -156.86, 21.056 ], [ -157.021, 21.098 ], [ -157.29, 21.113 ], [ -157.25, 21.23 ] ] ], [ [ [ -156.585, 21.034 ], [ -156.461, 20.915 ], [ -156.278, 20.951 ], [ -155.99, 20.757 ], [ -156.107, 20.645 ], [ -156.409, 20.605 ], [ -156.438, 20.618 ], [ -156.48, 20.801 ], [ -156.544, 20.79 ], [ -156.615, 20.822 ], [ -156.698, 20.949 ], [ -156.657, 21.025 ], [ -156.585, 21.034 ] ] ], [ [ [ -156.809, 20.831 ], [ -156.909, 20.744 ], [ -156.973, 20.758 ], [ -157.051, 20.912 ], [ -156.942, 20.93 ], [ -156.881, 20.905 ], [ -156.809, 20.831 ] ] ], [ [ [ -155.535, 19.109 ], [ -155.626, 18.964 ], [ -155.681, 18.968 ], [ -155.881, 19.071 ], [ -155.906, 19.126 ], [ -155.891, 19.383 ], [ -156.049, 19.75 ], [ -155.82, 20.014 ], [ -155.893, 20.167 ], [ -155.874, 20.26 ], [ -155.832, 20.276 ], [ -155.199, 19.994 ], [ -155.086, 19.876 ], [ -155.066, 19.748 ], [ -154.989, 19.732 ], [ -154.953, 19.645 ], [ -154.804, 19.524 ], [ -154.85, 19.454 ], [ -155.053, 19.319 ], [ -155.31, 19.26 ], [ -155.535, 19.109 ] ] ] ] } },
{ "type": "Feature", "properties": { "name": "Iowa", "postal": "IA", "min_label": 3.5 }, "geometry": { "type": "Polygon", "coordinates": [ [ [ -91.442, 40.379 ], [ -91.682, 40.552 ], [ -91.732, 40.625 ], [ -95.765, 40.602 ], [ -95.859, 40.745 ], [ -95.834, 40.889 ], [ -95.847, 41.08 ], [ -95.911, 41.245 ], [ -95.884, 41.288 ], [ -95.95, 41.367 ], [ -95.944, 41.461 ], [ -95.982, 41.474 ], [ -96.011, 41.538 ], [ -96.059, 41.546 ], [ -96.087, 41.821 ], [ -96.201, 42.036 ], [ -96.295, 42.133 ], [ -96.356, 42.26 ], [ -96.384, 42.418 ], [ -96.481, 42.511 ], [ -96.539, 42.659 ], [ -96.622, 42.73 ], [ -96.461, 43.13 ], [ -96.49, 43.206 ], [ -96.563, 43.243 ], [ -96.535, 43.338 ], [ -96.599, 43.498 ], [ -91.245, 43.502 ], [ -91.219, 43.395 ], [ -91.117, 43.331 ], [ -91.107, 43.278 ], [ -91.161, 43.102 ], [ -91.07, 42.789 ], [ -90.688, 42.61 ], [ -90.59, 42.445 ], [ -90.485, 42.383 ], [ -90.347, 42.215 ], [ -90.168, 42.1 ], [ -90.152, 41.982 ], [ -90.218, 41.813 ], [ -90.276, 41.77 ], [ -90.348, 41.632 ], [ -90.437, 41.56 ], [ -90.587, 41.495 ], [ -90.939, 41.426 ], [ -91.048, 41.369 ], [ -91.082, 41.28 ], [ -91.067, 41.206 ], [ -90.964, 41.083 ], [ -90.954, 41.016 ], [ -91.102, 40.75 ], [ -91.215, 40.65 ], [ -91.339, 40.604 ], [ -91.394, 40.537 ], [ -91.391, 40.397 ], [ -91.442, 40.379 ] ] ] } },
{ "type": "Feature", "properties": { "name": "Idaho", "postal": "ID", "min_label": 3.5 }, "geometry": { "type": "Polygon", "coordinates": [ [ [ -117.039, 48.993 ], [ -116.048, 48.993 ], [ -116.049, 48.005 ], [ -115.718, 47.681 ], [ -115.691, 47.607 ], [ -115.711, 47.553 ], [ -115.67, 47.498 ], [ -115.713, 47.447 ], [ -115.307, 47.231 ], [ -114.754, 46.735 ], [ -114.662, 46.746 ], [ -114.624, 46.678 ], [ -114.563, 46.65 ], [ -114.337, 46.659 ], [ -114.447, 46.199 ], [ -114.485, 46.158 ], [ -114.478, 46.036 ], [ -114.416, 45.982 ], [ -114.397, 45.891 ], [ -114.523, 45.815 ], [ -114.496, 45.686 ], [ -114.529, 45.576 ], [ -114.298, 45.488 ], [ -114.117, 45.579 ], [ -113.992, 45.693 ], [ -113.802, 45.601 ], [ -113.697, 45.305 ], [ -113.447, 45.029 ], [ -113.461, 44.904 ], [ -113.339, 44.808 ], [ -113.234, 44.81 ], [ -113.141, 44.765 ], [ -113.063, 44.665 ], [ -113.0, 44.48 ], [ -112.854, 44.398 ], [ -112.716, 44.498 ], [ -112.375, 44.47 ], [ -112.32, 44.533 ], [ -112.231, 44.561 ], [ -111.5, 44.545 ], [ -111.448, 44.711 ], [ -111.373, 44.746 ], [ -111.304, 44.723 ], [ -111.161, 44.556 ], [ -111.051, 44.499 ], [ -111.05, 42.001 ], [ -117.017, 42.001 ], [ -117.02, 43.813 ], [ -116.912, 44.199 ], [ -116.953, 44.245 ], [ -117.14, 44.29 ], [ -117.197, 44.344 ], [ -117.202, 44.436 ], [ -116.856, 44.906 ], [ -116.84, 44.985 ], [ -116.549, 45.457 ], [ -116.477, 45.641 ], [ -116.521, 45.722 ], [ -116.869, 45.958 ], [ -116.93, 46.056 ], [ -116.943, 46.232 ], [ -117.039, 46.397 ], [ -117.039, 48.993 ] ] ] } },
{ "type": "Feature", "properties": { "name": "Illinois", "postal": "IL", "min_label": 3.5 }, "geometry": { "type": "Polygon", "coordinates": [ [ [ -91.442, 40.379 ], [ -91.391, 40.397 ], [ -91.394, 40.537 ], [ -91.339, 40.604 ], [ -91.215, 40.65 ], [ -91.102, 40.75 ], [ -90.954, 41.016 ], [ -90.964, 41.083 ], [ -91.067, 41.206 ], [ -91.082, 41.28 ], [ -91.048, 41.369 ], [ -90.939, 41.426 ], [ -90.587, 41.495 ], [ -90.437, 41.56 ], [ -90.348, 41.632 ], [ -90.319, 41.71 ], [ -90.177, 41.884 ], [ -90.152, 41.982 ], [ -90.168, 42.1 ], [ -90.347, 42.215 ], [ -90.425, 42.326 ], [ -90.651, 42.513 ], [ -87.039, 42.493 ], [ -87.221, 41.761 ], [ -87.521, 41.761 ], [ -87.533, 39.375 ], [ -87.611, 39.291 ], [ -87.615, 39.193 ], [ -87.647, 39.169 ], [ -87.53, 38.909 ], [ -87.529, 38.742 ], [ -87.681, 38.488 ], [ -87.735, 38.47 ], [ -87.873, 38.295 ], [ -87.921, 38.298 ], [ -87.98, 38.249 ], [ -87.958, 38.144 ], [ -88.006, 38.113 ], [ -87.99, 38.089 ], [ -88.045, 38.013 ], [ -88.042, 37.937 ], [ -88.095, 37.876 ], [ -88.042, 37.789 ], [ -88.129, 37.7 ], [ -88.14, 37.621 ], [ -88.108, 37.534 ], [ -88.191, 37.465 ], [ -88.495, 37.364 ], [ -88.446, 37.12 ], [ -88.472, 37.088 ], [ -88.873, 37.186 ], [ -89.046, 37.183 ], [ -89.135, 37.102 ], [ -89.154, 36.992 ], [ -89.272, 37.08 ], [ -89.301, 37.012 ], [ -89.414, 37.102 ], [ -89.487, 37.213 ], [ -89.503, 37.301 ], [ -89.462, 37.366 ], [ -89.462, 37.434 ], [ -89.523, 37.645 ], [ -89.823, 37.884 ], [ -90.174, 38.069 ], [ -90.366, 38.254 ], [ -90.374, 38.31 ], [ -90.317, 38.458 ], [ -90.134, 38.847 ], [ -90.22, 38.898 ], [ -90.478, 38.948 ], [ -90.577, 38.91 ], [ -90.664, 38.987 ], [ -90.737, 39.182 ], [ -90.919, 39.387 ], [ -91.379, 39.749 ], [ -91.502, 40.098 ], [ -91.5, 40.226 ], [ -91.442, 40.379 ] ] ] } },
{ "type": "Feature", "properties": { "name": "Indiana", "postal": "IN", "min_label": 3.5 }, "geometry": { "type": "Polygon", "coordinates": [ [ [ -88.042, 37.789 ], [ -88.095, 37.876 ], [ -88.042, 37.937 ], [ -88.045, 38.013 ], [ -87.99, 38.089 ], [ -88.006, 38.113 ], [ -87.958, 38.144 ], [ -87.98, 38.249 ], [ -87.921, 38.298 ], [ -87.873, 38.295 ], [ -87.735, 38.47 ], [ -87.681, 38.488 ], [ -87.529, 38.742 ], [ -87.518, 38.812 ], [ -87.53, 38.909 ], [ -87.647, 39.169 ], [ -87.615, 39.193 ], [ -87.611, 39.291 ], [ -87.533, 39.375 ], [ -87.521, 41.761 ], [ -84.796, 41.76 ], [ -84.822, 39.092 ], [ -84.861, 39.04 ], [ -84.835, 38.996 ], [ -84.864, 38.933 ], [ -84.79, 38.868 ], [ -84.801, 38.819 ], [ -85.17, 38.69 ], [ -85.307, 38.737 ], [ -85.405, 38.73 ], [ -85.445, 38.683 ], [ -85.425, 38.597 ], [ -85.459, 38.53 ], [ -85.546, 38.484 ], [ -85.706, 38.301 ], [ -85.788, 38.285 ], [ -85.961, 38.014 ], [ -86.021, 37.984 ], [ -86.208, 38.037 ], [ -86.315, 38.164 ], [ -86.361, 38.179 ], [ -86.365, 38.145 ], [ -86.457, 38.12 ], [ -86.448, 38.086 ], [ -86.599, 37.875 ], [ -86.869, 37.976 ], [ -86.969, 37.938 ], [ -87.141, 37.805 ], [ -87.372, 37.923 ], [ -87.518, 37.922 ], [ -87.587, 37.956 ], [ -87.643, 37.833 ], [ -87.714, 37.9 ], [ -87.874, 37.916 ], [ -87.906, 37.902 ], [ -87.938, 37.794 ], [ -88.042, 37.789 ] ] ] } },
{ "type": "Feature", "properties": { "name": "Kansas", "postal": "KS", "min_label": 3.5 }, "geometry": { "type": "Polygon", "coordinates": [ [ [ -102.013, 37.001 ], [ -102.024, 40.001 ], [ -95.347, 40.001 ], [ -95.116, 39.872 ], [ -94.984, 39.891 ], [ -94.93, 39.861 ], [ -94.899, 39.741 ], [ -95.005, 39.692 ], [ -95.075, 39.597 ], [ -95.058, 39.509 ], [ -94.953, 39.426 ], [ -94.778, 39.194 ], [ -94.622, 39.124 ], [ -94.618, 37.001 ], [ -102.013, 37.001 ] ] ] } },
{ "type": "Feature", "properties": { "name": "Kentucky", "postal": "KY", "min_label": 3.5 }, "geometry": { "type": "MultiPolygon", "coordinates": [ [ [ [ -89.154, 36.992 ], [ -89.135, 37.102 ], [ -89.046, 37.183 ], [ -88.873, 37.186 ], [ -88.472, 37.088 ], [ -88.446, 37.12 ], [ -88.495, 37.364 ], [ -88.191, 37.465 ], [ -88.108, 37.534 ], [ -88.14, 37.621 ], [ -88.129, 37.7 ], [ -88.022, 37.8 ], [ -87.938, 37.794 ], [ -87.892, 37.913 ], [ -87.714, 37.9 ], [ -87.643, 37.833 ], [ -87.587, 37.956 ], [ -87.518, 37.922 ], [ -87.457, 37.938 ], [ -87.141, 37.805 ], [ -86.969, 37.938 ], [ -86.869, 37.976 ], [ -86.599, 37.875 ], [ -86.448, 38.086 ], [ -86.457, 38.12 ], [ -86.365, 38.145 ], [ -86.361, 38.179 ], [ -86.315, 38.164 ], [ -86.208, 38.037 ], [ -86.021, 37.984 ], [ -85.961, 38.014 ], [ -85.788, 38.285 ], [ -85.706, 38.301 ], [ -85.546, 38.484 ], [ -85.459, 38.53 ], [ -85.425, 38.597 ], [ -85.445, 38.683 ], [ -85.405, 38.73 ], [ -85.307, 38.737 ], [ -85.17, 38.69 ], [ -84.801, 38.819 ], [ -84.79, 38.868 ], [ -84.864, 38.933 ], [ -84.835, 38.996 ], [ -84.861, 39.04 ], [ -84.766, 39.125 ], [ -84.595, 39.086 ], [ -84.43, 39.091 ], [ -84.29, 38.975 ], [ -84.227, 38.865 ], [ -84.113, 38.798 ], [ -83.828, 38.731 ], [ -83.69, 38.65 ], [ -83.538, 38.7 ], [ -83.357, 38.627 ], [ -83.203, 38.639 ], [ -83.0, 38.714 ], [ -82.88, 38.71 ], [ -82.758, 38.541 ], [ -82.589, 38.42 ], [ -82.578, 38.272 ], [ -82.618, 38.15 ], [ -82.394, 37.828 ], [ -82.28, 37.687 ], [ -82.103, 37.571 ], [ -81.965, 37.54 ], [ -82.343, 37.297 ], [ -82.682, 37.138 ], [ -82.732, 37.048 ], [ -82.895, 36.906 ], [ -83.044, 36.846 ], [ -83.15, 36.762 ], [ -83.73, 36.587 ], [ -86.508, 36.665 ], [ -87.839, 36.644 ], [ -87.869, 36.675 ], [ -88.096, 36.693 ], [ -88.059, 36.5 ], [ -89.45, 36.5 ], [ -89.397, 36.588 ], [ -89.331, 36.616 ], [ -89.256, 36.594 ], [ -89.203, 36.626 ], [ -89.13, 36.811 ], [ -89.122, 36.912 ], [ -89.154, 36.992 ] ] ], [ [ [ -89.487, 36.503 ], [ -89.557, 36.501 ], [ -89.55, 36.553 ], [ -89.52, 36.555 ], [ -89.487, 36.503 ] ] ] ] } },
{ "type": "Feature", "properties": { "name": "Louisiana", "postal": "LA", "min_label": 3.5 }, "geometry": { "type": "MultiPolygon", "coordinates": [ [ [ [ -94.041, 33.012 ], [ -91.15, 33.016 ], [ -91.144, 32.967 ], [ -91.096, 32.938 ], [ -91.136, 32.756 ], [ -91.092, 32.726 ], [ -91.15, 32.625 ], [ -91.104, 32.49 ], [ -90.945, 32.331 ], [ -90.938, 32.277 ], [ -91.075, 32.131 ], [ -91.093, 32.046 ], [ -91.157, 31.971 ], [ -91.286, 31.884 ], [ -91.373, 31.774 ], [ -91.459, 31.555 ], [ -91.506, 31.519 ], [ -91.529, 31.345 ], [ -91.559, 31.288 ], [ -91.618, 31.277 ], [ -91.631, 31.218 ], [ -91.596, 31.11 ], [ -91.656, 31.002 ], [ -89.735, 31.001 ], [ -89.835, 30.731 ], [ -89.82, 30.611 ], [ -89.686, 30.463 ], [ -89.592, 30.223 ], [ -89.521, 30.193 ], [ -89.588, 30.166 ], [ -89.954, 30.269 ], [ -90.045, 30.351 ], [ -90.225, 30.379 ], [ -90.332, 30.278 ], [ -90.413, 30.14 ], [ -90.175, 30.029 ], [ -89.994, 30.059 ], [ -89.894, 30.126 ], [ -89.812, 30.124 ], [ -89.737, 30.172 ], [ -89.668, 30.145 ], [ -89.665, 30.117 ], [ -89.815, 30.007 ], [ -89.744, 29.93 ], [ -89.632, 29.904 ], [ -89.59, 29.915 ], [ -89.563, 30.002 ], [ -89.494, 30.058 ], [ -89.401, 30.046 ], [ -89.414, 30.011 ], [ -89.358, 29.921 ], [ -89.354, 29.82 ], [ -89.531, 29.772 ], [ -89.591, 29.725 ], [ -89.559, 29.698 ], [ -89.683, 29.675 ], [ -89.721, 29.619 ], [ -89.675, 29.539 ], [ -89.514, 29.42 ], [ -89.181, 29.336 ], [ -89.117, 29.248 ], [ -89.016, 29.203 ], [ -89.021, 29.143 ], [ -89.11, 29.099 ], [ -89.156, 29.017 ], [ -89.236, 29.081 ], [ -89.376, 28.981 ], [ -89.354, 29.07 ], [ -89.443, 29.194 ], [ -89.62, 29.302 ], [ -89.792, 29.333 ], [ -89.818, 29.416 ], [ -89.877, 29.458 ], [ -90.159, 29.537 ], [ -90.141, 29.48 ], [ -90.052, 29.431 ], [ -90.053, 29.337 ], [ -90.136, 29.136 ], [ -90.213, 29.105 ], [ -90.302, 29.256 ], [ -90.379, 29.295 ], [ -90.503, 29.3 ], [ -90.586, 29.272 ], [ -90.678, 29.151 ], [ -90.751, 29.131 ], [ -91.29, 29.289 ], [ -91.283, 29.321 ], [ -91.237, 29.331 ], [ -91.151, 29.318 ], [ -91.244, 29.457 ], [ -91.249, 29.564 ], [ -91.331, 29.514 ], [ -91.514, 29.555 ], [ -91.672, 29.746 ], [ -91.824, 29.751 ], [ -91.893, 29.836 ], [ -92.017, 29.8 ], [ -92.135, 29.699 ], [ -92.059, 29.617 ], [ -92.084, 29.593 ], [ -92.261, 29.557 ], [ -92.671, 29.597 ], [ -93.176, 29.779 ], [ -93.695, 29.77 ], [ -93.826, 29.725 ], [ -93.884, 29.81 ], [ -93.809, 29.851 ], [ -93.773, 29.914 ], [ -93.794, 29.977 ], [ -93.711, 30.113 ], [ -93.75, 30.345 ], [ -93.72, 30.558 ], [ -93.579, 30.824 ], [ -93.563, 31.005 ], [ -93.531, 31.046 ], [ -93.558, 31.18 ], [ -93.666, 31.323 ], [ -93.738, 31.514 ], [ -93.807, 31.569 ], [ -93.846, 31.793 ], [ -94.043, 31.999 ], [ -94.041, 33.012 ] ] ], [ [ [ -89.185, 30.169 ], [ -89.22, 30.038 ], [ -89.342, 30.063 ], [ -89.185, 30.169 ] ] ], [ [ [ -88.813, 29.933 ], [ -88.856, 29.776 ], [ -88.828, 29.928 ], [ -88.867, 30.057 ], [ -88.813, 29.933 ] ] ], [ [ [ -88.889, 29.713 ], [ -88.944, 29.66 ], [ -88.873, 29.753 ], [ -88.889, 29.713 ] ] ], [ [ [ -91.754, 29.567 ], [ -91.831, 29.486 ], [ -91.996, 29.573 ], [ -92.007, 29.61 ], [ -91.875, 29.641 ], [ -91.754, 29.567 ] ] ] ] } },
{ "type": "Feature", "properties": { "name": "Massachusetts", "postal": "MA", "min_label": 3.5 }, "geometry": { "type": "MultiPolygon", "coordinates": [ [ [ [ -71.387, 42.017 ], [ -72.758, 42.034 ], [ -72.806, 42.008 ], [ -72.808, 42.034 ], [ -73.481, 42.056 ], [ -73.507, 42.08 ], [ -73.253, 42.752 ], [ -71.33, 42.702 ], [ -70.974, 42.872 ], [ -70.806, 42.877 ], [ -70.829, 42.825 ], [ -70.781, 42.721 ], [ -70.736, 42.669 ], [ -70.624, 42.672 ], [ -70.613, 42.623 ], [ -70.831, 42.553 ], [ -71.046, 42.331 ], [ -70.738, 42.229 ], [ -70.618, 42.04 ], [ -70.656, 41.987 ], [ -70.549, 41.939 ], [ -70.515, 41.803 ], [ -70.427, 41.757 ], [ -70.295, 41.729 ], [ -70.001, 41.826 ], [ -70.11, 42.03 ], [ -70.173, 42.063 ], [ -70.196, 42.035 ], [ -70.241, 42.091 ], [ -70.109, 42.078 ], [ -69.978, 41.961 ], [ -69.934, 41.71 ], [ -69.949, 41.677 ], [ -70.405, 41.627 ], [ -70.657, 41.534 ], [ -70.666, 41.71 ], [ -70.701, 41.715 ], [ -70.974, 41.549 ], [ -71.08, 41.538 ], [ -71.169, 41.489 ], [ -71.204, 41.641 ], [ -71.149, 41.746 ], [ -71.234, 41.707 ], [ -71.341, 41.798 ], [ -71.338, 41.891 ], [ -71.379, 41.902 ], [ -71.387, 42.017 ] ] ], [ [ [ -70.51, 41.376 ], [ -70.785, 41.327 ], [ -70.829, 41.359 ], [ -70.616, 41.457 ], [ -70.525, 41.415 ], [ -70.51, 41.376 ] ] ], [ [ [ -69.978, 41.266 ], [ -70.055, 41.249 ], [ -70.233, 41.286 ], [ -70.063, 41.328 ], [ -70.041, 41.397 ], [ -69.978, 41.266 ] ] ] ] } },
{ "type": "Feature", "properties": { "name": "Maryland", "postal": "MD", "min_label": 3.5 }, "geometry": { "type": "MultiPolygon", "coordinates": [ [ [ [ -77.03, 38.889 ], [ -77.02, 38.807 ], [ -76.931, 38.888 ], [ -77.042, 39.012 ], [ -77.122, 38.944 ], [ -77.301, 39.053 ], [ -77.481, 39.113 ], [ -77.506, 39.143 ], [ -77.479, 39.221 ], [ -77.739, 39.354 ], [ -77.792, 39.442 ], [ -77.78, 39.488 ], [ -77.872, 39.576 ], [ -77.855, 39.6 ], [ -78.027, 39.631 ], [ -78.098, 39.678 ], [ -78.181, 39.686 ], [ -78.407, 39.628 ], [ -78.496, 39.533 ], [ -78.678, 39.55 ], [ -78.778, 39.627 ], [ -78.971, 39.454 ], [ -79.075, 39.476 ], [ -79.294, 39.312 ], [ -79.488, 39.211 ], [ -79.477, 39.723 ], [ -75.785, 39.722 ], [ -75.707, 38.455 ], [ -75.038, 38.456 ], [ -75.039, 38.426 ], [ -75.074, 38.366 ], [ -75.073, 38.41 ], [ -75.117, 38.406 ], [ -75.16, 38.255 ], [ -75.225, 38.242 ], [ -75.376, 38.025 ], [ -75.62, 37.999 ], [ -75.659, 37.954 ], [ -75.851, 37.972 ], [ -75.795, 38.087 ], [ -75.928, 38.169 ], [ -75.864, 38.261 ], [ -75.859, 38.362 ], [ -75.967, 38.291 ], [ -75.986, 38.332 ], [ -76.051, 38.28 ], [ -76.212, 38.361 ], [ -76.295, 38.495 ], [ -76.264, 38.6 ], [ -76.001, 38.602 ], [ -76.213, 38.758 ], [ -76.278, 38.772 ], [ -76.341, 38.71 ], [ -76.3, 38.818 ], [ -76.168, 38.853 ], [ -76.191, 38.916 ], [ -76.241, 38.943 ], [ -76.331, 38.909 ], [ -76.33, 38.953 ], [ -76.313, 39.009 ], [ -76.186, 38.991 ], [ -76.135, 39.082 ], [ -76.133, 39.123 ], [ -76.217, 39.064 ], [ -76.236, 39.192 ], [ -76.153, 39.315 ], [ -76.074, 39.369 ], [ -75.876, 39.376 ], [ -76.003, 39.411 ], [ -75.873, 39.511 ], [ -75.97, 39.505 ], [ -75.959, 39.585 ], [ -76.063, 39.561 ], [ -76.097, 39.433 ], [ -76.141, 39.403 ], [ -76.216, 39.38 ], [ -76.248, 39.439 ], [ -76.276, 39.323 ], [ -76.331, 39.404 ], [ -76.359, 39.325 ], [ -76.406, 39.304 ], [ -76.421, 39.225 ], [ -76.57, 39.269 ], [ -76.489, 39.159 ], [ -76.428, 39.126 ], [ -76.42, 39.074 ], [ -76.473, 39.031 ], [ -76.559, 39.065 ], [ -76.494, 38.945 ], [ -76.537, 38.743 ], [ -76.501, 38.532 ], [ -76.394, 38.369 ], [ -76.439, 38.362 ], [ -76.572, 38.436 ], [ -76.677, 38.612 ], [ -76.669, 38.538 ], [ -76.642, 38.454 ], [ -76.409, 38.268 ], [ -76.333, 38.141 ], [ -76.341, 38.087 ], [ -76.454, 38.174 ], [ -76.769, 38.263 ], [ -76.868, 38.39 ], [ -76.89, 38.292 ], [ -77.001, 38.445 ], [ -77.156, 38.397 ], [ -77.233, 38.408 ], [ -77.221, 38.541 ], [ -77.018, 38.778 ], [ -77.03, 38.889 ] ] ], [ [ [ -75.136, 38.181 ], [ -75.252, 38.037 ], [ -75.098, 38.298 ], [ -75.136, 38.181 ] ] ] ] } },
{ "type": "Feature", "properties": { "name": "Maine", "postal": "ME", "min_label": 3.5 }, "geometry": { "type": "MultiPolygon", "coordinates": [ [ [ [ -69.054, 47.295 ], [ -69.003, 47.236 ], [ -68.829, 47.203 ], [ -68.377, 47.316 ], [ -68.358, 47.345 ], [ -68.235, 47.346 ], [ -67.807, 47.083 ], [ -67.767, 45.927 ], [ -67.802, 45.728 ], [ -67.596, 45.621 ], [ -67.433, 45.603 ], [ -67.424, 45.53 ], [ -67.494, 45.474 ], [ -67.428, 45.378 ], [ -67.473, 45.276 ], [ -67.315, 45.154 ], [ -67.25, 45.201 ], [ -67.125, 45.169 ], [ -67.08, 44.989 ], [ -67.114, 44.944 ], [ -67.107, 44.885 ], [ -67.014, 44.868 ], [ -66.987, 44.828 ], [ -67.191, 44.676 ], [ -67.364, 44.697 ], [ -67.556, 44.645 ], [ -67.599, 44.577 ], [ -67.653, 44.562 ], [ -67.839, 44.576 ], [ -67.907, 44.454 ], [ -67.963, 44.464 ], [ -68.057, 44.384 ], [ -68.152, 44.502 ], [ -68.277, 44.507 ], [ -68.374, 44.445 ], [ -68.451, 44.508 ], [ -68.521, 44.38 ], [ -68.533, 44.259 ], [ -68.612, 44.311 ], [ -68.812, 44.339 ], [ -68.71, 44.443 ], [ -68.795, 44.454 ], [ -68.763, 44.571 ], [ -68.847, 44.485 ], [ -68.961, 44.434 ], [ -68.956, 44.348 ], [ -69.064, 44.172 ], [ -69.068, 44.098 ], [ -69.226, 43.986 ], [ -69.345, 44.001 ], [ -69.521, 43.897 ], [ -69.557, 43.983 ], [ -69.59, 43.887 ], [ -69.624, 43.881 ], [ -69.653, 43.994 ], [ -69.699, 43.955 ], [ -69.73, 43.852 ], [ -69.795, 43.911 ], [ -69.808, 43.772 ], [ -69.873, 43.82 ], [ -69.974, 43.788 ], [ -69.965, 43.855 ], [ -70.179, 43.766 ], [ -70.269, 43.672 ], [ -70.203, 43.626 ], [ -70.521, 43.349 ], [ -70.642, 43.134 ], [ -70.733, 43.07 ], [ -70.813, 43.164 ], [ -70.829, 43.239 ], [ -70.92, 43.328 ], [ -70.968, 43.458 ], [ -71.085, 45.294 ], [ -70.96, 45.333 ], [ -70.898, 45.262 ], [ -70.865, 45.271 ], [ -70.799, 45.405 ], [ -70.69, 45.428 ], [ -70.702, 45.551 ], [ -70.421, 45.738 ], [ -70.408, 45.802 ], [ -70.296, 45.906 ], [ -70.305, 46.057 ], [ -70.248, 46.251 ], [ -70.067, 46.441 ], [ -70.008, 46.709 ], [ -69.359, 47.351 ], [ -69.243, 47.463 ], [ -69.05, 47.427 ], [ -69.054, 47.295 ] ] ], [ [ [ -68.187, 44.332 ], [ -68.309, 44.322 ], [ -68.315, 44.25 ], [ -68.412, 44.294 ], [ -68.409, 44.364 ], [ -68.299, 44.457 ], [ -68.238, 44.438 ], [ -68.187, 44.332 ] ] ], [ [ [ -68.623, 44.196 ], [ -68.702, 44.183 ], [ -68.703, 44.232 ], [ -68.677, 44.256 ], [ -68.623, 44.196 ] ] ] ] } },
{ "type": "Feature", "properties": { "name": "Michigan", "postal": "MI", "min_label": 3.5 }, "geometry": { "type": "Polygon", "coordinates": [ [ [ -89.498, 47.998 ], [ -89.273, 48.02 ], [ -88.612, 48.264 ], [ -88.378, 48.303 ], [ -88.161, 48.225 ], [ -84.876, 46.9 ], [ -84.779, 46.637 ], [ -84.562, 46.457 ], [ -84.402, 46.516 ], [ -84.149, 46.543 ], [ -84.125, 46.527 ], [ -84.15, 46.445 ], [ -84.088, 46.227 ], [ -83.978, 46.085 ], [ -83.616, 46.117 ], [ -83.469, 45.995 ], [ -83.593, 45.817 ], [ -82.551, 45.347 ], [ -82.138, 43.571 ], [ -82.408, 43.073 ], [ -82.488, 42.74 ], [ -82.545, 42.625 ], [ -82.868, 42.385 ], [ -83.073, 42.3 ], [ -83.11, 42.251 ], [ -83.15, 42.142 ], [ -83.122, 41.95 ], [ -83.464, 41.739 ], [ -84.796, 41.701 ], [ -84.796, 41.76 ], [ -87.221, 41.761 ], [ -87.039, 42.493 ], [ -87.155, 43.327 ], [ -87.142, 43.658 ], [ -87.032, 44.091 ], [ -86.715, 44.846 ], [ -86.536, 45.041 ], [ -86.265, 45.227 ], [ -86.774, 45.452 ], [ -87.115, 45.452 ], [ -87.244, 45.29 ], [ -87.42, 45.184 ], [ -87.46, 45.068 ], [ -87.654, 45.122 ], [ -87.721, 45.243 ], [ -87.664, 45.371 ], [ -87.842, 45.361 ], [ -87.875, 45.385 ], [ -87.795, 45.596 ], [ -87.809, 45.686 ], [ -87.923, 45.76 ], [ -88.116, 45.816 ], [ -88.096, 45.878 ], [ -88.152, 45.945 ], [ -88.493, 46.014 ], [ -88.837, 46.037 ], [ -89.119, 46.149 ], [ -90.119, 46.342 ], [ -90.23, 46.51 ], [ -90.341, 46.558 ], [ -90.392, 46.549 ], [ -90.413, 46.585 ], [ -89.498, 47.998 ] ] ] } },
{ "type": "Feature", "properties": { "name": "Minnesota", "postal": "MN", "min_label": 3.5 }, "geometry": { "type": "Polygon", "coordinates": [ [ [ -97.226, 48.993 ], [ -95.162, 48.992 ], [ -95.155, 49.37 ], [ -94.939, 49.349 ], [ -94.854, 49.305 ], [ -94.803, 49.003 ], [ -94.705, 48.809 ], [ -94.621, 48.743 ], [ -94.055, 48.659 ], [ -93.852, 48.607 ], [ -93.804, 48.549 ], [ -93.708, 48.525 ], [ -93.464, 48.561 ], [ -93.378, 48.617 ], [ -92.996, 48.612 ], [ -92.501, 48.435 ], [ -92.415, 48.277 ], [ -92.348, 48.277 ], [ -92.299, 48.329 ], [ -92.172, 48.338 ], [ -92.005, 48.302 ], [ -91.858, 48.198 ], [ -91.518, 48.058 ], [ -91.387, 48.059 ], [ -91.043, 48.194 ], [ -90.916, 48.209 ], [ -90.84, 48.201 ], [ -90.744, 48.105 ], [ -90.092, 48.118 ], [ -89.994, 48.015 ], [ -89.901, 47.995 ], [ -89.498, 47.998 ], [ -89.958, 47.287 ], [ -90.654, 47.309 ], [ -91.468, 46.925 ], [ -91.965, 46.73 ], [ -92.125, 46.763 ], [ -92.224, 46.671 ], [ -92.292, 46.661 ], [ -92.293, 46.084 ], [ -92.694, 45.909 ], [ -92.897, 45.659 ], [ -92.892, 45.595 ], [ -92.757, 45.543 ], [ -92.683, 45.433 ], [ -92.754, 45.278 ], [ -92.759, 45.111 ], [ -92.793, 45.071 ], [ -92.763, 44.934 ], [ -92.799, 44.79 ], [ -92.77, 44.726 ], [ -92.644, 44.645 ], [ -92.442, 44.587 ], [ -92.24, 44.462 ], [ -92.055, 44.4 ], [ -91.841, 44.194 ], [ -91.383, 43.991 ], [ -91.32, 43.936 ], [ -91.278, 43.797 ], [ -91.245, 43.502 ], [ -96.454, 43.501 ], [ -96.454, 45.297 ], [ -96.53, 45.372 ], [ -96.696, 45.432 ], [ -96.851, 45.626 ], [ -96.615, 45.8 ], [ -96.556, 45.943 ], [ -96.561, 46.138 ], [ -96.617, 46.327 ], [ -96.731, 46.473 ], [ -96.787, 46.648 ], [ -96.77, 46.92 ], [ -96.825, 47.019 ], [ -96.859, 47.588 ], [ -96.988, 47.82 ], [ -97.007, 47.926 ], [ -97.126, 48.173 ], [ -97.128, 48.681 ], [ -97.226, 48.993 ] ] ] } },
{ "type": "Feature", "properties": { "name": "Missouri", "postal": "MO", "min_label": 3.5 }, "geometry": { "type": "Polygon", "coordinates": [ [ [ -89.705, 36.002 ], [ -90.381, 35.993 ], [ -90.303, 36.099 ], [ -90.076, 36.297 ], [ -90.074, 36.372 ], [ -90.162, 36.501 ], [ -94.618, 36.501 ], [ -94.622, 39.124 ], [ -94.778, 39.194 ], [ -94.953, 39.426 ], [ -95.058, 39.509 ], [ -95.075, 39.597 ], [ -95.005, 39.692 ], [ -94.899, 39.741 ], [ -94.93, 39.861 ], [ -94.984, 39.891 ], [ -95.116, 39.872 ], [ -95.362, 40.01 ], [ -95.434, 40.096 ], [ -95.464, 40.198 ], [ -95.662, 40.363 ], [ -95.765, 40.602 ], [ -91.732, 40.625 ], [ -91.682, 40.552 ], [ -91.442, 40.379 ], [ -91.5, 40.226 ], [ -91.502, 40.098 ], [ -91.379, 39.749 ], [ -90.919, 39.387 ], [ -90.737, 39.182 ], [ -90.664, 38.987 ], [ -90.577, 38.91 ], [ -90.478, 38.948 ], [ -90.22, 38.898 ], [ -90.134, 38.847 ], [ -90.317, 38.458 ], [ -90.374, 38.31 ], [ -90.366, 38.254 ], [ -90.174, 38.069 ], [ -89.823, 37.884 ], [ -89.523, 37.645 ], [ -89.462, 37.434 ], [ -89.462, 37.366 ], [ -89.503, 37.301 ], [ -89.487, 37.213 ], [ -89.352, 37.036 ], [ -89.29, 37.013 ], [ -89.272, 37.08 ], [ -89.154, 36.992 ], [ -89.122, 36.912 ], [ -89.13, 36.811 ], [ -89.203, 36.626 ], [ -89.256, 36.594 ], [ -89.331, 36.616 ], [ -89.397, 36.588 ], [ -89.471, 36.489 ], [ -89.52, 36.555 ], [ -89.55, 36.553 ], [ -89.541, 36.427 ], [ -89.612, 36.322 ], [ -89.584, 36.272 ], [ -89.675, 36.221 ], [ -89.634, 36.168 ], [ -89.642, 36.105 ], [ -89.705, 36.002 ] ] ] } },
{ "type": "Feature", "properties": { "name": "Mississippi", "postal": "MS", "min_label": 3.5 }, "geometry": { "type": "MultiPolygon", "coordinates": [ [ [ [ -88.173, 34.999 ], [ -88.085, 34.933 ], [ -88.486, 31.891 ], [ -88.4, 30.371 ], [ -88.692, 30.355 ], [ -88.905, 30.415 ], [ -89.224, 30.332 ], [ -89.321, 30.345 ], [ -89.443, 30.223 ], [ -89.521, 30.193 ], [ -89.592, 30.223 ], [ -89.686, 30.463 ], [ -89.82, 30.611 ], [ -89.835, 30.731 ], [ -89.735, 31.001 ], [ -91.656, 31.002 ], [ -91.596, 31.11 ], [ -91.631, 31.218 ], [ -91.618, 31.277 ], [ -91.559, 31.288 ], [ -91.529, 31.345 ], [ -91.506, 31.519 ], [ -91.459, 31.555 ], [ -91.373, 31.774 ], [ -91.286, 31.884 ], [ -91.157, 31.971 ], [ -91.093, 32.046 ], [ -91.075, 32.131 ], [ -90.938, 32.277 ], [ -90.945, 32.331 ], [ -91.104, 32.49 ], [ -91.15, 32.625 ], [ -91.094, 32.694 ], [ -91.136, 32.809 ], [ -91.096, 32.938 ], [ -91.144, 32.967 ], [ -91.153, 33.041 ], [ -91.107, 33.218 ], [ -91.163, 33.294 ], [ -91.141, 33.439 ], [ -91.215, 33.583 ], [ -91.173, 33.617 ], [ -91.207, 33.676 ], [ -91.053, 33.828 ], [ -91.06, 33.989 ], [ -90.915, 34.049 ], [ -90.94, 34.129 ], [ -90.91, 34.189 ], [ -90.817, 34.252 ], [ -90.762, 34.356 ], [ -90.635, 34.414 ], [ -90.584, 34.504 ], [ -90.539, 34.728 ], [ -90.475, 34.76 ], [ -90.416, 34.852 ], [ -90.32, 34.899 ], [ -90.282, 34.945 ], [ -90.294, 35.001 ], [ -88.173, 34.999 ] ] ], [ [ [ -88.558, 30.216 ], [ -88.659, 30.226 ], [ -88.723, 30.264 ], [ -88.574, 30.229 ], [ -88.558, 30.216 ] ] ] ] } },
{ "type": "Feature", "properties": { "name": "Montana", "postal": "MT", "min_label": 3.5 }, "geometry": { "type": "Polygon", "coordinates": [ [ [ -116.048, 48.993 ], [ -104.034, 48.993 ], [ -104.005, 45.001 ], [ -111.051, 45.001 ], [ -111.051, 44.499 ], [ -111.161, 44.556 ], [ -111.304, 44.723 ], [ -111.373, 44.746 ], [ -111.448, 44.711 ], [ -111.5, 44.545 ], [ -112.231, 44.561 ], [ -112.32, 44.533 ], [ -112.375, 44.47 ], [ -112.716, 44.498 ], [ -112.787, 44.463 ], [ -112.831, 44.397 ], [ -112.91, 44.419 ], [ -113.0, 44.48 ], [ -113.063, 44.665 ], [ -113.141, 44.765 ], [ -113.234, 44.81 ], [ -113.339, 44.808 ], [ -113.461, 44.904 ], [ -113.447, 45.029 ], [ -113.697, 45.305 ], [ -113.802, 45.601 ], [ -113.992, 45.693 ], [ -114.117, 45.579 ], [ -114.298, 45.488 ], [ -114.529, 45.576 ], [ -114.496, 45.686 ], [ -114.523, 45.815 ], [ -114.397, 45.891 ], [ -114.416, 45.982 ], [ -114.478, 46.036 ], [ -114.485, 46.158 ], [ -114.447, 46.199 ], [ -114.337, 46.659 ], [ -114.563, 46.65 ], [ -114.624, 46.678 ], [ -114.662, 46.746 ], [ -114.754, 46.735 ], [ -115.307, 47.231 ], [ -115.702, 47.438 ], [ -115.67, 47.498 ], [ -115.711, 47.553 ], [ -115.691, 47.607 ], [ -115.718, 47.681 ], [ -116.049, 48.005 ], [ -116.048, 48.993 ] ] ] } },
{ "type": "Feature", "properties": { "name": "North Carolina", "postal": "NC", "min_label": 3.5 }, "geometry": { "type": "MultiPolygon", "coordinates": [ [ [ [ -83.115, 35.001 ], [ -84.325, 34.988 ], [ -84.261, 35.25 ], [ -84.062, 35.286 ], [ -84.004, 35.414 ], [ -83.871, 35.515 ], [ -83.511, 35.584 ], [ -83.12, 35.775 ], [ -82.99, 35.8 ], [ -82.888, 35.952 ], [ -82.813, 35.947 ], [ -82.7, 36.03 ], [ -82.611, 36.047 ], [ -82.553, 35.971 ], [ -82.295, 36.134 ], [ -82.182, 36.154 ], [ -82.101, 36.107 ], [ -82.051, 36.123 ], [ -81.908, 36.306 ], [ -81.734, 36.355 ], [ -81.704, 36.534 ], [ -81.659, 36.611 ], [ -75.966, 36.551 ], [ -75.978, 36.429 ], [ -75.867, 36.268 ], [ -75.82, 36.113 ], [ -75.883, 36.176 ], [ -76.148, 36.279 ], [ -76.15, 36.146 ], [ -76.271, 36.19 ], [ -76.227, 36.116 ], [ -76.384, 36.134 ], [ -76.479, 36.028 ], [ -76.559, 36.015 ], [ -76.679, 36.075 ], [ -76.734, 36.229 ], [ -76.726, 35.958 ], [ -76.358, 35.953 ], [ -76.207, 35.991 ], [ -76.07, 35.97 ], [ -76.084, 35.691 ], [ -76.001, 35.722 ], [ -75.979, 35.896 ], [ -75.812, 35.956 ], [ -75.745, 35.765 ], [ -75.774, 35.647 ], [ -76.104, 35.38 ], [ -76.174, 35.354 ], [ -76.489, 35.397 ], [ -76.532, 35.508 ], [ -76.577, 35.532 ], [ -76.611, 35.53 ], [ -76.634, 35.453 ], [ -76.741, 35.431 ], [ -77.04, 35.527 ], [ -76.974, 35.458 ], [ -76.595, 35.33 ], [ -76.513, 35.27 ], [ -76.608, 35.153 ], [ -76.628, 35.073 ], [ -76.779, 34.99 ], [ -76.861, 35.005 ], [ -77.07, 35.155 ], [ -76.975, 35.025 ], [ -76.899, 34.97 ], [ -76.745, 34.941 ], [ -76.457, 34.989 ], [ -76.362, 34.937 ], [ -76.517, 34.777 ], [ -76.707, 34.752 ], [ -76.733, 34.707 ], [ -77.134, 34.708 ], [ -77.296, 34.603 ], [ -77.358, 34.62 ], [ -77.412, 34.731 ], [ -77.413, 34.592 ], [ -77.38, 34.527 ], [ -77.751, 34.285 ], [ -77.861, 34.149 ], [ -77.928, 33.94 ], [ -77.953, 34.169 ], [ -77.971, 33.993 ], [ -78.013, 33.912 ], [ -78.406, 33.918 ], [ -78.564, 33.877 ], [ -79.654, 34.797 ], [ -80.784, 34.829 ], [ -80.793, 34.963 ], [ -80.934, 35.114 ], [ -81.045, 35.066 ], [ -81.047, 35.131 ], [ -81.087, 35.156 ], [ -82.393, 35.211 ], [ -82.744, 35.084 ], [ -83.115, 35.001 ] ] ], [ [ [ -75.889, 36.551 ], [ -75.857, 36.551 ], [ -75.758, 36.229 ], [ -75.534, 35.819 ], [ -75.81, 36.271 ], [ -75.889, 36.551 ] ] ], [ [ [ -75.649, 35.91 ], [ -75.651, 35.836 ], [ -75.717, 35.946 ], [ -75.649, 35.91 ] ] ], [ [ [ -75.544, 35.24 ], [ -75.69, 35.222 ], [ -75.536, 35.279 ], [ -75.481, 35.572 ], [ -75.504, 35.769 ], [ -75.456, 35.564 ], [ -75.465, 35.449 ], [ -75.544, 35.24 ] ] ], [ [ [ -75.782, 35.19 ], [ -75.964, 35.119 ], [ -75.984, 35.123 ], [ -75.865, 35.174 ], [ -75.782, 35.19 ] ] ], [ [ [ -76.207, 34.939 ], [ -76.529, 34.632 ], [ -76.437, 34.756 ], [ -76.207, 34.939 ] ] ], [ [ [ -76.546, 34.655 ], [ -76.608, 34.664 ], [ -76.674, 34.7 ], [ -76.622, 34.695 ], [ -76.546, 34.655 ] ] ] ] } },
{ "type": "Feature", "properties": { "name": "North Dakota", "postal": "ND", "min_label": 3.5 }, "geometry": { "type": "Polygon", "coordinates": [ [ [ -104.034, 48.993 ], [ -97.226, 48.993 ], [ -97.128, 48.681 ], [ -97.126, 48.173 ], [ -97.007, 47.926 ], [ -96.988, 47.82 ], [ -96.859, 47.588 ], [ -96.825, 47.019 ], [ -96.77, 46.92 ], [ -96.787, 46.648 ], [ -96.731, 46.473 ], [ -96.599, 46.272 ], [ -96.561, 46.138 ], [ -96.556, 45.943 ], [ -104.011, 45.943 ], [ -104.034, 48.993 ] ] ] } },
{ "type": "Feature", "properties": { "name": "Nebraska", "postal": "NE", "min_label": 3.5 }, "geometry": { "type": "Polygon", "coordinates": [ [ [ -102.024, 40.001 ], [ -102.025, 41.001 ], [ -104.022, 41.001 ], [ -104.029, 43.001 ], [ -98.442, 43.001 ], [ -98.143, 42.852 ], [ -97.965, 42.806 ], [ -97.881, 42.85 ], [ -97.698, 42.875 ], [ -97.239, 42.861 ], [ -96.676, 42.638 ], [ -96.633, 42.569 ], [ -96.558, 42.525 ], [ -96.451, 42.506 ], [ -96.384, 42.418 ], [ -96.356, 42.26 ], [ -96.295, 42.133 ], [ -96.201, 42.036 ], [ -96.087, 41.821 ], [ -96.059, 41.546 ], [ -96.011, 41.538 ], [ -95.982, 41.474 ], [ -95.944, 41.461 ], [ -95.95, 41.367 ], [ -95.892, 41.316 ], [ -95.907, 41.212 ], [ -95.871, 41.188 ], [ -95.834, 40.889 ], [ -95.859, 40.745 ], [ -95.685, 40.466 ], [ -95.662, 40.363 ], [ -95.607, 40.295 ], [ -95.521, 40.265 ], [ -95.464, 40.198 ], [ -95.434, 40.096 ], [ -95.347, 40.001 ], [ -102.024, 40.001 ] ] ] } },
{ "type": "Feature", "properties": { "name": "New Hampshire", "postal": "NH", "min_label": 3.5 }, "geometry": { "type": "Polygon", "coordinates": [ [ [ -71.518, 45.008 ], [ -71.419, 45.2 ], [ -71.327, 45.29 ], [ -71.202, 45.26 ], [ -71.085, 45.294 ], [ -70.968, 43.458 ], [ -70.92, 43.328 ], [ -70.829, 43.239 ], [ -70.813, 43.164 ], [ -70.733, 43.07 ], [ -70.778, 42.941 ], [ -70.806, 42.877 ], [ -70.974, 42.872 ], [ -71.33, 42.702 ], [ -72.467, 42.73 ], [ -72.55, 42.887 ], [ -72.474, 43.039 ], [ -72.362, 43.587 ], [ -72.115, 43.965 ], [ -72.031, 44.301 ], [ -71.826, 44.374 ], [ -71.609, 44.514 ], [ -71.568, 44.608 ], [ -71.621, 44.772 ], [ -71.51, 44.908 ], [ -71.518, 45.008 ] ] ] } },
{ "type": "Feature", "properties": { "name": "New Jersey", "postal": "NJ", "min_label": 3.5 }, "geometry": { "type": "MultiPolygon", "coordinates": [ [ [ [ -75.074, 39.983 ], [ -74.735, 40.155 ], [ -74.976, 40.406 ], [ -75.034, 40.42 ], [ -75.097, 40.543 ], [ -75.189, 40.596 ], [ -75.175, 40.776 ], [ -75.076, 40.856 ], [ -75.123, 40.999 ], [ -74.912, 41.155 ], [ -74.812, 41.302 ], [ -74.699, 41.357 ], [ -73.91, 40.992 ], [ -74.026, 40.756 ], [ -74.187, 40.648 ], [ -74.264, 40.529 ], [ -74.242, 40.456 ], [ -74.05, 40.43 ], [ -73.998, 40.452 ], [ -73.972, 40.4 ], [ -73.958, 40.328 ], [ -74.08, 39.788 ], [ -74.065, 39.993 ], [ -74.118, 39.938 ], [ -74.176, 39.727 ], [ -74.257, 39.614 ], [ -74.331, 39.536 ], [ -74.407, 39.549 ], [ -74.39, 39.487 ], [ -74.429, 39.387 ], [ -74.474, 39.343 ], [ -74.579, 39.316 ], [ -74.794, 39.002 ], [ -74.923, 38.941 ], [ -74.954, 38.95 ], [ -74.897, 39.145 ], [ -75.05, 39.211 ], [ -75.136, 39.208 ], [ -75.353, 39.34 ], [ -75.524, 39.49 ], [ -75.524, 39.602 ], [ -75.422, 39.79 ], [ -75.154, 39.87 ], [ -75.074, 39.983 ] ] ], [ [ [ -74.133, 39.681 ], [ -74.251, 39.529 ], [ -74.107, 39.746 ], [ -74.133, 39.681 ] ] ] ] } },
{ "type": "Feature", "properties": { "name": "New Mexico", "postal": "NM", "min_label": 3.5 }, "geometry": { "type": "Polygon", "coordinates": [ [ [ -109.048, 31.328 ], [ -109.047, 37.001 ], [ -103.001, 37.001 ], [ -103.0, 36.501 ], [ -103.042, 36.501 ], [ -103.066, 32.003 ], [ -106.668, 32.001 ], [ -106.566, 31.82 ], [ -106.445, 31.768 ], [ -108.212, 31.779 ], [ -108.214, 31.329 ], [ -109.048, 31.328 ] ] ] } },
{ "type": "Feature", "properties": { "name": "Nevada", "postal": "NV", "min_label": 3.5 }, "geometry": { "type": "Polygon", "coordinates": [ [ [ -114.043, 42.001 ], [ -114.043, 36.182 ], [ -114.183, 36.03 ], [ -114.232, 36.032 ], [ -114.406, 36.148 ], [ -114.505, 36.156 ], [ -114.669, 36.122 ], [ -114.741, 36.014 ], [ -114.687, 35.917 ], [ -114.645, 35.631 ], [ -114.662, 35.545 ], [ -114.591, 35.353 ], [ -114.611, 34.991 ], [ -118.126, 37.692 ], [ -120.0, 39.0 ], [ -120.001, 42.001 ], [ -114.043, 42.001 ] ] ] } },
{ "type": "Feature", "properties": { "name": "New York", "postal": "NY", "min_label": 3.5 }, "geometry": { "type": "MultiPolygon", "coordinates": [ [ [ [ -79.762, 42.539 ], [ -79.037, 42.802 ], [ -78.939, 42.864 ], [ -78.921, 42.935 ], [ -79.026, 43.017 ], [ -79.066, 43.106 ], [ -79.059, 43.278 ], [ -79.172, 43.467 ], [ -78.72, 43.625 ], [ -76.82, 43.629 ], [ -76.465, 44.058 ], [ -76.186, 44.242 ], [ -76.151, 44.304 ], [ -75.876, 44.417 ], [ -75.401, 44.772 ], [ -75.179, 44.899 ], [ -74.857, 45.004 ], [ -73.352, 45.005 ], [ -73.372, 44.597 ], [ -73.31, 44.46 ], [ -73.321, 44.269 ], [ -73.426, 44.075 ], [ -73.375, 43.804 ], [ -73.416, 43.59 ], [ -73.33, 43.627 ], [ -73.247, 43.553 ], [ -73.28, 42.813 ], [ -73.253, 42.752 ], [ -73.507, 42.08 ], [ -73.481, 42.056 ], [ -73.545, 41.296 ], [ -73.484, 41.219 ], [ -73.723, 41.105 ], [ -73.63, 40.992 ], [ -73.987, 40.751 ], [ -73.872, 41.055 ], [ -73.882, 41.171 ], [ -73.925, 41.218 ], [ -73.97, 41.25 ], [ -73.918, 41.136 ], [ -73.91, 40.992 ], [ -74.699, 41.357 ], [ -74.757, 41.424 ], [ -74.935, 41.474 ], [ -75.051, 41.608 ], [ -75.054, 41.765 ], [ -75.096, 41.832 ], [ -75.239, 41.892 ], [ -75.351, 41.998 ], [ -79.763, 42.001 ], [ -79.762, 42.539 ] ] ], [ [ [ -72.274, 41.153 ], [ -72.581, 40.921 ], [ -72.517, 40.915 ], [ -72.184, 41.047 ], [ -72.102, 41.015 ], [ -71.903, 41.061 ], [ -72.556, 40.826 ], [ -73.194, 40.654 ], [ -73.9, 40.571 ], [ -73.799, 40.641 ], [ -73.875, 40.652 ], [ -73.929, 40.599 ], [ -74.015, 40.581 ], [ -74.032, 40.639 ], [ -73.879, 40.792 ], [ -73.695, 40.87 ], [ -73.652, 40.838 ], [ -73.643, 40.881 ], [ -73.574, 40.92 ], [ -72.625, 40.992 ], [ -72.274, 41.153 ] ] ], [ [ [ -74.08, 40.586 ], [ -74.236, 40.519 ], [ -74.188, 40.615 ], [ -74.069, 40.649 ], [ -74.08, 40.586 ] ] ] ] } },
{ "type": "Feature", "properties": { "name": "Ohio", "postal": "OH", "min_label": 3.5 }, "geometry": { "type": "Polygon", "coordinates": [ [ [ -83.122, 41.95 ], [ -83.03, 41.833 ], [ -82.69, 41.675 ], [ -82.439, 41.675 ], [ -81.278, 42.209 ], [ -80.521, 42.324 ], [ -80.519, 40.647 ], [ -80.638, 40.603 ], [ -80.659, 40.563 ], [ -80.604, 40.445 ], [ -80.602, 40.364 ], [ -80.872, 39.736 ], [ -80.874, 39.664 ], [ -80.963, 39.571 ], [ -81.263, 39.387 ], [ -81.333, 39.363 ], [ -81.44, 39.393 ], [ -81.606, 39.274 ], [ -81.657, 39.272 ], [ -81.803, 39.086 ], [ -81.78, 38.947 ], [ -81.897, 38.894 ], [ -81.95, 38.989 ], [ -82.001, 39.011 ], [ -82.072, 38.963 ], [ -82.204, 38.768 ], [ -82.18, 38.638 ], [ -82.387, 38.434 ], [ -82.498, 38.415 ], [ -82.621, 38.451 ], [ -82.845, 38.628 ], [ -82.88, 38.71 ], [ -83.0, 38.714 ], [ -83.203, 38.639 ], [ -83.357, 38.627 ], [ -83.538, 38.7 ], [ -83.69, 38.65 ], [ -83.828, 38.731 ], [ -84.113, 38.798 ], [ -84.227, 38.865 ], [ -84.29, 38.975 ], [ -84.43, 39.091 ], [ -84.661, 39.094 ], [ -84.707, 39.129 ], [ -84.822, 39.092 ], [ -84.796, 41.701 ], [ -83.464, 41.739 ], [ -83.122, 41.95 ] ] ] } },
{ "type": "Feature", "properties": { "name": "Oklahoma", "postal": "OK", "min_label": 3.5 }, "geometry": { "type": "Polygon", "coordinates": [ [ [ -94.618, 36.501 ], [ -94.439, 35.387 ], [ -94.484, 33.648 ], [ -94.709, 33.699 ], [ -95.216, 33.959 ], [ -95.374, 33.874 ], [ -95.523, 33.887 ], [ -95.594, 33.945 ], [ -95.784, 33.865 ], [ -95.942, 33.883 ], [ -96.139, 33.822 ], [ -96.315, 33.711 ], [ -96.592, 33.849 ], [ -96.606, 33.906 ], [ -96.746, 33.854 ], [ -96.848, 33.883 ], [ -96.934, 33.953 ], [ -97.064, 33.857 ], [ -97.119, 33.735 ], [ -97.192, 33.785 ], [ -97.186, 33.87 ], [ -97.215, 33.897 ], [ -97.398, 33.831 ], [ -97.571, 33.916 ], [ -97.641, 33.992 ], [ -97.842, 33.876 ], [ -97.922, 33.878 ], [ -97.951, 33.971 ], [ -98.069, 34.04 ], [ -98.099, 34.145 ], [ -98.356, 34.142 ], [ -98.454, 34.078 ], [ -98.608, 34.161 ], [ -98.73, 34.147 ], [ -99.158, 34.223 ], [ -99.253, 34.388 ], [ -99.36, 34.456 ], [ -99.405, 34.392 ], [ -99.632, 34.388 ], [ -99.867, 34.543 ], [ -99.999, 34.587 ], [ -100.002, 36.501 ], [ -103.0, 36.501 ], [ -103.001, 37.001 ], [ -94.618, 37.001 ], [ -94.618, 36.501 ] ] ] } },
{ "type": "Feature", "properties": { "name": "Oregon", "postal": "OR", "min_label": 3.5 }, "geometry": { "type": "Polygon", "coordinates": [ [ [ -117.017, 42.001 ], [ -124.228, 42.001 ], [ -124.355, 42.123 ], [ -124.421, 42.381 ], [ -124.406, 42.584 ], [ -124.54, 42.813 ], [ -124.347, 43.342 ], [ -124.197, 43.423 ], [ -124.288, 43.41 ], [ -124.149, 43.692 ], [ -124.099, 44.334 ], [ -124.047, 44.426 ], [ -124.059, 44.778 ], [ -123.929, 45.577 ], [ -123.961, 45.843 ], [ -123.947, 46.141 ], [ -123.989, 46.219 ], [ -123.912, 46.182 ], [ -123.674, 46.183 ], [ -123.522, 46.223 ], [ -123.322, 46.144 ], [ -123.121, 46.179 ], [ -123.042, 46.16 ], [ -122.942, 46.115 ], [ -122.843, 45.978 ], [ -122.726, 45.674 ], [ -122.65, 45.627 ], [ -122.203, 45.591 ], [ -122.085, 45.603 ], [ -121.882, 45.689 ], [ -121.663, 45.718 ], [ -121.402, 45.712 ], [ -121.243, 45.687 ], [ -121.184, 45.644 ], [ -121.045, 45.639 ], [ -120.351, 45.725 ], [ -119.934, 45.838 ], [ -119.429, 45.934 ], [ -119.177, 45.945 ], [ -119.02, 46.0 ], [ -116.896, 46.002 ], [ -116.765, 45.873 ], [ -116.521, 45.722 ], [ -116.477, 45.641 ], [ -116.549, 45.457 ], [ -116.737, 45.169 ], [ -116.856, 44.906 ], [ -117.202, 44.436 ], [ -117.197, 44.344 ], [ -117.14, 44.29 ], [ -116.953, 44.245 ], [ -116.912, 44.199 ], [ -117.02, 43.813 ], [ -117.017, 42.001 ] ] ] } },
{ "type": "Feature", "properties": { "name": "Pennsylvania", "postal": "PA", "min_label": 3.5 }, "geometry": { "type": "Polygon", "coordinates": [ [ [ -80.521, 42.324 ], [ -80.248, 42.366 ], [ -79.762, 42.539 ], [ -79.763, 42.001 ], [ -75.351, 41.998 ], [ -75.239, 41.892 ], [ -75.096, 41.832 ], [ -75.054, 41.765 ], [ -75.051, 41.608 ], [ -74.981, 41.508 ], [ -74.757, 41.424 ], [ -74.699, 41.357 ], [ -74.812, 41.302 ], [ -74.912, 41.155 ], [ -75.123, 40.999 ], [ -75.076, 40.856 ], [ -75.175, 40.776 ], [ -75.192, 40.69 ], [ -75.189, 40.596 ], [ -75.097, 40.543 ], [ -75.034, 40.42 ], [ -74.976, 40.406 ], [ -74.735, 40.155 ], [ -75.024, 40.017 ], [ -75.173, 39.895 ], [ -75.421, 39.815 ], [ -75.635, 39.839 ], [ -75.785, 39.722 ], [ -80.519, 39.723 ], [ -80.521, 42.324 ] ] ] } },
{ "type": "Feature", "properties": { "name": "Rhode Island", "postal": "RI", "min_label": 3.5 }, "geometry": { "type": "MultiPolygon", "coordinates": [ [ [ [ -71.842, 41.336 ], [ -71.796, 41.52 ], [ -71.801, 42.012 ], [ -71.387, 42.017 ], [ -71.379, 41.902 ], [ -71.338, 41.891 ], [ -71.341, 41.798 ], [ -71.234, 41.707 ], [ -71.271, 41.681 ], [ -71.39, 41.795 ], [ -71.364, 41.703 ], [ -71.427, 41.633 ], [ -71.444, 41.454 ], [ -71.523, 41.379 ], [ -71.842, 41.336 ] ] ], [ [ [ -71.241, 41.492 ], [ -71.346, 41.469 ], [ -71.28, 41.62 ], [ -71.232, 41.654 ], [ -71.241, 41.492 ] ] ], [ [ [ -71.354, 41.542 ], [ -71.393, 41.467 ], [ -71.384, 41.571 ], [ -71.354, 41.542 ] ] ] ] } },
{ "type": "Feature", "properties": { "name": "South Carolina", "postal": "SC", "min_label": 3.5 }, "geometry": { "type": "Polygon", "coordinates": [ [ [ -80.872, 32.03 ], [ -81.075, 32.11 ], [ -81.135, 32.182 ], [ -81.172, 32.38 ], [ -81.29, 32.557 ], [ -81.377, 32.607 ], [ -81.49, 32.936 ], [ -81.578, 33.069 ], [ -81.78, 33.195 ], [ -82.006, 33.523 ], [ -82.208, 33.664 ], [ -82.352, 33.838 ], [ -82.589, 34.017 ], [ -82.848, 34.437 ], [ -83.053, 34.511 ], [ -83.356, 34.708 ], [ -83.317, 34.806 ], [ -83.121, 35.001 ], [ -82.744, 35.084 ], [ -82.393, 35.211 ], [ -81.087, 35.156 ], [ -81.047, 35.131 ], [ -81.045, 35.066 ], [ -80.934, 35.114 ], [ -80.793, 34.963 ], [ -80.784, 34.829 ], [ -79.654, 34.797 ], [ -78.564, 33.877 ], [ -78.92, 33.659 ], [ -79.138, 33.406 ], [ -79.194, 33.244 ], [ -79.238, 33.312 ], [ -79.226, 33.405 ], [ -79.281, 33.315 ], [ -79.229, 33.185 ], [ -79.276, 33.135 ], [ -79.42, 33.043 ], [ -79.587, 33.001 ], [ -79.615, 32.909 ], [ -79.805, 32.787 ], [ -79.933, 32.81 ], [ -79.894, 32.729 ], [ -79.941, 32.667 ], [ -80.022, 32.62 ], [ -80.23, 32.577 ], [ -80.363, 32.501 ], [ -80.572, 32.534 ], [ -80.634, 32.512 ], [ -80.474, 32.423 ], [ -80.486, 32.352 ], [ -80.579, 32.287 ], [ -80.608, 32.293 ], [ -80.647, 32.396 ], [ -80.709, 32.337 ], [ -80.803, 32.448 ], [ -80.798, 32.363 ], [ -80.694, 32.216 ], [ -80.758, 32.142 ], [ -80.849, 32.114 ], [ -80.872, 32.03 ] ] ] } },
{ "type": "Feature", "properties": { "name": "South Dakota", "postal": "SD", "min_label": 3.5 }, "geometry": { "type": "Polygon", "coordinates": [ [ [ -96.454, 43.501 ], [ -96.599, 43.498 ], [ -96.535, 43.338 ], [ -96.563, 43.243 ], [ -96.49, 43.206 ], [ -96.461, 43.13 ], [ -96.627, 42.757 ], [ -96.539, 42.659 ], [ -96.481, 42.511 ], [ -96.633, 42.569 ], [ -96.676, 42.638 ], [ -96.805, 42.701 ], [ -97.239, 42.861 ], [ -97.698, 42.875 ], [ -97.881, 42.85 ], [ -97.965, 42.806 ], [ -98.143, 42.852 ], [ -98.442, 43.001 ], [ -104.029, 43.001 ], [ -104.037, 45.001 ], [ -104.005, 45.013 ], [ -104.011, 45.943 ], [ -96.556, 45.943 ], [ -96.615, 45.8 ], [ -96.851, 45.626 ], [ -96.696, 45.432 ], [ -96.53, 45.372 ], [ -96.454, 45.297 ], [ -96.454, 43.501 ] ] ] } },
{ "type": "Feature", "properties": { "name": "Tennessee", "postal": "TN", "min_label": 3.5 }, "geometry": { "type": "Polygon", "coordinates": [ [ [ -84.325, 34.988 ], [ -88.19, 35.025 ], [ -88.173, 34.999 ], [ -90.294, 35.004 ], [ -90.142, 35.114 ], [ -90.093, 35.204 ], [ -90.108, 35.314 ], [ -89.927, 35.592 ], [ -89.944, 35.679 ], [ -89.895, 35.751 ], [ -89.78, 35.806 ], [ -89.764, 35.889 ], [ -89.689, 35.921 ], [ -89.709, 35.983 ], [ -89.634, 36.168 ], [ -89.675, 36.221 ], [ -89.584, 36.272 ], [ -89.612, 36.322 ], [ -89.555, 36.373 ], [ -89.557, 36.501 ], [ -88.059, 36.5 ], [ -88.096, 36.693 ], [ -87.869, 36.675 ], [ -87.839, 36.644 ], [ -86.508, 36.665 ], [ -83.73, 36.587 ], [ -81.659, 36.611 ], [ -81.704, 36.534 ], [ -81.734, 36.355 ], [ -81.908, 36.306 ], [ -82.051, 36.123 ], [ -82.101, 36.107 ], [ -82.182, 36.154 ], [ -82.295, 36.134 ], [ -82.553, 35.971 ], [ -82.611, 36.047 ], [ -82.7, 36.03 ], [ -82.813, 35.947 ], [ -82.888, 35.952 ], [ -82.99, 35.8 ], [ -83.12, 35.775 ], [ -83.511, 35.584 ], [ -83.871, 35.515 ], [ -84.004, 35.414 ], [ -84.062, 35.286 ], [ -84.261, 35.25 ], [ -84.325, 34.988 ] ] ] } },
{ "type": "Feature", "properties": { "name": "Texas", "postal": "TX", "min_label": 3.5 }, "geometry": { "type": "MultiPolygon", "coordinates": [ [ [ [ -94.484, 33.648 ], [ -94.358, 33.561 ], [ -94.192, 33.589 ], [ -94.047, 33.554 ], [ -94.043, 31.999 ], [ -93.846, 31.793 ], [ -93.807, 31.569 ], [ -93.738, 31.514 ], [ -93.666, 31.323 ], [ -93.558, 31.18 ], [ -93.531, 31.046 ], [ -93.563, 31.005 ], [ -93.579, 30.824 ], [ -93.72, 30.558 ], [ -93.75, 30.345 ], [ -93.711, 30.113 ], [ -93.794, 29.977 ], [ -93.841, 29.98 ], [ -93.946, 29.815 ], [ -93.89, 29.689 ], [ -94.1, 29.67 ], [ -94.76, 29.384 ], [ -94.75, 29.418 ], [ -94.526, 29.548 ], [ -94.778, 29.548 ], [ -94.724, 29.655 ], [ -94.742, 29.75 ], [ -94.832, 29.753 ], [ -94.89, 29.677 ], [ -95.023, 29.702 ], [ -94.993, 29.531 ], [ -94.888, 29.371 ], [ -95.139, 29.168 ], [ -95.152, 29.079 ], [ -95.274, 28.964 ], [ -95.853, 28.64 ], [ -96.235, 28.489 ], [ -96.011, 28.632 ], [ -96.373, 28.657 ], [ -96.449, 28.594 ], [ -96.576, 28.716 ], [ -96.64, 28.709 ], [ -96.525, 28.489 ], [ -96.421, 28.457 ], [ -96.562, 28.367 ], [ -96.676, 28.341 ], [ -96.774, 28.422 ], [ -96.807, 28.22 ], [ -96.84, 28.194 ], [ -96.892, 28.158 ], [ -96.933, 28.224 ], [ -97.015, 28.163 ], [ -97.156, 28.144 ], [ -97.141, 28.061 ], [ -97.034, 28.094 ], [ -97.073, 27.986 ], [ -97.171, 27.88 ], [ -97.252, 27.854 ], [ -97.374, 27.87 ], [ -97.432, 27.837 ], [ -97.289, 27.671 ], [ -97.439, 27.328 ], [ -97.524, 27.314 ], [ -97.768, 27.457 ], [ -97.692, 27.287 ], [ -97.485, 27.237 ], [ -97.476, 27.118 ], [ -97.555, 26.967 ], [ -97.435, 26.486 ], [ -97.214, 26.068 ], [ -97.15, 26.065 ], [ -97.14, 26.03 ], [ -97.146, 25.961 ], [ -97.282, 25.942 ], [ -97.358, 25.871 ], [ -97.587, 25.984 ], [ -97.801, 26.042 ], [ -98.275, 26.111 ], [ -98.378, 26.182 ], [ -98.691, 26.276 ], [ -98.765, 26.34 ], [ -99.108, 26.447 ], [ -99.23, 26.762 ], [ -99.457, 27.057 ], [ -99.44, 27.17 ], [ -99.51, 27.34 ], [ -99.486, 27.398 ], [ -99.505, 27.548 ], [ -99.754, 27.73 ], [ -100.112, 28.173 ], [ -100.296, 28.328 ], [ -100.332, 28.503 ], [ -100.55, 28.821 ], [ -100.659, 29.069 ], [ -100.755, 29.183 ], [ -101.016, 29.401 ], [ -101.039, 29.46 ], [ -101.304, 29.634 ], [ -101.38, 29.743 ], [ -101.545, 29.784 ], [ -101.546, 29.808 ], [ -101.991, 29.796 ], [ -102.269, 29.871 ], [ -102.343, 29.865 ], [ -102.386, 29.807 ], [ -102.476, 29.769 ], [ -102.615, 29.752 ], [ -102.734, 29.644 ], [ -102.834, 29.444 ], [ -102.878, 29.315 ], [ -102.866, 29.258 ], [ -103.09, 29.042 ], [ -103.168, 28.998 ], [ -103.258, 29.001 ], [ -103.423, 29.071 ], [ -103.853, 29.291 ], [ -103.99, 29.323 ], [ -104.401, 29.574 ], [ -104.622, 29.854 ], [ -104.681, 29.991 ], [ -104.681, 30.134 ], [ -104.918, 30.583 ], [ -105.514, 30.981 ], [ -106.024, 31.398 ], [ -106.148, 31.451 ], [ -106.436, 31.764 ], [ -106.566, 31.82 ], [ -106.668, 32.001 ], [ -103.066, 32.003 ], [ -103.042, 36.501 ], [ -100.002, 36.501 ], [ -99.999, 34.587 ], [ -99.867, 34.543 ], [ -99.686, 34.416 ], [ -99.632, 34.388 ], [ -99.405, 34.392 ], [ -99.36, 34.456 ], [ -99.253, 34.388 ], [ -99.158, 34.223 ], [ -98.73, 34.147 ], [ -98.608, 34.161 ], [ -98.454, 34.078 ], [ -98.356, 34.142 ], [ -98.099, 34.145 ], [ -98.069, 34.04 ], [ -97.951, 33.971 ], [ -97.922, 33.878 ], [ -97.842, 33.876 ], [ -97.641, 33.992 ], [ -97.571, 33.916 ], [ -97.398, 33.831 ], [ -97.195, 33.891 ], [ -97.201, 33.808 ], [ -97.145, 33.738 ], [ -97.099, 33.75 ], [ -97.064, 33.857 ], [ -96.934, 33.953 ], [ -96.848, 33.883 ], [ -96.746, 33.854 ], [ -96.606, 33.906 ], [ -96.592, 33.849 ], [ -96.315, 33.711 ], [ -96.139, 33.822 ], [ -95.942, 33.883 ], [ -95.784, 33.865 ], [ -95.594, 33.945 ], [ -95.523, 33.887 ], [ -95.374, 33.874 ], [ -95.216, 33.959 ], [ -94.709, 33.699 ], [ -94.484, 33.648 ] ] ], [ [ [ -94.768, 29.339 ], [ -95.09, 29.136 ], [ -94.826, 29.341 ], [ -94.768, 29.339 ] ] ], [ [ [ -96.413, 28.338 ], [ -96.801, 28.148 ], [ -96.756, 28.202 ], [ -96.404, 28.382 ], [ -96.413, 28.338 ] ] ], [ [ [ -96.84, 28.089 ], [ -97.036, 27.899 ], [ -96.979, 28.014 ], [ -96.857, 28.133 ], [ -96.84, 28.089 ] ] ], [ [ [ -97.251, 27.541 ], [ -97.385, 27.243 ], [ -97.295, 27.523 ], [ -97.13, 27.779 ], [ -97.061, 27.822 ], [ -97.251, 27.541 ] ] ], [ [ [ -97.171, 26.159 ], [ -97.185, 26.113 ], [ -97.402, 26.821 ], [ -97.386, 27.197 ], [ -97.351, 26.801 ], [ -97.171, 26.159 ] ] ] ] } },
{ "type": "Feature", "properties": { "name": "Utah", "postal": "UT", "min_label": 3.5 }, "geometry": { "type": "Polygon", "coordinates": [ [ [ -109.047, 37.001 ], [ -114.04, 37.004 ], [ -114.043, 42.001 ], [ -111.05, 42.001 ], [ -111.05, 41.001 ], [ -109.046, 41.001 ], [ -109.047, 37.001 ] ] ] } },
{ "type": "Feature", "properties": { "name": "Virginia", "postal": "VA", "min_label": 3.5 }, "geometry": { "type": "MultiPolygon", "coordinates": [ [ [ [ -77.301, 39.053 ], [ -77.03, 38.889 ], [ -77.046, 38.776 ], [ -77.26, 38.6 ], [ -77.314, 38.397 ], [ -77.232, 38.34 ], [ -77.047, 38.357 ], [ -76.906, 38.197 ], [ -76.55, 38.095 ], [ -76.472, 38.011 ], [ -76.264, 37.894 ], [ -76.306, 37.722 ], [ -76.344, 37.676 ], [ -76.492, 37.682 ], [ -76.829, 37.962 ], [ -76.94, 38.095 ], [ -77.111, 38.166 ], [ -76.925, 38.033 ], [ -76.549, 37.669 ], [ -76.306, 37.572 ], [ -76.368, 37.53 ], [ -76.269, 37.495 ], [ -76.263, 37.357 ], [ -76.401, 37.386 ], [ -76.393, 37.3 ], [ -76.454, 37.274 ], [ -76.538, 37.309 ], [ -76.758, 37.505 ], [ -76.738, 37.449 ], [ -76.611, 37.323 ], [ -76.327, 37.149 ], [ -76.283, 37.053 ], [ -76.401, 36.991 ], [ -76.602, 37.143 ], [ -76.631, 37.222 ], [ -76.704, 37.218 ], [ -77.007, 37.318 ], [ -77.251, 37.329 ], [ -76.672, 37.173 ], [ -76.634, 37.047 ], [ -76.505, 36.961 ], [ -76.488, 36.897 ], [ -76.4, 36.89 ], [ -76.244, 36.953 ], [ -75.999, 36.913 ], [ -75.857, 36.551 ], [ -81.642, 36.595 ], [ -81.905, 36.619 ], [ -81.953, 36.598 ], [ -83.668, 36.605 ], [ -83.15, 36.762 ], [ -83.044, 36.846 ], [ -82.895, 36.906 ], [ -82.732, 37.048 ], [ -82.682, 37.138 ], [ -82.343, 37.297 ], [ -81.965, 37.54 ], [ -81.971, 37.473 ], [ -81.876, 37.33 ], [ -81.589, 37.208 ], [ -81.35, 37.334 ], [ -81.178, 37.263 ], [ -80.915, 37.311 ], [ -80.843, 37.422 ], [ -80.72, 37.401 ], [ -80.507, 37.469 ], [ -80.465, 37.433 ], [ -80.371, 37.473 ], [ -80.246, 37.621 ], [ -80.285, 37.677 ], [ -80.246, 37.751 ], [ -79.972, 38.046 ], [ -79.903, 38.181 ], [ -79.715, 38.404 ], [ -79.64, 38.572 ], [ -79.555, 38.559 ], [ -79.505, 38.491 ], [ -79.396, 38.454 ], [ -79.24, 38.477 ], [ -79.041, 38.79 ], [ -78.992, 38.82 ], [ -78.869, 38.818 ], [ -78.581, 38.999 ], [ -78.435, 39.161 ], [ -78.322, 39.452 ], [ -77.836, 39.145 ], [ -77.727, 39.346 ], [ -77.534, 39.266 ], [ -77.479, 39.221 ], [ -77.506, 39.143 ], [ -77.481, 39.113 ], [ -77.301, 39.053 ] ] ], [ [ [ -75.719, 37.821 ], [ -75.62, 37.999 ], [ -75.376, 38.025 ], [ -75.596, 37.631 ], [ -75.587, 37.559 ], [ -75.699, 37.516 ], [ -75.812, 37.425 ], [ -75.934, 37.152 ], [ -75.997, 37.264 ], [ -75.975, 37.398 ], [ -75.888, 37.619 ], [ -75.719, 37.821 ] ] ], [ [ [ -75.379, 37.872 ], [ -75.226, 38.04 ], [ -75.333, 37.888 ], [ -75.379, 37.872 ] ] ] ] } },
{ "type": "Feature", "properties": { "name": "Vermont", "postal": "VT", "min_label": 3.5 }, "geometry": { "type": "Polygon", "coordinates": [ [ [ -73.352, 45.005 ], [ -71.518, 45.008 ], [ -71.51, 44.908 ], [ -71.621, 44.772 ], [ -71.568, 44.608 ], [ -71.609, 44.514 ], [ -71.826, 44.374 ], [ -72.031, 44.301 ], [ -72.115, 43.965 ], [ -72.362, 43.587 ], [ -72.474, 43.039 ], [ -72.55, 42.887 ], [ -72.467, 42.73 ], [ -73.253, 42.752 ], [ -73.28, 42.813 ], [ -73.247, 43.553 ], [ -73.33, 43.627 ], [ -73.416, 43.59 ], [ -73.375, 43.804 ], [ -73.426, 44.075 ], [ -73.321, 44.269 ], [ -73.31, 44.46 ], [ -73.372, 44.597 ], [ -73.352, 45.005 ] ] ] } },
{ "type": "Feature", "properties": { "name": "Washington", "postal": "WA", "min_label": 3.5 }, "geometry": { "type": "MultiPolygon", "coordinates": [ [ [ [ -122.789, 48.993 ], [ -117.039, 48.993 ], [ -117.039, 46.397 ], [ -116.943, 46.232 ], [ -116.922, 46.164 ], [ -116.948, 46.124 ], [ -116.896, 46.002 ], [ -119.02, 46.0 ], [ -119.177, 45.945 ], [ -119.429, 45.934 ], [ -119.934, 45.838 ], [ -120.351, 45.725 ], [ -121.045, 45.639 ], [ -121.184, 45.644 ], [ -121.243, 45.687 ], [ -121.402, 45.712 ], [ -121.663, 45.718 ], [ -121.882, 45.689 ], [ -122.085, 45.603 ], [ -122.203, 45.591 ], [ -122.65, 45.627 ], [ -122.726, 45.674 ], [ -122.843, 45.978 ], [ -122.942, 46.115 ], [ -123.042, 46.16 ], [ -123.121, 46.179 ], [ -123.221, 46.154 ], [ -123.465, 46.271 ], [ -123.65, 46.268 ], [ -123.688, 46.3 ], [ -123.896, 46.268 ], [ -123.96, 46.301 ], [ -124.073, 46.279 ], [ -124.044, 46.605 ], [ -123.946, 46.433 ], [ -123.889, 46.66 ], [ -124.072, 46.745 ], [ -124.113, 46.863 ], [ -123.843, 46.963 ], [ -124.112, 47.035 ], [ -124.139, 46.955 ], [ -124.199, 47.209 ], [ -124.309, 47.405 ], [ -124.376, 47.659 ], [ -124.46, 47.784 ], [ -124.621, 47.904 ], [ -124.663, 47.974 ], [ -124.71, 48.38 ], [ -123.976, 48.168 ], [ -123.294, 48.12 ], [ -123.162, 48.155 ], [ -122.974, 48.073 ], [ -122.779, 48.138 ], [ -122.657, 47.881 ], [ -122.778, 47.738 ], [ -122.802, 47.735 ], [ -122.821, 47.793 ], [ -123.051, 47.552 ], [ -123.139, 47.386 ], [ -123.104, 47.348 ], [ -122.922, 47.408 ], [ -123.067, 47.4 ], [ -123.06, 47.454 ], [ -122.982, 47.559 ], [ -122.814, 47.659 ], [ -122.608, 47.835 ], [ -122.586, 47.928 ], [ -122.533, 47.92 ], [ -122.524, 47.769 ], [ -122.63, 47.693 ], [ -122.614, 47.616 ], [ -122.675, 47.612 ], [ -122.557, 47.463 ], [ -122.578, 47.293 ], [ -122.649, 47.281 ], [ -122.708, 47.316 ], [ -122.768, 47.218 ], [ -122.828, 47.337 ], [ -122.92, 47.29 ], [ -123.028, 47.139 ], [ -122.812, 47.146 ], [ -122.702, 47.111 ], [ -122.604, 47.167 ], [ -122.542, 47.276 ], [ -122.42, 47.312 ], [ -122.354, 47.372 ], [ -122.368, 47.604 ], [ -122.411, 47.653 ], [ -122.384, 47.716 ], [ -122.402, 47.784 ], [ -122.242, 48.011 ], [ -122.416, 48.184 ], [ -122.395, 48.084 ], [ -122.517, 48.16 ], [ -122.52, 48.229 ], [ -122.403, 48.269 ], [ -122.409, 48.294 ], [ -122.542, 48.411 ], [ -122.669, 48.465 ], [ -122.628, 48.498 ], [ -122.497, 48.506 ], [ -122.513, 48.669 ], [ -122.562, 48.778 ], [ -122.653, 48.764 ], [ -122.686, 48.794 ], [ -122.789, 48.993 ] ] ], [ [ [ -123.086, 48.993 ], [ -123.049, 48.993 ], [ -123.063, 48.978 ], [ -123.086, 48.993 ] ] ], [ [ [ -122.898, 48.71 ], [ -122.769, 48.651 ], [ -122.838, 48.627 ], [ -122.903, 48.665 ], [ -122.893, 48.594 ], [ -123.003, 48.652 ], [ -122.898, 48.71 ] ] ], [ [ [ -123.114, 48.613 ], [ -122.987, 48.468 ], [ -123.14, 48.508 ], [ -123.162, 48.606 ], [ -123.114, 48.613 ] ] ], [ [ [ -122.821, 48.431 ], [ -122.922, 48.457 ], [ -122.912, 48.538 ], [ -122.869, 48.549 ], [ -122.821, 48.431 ] ] ], [ [ [ -122.598, 48.2 ], [ -122.524, 48.025 ], [ -122.503, 48.08 ], [ -122.367, 47.985 ], [ -122.383, 47.923 ], [ -122.558, 47.992 ], [ -122.623, 48.151 ], [ -122.742, 48.225 ], [ -122.629, 48.384 ], [ -122.536, 48.321 ], [ -122.542, 48.294 ], [ -122.697, 48.229 ], [ -122.598, 48.2 ] ] ], [ [ [ -122.497, 47.595 ], [ -122.576, 47.619 ], [ -122.55, 47.704 ], [ -122.508, 47.683 ], [ -122.497, 47.595 ] ] ], [ [ [ -122.394, 47.395 ], [ -122.437, 47.355 ], [ -122.469, 47.39 ], [ -122.51, 47.358 ], [ -122.486, 47.489 ], [ -122.394, 47.395 ] ] ], [ [ [ -122.853, 47.205 ], [ -122.877, 47.186 ], [ -122.908, 47.226 ], [ -122.885, 47.275 ], [ -122.853, 47.205 ] ] ] ] } },
{ "type": "Feature", "properties": { "name": "Wisconsin", "postal": "WI", "min_label": 3.5 }, "geometry": { "type": "Polygon", "coordinates": [ [ [ -90.651, 42.513 ], [ -90.688, 42.61 ], [ -91.07, 42.789 ], [ -91.118, 42.882 ], [ -91.161, 43.102 ], [ -91.107, 43.278 ], [ -91.117, 43.331 ], [ -91.178, 43.359 ], [ -91.238, 43.44 ], [ -91.32, 43.936 ], [ -91.383, 43.991 ], [ -91.841, 44.194 ], [ -92.055, 44.4 ], [ -92.24, 44.462 ], [ -92.442, 44.587 ], [ -92.644, 44.645 ], [ -92.77, 44.726 ], [ -92.799, 44.79 ], [ -92.763, 44.934 ], [ -92.793, 45.071 ], [ -92.759, 45.111 ], [ -92.766, 45.236 ], [ -92.683, 45.433 ], [ -92.757, 45.543 ], [ -92.892, 45.595 ], [ -92.897, 45.659 ], [ -92.694, 45.909 ], [ -92.293, 46.084 ], [ -92.292, 46.661 ], [ -92.224, 46.671 ], [ -92.125, 46.763 ], [ -91.965, 46.73 ], [ -91.468, 46.925 ], [ -90.654, 47.309 ], [ -89.958, 47.287 ], [ -90.413, 46.585 ], [ -90.392, 46.549 ], [ -90.341, 46.558 ], [ -90.23, 46.51 ], [ -90.119, 46.342 ], [ -89.119, 46.149 ], [ -88.837, 46.037 ], [ -88.493, 46.014 ], [ -88.152, 45.945 ], [ -88.096, 45.878 ], [ -88.116, 45.816 ], [ -87.923, 45.76 ], [ -87.809, 45.686 ], [ -87.795, 45.596 ], [ -87.875, 45.385 ], [ -87.842, 45.361 ], [ -87.664, 45.371 ], [ -87.721, 45.243 ], [ -87.654, 45.122 ], [ -87.46, 45.068 ], [ -87.42, 45.184 ], [ -87.244, 45.29 ], [ -87.115, 45.452 ], [ -86.774, 45.452 ], [ -86.265, 45.227 ], [ -86.536, 45.041 ], [ -86.715, 44.846 ], [ -87.032, 44.091 ], [ -87.142, 43.658 ], [ -87.155, 43.327 ], [ -87.039, 42.493 ], [ -90.651, 42.513 ] ] ] } },
{ "type": "Feature", "properties": { "name": "West Virginia", "postal": "WV", "min_label": 3.5 }, "geometry": { "type": "Polygon", "coordinates": [ [ [ -81.965, 37.54 ], [ -82.103, 37.571 ], [ -82.28, 37.687 ], [ -82.589, 38.1 ], [ -82.618, 38.15 ], [ -82.578, 38.272 ], [ -82.613, 38.448 ], [ -82.498, 38.415 ], [ -82.318, 38.48 ], [ -82.291, 38.552 ], [ -82.18, 38.638 ], [ -82.204, 38.768 ], [ -82.072, 38.963 ], [ -82.001, 39.011 ], [ -81.95, 38.989 ], [ -81.897, 38.894 ], [ -81.78, 38.947 ], [ -81.803, 39.086 ], [ -81.657, 39.272 ], [ -81.606, 39.274 ], [ -81.44, 39.393 ], [ -81.333, 39.363 ], [ -81.263, 39.387 ], [ -80.963, 39.571 ], [ -80.874, 39.664 ], [ -80.872, 39.736 ], [ -80.602, 40.364 ], [ -80.604, 40.445 ], [ -80.659, 40.563 ], [ -80.638, 40.603 ], [ -80.519, 40.647 ], [ -80.519, 39.723 ], [ -79.477, 39.723 ], [ -79.488, 39.211 ], [ -79.294, 39.312 ], [ -79.075, 39.476 ], [ -78.971, 39.454 ], [ -78.778, 39.627 ], [ -78.678, 39.55 ], [ -78.496, 39.533 ], [ -78.407, 39.628 ], [ -78.181, 39.686 ], [ -78.098, 39.678 ], [ -78.027, 39.631 ], [ -77.855, 39.6 ], [ -77.872, 39.576 ], [ -77.78, 39.488 ], [ -77.792, 39.442 ], [ -77.727, 39.346 ], [ -77.836, 39.145 ], [ -78.322, 39.452 ], [ -78.435, 39.161 ], [ -78.581, 38.999 ], [ -78.869, 38.818 ], [ -78.992, 38.82 ], [ -79.041, 38.79 ], [ -79.24, 38.477 ], [ -79.396, 38.454 ], [ -79.505, 38.491 ], [ -79.555, 38.559 ], [ -79.64, 38.572 ], [ -79.715, 38.404 ], [ -79.903, 38.181 ], [ -79.972, 38.046 ], [ -80.246, 37.751 ], [ -80.285, 37.677 ], [ -80.246, 37.621 ], [ -80.371, 37.473 ], [ -80.465, 37.433 ], [ -80.507, 37.469 ], [ -80.72, 37.401 ], [ -80.843, 37.422 ], [ -80.915, 37.311 ], [ -81.178, 37.263 ], [ -81.35, 37.334 ], [ -81.589, 37.208 ], [ -81.876, 37.33 ], [ -81.971, 37.473 ], [ -81.965, 37.54 ] ] ] } },
{ "type": "Feature", "properties": { "name": "Wyoming", "postal": "WY", "min_label": 3.5 }, "geometry": { "type": "Polygon", "coordinates": [ [ [ -104.022, 41.001 ], [ -111.05, 41.001 ], [ -111.051, 45.001 ], [ -104.037, 45.001 ], [ -104.022, 41.001 ] ] ] } }
]
}
