{"type":"FeatureCollection","features":[{"type":"Feature","properties":{"r":1},"geometry":{"type":"Polygon","coordinates":[[[-180.0,-84.713],[-180.0,-84.051],[-180.0,-84.051],[-180.0,-84.713],[-180.0,-84.713]]]}},{"type":"Feature","properties":{"r":1},"geometry":{"type":"Polygon","coordinates":[[[-180.0,-17.664],[-180.0,-16.555],[-180.0,-16.555],[-180.0,-17.664],[-180.0,-17.664]]]}},{"type":"Feature","properties":{"r":1},"geometry":{"type":"Polygon","coordinates":[[[-180.0,-16.067],[-180.0,-14.881],[-180.0,-14.881],[-180.0,-16.067],[-180.0,-16.067]]]}},{"type":"Feature","properties":{"r":1},"geometry":{"type":"Polygon","coordinates":[[[-180.0,64.438],[-180.0,64.98],[-180.0,64.98],[-180.0,64.438],[-180.0,64.438]]]}},{"type":"Feature","properties":{"r":1},"geometry":{"type":"Polygon","coordinates":[[[-180.0,68.964],[-180.0,69.392],[-180.0,69.392],[-180.0,68.964],[-180.0,68.964]]]}},{"type":"Feature","properties":{"r":1},"geometry":{"type":"Polygon","coordinates":[[[-180.0,70.407],[-180.0,70.832],[-180.0,70.832],[-180.0,70.407],[-180.0,70.407]]]}},{"type":"Feature","properties":{"r":1},"geometry":{"type":"Polygon","coordinates":[[[-180.0,71.516],[-180.0,71.82],[-180.0,71.82],[-180.0,71.516],[-180.0,71.516]]]}},{"type":"Feature","properties":{"r":1},"geometry":{"type":"Polygon","coordinates":[[[-180.0,71.901],[-180.0,71.901],[-180.0,71.82],[-180.0,71.82],[-180.0,71.901]]]}},{"type":"Feature","properties":{"r":1},"geometry":{"type":"Polygon","coordinates":[[[-179.241,-84.006],[-178.695,-84.011],[-178.213,-84.038],[-176.406,-84.196],[-176.524,-84.232],[-176.862,-84.334],[-177.141,-84.418],[-177.257,-84.453],[-179.059,-84.139],[-179.942,-84.721],[-180.0,-84.713],[-180.0,-84.051],[-179.754,-84.026],[-179.241,-84.006]]]}},{"type":"Feature","properties":{"r":1},"geometry":{"type":"Polygon","coordinates":[[[-173.158,-84.132],[-174.382,-84.534],[-175.215,-84.298],[-174.635,-84.348],[-173.158,-84.132]]]}},{"type":"Feature","properties":{"r":1},"geometry":{"type":"Polygon","coordinates":[[[-170.654,-83.767],[-169.663,-83.748],[-168.845,-83.811],[-165.0,-84.448],[-165.0,-84.753],[-167.022,-84.57],[-168.53,-84.237],[-169.0,-84.118],[-169.951,-83.885],[-172.55,-84.041],[-171.023,-83.806],[-170.654,-83.767]]]}},{"type":"Feature","properties":{"r":1},"geometry":{"type":"Polygon","coordinates":[[[-165.013,-78.599],[-165.0,-78.591],[-165.0,-78.606],[-165.013,-78.599]]]}},{"type":"Feature","properties":{"r":1},"geometry":{"type":"Polygon","coordinates":[[[-179.072,-14.979],[-178.702,-15.341],[-178.511,-15.815],[-178.868,-17.236],[-179.706,-17.728],[-180.0,-17.664],[-180.0,-16.555],[-179.917,-16.502],[-179.793,-16.021],[-180.0,-16.067],[-180.0,-14.881],[-179.766,-14.832],[-179.449,-14.832],[-179.072,-14.979]]]}},{"type":"Feature","properties":{"r":1},"geometry":{"type":"Polygon","coordinates":[[[-179.449,-14.832],[-179.766,-14.832],[-179.561,-14.788],[-179.449,-14.832]]]}},{"type":"Feature","properties":{"r":1},"geometry":{"type":"Polygon","coordinates":[[[-165.303,53.704],[-165.737,53.885],[-166.012,54.152],[-166.082,54.459],[-165.936,54.755],[-165.599,54.99],[-165.0,55.265],[-165.0,53.667],[-165.303,53.704]]]}},{"type":"Feature","properties":{"r":1},"geometry":{"type":"Polygon","coordinates":[[[-165.643,59.253],[-167.343,59.334],[-168.282,59.771],[-166.251,59.771],[-166.193,59.754],[-166.127,59.771],[-165.0,59.771],[-165.0,59.36],[-165.643,59.253]]]}},{"type":"Feature","properties":{"r":1},"geometry":{"type":"Polygon","coordinates":[[[-180.0,64.438],[-180.0,64.98],[-179.433,65.404],[-179.884,65.875],[-178.686,66.112],[-178.903,65.74],[-178.36,65.391],[-177.223,65.52],[-176.207,65.357],[-175.984,64.923],[-174.654,64.631],[-173.892,64.283],[-172.955,64.253],[-172.555,64.461],[-172.53,65.438],[-170.891,65.541],[-169.9,65.977],[-171.012,66.513],[-169.427,66.513],[-168.673,66.152],[-167.212,66.513],[-165.0,66.513],[-165.0,66.463],[-166.705,66.088],[-168.11,65.67],[-166.845,65.089],[-166.425,64.687],[-165.0,64.454],[-165.0,63.896],[-165.318,63.903],[-165.842,64.031],[-168.991,65.273],[-169.322,65.499],[-171.347,65.077],[-171.61,64.34],[-167.799,63.72],[-167.495,63.527],[-167.389,63.294],[-167.5,63.06],[-167.809,62.864],[-168.264,62.74],[-168.79,62.709],[-171.892,62.82],[-172.776,63.023],[-173.025,63.222],[-173.05,63.686],[-176.579,64.429],[-177.015,64.586],[-177.264,64.826],[-178.65,64.873],[-179.179,64.55],[-180.0,64.438]],[[-170.291,63.194],[-169.529,62.977],[-168.772,63.189],[-168.689,63.298],[-169.683,63.431],[-170.491,63.695],[-171.114,63.592],[-171.732,63.783],[-171.791,63.406],[-171.553,63.318],[-170.671,63.376],[-170.291,63.194]]]}},{"type":"Feature","properties":{"r":1},"geometry":{"type":"Polygon","coordinates":[[[-174.34,66.336],[-174.821,66.513],[-174.396,66.513],[-174.34,66.336]]]}},{"type":"Feature","properties":{"r":1},"geometry":{"type":"Polygon","coordinates":[[[-168.624,59.929],[-168.689,60.416],[-168.053,60.782],[-166.738,60.887],[-167.348,61.293],[-167.42,61.524],[-165.753,63.382],[-165.428,63.581],[-165.0,63.689],[-165.0,62.578],[-165.734,62.075],[-166.121,61.5],[-165.351,61.074],[-165.346,60.508],[-165.0,60.386],[-165.0,59.771],[-166.127,59.771],[-165.579,59.91],[-165.674,60.294],[-166.468,60.384],[-167.455,60.213],[-166.848,59.941],[-166.251,59.771],[-168.282,59.771],[-168.624,59.929]]]}},{"type":"Feature","properties":{"r":1},"geometry":{"type":"Polygon","coordinates":[[[-171.857,66.913],[-174.572,67.062],[-174.396,66.513],[-174.821,66.513],[-175.014,66.584],[-174.928,67.206],[-177.55,68.2],[-180.0,68.964],[-180.0,69.392],[-179.54,69.396],[-173.98,67.537],[-171.226,67.355],[-169.427,66.513],[-171.012,66.513],[-171.857,66.913]]]}},{"type":"Feature","properties":{"r":1},"geometry":{"type":"Polygon","coordinates":[[[-165.304,66.977],[-167.983,68.191],[-167.976,68.532],[-167.148,69.203],[-165.0,69.571],[-165.0,68.905],[-166.205,68.883],[-166.764,68.359],[-165.39,68.043],[-165.0,67.87],[-165.0,66.513],[-167.212,66.513],[-165.304,66.977]]]}},{"type":"Feature","properties":{"r":1},"geometry":{"type":"Polygon","coordinates":[[[-176.505,71.504],[-176.3,71.346],[-176.313,71.173],[-176.541,71.016],[-176.946,70.901],[-179.368,70.456],[-179.881,70.403],[-180.0,70.407],[-180.0,70.832],[-178.694,70.893],[-177.664,71.133],[-177.578,71.269],[-179.024,71.556],[-179.872,71.558],[-180.0,71.516],[-180.0,71.82],[-178.076,71.82],[-176.505,71.504]]]}},{"type":"Feature","properties":{"r":1},"geometry":{"type":"Polygon","coordinates":[[[-178.076,71.82],[-180.0,71.82],[-180.0,71.901],[-178.749,71.953],[-178.076,71.82]]]}},{"type":"Feature","properties":{"r":1},"geometry":{"type":"Polygon","coordinates":[[[-153.586,-83.689],[-150.903,-83.904],[-150.407,-84.138],[-154.403,-83.799],[-154.783,-83.744],[-154.881,-83.676],[-154.798,-83.573],[-153.54,-83.573],[-153.586,-83.689]]]}},{"type":"Feature","properties":{"r":1},"geometry":{"type":"Polygon","coordinates":[[[-161.711,-84.94],[-161.528,-84.985],[-161.542,-85.0],[-162.926,-85.0],[-164.182,-84.825],[-165.0,-84.753],[-165.0,-84.448],[-161.711,-84.94]]]}},{"type":"Feature","properties":{"r":1},"geometry":{"type":"Polygon","coordinates":[[[-156.081,-81.655],[-154.774,-81.655],[-154.526,-81.768],[-152.862,-82.043],[-152.666,-82.454],[-153.038,-82.827],[-153.41,-83.238],[-153.54,-83.573],[-154.798,-83.573],[-153.969,-82.452],[-154.138,-82.099],[-156.081,-81.655]]]}},{"type":"Feature","properties":{"r":1},"geometry":{"type":"Polygon","coordinates":[[[-157.943,-81.207],[-158.102,-81.055],[-157.512,-80.929],[-156.523,-80.905],[-152.783,-81.051],[-154.409,-81.161],[-156.837,-81.102],[-155.29,-81.416],[-154.774,-81.655],[-156.081,-81.655],[-157.943,-81.207]]]}},{"type":"Feature","properties":{"r":1},"geometry":{"type":"Polygon","coordinates":[[[-150.0,-80.827],[-150.0,-81.232],[-150.648,-81.337],[-151.721,-81.092],[-151.218,-81.111],[-150.0,-80.827]]]}},{"type":"Feature","properties":{"r":1},"geometry":{"type":"Polygon","coordinates":[[[-150.399,-79.562],[-155.669,-79.3],[-156.145,-79.255],[-156.483,-79.178],[-156.499,-79.171],[-153.272,-79.171],[-151.588,-79.299],[-150.0,-79.345],[-150.0,-79.69],[-150.399,-79.562]]]}},{"type":"Feature","properties":{"r":1},"geometry":{"type":"Polygon","coordinates":[[[-158.153,-79.635],[-158.567,-79.701],[-159.099,-79.731],[-160.949,-79.622],[-159.208,-79.497],[-159.407,-79.171],[-158.321,-79.171],[-157.945,-79.441],[-157.932,-79.542],[-158.153,-79.635]]]}},{"type":"Feature","properties":{"r":1},"geometry":{"type":"Polygon","coordinates":[[[-162.44,-79.281],[-161.241,-79.604],[-162.883,-79.506],[-163.362,-79.451],[-163.665,-79.362],[-164.011,-79.171],[-162.625,-79.171],[-162.44,-79.281]]]}},{"type":"Feature","properties":{"r":1},"geometry":{"type":"Polygon","coordinates":[[[-159.349,-78.042],[-159.663,-76.907],[-159.344,-76.694],[-158.946,-76.623],[-157.963,-76.606],[-151.588,-77.078],[-150.0,-76.799],[-150.0,-77.183],[-150.002,-77.183],[-151.334,-77.399],[-152.92,-77.497],[-153.743,-77.066],[-155.329,-77.203],[-156.975,-77.301],[-157.875,-76.987],[-158.365,-76.889],[-158.052,-78.026],[-157.268,-78.378],[-155.976,-78.692],[-155.329,-79.064],[-153.39,-79.162],[-153.272,-79.171],[-156.499,-79.171],[-159.349,-78.042]]]}},{"type":"Feature","properties":{"r":1},"geometry":{"type":"Polygon","coordinates":[[[-159.482,-79.046],[-160.246,-78.694],[-161.245,-78.38],[-163.106,-78.223],[-163.713,-78.596],[-163.067,-78.87],[-163.027,-78.929],[-162.625,-79.171],[-164.011,-79.171],[-165.0,-78.606],[-165.0,-78.591],[-164.096,-78.05],[-163.703,-77.985],[-162.722,-77.967],[-159.146,-78.557],[-158.321,-79.171],[-159.407,-79.171],[-159.482,-79.046]]]}},{"type":"Feature","properties":{"r":1},"geometry":{"type":"Polygon","coordinates":[[[-158.222,22.776],[-156.127,22.233],[-155.075,21.62],[-154.772,21.119],[-154.152,20.682],[-153.568,19.743],[-153.682,18.88],[-153.971,18.532],[-155.477,17.906],[-156.464,17.933],[-157.147,18.609],[-157.227,19.66],[-157.51,19.907],[-159.167,20.71],[-160.119,20.837],[-160.823,21.319],[-161.046,21.721],[-160.964,22.602],[-160.669,22.959],[-159.818,23.339],[-158.889,23.33],[-158.222,22.776]],[[-155.062,19.859],[-155.225,19.993],[-155.402,20.08],[-155.785,20.249],[-155.861,20.267],[-155.919,20.174],[-155.85,19.977],[-156.024,19.814],[-156.073,19.703],[-155.908,19.339],[-155.937,19.059],[-155.688,18.916],[-155.542,19.083],[-155.222,19.24],[-154.831,19.453],[-154.807,19.509],[-155.062,19.859]],[[-156.711,20.927],[-156.702,20.864],[-156.587,20.783],[-156.414,20.572],[-156.079,20.644],[-155.996,20.764],[-156.257,20.917],[-156.613,21.012],[-156.711,20.927]],[[-156.758,21.177],[-157.25,21.22],[-157.325,21.098],[-156.789,21.069],[-156.758,21.177]],[[-158.254,21.539],[-158.127,21.312],[-157.779,21.277],[-157.707,21.264],[-157.653,21.322],[-157.942,21.653],[-158.025,21.717],[-158.293,21.579],[-158.254,21.539]],[[-159.801,22.065],[-159.464,21.883],[-159.345,21.982],[-159.366,22.215],[-159.596,22.236],[-159.749,22.138],[-159.801,22.065]]]}},{"type":"Feature","properties":{"r":1},"geometry":{"type":"Polygon","coordinates":[[[-151.194,58.54],[-152.175,58.534],[-152.255,58.452],[-151.084,57.994],[-150.851,57.505],[-151.301,57.056],[-153.165,56.187],[-154.033,56.015],[-154.492,56.068],[-154.888,56.208],[-155.35,56.616],[-157.911,55.322],[-164.263,53.705],[-164.783,53.641],[-165.0,53.667],[-165.0,55.265],[-159.342,57.767],[-159.96,57.93],[-160.607,58.259],[-161.926,57.99],[-162.452,58.038],[-162.896,58.195],[-163.184,58.431],[-163.231,59.078],[-164.033,59.147],[-164.85,59.385],[-165.0,59.36],[-165.0,59.771],[-162.122,59.771],[-161.874,59.634],[-162.055,59.267],[-161.969,58.672],[-161.355,58.671],[-160.355,59.071],[-159.981,58.573],[-159.712,58.932],[-159.059,58.424],[-158.517,58.788],[-158.195,58.616],[-157.042,58.919],[-157.55,58.328],[-157.723,57.57],[-158.461,57.217],[-158.684,57.017],[-160.07,56.418],[-160.564,56.008],[-161.804,55.895],[-162.87,55.348],[-163.848,55.039],[-164.942,54.572],[-164.786,54.404],[-163.069,54.69],[-162.238,55.024],[-161.223,55.365],[-160.29,55.644],[-159.603,55.567],[-158.433,55.994],[-158.117,56.464],[-156.556,56.98],[-156.308,57.423],[-155.308,57.728],[-154.232,58.146],[-153.287,58.865],[-154.019,59.35],[-153.17,59.771],[-151.848,59.771],[-151.859,59.745],[-151.716,59.156],[-150.608,59.368],[-150.0,59.602],[-150.0,58.813],[-151.194,58.54]],[[-153.763,57.817],[-154.671,57.461],[-154.516,56.993],[-154.005,56.735],[-153.006,57.116],[-152.141,57.591],[-152.565,57.901],[-153.229,57.969],[-153.763,57.817]]]}},{"type":"Feature","properties":{"r":1},"geometry":{"type":"Polygon","coordinates":[[[-164.947,63.702],[-163.395,63.666],[-162.45,63.953],[-162.585,64.069],[-164.718,63.891],[-165.0,63.896],[-165.0,64.454],[-164.961,64.447],[-163.546,64.559],[-162.758,64.339],[-162.453,64.56],[-161.392,64.777],[-160.778,64.789],[-161.518,64.403],[-160.958,64.223],[-160.773,63.766],[-161.534,63.456],[-162.26,63.542],[-163.067,63.06],[-163.753,63.219],[-164.562,63.146],[-164.919,62.633],[-165.0,62.578],[-165.0,63.689],[-164.947,63.702]]]}},{"type":"Feature","properties":{"r":1},"geometry":{"type":"Polygon","coordinates":[[[-161.678,66.116],[-163.789,66.077],[-163.67,66.513],[-162.196,66.513],[-161.678,66.116]]]}},{"type":"Feature","properties":{"r":1},"geometry":{"type":"Polygon","coordinates":[[[-165.0,66.463],[-165.0,66.513],[-164.767,66.513],[-165.0,66.463]]]}},{"type":"Feature","properties":{"r":1},"geometry":{"type":"Polygon","coordinates":[[[-164.662,60.268],[-163.818,59.798],[-162.518,59.99],[-162.122,59.771],[-165.0,59.771],[-165.0,60.386],[-164.662,60.268]]]}},{"type":"Feature","properties":{"r":1},"geometry":{"type":"Polygon","coordinates":[[[-152.578,60.062],[-151.896,60.727],[-150.621,61.284],[-150.347,61.034],[-151.41,60.726],[-151.848,59.771],[-153.17,59.771],[-152.578,60.062]]]}},{"type":"Feature","properties":{"r":1},"geometry":{"type":"Polygon","coordinates":[[[-164.152,69.715],[-163.094,70.512],[-162.566,70.707],[-157.238,71.713],[-156.72,71.767],[-156.178,71.749],[-155.706,71.663],[-153.761,71.098],[-150.0,70.913],[-150.0,70.503],[-150.74,70.43],[-152.27,70.6],[-152.21,70.83],[-153.9,70.89],[-154.344,70.696],[-155.068,71.148],[-156.581,71.358],[-158.12,70.825],[-159.039,70.892],[-160.935,70.448],[-161.909,70.333],[-162.93,69.858],[-163.169,69.371],[-164.431,68.916],[-165.0,68.905],[-165.0,69.571],[-164.152,69.715]]]}},{"type":"Feature","properties":{"r":1},"geometry":{"type":"Polygon","coordinates":[[[-164.431,67.616],[-163.72,67.117],[-162.49,66.735],[-162.196,66.513],[-163.67,66.513],[-163.653,66.577],[-164.475,66.577],[-164.767,66.513],[-165.0,66.513],[-165.0,67.87],[-164.431,67.616]]]}},{"type":"Feature","properties":{"r":1},"geometry":{"type":"Polygon","coordinates":[[[-145.27,-84.547],[-142.892,-84.57],[-143.089,-85.0],[-144.296,-85.0],[-144.218,-84.627],[-145.27,-84.547]]]}},{"type":"Feature","properties":{"r":1},"geometry":{"type":"Polygon","coordinates":[[[-147.943,-80.327],[-150.0,-79.69],[-150.0,-79.345],[-149.532,-79.358],[-148.063,-79.652],[-146.77,-79.926],[-146.418,-80.338],[-147.221,-80.671],[-148.866,-81.043],[-150.0,-81.232],[-150.0,-80.827],[-147.943,-80.327]]]}},{"type":"Feature","properties":{"r":1},"geometry":{"type":"Polygon","coordinates":[[[-147.418,-76.331],[-147.452,-75.959],[-146.283,-75.959],[-146.144,-76.105],[-146.104,-76.478],[-147.612,-76.576],[-148.748,-76.909],[-150.0,-77.183],[-150.0,-76.799],[-147.418,-76.331]]]}},{"type":"Feature","properties":{"r":1},"geometry":{"type":"Polygon","coordinates":[[[-147.502,-75.388],[-147.187,-75.165],[-146.818,-75.089],[-145.016,-74.87],[-144.489,-74.887],[-144.033,-74.957],[-143.697,-75.083],[-135.816,-73.988],[-135.16,-73.947],[-135.0,-73.949],[-135.0,-74.319],[-135.215,-74.303],[-136.429,-74.518],[-137.506,-74.734],[-138.858,-74.969],[-140.209,-75.067],[-141.639,-75.086],[-142.794,-75.341],[-144.322,-75.537],[-144.91,-75.204],[-146.202,-75.38],[-146.496,-75.733],[-146.283,-75.959],[-147.452,-75.959],[-147.502,-75.388]]]}},{"type":"Feature","properties":{"r":1},"geometry":{"type":"Polygon","coordinates":[[[-137.096,57.568],[-140.515,58.952],[-144.811,59.771],[-141.038,59.771],[-140.825,59.727],[-139.868,59.538],[-137.8,58.5],[-136.628,58.212],[-135.038,58.188],[-135.0,58.185],[-135.0,57.463],[-137.096,57.568]]]}},{"type":"Feature","properties":{"r":1},"geometry":{"type":"Polygon","coordinates":[[[-147.043,59.545],[-147.495,59.377],[-150.0,58.813],[-150.0,59.602],[-149.728,59.706],[-149.366,59.771],[-146.795,59.771],[-147.043,59.545]]]}},{"type":"Feature","properties":{"r":1},"geometry":{"type":"Polygon","coordinates":[[[-146.75,60.134],[-146.772,59.793],[-146.795,59.771],[-149.366,59.771],[-148.571,59.914],[-148.018,59.978],[-148.224,60.673],[-147.114,60.885],[-145.925,60.459],[-143.959,59.999],[-142.574,60.084],[-141.038,59.771],[-144.811,59.771],[-146.75,60.134]]]}},{"type":"Feature","properties":{"r":1},"geometry":{"type":"Polygon","coordinates":[[[-143.395,70.584],[-136.53,69.421],[-135.0,69.717],[-135.0,69.477],[-135.626,69.315],[-136.504,68.898],[-137.546,68.99],[-139.12,69.471],[-140.986,69.712],[-142.073,69.852],[-143.589,70.153],[-144.92,69.99],[-145.69,70.12],[-147.613,70.214],[-149.72,70.53],[-150.0,70.503],[-150.0,70.913],[-143.395,70.584]]]}},{"type":"Feature","properties":{"r":1},"geometry":{"type":"Polygon","coordinates":[[[-126.528,-74.048],[-128.035,-73.761],[-128.409,-73.646],[-128.577,-73.496],[-128.51,-73.339],[-128.219,-73.203],[-127.495,-72.984],[-126.613,-72.868],[-125.701,-72.962],[-123.804,-73.443],[-123.504,-73.123],[-122.711,-72.958],[-120.0,-73.058],[-120.0,-73.648],[-121.212,-73.501],[-122.406,-73.325],[-122.622,-73.658],[-122.622,-73.658],[-121.623,-74.01],[-120.232,-74.089],[-120.0,-74.026],[-120.0,-74.488],[-121.074,-74.518],[-122.562,-74.499],[-124.012,-74.479],[-125.402,-74.518],[-126.891,-74.42],[-128.242,-74.322],[-129.554,-74.459],[-130.925,-74.479],[-132.257,-74.303],[-133.746,-74.44],[-134.431,-74.361],[-135.0,-74.319],[-135.0,-73.949],[-126.528,-74.048]],[[-123.002,-74.089],[-122.592,-74.094],[-122.903,-74.038],[-123.002,-74.089]],[[-124.619,-73.834],[-124.032,-73.873],[-125.56,-73.481],[-126.558,-73.246],[-127.283,-73.462],[-125.912,-73.736],[-124.619,-73.834]]]}},{"type":"Feature","properties":{"r":1},"geometry":{"type":"Polygon","coordinates":[[[-121.035,33.588],[-121.774,34.11],[-125.549,39.851],[-125.697,40.273],[-125.735,40.98],[-124.222,40.98],[-124.398,40.313],[-123.865,39.767],[-123.727,38.952],[-122.953,38.114],[-122.512,37.784],[-122.547,37.552],[-121.715,36.162],[-120.744,35.157],[-120.623,34.609],[-120.368,34.447],[-120.0,34.408],[-120.0,33.299],[-121.035,33.588]]]}},{"type":"Feature","properties":{"r":1},"geometry":{"type":"Polygon","coordinates":[[[-125.832,42.727],[-125.22,45.507],[-125.954,47.989],[-126.55,48.201],[-129.647,50.224],[-129.744,50.564],[-129.615,50.898],[-128.883,51.3],[-128.89,51.326],[-127.746,51.326],[-127.436,50.831],[-125.625,50.417],[-124.91,49.985],[-122.974,49.003],[-122.84,49.0],[-122.5,48.18],[-122.34,47.36],[-122.587,47.096],[-123.12,48.04],[-124.566,48.38],[-124.687,48.185],[-124.396,47.72],[-124.08,46.865],[-123.899,45.524],[-124.142,43.709],[-124.533,42.766],[-124.214,42.0],[-124.179,41.142],[-124.222,40.98],[-125.735,40.98],[-125.832,42.727]],[[-125.755,50.295],[-126.695,50.401],[-127.309,50.553],[-128.358,50.771],[-128.445,50.539],[-128.059,49.995],[-127.03,49.815],[-126.85,49.53],[-125.955,49.18],[-125.655,48.825],[-124.013,48.371],[-123.51,48.51],[-123.923,49.062],[-124.921,49.475],[-125.415,49.95],[-125.755,50.295]]]}},{"type":"Feature","properties":{"r":1},"geometry":{"type":"Polygon","coordinates":[[[-129.025,51.814],[-129.9,52.141],[-130.061,51.772],[-130.379,51.548],[-131.285,51.379],[-131.749,51.458],[-134.241,53.094],[-134.474,54.096],[-134.408,54.419],[-134.116,54.694],[-133.653,54.873],[-132.812,54.913],[-133.246,55.366],[-133.49,56.121],[-134.865,57.456],[-135.0,57.463],[-135.0,58.185],[-134.078,58.123],[-133.539,57.179],[-132.25,56.37],[-131.967,55.498],[-131.086,55.179],[-130.536,54.803],[-130.515,54.288],[-129.305,53.562],[-129.13,52.755],[-127.85,52.33],[-127.993,51.716],[-127.746,51.326],[-128.89,51.326],[-129.025,51.814]],[[-130.489,52.981],[-130.547,53.247],[-130.646,53.321],[-130.687,53.162],[-130.489,52.981]],[[-132.55,53.1],[-132.18,52.64],[-131.578,52.182],[-131.179,52.18],[-132.049,52.985],[-131.75,54.12],[-132.71,54.04],[-133.18,54.17],[-133.24,53.851],[-133.055,53.411],[-132.55,53.1]]]}},{"type":"Feature","properties":{"r":1},"geometry":{"type":"Polygon","coordinates":[[[-130.424,70.576],[-129.944,70.627],[-129.401,70.607],[-129.004,70.805],[-128.553,70.891],[-128.035,70.912],[-127.533,70.865],[-127.129,70.756],[-125.851,70.231],[-125.117,70.529],[-124.615,70.59],[-124.082,70.58],[-123.606,70.498],[-123.269,70.36],[-123.103,70.052],[-121.412,70.242],[-120.0,70.015],[-120.0,69.394],[-121.472,69.798],[-122.683,69.856],[-123.061,69.564],[-124.29,69.4],[-124.425,70.159],[-125.756,69.481],[-127.447,70.377],[-128.138,70.484],[-128.362,70.013],[-129.108,69.779],[-129.795,70.194],[-131.431,69.945],[-132.929,69.505],[-134.415,69.627],[-135.0,69.477],[-135.0,69.717],[-130.424,70.576]]]}},{"type":"Feature","properties":{"r":1},"geometry":{"type":"Polygon","coordinates":[[[-122.435,70.531],[-122.987,70.473],[-123.561,70.501],[-124.041,70.609],[-127.128,71.712],[-127.142,71.82],[-125.712,71.82],[-123.62,71.34],[-123.092,70.902],[-120.46,71.4],[-120.46,71.82],[-120.0,71.82],[-120.0,71.02],[-122.435,70.531]]]}},{"type":"Feature","properties":{"r":1},"geometry":{"type":"Polygon","coordinates":[[[-127.165,71.993],[-125.33,73.66],[-126.218,74.29],[-126.115,74.43],[-125.815,74.545],[-125.369,74.619],[-120.0,74.562],[-120.0,74.239],[-120.11,74.241],[-121.538,74.449],[-124.918,74.293],[-123.94,73.68],[-124.807,73.023],[-125.593,72.195],[-125.929,71.869],[-125.712,71.82],[-127.142,71.82],[-127.165,71.993]]]}},{"type":"Feature","properties":{"r":1},"geometry":{"type":"Polygon","coordinates":[[[-120.46,71.82],[-120.0,72.083],[-120.0,71.82],[-120.46,71.82],[-120.46,71.82]]]}},{"type":"Feature","properties":{"r":1},"geometry":{"type":"Polygon","coordinates":[[[-123.489,75.842],[-123.863,75.959],[-121.869,75.959],[-121.5,75.9],[-120.882,75.959],[-120.53,75.959],[-122.477,75.815],[-123.489,75.842]]]}},{"type":"Feature","properties":{"r":1},"geometry":{"type":"Polygon","coordinates":[[[-124.113,76.037],[-123.964,76.279],[-120.0,77.691],[-120.0,77.234],[-121.158,76.865],[-122.855,76.117],[-122.855,76.117],[-121.869,75.959],[-123.863,75.959],[-124.113,76.037]]]}},{"type":"Feature","properties":{"r":1},"geometry":{"type":"Polygon","coordinates":[[[-120.53,75.959],[-120.882,75.959],[-120.0,76.044],[-120.0,75.998],[-120.53,75.959]]]}},{"type":"Feature","properties":{"r":1},"geometry":{"type":"Polygon","coordinates":[[[-118.533,-73.112],[-118.041,-73.164],[-117.66,-73.268],[-117.451,-73.406],[-117.45,-73.555],[-118.115,-73.875],[-114.511,-73.384],[-113.499,-73.369],[-112.758,-73.565],[-111.876,-74.113],[-111.358,-74.068],[-110.457,-74.144],[-107.071,-74.856],[-105.0,-74.892],[-105.0,-74.967],[-106.149,-75.126],[-107.559,-75.184],[-108.715,-74.91],[-110.066,-74.793],[-111.261,-74.42],[-112.299,-74.714],[-112.945,-74.381],[-113.298,-74.028],[-113.944,-73.715],[-115.022,-74.068],[-116.216,-74.244],[-117.47,-74.028],[-118.684,-74.185],[-119.703,-74.479],[-120.0,-74.488],[-120.0,-74.026],[-119.292,-73.834],[-118.724,-73.481],[-119.919,-73.658],[-120.0,-73.648],[-120.0,-73.058],[-118.533,-73.112]]]}},{"type":"Feature","properties":{"r":1},"geometry":{"type":"Polygon","coordinates":[[[-106.622,19.34],[-106.78,20.121],[-106.612,21.208],[-107.081,22.04],[-108.168,22.997],[-108.385,22.477],[-109.316,21.819],[-109.861,21.63],[-110.441,21.681],[-110.938,21.962],[-113.089,23.89],[-113.357,24.233],[-113.545,25.365],[-116.174,27.135],[-116.348,27.601],[-116.288,28.087],[-116.039,28.455],[-116.309,28.716],[-114.324,28.716],[-114.162,28.566],[-114.199,28.115],[-114.57,27.742],[-114.982,27.798],[-115.055,27.723],[-114.466,27.142],[-113.849,26.9],[-113.597,26.64],[-113.465,26.768],[-112.777,26.322],[-112.301,26.012],[-112.149,25.47],[-112.182,24.739],[-111.671,24.484],[-110.95,24.001],[-110.295,23.431],[-110.031,22.823],[-109.854,22.818],[-109.433,23.186],[-109.409,23.365],[-109.772,23.811],[-110.173,24.266],[-110.655,24.299],[-110.71,24.826],[-110.988,25.295],[-111.285,25.733],[-111.617,26.663],[-112.245,27.172],[-112.458,27.526],[-112.762,27.78],[-112.962,28.425],[-113.14,28.411],[-113.257,28.716],[-111.998,28.716],[-111.76,28.468],[-111.179,27.941],[-110.641,27.86],[-110.392,27.162],[-109.801,26.676],[-109.292,26.443],[-109.444,25.825],[-109.26,25.581],[-108.402,25.172],[-107.915,24.549],[-106.91,23.768],[-106.029,22.774],[-105.693,22.269],[-105.603,21.871],[-105.266,21.422],[-105.271,21.076],[-105.501,20.817],[-105.398,20.532],[-105.731,20.434],[-105.493,19.947],[-105.0,19.326],[-105.0,17.993],[-106.622,19.34]]]}},{"type":"Feature","properties":{"r":1},"geometry":{"type":"Polygon","coordinates":[[[-116.711,29.104],[-118.384,32.41],[-119.21,33.078],[-120.0,33.299],[-120.0,34.408],[-119.439,34.349],[-119.081,34.078],[-118.52,34.028],[-118.411,33.741],[-117.944,33.621],[-117.296,33.046],[-117.128,32.535],[-116.722,31.636],[-116.258,30.836],[-115.887,30.181],[-115.519,29.556],[-114.932,29.279],[-114.324,28.716],[-116.309,28.716],[-116.711,29.104]]]}},{"type":"Feature","properties":{"r":1},"geometry":{"type":"Polygon","coordinates":[[[-113.272,28.755],[-113.424,28.826],[-113.589,29.062],[-114.331,29.75],[-114.674,30.163],[-114.771,30.914],[-114.937,31.393],[-114.776,31.8],[-114.206,31.524],[-113.872,31.568],[-113.149,31.171],[-113.164,30.787],[-112.81,30.021],[-112.272,29.267],[-112.228,28.955],[-111.998,28.716],[-113.257,28.716],[-113.272,28.755]]]}},{"type":"Feature","properties":{"r":1},"geometry":{"type":"Polygon","coordinates":[[[-118.508,69.773],[-118.629,69.901],[-118.489,70.152],[-119.08,70.355],[-119.608,70.727],[-119.73,70.883],[-119.553,71.108],[-120.0,71.02],[-120.0,71.82],[-119.113,71.82],[-119.402,71.559],[-117.656,71.295],[-116.113,71.309],[-118.432,70.909],[-117.905,70.541],[-116.487,70.52],[-114.35,70.6],[-112.416,70.366],[-113.721,70.192],[-115.131,70.237],[-116.675,70.067],[-117.34,69.96],[-116.108,69.168],[-115.22,69.28],[-113.855,69.007],[-113.313,68.536],[-111.967,68.604],[-109.0,68.78],[-107.123,69.119],[-105.96,69.18],[-105.0,69.03],[-105.0,68.377],[-105.343,68.561],[-106.15,68.8],[-106.95,68.7],[-108.167,68.654],[-108.813,68.312],[-107.792,67.888],[-108.88,67.382],[-109.946,67.981],[-110.798,67.806],[-113.497,67.688],[-115.305,67.903],[-113.898,68.399],[-115.247,68.906],[-116.226,68.841],[-117.603,69.011],[-119.943,69.378],[-120.0,69.394],[-120.0,70.015],[-118.508,69.773]]]}},{"type":"Feature","properties":{"r":1},"geometry":{"type":"Polygon","coordinates":[[[-108.188,71.651],[-108.326,71.82],[-107.985,71.82],[-108.188,71.651]]]}},{"type":"Feature","properties":{"r":1},"geometry":{"type":"Polygon","coordinates":[[[-117.486,74.536],[-116.962,74.498],[-116.541,74.406],[-114.275,73.587],[-113.455,73.434],[-113.03,73.292],[-112.431,73.332],[-111.88,73.296],[-111.165,73.099],[-110.682,73.267],[-110.258,73.325],[-109.437,73.307],[-108.777,73.447],[-108.22,73.456],[-108.084,73.635],[-107.4,73.803],[-105.72,73.979],[-105.0,73.974],[-105.0,73.565],[-105.26,73.64],[-106.6,73.6],[-106.94,73.46],[-105.38,72.76],[-105.0,73.048],[-105.0,72.054],[-105.402,72.673],[-106.523,73.076],[-107.516,73.236],[-108.396,73.09],[-107.686,72.065],[-107.985,71.82],[-108.326,71.82],[-109.007,72.633],[-109.92,72.961],[-111.05,72.45],[-112.441,72.955],[-114.666,72.653],[-114.167,73.121],[-115.189,73.315],[-117.866,72.706],[-118.563,72.308],[-119.113,71.82],[-120.0,71.82],[-120.0,72.083],[-119.22,72.52],[-116.768,73.223],[-115.511,73.475],[-116.584,73.896],[-117.556,74.186],[-120.0,74.239],[-120.0,74.562],[-117.486,74.536]]]}},{"type":"Feature","properties":{"r":1},"geometry":{"type":"Polygon","coordinates":[[[-105.078,74.9],[-105.374,74.771],[-105.854,74.687],[-111.764,74.087],[-112.381,74.067],[-112.963,74.127],[-114.947,74.527],[-115.138,74.643],[-115.041,74.859],[-118.252,74.918],[-118.927,75.105],[-118.897,75.357],[-117.807,75.959],[-116.689,75.959],[-117.71,75.222],[-116.312,75.043],[-111.794,75.162],[-113.871,74.72],[-113.744,74.394],[-112.223,74.417],[-109.7,74.85],[-106.313,75.005],[-105.705,75.48],[-105.877,75.959],[-105.0,75.959],[-105.0,74.972],[-105.078,74.9]]]}},{"type":"Feature","properties":{"r":1},"geometry":{"type":"Polygon","coordinates":[[[-109.067,75.473],[-110.814,75.549],[-112.037,75.959],[-109.782,75.959],[-109.067,75.473]]]}},{"type":"Feature","properties":{"r":1},"geometry":{"type":"Polygon","coordinates":[[[-107.819,75.846],[-107.944,75.959],[-107.215,75.959],[-107.819,75.846]]]}},{"type":"Feature","properties":{"r":1},"geometry":{"type":"Polygon","coordinates":[[[-105.678,78.136],[-106.138,78.203],[-106.418,78.303],[-106.464,78.416],[-105.664,78.706],[-106.615,79.171],[-105.467,79.171],[-105.42,78.918],[-105.0,78.835],[-105.0,78.435],[-105.176,78.38],[-105.0,78.377],[-105.0,78.078],[-105.678,78.136]]]}},{"type":"Feature","properties":{"r":1},"geometry":{"type":"Polygon","coordinates":[[[-119.855,77.74],[-115.999,77.917],[-115.195,77.821],[-114.966,77.734],[-115.146,76.77],[-111.621,76.261],[-111.792,76.457],[-110.705,76.943],[-109.958,77.075],[-109.477,77.087],[-107.977,76.945],[-107.522,76.861],[-107.276,76.739],[-106.825,76.233],[-105.651,76.276],[-105.133,76.225],[-105.0,76.19],[-105.0,75.959],[-105.877,75.959],[-105.881,75.969],[-106.929,76.013],[-107.215,75.959],[-107.944,75.959],[-108.211,76.202],[-108.549,76.678],[-109.581,76.794],[-110.497,76.43],[-109.782,75.959],[-112.037,75.959],[-112.591,76.141],[-115.405,76.479],[-116.346,76.199],[-116.689,75.959],[-117.807,75.959],[-117.377,76.19],[-120.0,75.998],[-120.0,76.044],[-119.899,76.053],[-118.04,76.481],[-117.106,76.53],[-116.336,76.877],[-116.199,77.645],[-117.57,77.498],[-119.104,77.512],[-120.0,77.234],[-120.0,77.691],[-119.855,77.74]]]}},{"type":"Feature","properties":{"r":1},"geometry":{"type":"Polygon","coordinates":[[[-111.841,79.09],[-111.281,79.095],[-110.761,79.055],[-108.589,78.746],[-108.397,78.66],[-108.527,78.476],[-109.247,78.356],[-112.126,78.158],[-113.109,78.17],[-113.767,78.32],[-113.841,78.42],[-112.679,78.955],[-112.338,79.041],[-111.841,79.09]],[[-112.542,78.408],[-110.881,78.407],[-109.663,78.602],[-110.964,78.804],[-111.5,78.85],[-112.526,78.551],[-112.542,78.408]]]}},{"type":"Feature","properties":{"r":1},"geometry":{"type":"Polygon","coordinates":[[[-109.205,78.228],[-108.798,78.153],[-108.579,78.049],[-108.921,77.634],[-109.405,77.474],[-110.251,77.417],[-111.887,77.435],[-110.187,77.697],[-109.854,77.996],[-111.264,78.153],[-112.725,78.051],[-113.534,77.732],[-112.182,77.438],[-113.598,77.453],[-114.501,77.546],[-114.832,77.748],[-114.395,77.937],[-110.274,78.25],[-109.729,78.262],[-109.205,78.228]]]}},{"type":"Feature","properties":{"r":1},"geometry":{"type":"Polygon","coordinates":[[[-106.703,79.213],[-106.791,79.31],[-106.665,79.405],[-106.345,79.482],[-105.883,79.529],[-105.356,79.539],[-105.0,79.518],[-105.0,79.268],[-105.492,79.302],[-105.467,79.171],[-106.615,79.171],[-106.703,79.213]]]}},{"type":"Feature","properties":{"r":1},"geometry":{"type":"Polygon","coordinates":[[[-101.578,-74.952],[-103.536,-74.336],[-103.815,-74.182],[-104.951,-72.7],[-104.966,-72.557],[-104.492,-72.311],[-103.593,-72.226],[-102.999,-72.281],[-103.579,-72.007],[-103.625,-71.856],[-103.565,-71.82],[-102.065,-71.82],[-102.331,-71.894],[-101.802,-72.306],[-100.783,-72.502],[-99.432,-72.443],[-98.198,-72.482],[-96.984,-72.443],[-96.2,-72.521],[-96.788,-71.953],[-97.885,-72.071],[-98.982,-71.933],[-100.431,-71.855],[-100.759,-71.82],[-95.653,-71.82],[-94.961,-72.403],[-95.03,-72.69],[-95.738,-72.882],[-98.603,-72.897],[-96.15,-73.232],[-91.076,-72.988],[-90.219,-72.305],[-90.0,-72.27],[-90.0,-73.246],[-90.089,-73.323],[-91.421,-73.401],[-92.439,-73.166],[-93.673,-73.284],[-95.044,-73.48],[-96.337,-73.617],[-97.688,-73.558],[-98.119,-73.205],[-99.137,-72.911],[-100.313,-72.755],[-101.605,-72.813],[-102.917,-72.755],[-103.681,-72.618],[-103.329,-73.362],[-103.113,-73.734],[-102.545,-74.107],[-101.253,-74.185],[-100.763,-74.538],[-100.117,-74.871],[-100.646,-75.302],[-102.017,-75.126],[-103.368,-74.988],[-104.876,-74.949],[-105.0,-74.967],[-105.0,-74.892],[-101.578,-74.952]]]}},{"type":"Feature","properties":{"r":1},"geometry":{"type":"Polygon","coordinates":[[[-103.189,-71.588],[-102.286,-71.486],[-96.744,-71.546],[-96.229,-71.586],[-95.807,-71.687],[-95.653,-71.82],[-100.759,-71.82],[-101.704,-71.718],[-102.065,-71.82],[-103.565,-71.82],[-103.189,-71.588]]]}},{"type":"Feature","properties":{"r":1},"geometry":{"type":"Polygon","coordinates":[[[-91.964,12.883],[-94.908,14.828],[-96.178,14.453],[-97.037,14.487],[-97.934,14.832],[-92.535,14.832],[-92.228,14.539],[-91.69,14.126],[-91.232,13.928],[-90.609,13.91],[-90.096,13.735],[-90.0,13.663],[-90.0,12.481],[-91.964,12.883]]]}},{"type":"Feature","properties":{"r":1},"geometry":{"type":"Polygon","coordinates":[[[-103.981,17.142],[-105.0,17.993],[-105.0,19.326],[-104.992,19.316],[-103.917,18.749],[-103.501,18.292],[-102.478,17.976],[-101.919,17.916],[-101.666,17.649],[-100.83,17.171],[-99.697,16.706],[-98.948,16.566],[-98.013,16.107],[-97.264,15.917],[-96.557,15.653],[-96.053,15.752],[-95.25,16.128],[-94.692,16.201],[-93.875,15.94],[-93.359,15.615],[-92.535,14.832],[-97.934,14.832],[-103.981,17.142]]]}},{"type":"Feature","properties":{"r":1},"geometry":{"type":"Polygon","coordinates":[[[-90.391,27.995],[-93.609,28.52],[-95.707,27.435],[-96.01,27.071],[-95.863,25.643],[-96.529,22.534],[-96.018,21.184],[-95.016,19.786],[-94.33,19.47],[-91.844,20.24],[-91.534,21.316],[-90.964,22.028],[-90.0,22.212],[-90.0,21.108],[-90.279,21.0],[-90.451,20.708],[-90.534,19.867],[-90.772,19.284],[-91.408,18.876],[-92.037,18.705],[-92.786,18.525],[-93.549,18.424],[-94.426,18.144],[-94.839,18.563],[-95.901,18.828],[-96.292,19.32],[-96.526,19.891],[-97.189,20.636],[-97.389,21.411],[-97.699,21.899],[-97.872,22.444],[-97.776,22.933],[-97.703,24.272],[-97.528,24.992],[-97.142,25.866],[-97.139,25.868],[-97.14,25.87],[-97.33,26.21],[-97.38,26.69],[-97.37,27.38],[-97.14,27.83],[-96.594,28.308],[-95.652,28.716],[-90.0,28.716],[-90.0,28.044],[-90.391,27.995]]]}},{"type":"Feature","properties":{"r":1},"geometry":{"type":"Polygon","coordinates":[[[-95.6,28.739],[-94.69,29.48],[-93.848,29.714],[-93.226,29.784],[-92.499,29.552],[-91.627,29.677],[-90.88,29.149],[-90.155,29.117],[-90.0,29.196],[-90.0,28.716],[-95.652,28.716],[-95.6,28.739]]]}},{"type":"Feature","properties":{"r":1},"geometry":{"type":"Polygon","coordinates":[[[-93.26,59.47],[-92.509,59.343],[-92.171,59.181],[-91.398,57.935],[-90.709,57.973],[-90.223,57.88],[-90.0,57.808],[-90.0,57.076],[-90.898,57.285],[-92.297,57.087],[-92.765,57.846],[-93.215,58.782],[-94.685,58.949],[-94.646,59.771],[-93.192,59.771],[-93.26,59.47]]]}},{"type":"Feature","properties":{"r":1},"geometry":{"type":"Polygon","coordinates":[[[-92.096,61.645],[-92.973,60.726],[-93.192,59.771],[-94.646,59.771],[-94.629,60.11],[-94.242,60.899],[-93.157,62.025],[-91.933,62.835],[-90.77,62.96],[-90.704,63.61],[-90.0,63.987],[-90.0,62.533],[-92.096,61.645]]]}},{"type":"Feature","properties":{"r":1},"geometry":{"type":"Polygon","coordinates":[[[-103.266,71.217],[-100.148,70.363],[-99.77,70.172],[-98.929,70.51],[-98.501,70.57],[-97.739,70.543],[-97.712,70.914],[-98.442,70.852],[-99.261,70.97],[-101.937,71.82],[-100.272,71.82],[-100.015,71.738],[-99.323,71.356],[-98.36,71.273],[-96.72,71.66],[-96.689,71.82],[-95.376,71.82],[-96.391,71.195],[-96.471,70.09],[-95.304,69.686],[-94.233,69.069],[-94.685,68.064],[-95.489,68.091],[-96.126,67.294],[-96.12,68.24],[-97.669,68.579],[-98.559,68.404],[-98.443,67.782],[-99.902,67.806],[-101.454,67.647],[-103.221,68.098],[-104.338,68.018],[-105.0,68.377],[-105.0,69.03],[-104.24,68.91],[-102.43,68.753],[-102.093,69.12],[-102.731,69.504],[-101.089,69.584],[-100.981,70.024],[-102.785,70.498],[-104.465,70.993],[-104.775,71.698],[-104.851,71.82],[-103.596,71.82],[-103.266,71.217]],[[-101.447,68.442],[-101.849,68.327],[-102.367,68.279],[-101.314,68.146],[-99.826,68.211],[-99.795,68.551],[-99.291,68.787],[-100.817,69.115],[-101.447,68.442]],[[-98.218,70.144],[-98.917,69.71],[-99.797,69.4],[-98.432,68.951],[-97.617,69.06],[-96.27,68.757],[-95.648,69.108],[-96.257,69.49],[-96.557,69.68],[-97.157,69.86],[-98.218,70.144]]]}},{"type":"Feature","properties":{"r":1},"geometry":{"type":"Polygon","coordinates":[[[-92.054,71.638],[-91.67,71.472],[-90.782,70.748],[-90.715,70.901],[-91.182,71.182],[-91.379,71.82],[-90.073,71.82],[-90.0,71.586],[-90.0,70.282],[-90.424,70.448],[-90.225,70.152],[-90.419,69.956],[-90.0,69.887],[-90.0,68.802],[-90.552,68.475],[-90.547,69.498],[-92.407,69.7],[-91.52,70.191],[-92.878,71.319],[-93.89,71.76],[-94.379,71.82],[-92.761,71.82],[-92.054,71.638]]]}},{"type":"Feature","properties":{"r":1},"geometry":{"type":"Polygon","coordinates":[[[-104.742,73.972],[-103.571,73.678],[-103.2,73.424],[-104.088,72.682],[-103.596,71.82],[-104.851,71.82],[-105.0,72.054],[-105.0,73.048],[-104.5,73.42],[-105.0,73.565],[-105.0,73.974],[-104.742,73.972]]]}},{"type":"Feature","properties":{"r":1},"geometry":{"type":"Polygon","coordinates":[[[-103.701,72.36],[-103.78,72.837],[-103.646,72.999],[-103.292,73.127],[-102.711,73.2],[-102.799,73.452],[-102.61,73.57],[-101.426,74.048],[-100.684,74.19],[-97.249,74.118],[-96.616,74.043],[-95.94,74.199],[-95.49,74.22],[-90.392,74.208],[-92.878,74.515],[-93.223,74.35],[-93.668,74.269],[-94.196,74.243],[-94.718,74.278],[-97.7,74.685],[-98.265,74.661],[-98.752,74.697],[-103.463,75.344],[-103.802,75.557],[-103.834,75.959],[-102.534,75.959],[-102.502,75.564],[-100.863,75.641],[-100.884,75.057],[-99.809,74.897],[-98.16,75.0],[-97.704,75.743],[-97.717,75.959],[-96.535,75.959],[-96.67,75.563],[-95.524,75.92],[-95.063,75.959],[-94.811,75.959],[-94.536,75.954],[-94.549,75.959],[-93.064,75.959],[-92.89,75.883],[-92.768,75.387],[-92.422,74.838],[-90.0,74.544],[-90.0,72.478],[-90.205,72.235],[-90.073,71.82],[-91.379,71.82],[-91.499,72.196],[-91.41,72.384],[-90.092,73.341],[-93.021,71.886],[-92.761,71.82],[-94.379,71.82],[-95.209,71.92],[-95.376,71.82],[-96.689,71.82],[-96.54,72.56],[-98.054,72.991],[-97.12,73.47],[-97.38,73.76],[-99.164,73.633],[-100.356,73.844],[-101.54,73.36],[-100.438,72.706],[-102.48,72.83],[-102.5,72.51],[-100.272,71.82],[-101.937,71.82],[-103.701,72.36]],[[-94.504,74.135],[-95.496,73.862],[-96.018,73.437],[-96.034,72.94],[-95.41,72.062],[-94.269,72.025],[-93.196,72.772],[-92.004,72.966],[-90.51,73.857],[-92.42,74.1],[-94.504,74.135]],[[-96.821,74.928],[-95.609,74.667],[-94.157,74.592],[-93.613,74.98],[-93.978,75.296],[-94.851,75.647],[-96.289,75.378],[-96.821,74.928]]]}},{"type":"Feature","properties":{"r":1},"geometry":{"type":"Polygon","coordinates":[[[-90.386,75.959],[-90.0,75.959],[-90.0,75.883],[-90.386,75.959]]]}},{"type":"Feature","properties":{"r":1},"geometry":{"type":"Polygon","coordinates":[[[-104.41,75.508],[-105.0,74.972],[-105.0,75.959],[-104.66,75.959],[-104.41,75.508]]]}},{"type":"Feature","properties":{"r":1},"geometry":{"type":"Polygon","coordinates":[[[-103.865,76.33],[-103.486,76.552],[-98.988,76.994],[-98.22,77.003],[-97.799,77.329],[-97.287,77.417],[-97.518,77.578],[-97.98,77.614],[-98.548,77.773],[-99.232,77.649],[-100.172,77.654],[-105.0,78.078],[-105.0,78.377],[-102.95,78.343],[-101.304,78.019],[-99.671,77.908],[-100.06,78.325],[-100.825,78.8],[-103.529,79.165],[-103.615,79.171],[-101.738,79.171],[-99.822,78.958],[-99.323,79.082],[-98.811,79.118],[-96.391,79.006],[-95.679,78.907],[-94.542,78.581],[-95.225,79.14],[-95.563,79.171],[-93.766,79.171],[-93.936,79.114],[-93.951,78.751],[-92.877,78.343],[-90.804,78.215],[-90.0,78.248],[-90.0,78.022],[-90.212,77.977],[-91.183,77.959],[-93.646,78.13],[-93.95,78.194],[-94.281,78.387],[-95.215,78.034],[-92.869,77.843],[-92.427,77.661],[-92.472,77.557],[-93.064,77.392],[-94.726,77.316],[-90.866,77.018],[-90.616,77.138],[-90.0,77.223],[-90.0,75.959],[-90.386,75.959],[-90.97,76.074],[-90.742,76.45],[-91.605,76.779],[-93.574,76.776],[-94.684,77.098],[-96.745,77.161],[-97.121,76.751],[-95.962,76.441],[-93.894,76.319],[-93.064,75.959],[-94.549,75.959],[-94.856,76.094],[-96.493,76.318],[-96.44,76.231],[-96.535,75.959],[-97.717,75.959],[-97.736,76.257],[-98.5,76.72],[-98.577,76.589],[-99.983,76.646],[-101.49,76.305],[-102.566,76.337],[-102.534,75.959],[-103.834,75.959],[-103.865,76.33]],[[-98.632,78.872],[-98.553,78.458],[-98.124,78.083],[-97.31,77.851],[-95.83,78.057],[-95.559,78.418],[-96.754,78.766],[-97.337,78.832],[-98.632,78.872]],[[-96.17,77.555],[-94.296,77.491],[-93.84,77.52],[-93.721,77.634],[-94.423,77.82],[-96.436,77.835],[-96.17,77.555]]]}},{"type":"Feature","properties":{"r":1},"geometry":{"type":"Polygon","coordinates":[[[-95.014,75.963],[-94.811,75.959],[-95.063,75.959],[-95.014,75.963]]]}},{"type":"Feature","properties":{"r":1},"geometry":{"type":"Polygon","coordinates":[[[-104.21,78.677],[-105.0,78.435],[-105.0,78.835],[-104.21,78.677]]]}},{"type":"Feature","properties":{"r":1},"geometry":{"type":"Polygon","coordinates":[[[-104.755,76.126],[-104.66,75.959],[-105.0,75.959],[-105.0,76.19],[-104.755,76.126]]]}},{"type":"Feature","properties":{"r":1},"geometry":{"type":"Polygon","coordinates":[[[-104.852,79.51],[-101.738,79.171],[-103.615,79.171],[-105.0,79.268],[-105.0,79.518],[-104.852,79.51]]]}},{"type":"Feature","properties":{"r":1},"geometry":{"type":"Polygon","coordinates":[[[-95.898,79.202],[-96.184,79.285],[-98.009,80.166],[-95.687,80.995],[-96.022,81.234],[-95.83,81.313],[-95.439,81.372],[-94.92,81.401],[-92.595,81.451],[-92.143,81.449],[-91.478,81.391],[-92.271,81.655],[-91.433,81.655],[-91.368,81.553],[-90.2,81.26],[-90.0,81.165],[-90.0,80.58],[-91.133,80.723],[-92.41,81.257],[-94.735,81.206],[-94.298,80.977],[-95.323,80.907],[-96.016,80.602],[-96.71,80.158],[-96.076,79.705],[-94.974,79.372],[-93.145,79.38],[-93.766,79.171],[-95.563,79.171],[-95.898,79.202]]]}},{"type":"Feature","properties":{"r":1},"geometry":{"type":"Polygon","coordinates":[[[-92.776,81.82],[-92.887,81.894],[-92.779,81.967],[-92.471,82.028],[-90.0,82.332],[-90.0,82.088],[-90.1,82.085],[-91.587,81.894],[-91.433,81.655],[-92.271,81.655],[-92.776,81.82]]]}},{"type":"Feature","properties":{"r":1},"geometry":{"type":"Polygon","coordinates":[[[-75.0,-79.844],[-75.0,-80.286],[-75.36,-80.26],[-76.633,-79.887],[-76.849,-79.515],[-78.024,-79.182],[-78.023,-79.171],[-76.628,-79.171],[-75.0,-79.844]]]}},{"type":"Feature","properties":{"r":1},"geometry":{"type":"Polygon","coordinates":[[[-76.644,-78.536],[-76.717,-79.133],[-76.628,-79.171],[-78.023,-79.171],[-77.985,-78.79],[-77.926,-78.378],[-76.496,-78.124],[-75.0,-78.209],[-75.0,-78.36],[-76.644,-78.536]]]}},{"type":"Feature","properties":{"r":1},"geometry":{"type":"Polygon","coordinates":[[[-75.399,-77.281],[-76.927,-77.105],[-77.24,-76.713],[-75.556,-76.713],[-75.0,-76.685],[-75.0,-77.38],[-75.399,-77.281]]]}},{"type":"Feature","properties":{"r":1},"geometry":{"type":"Polygon","coordinates":[[[-89.36,-72.167],[-88.426,-72.249],[-84.558,-73.148],[-82.155,-73.394],[-81.215,-72.858],[-80.396,-72.747],[-79.529,-72.82],[-76.074,-73.55],[-75.0,-73.408],[-75.0,-73.88],[-76.222,-73.97],[-76.907,-73.636],[-77.926,-73.421],[-79.297,-73.519],[-80.296,-73.127],[-80.687,-73.48],[-81.471,-73.852],[-82.666,-73.636],[-83.88,-73.519],[-85.192,-73.48],[-86.015,-73.088],[-87.268,-73.186],[-88.424,-73.009],[-89.227,-72.559],[-90.0,-73.246],[-90.0,-72.27],[-89.36,-72.167]]]}},{"type":"Feature","properties":{"r":1},"geometry":{"type":"Polygon","coordinates":[[[-75.413,-72.5],[-76.212,-71.82],[-75.0,-71.82],[-75.0,-72.634],[-75.413,-72.5]]]}},{"type":"Feature","properties":{"r":1},"geometry":{"type":"Polygon","coordinates":[[[-76.236,-71.799],[-76.22,-71.509],[-75.971,-71.383],[-75.0,-71.215],[-75.0,-71.657],[-75.013,-71.661],[-75.0,-71.751],[-75.0,-71.82],[-76.212,-71.82],[-76.236,-71.799]]]}},{"type":"Feature","properties":{"r":1},"geometry":{"type":"Polygon","coordinates":[[[-75.595,-53.381],[-75.879,-53.114],[-75.94,-52.749],[-76.238,-52.355],[-76.433,-51.326],[-75.113,-51.326],[-75.26,-51.629],[-75.0,-52.156],[-75.0,-53.745],[-75.595,-53.381]]]}},{"type":"Feature","properties":{"r":1},"geometry":{"type":"Polygon","coordinates":[[[-76.899,-48.774],[-76.736,-48.245],[-76.076,-47.473],[-76.771,-47.091],[-76.903,-46.424],[-75.931,-45.405],[-75.483,-43.642],[-75.604,-43.029],[-75.022,-40.98],[-75.0,-40.98],[-75.0,-46.051],[-75.644,-46.648],[-75.0,-46.772],[-75.0,-47.579],[-75.183,-47.712],[-75.608,-48.674],[-75.48,-50.378],[-75.0,-51.013],[-75.0,-51.092],[-75.113,-51.326],[-76.433,-51.326],[-76.899,-48.774]]]}},{"type":"Feature","properties":{"r":1},"geometry":{"type":"Polygon","coordinates":[[[-75.0,-40.903],[-75.0,-40.98],[-75.022,-40.98],[-75.0,-40.903]]]}},{"type":"Feature","properties":{"r":1},"geometry":{"type":"Polygon","coordinates":[[[-76.695,-15.715],[-77.175,-15.205],[-77.366,-14.832],[-75.781,-14.832],[-75.238,-15.266],[-75.0,-15.411],[-75.0,-16.726],[-76.695,-15.715]]]}},{"type":"Feature","properties":{"r":1},"geometry":{"type":"Polygon","coordinates":[[[-80.782,-8.055],[-82.006,-7.187],[-82.533,-6.346],[-82.417,-5.625],[-82.706,-4.853],[-82.657,-4.368],[-81.834,-3.177],[-82.135,-2.818],[-82.267,-2.21],[-82.114,-0.513],[-81.858,0.0],[-80.233,0.0],[-80.399,-0.284],[-80.583,-0.907],[-80.934,-1.057],[-80.765,-1.965],[-80.968,-2.247],[-80.369,-2.685],[-79.987,-2.221],[-79.77,-2.657],[-80.302,-3.405],[-81.1,-4.036],[-81.411,-4.737],[-80.926,-5.69],[-81.25,-6.137],[-80.537,-6.542],[-79.76,-7.194],[-79.446,-7.931],[-79.037,-8.387],[-78.092,-10.378],[-77.106,-12.223],[-76.259,-13.535],[-76.423,-13.823],[-76.009,-14.649],[-75.781,-14.832],[-77.366,-14.832],[-80.782,-8.055]]]}},{"type":"Feature","properties":{"r":1},"geometry":{"type":"Polygon","coordinates":[[[-82.468,11.474],[-81.505,10.209],[-81.216,10.178],[-79.678,10.887],[-77.031,10.071],[-76.708,10.293],[-75.832,11.978],[-75.034,12.35],[-75.0,12.353],[-75.0,11.008],[-75.48,10.619],[-75.665,9.774],[-75.675,9.443],[-76.086,9.337],[-76.837,8.639],[-77.353,8.67],[-77.729,8.947],[-78.056,9.248],[-78.501,9.42],[-79.058,9.455],[-79.021,9.553],[-79.573,9.612],[-79.915,9.313],[-80.522,9.111],[-80.947,8.859],[-81.439,8.786],[-81.714,9.032],[-81.809,8.951],[-82.208,8.996],[-82.187,9.208],[-82.546,9.566],[-83.016,9.993],[-83.402,10.396],[-83.656,10.939],[-83.809,11.103],[-83.855,11.373],[-83.651,11.629],[-83.72,11.893],[-83.626,12.321],[-83.473,12.419],[-83.498,12.869],[-83.552,13.127],[-83.52,13.568],[-83.412,13.97],[-83.182,14.311],[-83.284,14.677],[-83.249,14.832],[-82.147,14.832],[-82.468,11.474]]]}},{"type":"Feature","properties":{"r":1},"geometry":{"type":"Polygon","coordinates":[[[-81.023,1.675],[-79.912,2.307],[-79.318,3.576],[-78.565,4.282],[-79.113,6.612],[-80.432,6.011],[-80.957,5.931],[-81.471,6.067],[-82.073,6.747],[-84.189,7.35],[-85.108,8.296],[-85.852,8.502],[-86.402,8.88],[-86.799,9.314],[-86.988,10.518],[-88.727,12.22],[-90.0,12.481],[-90.0,13.663],[-89.812,13.521],[-89.257,13.459],[-88.843,13.26],[-88.483,13.164],[-87.904,13.149],[-87.793,13.385],[-87.489,13.297],[-87.317,12.985],[-87.392,12.914],[-87.558,13.065],[-87.669,12.91],[-87.167,12.458],[-86.746,12.144],[-86.526,11.807],[-86.058,11.404],[-85.713,11.088],[-85.942,10.895],[-85.659,10.754],[-85.792,10.439],[-85.797,10.135],[-85.661,9.933],[-85.339,9.834],[-85.111,9.557],[-84.911,9.796],[-84.976,10.087],[-84.713,9.908],[-84.648,9.615],[-84.303,9.487],[-83.91,9.291],[-83.633,9.052],[-83.596,8.831],[-83.711,8.657],[-83.508,8.447],[-82.966,8.225],[-82.851,8.074],[-82.82,8.291],[-82.391,8.292],[-82.131,8.175],[-81.721,8.109],[-81.519,7.707],[-81.19,7.648],[-81.06,7.818],[-80.886,7.221],[-80.421,7.271],[-80.277,7.42],[-80.004,7.547],[-80.481,8.09],[-80.383,8.299],[-80.164,8.333],[-79.76,8.584],[-79.558,8.932],[-79.12,8.996],[-78.622,8.718],[-78.435,8.388],[-78.182,8.319],[-78.429,8.052],[-78.215,7.512],[-77.882,7.224],[-77.477,6.691],[-77.319,5.845],[-77.533,5.583],[-77.308,4.668],[-77.496,4.088],[-77.128,3.85],[-77.51,3.325],[-77.932,2.697],[-78.428,2.63],[-78.662,2.267],[-78.618,1.766],[-78.991,1.691],[-78.855,1.381],[-79.543,0.983],[-80.091,0.768],[-80.021,0.36],[-80.233,0.0],[-81.858,0.0],[-81.023,1.675]]]}},{"type":"Feature","properties":{"r":1},"geometry":{"type":"Polygon","coordinates":[[[-79.094,27.931],[-77.574,28.176],[-76.301,27.566],[-75.925,27.242],[-75.724,26.811],[-75.902,25.63],[-76.1,25.217],[-76.485,24.889],[-76.248,23.588],[-76.404,23.172],[-76.967,22.707],[-75.0,21.746],[-75.0,20.698],[-75.671,20.735],[-75.598,21.017],[-76.195,21.221],[-76.524,21.207],[-77.146,21.658],[-77.993,22.277],[-78.347,22.512],[-79.281,22.399],[-79.68,22.765],[-80.619,23.106],[-81.404,23.117],[-82.268,23.189],[-82.51,23.079],[-83.268,22.983],[-83.778,22.788],[-84.23,22.566],[-84.447,22.205],[-84.975,21.896],[-84.547,21.801],[-84.052,21.911],[-83.909,22.155],[-83.494,22.169],[-82.776,22.688],[-81.795,22.637],[-82.17,22.387],[-81.821,22.192],[-80.518,22.037],[-80.217,21.827],[-79.285,21.559],[-78.72,21.598],[-78.483,21.029],[-78.137,20.74],[-77.493,20.673],[-77.085,20.413],[-77.755,19.855],[-76.324,19.953],[-75.635,19.874],[-75.0,19.921],[-75.0,17.259],[-75.091,17.27],[-75.495,16.844],[-75.952,16.668],[-77.376,16.469],[-78.908,17.113],[-79.542,17.761],[-79.561,18.644],[-78.91,19.323],[-79.051,19.897],[-79.539,20.537],[-82.508,21.227],[-84.658,20.722],[-85.55,20.828],[-86.614,17.841],[-87.037,17.186],[-85.021,17.241],[-84.423,17.12],[-82.432,16.095],[-82.174,15.657],[-82.116,15.155],[-82.147,14.832],[-83.249,14.832],[-83.233,14.9],[-83.147,14.996],[-83.41,15.271],[-83.774,15.424],[-84.063,15.648],[-84.368,15.835],[-84.527,15.857],[-84.984,15.996],[-85.182,15.909],[-85.444,15.886],[-85.683,15.954],[-86.002,16.005],[-86.119,15.893],[-86.441,15.783],[-86.903,15.757],[-87.368,15.847],[-87.523,15.797],[-87.616,15.879],[-87.902,15.864],[-88.121,15.689],[-88.225,15.728],[-88.518,15.856],[-88.605,15.706],[-88.931,15.887],[-88.732,16.234],[-88.552,16.265],[-88.355,16.531],[-88.24,17.036],[-88.303,17.132],[-88.198,17.49],[-88.285,17.644],[-88.123,18.077],[-88.107,18.349],[-88.296,18.353],[-88.3,18.5],[-88.091,18.517],[-87.837,18.26],[-87.586,19.04],[-87.437,19.472],[-87.621,19.646],[-87.383,20.255],[-86.846,20.85],[-86.812,21.331],[-87.052,21.544],[-87.658,21.459],[-88.544,21.494],[-89.601,21.262],[-90.0,21.108],[-90.0,22.212],[-87.283,22.728],[-86.805,22.726],[-86.141,22.376],[-85.712,22.886],[-84.005,23.965],[-83.333,24.173],[-81.878,24.24],[-82.762,25.181],[-84.015,27.366],[-84.201,28.594],[-84.334,28.708],[-84.954,28.508],[-85.418,28.533],[-85.761,28.716],[-82.734,28.716],[-82.65,28.55],[-82.855,27.886],[-82.705,27.495],[-82.24,26.73],[-81.71,25.87],[-81.33,25.64],[-81.172,25.201],[-80.68,25.08],[-80.381,25.206],[-80.131,25.817],[-80.088,26.206],[-80.057,26.88],[-80.53,28.04],[-80.536,28.472],[-80.689,28.716],[-79.406,28.716],[-79.094,27.931]],[[-79.908,24.11],[-79.444,23.89],[-79.639,24.253],[-79.908,24.11]],[[-77.356,26.007],[-77.173,25.879],[-77.0,26.59],[-77.79,27.04],[-77.788,26.925],[-77.34,26.53],[-77.356,26.007]],[[-78.91,26.42],[-77.82,26.58],[-77.85,26.84],[-78.51,26.87],[-78.98,26.79],[-78.91,26.42]],[[-78.408,24.576],[-78.034,24.286],[-77.78,23.71],[-77.535,23.76],[-77.54,24.34],[-77.89,25.17],[-78.191,25.21],[-78.408,24.576]],[[-77.57,18.491],[-77.797,18.524],[-78.218,18.455],[-78.338,18.226],[-77.766,17.862],[-77.206,17.701],[-76.903,17.868],[-76.2,17.887],[-76.365,18.161],[-76.897,18.401],[-77.57,18.491]]]}},{"type":"Feature","properties":{"r":1},"geometry":{"type":"Polygon","coordinates":[[[-88.441,28.378],[-88.948,28.176],[-90.0,28.044],[-90.0,28.716],[-88.106,28.716],[-88.441,28.378]]]}},{"type":"Feature","properties":{"r":1},"geometry":{"type":"Polygon","coordinates":[[[-80.028,30.944],[-80.017,30.234],[-79.406,28.716],[-80.689,28.716],[-80.98,29.18],[-81.314,30.036],[-81.49,30.73],[-81.336,31.44],[-80.865,32.033],[-80.301,32.509],[-79.203,33.159],[-79.061,33.494],[-78.554,33.861],[-78.055,33.925],[-77.398,34.512],[-76.363,34.808],[-75.727,35.551],[-75.868,36.551],[-75.972,36.897],[-76.259,36.966],[-76.302,37.918],[-76.96,38.233],[-76.329,38.083],[-76.543,38.718],[-76.35,39.15],[-76.233,38.319],[-75.722,37.937],[-76.031,37.257],[-75.94,37.217],[-75.377,38.016],[-75.057,38.404],[-75.084,38.781],[-75.32,38.96],[-75.528,39.498],[-75.2,39.248],[-75.0,39.201],[-75.0,34.736],[-80.028,30.944]]]}},{"type":"Feature","properties":{"r":1},"geometry":{"type":"Polygon","coordinates":[[[-86.781,29.26],[-87.923,29.225],[-88.076,28.747],[-88.106,28.716],[-90.0,28.716],[-90.0,29.196],[-89.779,29.307],[-89.408,29.16],[-89.218,29.291],[-89.43,29.489],[-89.414,29.894],[-89.605,30.176],[-89.18,30.316],[-88.418,30.385],[-87.53,30.274],[-86.4,30.4],[-85.773,30.153],[-85.288,29.686],[-85.109,29.636],[-84.1,30.09],[-83.71,29.937],[-82.93,29.1],[-82.734,28.716],[-85.761,28.716],[-86.781,29.26]]]}},{"type":"Feature","properties":{"r":1},"geometry":{"type":"Polygon","coordinates":[[[-79.913,51.208],[-80.095,51.326],[-79.635,51.326],[-79.913,51.208]]]}},{"type":"Feature","properties":{"r":1},"geometry":{"type":"Polygon","coordinates":[[[-84.59,56.016],[-81.701,55.81],[-81.077,55.438],[-80.96,55.001],[-80.42,55.332],[-79.117,55.708],[-77.952,56.664],[-78.482,57.723],[-79.761,58.609],[-79.809,58.881],[-79.644,59.138],[-78.929,59.771],[-77.43,59.771],[-78.517,58.805],[-77.302,58.052],[-76.623,57.203],[-76.541,56.534],[-77.096,55.838],[-78.229,55.136],[-79.83,54.668],[-79.124,54.141],[-78.602,52.562],[-79.143,51.534],[-79.635,51.326],[-80.095,51.326],[-81.401,52.158],[-82.125,53.277],[-82.436,54.282],[-82.273,55.148],[-83.36,55.245],[-85.012,55.303],[-86.071,55.724],[-87.324,55.999],[-88.04,56.472],[-89.039,56.852],[-90.0,57.076],[-90.0,57.808],[-84.59,56.016]],[[-79.984,52.737],[-80.34,53.815],[-80.9,54.259],[-80.843,53.524],[-79.984,52.737]]]}},{"type":"Feature","properties":{"r":1},"geometry":{"type":"Polygon","coordinates":[[[-75.117,64.036],[-77.735,63.659],[-78.2,63.701],[-78.927,63.95],[-78.825,63.62],[-78.989,63.428],[-80.137,62.968],[-79.661,62.969],[-78.897,62.779],[-78.188,62.916],[-75.0,63.007],[-75.0,62.213],[-75.696,62.278],[-77.411,62.55],[-78.107,62.32],[-77.773,60.758],[-77.337,59.853],[-77.43,59.771],[-78.929,59.771],[-78.69,59.98],[-79.033,61.099],[-79.684,61.009],[-80.209,61.069],[-81.344,61.614],[-81.633,61.975],[-82.508,61.607],[-82.942,61.549],[-83.802,61.654],[-85.102,62.137],[-85.264,62.482],[-86.122,62.525],[-86.538,62.682],[-86.824,62.977],[-87.531,62.973],[-87.997,63.072],[-88.341,63.245],[-88.502,63.521],[-89.249,63.486],[-89.425,63.391],[-89.603,62.699],[-90.0,62.533],[-90.0,63.987],[-89.914,64.033],[-88.483,64.099],[-87.323,64.776],[-87.031,65.213],[-86.068,66.056],[-85.796,66.513],[-85.614,66.513],[-84.735,66.257],[-83.344,66.412],[-83.063,66.513],[-81.199,66.513],[-82.472,66.023],[-82.969,65.909],[-84.457,65.949],[-79.697,64.316],[-79.855,64.556],[-79.772,64.77],[-78.861,65.671],[-78.012,65.845],[-75.551,65.934],[-75.125,66.513],[-75.0,66.513],[-75.0,65.39],[-76.018,65.327],[-77.897,65.309],[-78.556,64.573],[-77.71,64.23],[-75.0,64.379],[-75.0,63.991],[-75.117,64.036]],[[-83.12,63.292],[-82.936,63.33],[-82.991,63.348],[-83.12,63.292]],[[-83.775,62.182],[-83.069,62.159],[-81.898,62.711],[-81.877,62.905],[-83.25,62.914],[-83.994,62.453],[-83.775,62.182]],[[-80.362,62.016],[-80.1,61.718],[-79.658,61.633],[-79.266,62.159],[-79.52,62.364],[-79.929,62.386],[-80.315,62.086],[-80.362,62.016]],[[-87.222,63.541],[-85.867,63.637],[-85.523,63.052],[-84.1,63.57],[-83.109,64.102],[-82.547,63.652],[-80.991,63.411],[-80.103,63.726],[-80.817,64.057],[-81.553,63.98],[-81.642,64.455],[-82.788,64.767],[-83.883,65.11],[-84.464,65.372],[-84.976,65.218],[-85.161,65.657],[-85.884,65.739],[-86.225,64.823],[-86.353,64.036],[-87.222,63.541]]]}},{"type":"Feature","properties":{"r":1},"geometry":{"type":"Polygon","coordinates":[[[-89.684,69.836],[-89.405,69.704],[-88.501,69.64],[-86.908,68.851],[-86.827,69.785],[-89.396,70.043],[-90.0,70.282],[-90.0,71.586],[-89.888,71.223],[-88.468,71.218],[-89.513,70.762],[-88.682,70.411],[-87.06,70.26],[-84.945,69.967],[-81.305,69.743],[-79.492,69.872],[-78.957,70.167],[-78.169,69.826],[-77.287,69.77],[-76.229,69.148],[-76.869,68.895],[-75.0,68.581],[-75.0,66.945],[-76.859,66.59],[-77.762,66.689],[-78.086,66.827],[-78.506,67.694],[-77.238,68.42],[-77.963,68.64],[-78.157,68.832],[-77.957,69.129],[-79.232,69.612],[-80.234,69.428],[-80.01,69.26],[-80.017,69.053],[-80.59,68.19],[-80.095,67.817],[-79.966,67.548],[-80.226,66.882],[-81.199,66.513],[-83.063,66.513],[-81.386,67.111],[-81.259,67.597],[-81.964,68.133],[-81.22,68.666],[-81.28,69.162],[-82.622,69.658],[-84.101,69.805],[-85.522,69.882],[-85.577,68.784],[-86.306,67.922],[-87.35,67.199],[-88.318,67.873],[-88.02,68.615],[-89.215,69.259],[-90.0,68.802],[-90.0,69.887],[-89.684,69.836]],[[-75.895,68.287],[-76.812,68.149],[-77.236,67.588],[-76.987,67.099],[-75.866,67.149],[-75.216,67.444],[-75.103,67.582],[-75.114,68.01],[-75.895,68.287]]]}},{"type":"Feature","properties":{"r":1},"geometry":{"type":"Polygon","coordinates":[[[-75.097,66.552],[-75.0,66.625],[-75.0,66.513],[-75.125,66.513],[-75.097,66.552]]]}},{"type":"Feature","properties":{"r":1},"geometry":{"type":"Polygon","coordinates":[[[-85.769,66.558],[-85.614,66.513],[-85.796,66.513],[-85.769,66.558]]]}},{"type":"Feature","properties":{"r":1},"geometry":{"type":"Polygon","coordinates":[[[-79.661,75.952],[-80.082,75.891],[-78.633,75.052],[-78.534,74.915],[-78.659,74.778],[-81.101,74.176],[-81.92,74.093],[-81.422,74.008],[-80.765,74.054],[-77.996,74.013],[-77.408,73.965],[-76.966,73.847],[-75.153,73.031],[-75.0,72.911],[-75.0,72.726],[-75.251,72.582],[-75.0,72.515],[-75.0,72.036],[-75.606,72.244],[-77.825,72.75],[-78.771,72.352],[-80.749,72.062],[-80.6,72.717],[-82.316,73.751],[-84.85,73.34],[-85.774,72.534],[-86.562,73.157],[-85.826,73.804],[-88.408,73.538],[-89.437,73.129],[-90.0,72.478],[-90.0,74.544],[-89.765,74.516],[-88.15,74.392],[-86.097,74.41],[-83.229,74.564],[-81.949,74.442],[-80.458,74.657],[-79.834,74.923],[-80.058,75.337],[-81.129,75.714],[-82.753,75.784],[-84.79,75.699],[-86.379,75.482],[-87.838,75.566],[-89.187,75.61],[-89.822,75.848],[-90.0,75.883],[-90.0,75.959],[-87.898,75.959],[-87.5,75.895],[-84.533,75.959],[-79.632,75.959],[-79.661,75.952]],[[-84.646,73.955],[-84.533,73.815],[-82.599,74.096],[-85.249,74.121],[-84.646,73.955]],[[-89.92,74.172],[-89.535,74.094],[-89.269,73.964],[-89.22,73.817],[-86.362,74.132],[-89.81,74.165],[-89.92,74.172]],[[-80.876,73.333],[-79.776,72.803],[-79.486,72.742],[-78.392,72.877],[-77.314,72.856],[-76.251,72.826],[-76.34,73.103],[-78.064,73.652],[-80.353,73.76],[-80.834,73.693],[-80.876,73.333]]]}},{"type":"Feature","properties":{"r":1},"geometry":{"type":"Polygon","coordinates":[[[-85.379,78.997],[-87.152,78.759],[-87.962,78.372],[-86.34,78.18],[-84.976,77.539],[-87.65,77.97],[-88.26,77.9],[-87.767,77.178],[-89.616,76.952],[-89.491,76.472],[-87.6,76.42],[-86.112,76.299],[-83.174,76.454],[-80.561,76.178],[-77.889,76.778],[-77.911,77.022],[-79.62,76.983],[-79.76,77.21],[-78.363,77.509],[-77.889,77.9],[-76.344,78.183],[-75.393,78.526],[-76.22,79.019],[-75.632,79.171],[-75.0,79.171],[-75.0,78.181],[-78.079,77.24],[-76.681,76.887],[-76.697,76.659],[-79.632,75.959],[-84.533,75.959],[-83.876,75.973],[-89.082,76.148],[-87.898,75.959],[-90.0,75.959],[-90.0,77.223],[-89.185,77.334],[-89.529,77.959],[-89.344,78.05],[-88.752,78.145],[-89.035,78.227],[-90.0,78.022],[-90.0,78.248],[-89.035,78.287],[-87.188,79.039],[-86.583,79.171],[-85.238,79.171],[-85.379,78.997]]]}},{"type":"Feature","properties":{"r":1},"geometry":{"type":"Polygon","coordinates":[[[-89.367,80.856],[-87.599,80.516],[-84.1,80.58],[-81.848,80.464],[-83.409,80.1],[-84.198,80.208],[-86.932,80.251],[-86.507,79.736],[-85.095,79.345],[-85.238,79.171],[-86.583,79.171],[-85.814,79.337],[-87.02,79.66],[-87.81,80.32],[-89.45,80.509],[-90.0,80.58],[-90.0,81.165],[-89.367,80.856]]]}},{"type":"Feature","properties":{"r":1},"geometry":{"type":"Polygon","coordinates":[[[-75.529,79.198],[-76.908,79.323],[-75.0,79.391],[-75.0,79.171],[-75.632,79.171],[-75.529,79.198]]]}},{"type":"Feature","properties":{"r":1},"geometry":{"type":"Polygon","coordinates":[[[-85.949,82.807],[-84.951,82.801],[-83.99,82.687],[-83.518,82.946],[-80.061,83.256],[-79.559,83.281],[-79.013,83.28],[-75.0,83.168],[-75.0,83.107],[-75.719,83.064],[-76.25,83.172],[-79.307,83.131],[-81.1,83.02],[-82.42,82.86],[-83.18,82.32],[-84.26,82.6],[-85.5,82.652],[-86.97,82.28],[-88.932,82.118],[-90.0,82.088],[-90.0,82.332],[-85.949,82.807]]]}},{"type":"Feature","properties":{"r":1},"geometry":{"type":"Polygon","coordinates":[[[-60.0,-82.113],[-60.0,-82.322],[-61.552,-82.043],[-63.256,-81.749],[-64.098,-81.655],[-63.583,-81.655],[-60.0,-82.113]]]}},{"type":"Feature","properties":{"r":1},"geometry":{"type":"Polygon","coordinates":[[[-74.283,-80.127],[-63.583,-81.655],[-64.098,-81.655],[-65.704,-81.474],[-68.192,-81.318],[-70.013,-81.004],[-71.443,-80.691],[-73.245,-80.416],[-75.0,-80.286],[-75.0,-79.844],[-74.283,-80.127]]]}},{"type":"Feature","properties":{"r":1},"geometry":{"type":"Polygon","coordinates":[[[-61.206,-79.419],[-60.7,-79.393],[-60.179,-79.406],[-60.0,-79.425],[-60.0,-79.873],[-60.61,-79.629],[-61.139,-79.981],[-61.883,-80.393],[-64.038,-80.295],[-66.29,-80.256],[-65.742,-80.55],[-65.742,-80.589],[-64.488,-80.922],[-62.255,-80.863],[-60.16,-81.0],[-60.0,-80.758],[-60.0,-81.191],[-64.637,-81.123],[-65.428,-81.063],[-67.588,-80.268],[-67.31,-80.118],[-66.521,-80.037],[-62.805,-80.141],[-61.614,-79.479],[-61.206,-79.419]]]}},{"type":"Feature","properties":{"r":1},"geometry":{"type":"Polygon","coordinates":[[[-69.728,-76.855],[-70.534,-76.931],[-74.906,-76.982],[-72.57,-77.757],[-72.374,-77.863],[-72.396,-77.975],[-72.632,-78.075],[-73.042,-78.146],[-75.0,-78.36],[-75.0,-78.209],[-74.773,-78.222],[-73.656,-77.908],[-74.283,-77.555],[-75.0,-77.38],[-75.0,-76.685],[-73.97,-76.634],[-72.207,-76.674],[-70.601,-76.634],[-69.798,-76.223],[-68.446,-76.007],[-68.165,-75.959],[-65.513,-75.959],[-69.728,-76.855]]]}},{"type":"Feature","properties":{"r":1},"geometry":{"type":"Polygon","coordinates":[[[-69.863,-72.714],[-69.77,-72.665],[-72.505,-72.87],[-72.964,-72.832],[-73.448,-72.698],[-74.224,-72.756],[-74.727,-72.722],[-75.0,-72.634],[-75.0,-71.82],[-74.99,-71.82],[-74.954,-72.073],[-74.19,-72.367],[-73.074,-72.229],[-71.898,-72.092],[-72.388,-72.484],[-71.076,-72.504],[-69.959,-72.308],[-68.784,-72.171],[-68.526,-71.82],[-67.2,-71.82],[-67.134,-72.049],[-67.369,-72.48],[-67.957,-72.794],[-68.936,-73.009],[-70.209,-73.147],[-71.619,-73.264],[-72.834,-73.401],[-73.852,-73.656],[-74.89,-73.872],[-75.0,-73.88],[-75.0,-73.408],[-69.863,-72.714]]]}},{"type":"Feature","properties":{"r":1},"geometry":{"type":"Polygon","coordinates":[[[-60.0,-72.449],[-60.0,-73.979],[-63.481,-75.506],[-65.513,-75.959],[-68.165,-75.959],[-67.193,-75.792],[-65.861,-75.635],[-64.353,-75.263],[-63.746,-74.93],[-63.295,-74.577],[-61.963,-74.44],[-61.376,-74.107],[-60.827,-73.695],[-60.69,-73.166],[-61.004,-72.774],[-61.082,-72.382],[-61.376,-72.01],[-61.405,-71.82],[-60.198,-71.82],[-60.0,-72.449]]]}},{"type":"Feature","properties":{"r":1},"geometry":{"type":"Polygon","coordinates":[[[-73.323,-70.922],[-73.039,-69.476],[-72.736,-69.21],[-70.883,-68.465],[-69.964,-68.417],[-69.531,-68.486],[-69.068,-68.704],[-68.893,-68.485],[-69.04,-67.351],[-68.449,-66.677],[-68.132,-66.513],[-66.583,-66.513],[-66.703,-66.582],[-67.252,-66.876],[-67.741,-67.327],[-67.624,-67.719],[-67.428,-68.15],[-67.584,-68.542],[-67.976,-68.953],[-68.446,-69.326],[-68.544,-69.717],[-68.485,-70.109],[-68.231,-70.462],[-67.917,-70.854],[-67.565,-71.246],[-67.252,-71.638],[-67.2,-71.82],[-68.526,-71.82],[-68.51,-71.798],[-68.334,-71.406],[-68.451,-70.956],[-68.726,-70.505],[-69.059,-70.074],[-69.489,-69.623],[-69.724,-69.251],[-70.253,-68.879],[-71.174,-69.035],[-71.742,-69.506],[-71.722,-70.309],[-71.781,-70.681],[-72.075,-71.191],[-73.23,-71.152],[-73.916,-71.269],[-75.0,-71.657],[-75.0,-71.215],[-73.323,-70.922]]]}},{"type":"Feature","properties":{"r":1},"geometry":{"type":"Polygon","coordinates":[[[-61.557,-66.659],[-62.788,-66.892],[-64.149,-67.913],[-61.959,-69.087],[-60.568,-70.586],[-60.198,-71.82],[-61.405,-71.82],[-61.513,-71.089],[-61.807,-70.717],[-62.277,-70.384],[-62.571,-69.992],[-62.786,-69.619],[-63.197,-69.228],[-63.961,-68.914],[-64.784,-68.679],[-65.313,-68.365],[-65.665,-67.954],[-65.508,-67.582],[-64.882,-67.15],[-64.294,-66.837],[-63.761,-66.513],[-61.203,-66.513],[-61.557,-66.659]]]}},{"type":"Feature","properties":{"r":1},"geometry":{"type":"Polygon","coordinates":[[[-74.99,-71.82],[-75.0,-71.82],[-75.0,-71.751],[-74.99,-71.82]]]}},{"type":"Feature","properties":{"r":1},"geometry":{"type":"Polygon","coordinates":[[[-64.026,-64.298],[-60.0,-63.193],[-60.0,-63.973],[-60.71,-64.074],[-61.415,-64.27],[-62.042,-64.584],[-63.001,-64.642],[-63.628,-64.897],[-64.177,-65.171],[-64.568,-65.603],[-65.371,-65.896],[-66.057,-66.21],[-66.583,-66.513],[-68.132,-66.513],[-64.026,-64.298]]]}},{"type":"Feature","properties":{"r":1},"geometry":{"type":"Polygon","coordinates":[[[-61.028,-65.237],[-61.274,-65.505],[-60.877,-66.036],[-60.929,-66.4],[-61.203,-66.513],[-63.761,-66.513],[-63.746,-66.504],[-62.806,-66.426],[-62.12,-66.19],[-62.59,-65.857],[-62.649,-65.485],[-62.512,-65.093],[-62.022,-64.799],[-61.297,-64.544],[-60.612,-64.309],[-60.0,-64.236],[-60.0,-65.091],[-61.028,-65.237]]]}},{"type":"Feature","properties":{"r":1},"geometry":{"type":"Polygon","coordinates":[[[-66.935,-52.067],[-66.851,-52.381],[-67.104,-52.792],[-66.738,-53.297],[-64.433,-54.033],[-64.029,-54.233],[-63.793,-54.508],[-63.765,-54.813],[-63.949,-55.098],[-64.316,-55.315],[-65.716,-55.857],[-66.153,-55.965],[-66.891,-55.928],[-67.605,-56.273],[-68.083,-56.338],[-71.428,-55.752],[-71.938,-55.569],[-75.0,-53.745],[-75.0,-52.156],[-74.947,-52.263],[-73.703,-52.835],[-72.558,-53.531],[-71.43,-53.856],[-71.006,-53.833],[-70.845,-52.899],[-69.943,-52.538],[-69.461,-52.292],[-68.571,-52.299],[-68.15,-52.35],[-68.815,-51.771],[-68.955,-51.326],[-67.389,-51.326],[-66.935,-52.067]],[[-71.108,-54.074],[-72.434,-53.715],[-73.838,-53.047],[-74.663,-52.837],[-73.285,-53.958],[-72.264,-54.495],[-71.006,-55.054],[-69.958,-55.198],[-69.232,-55.499],[-68.149,-55.612],[-67.291,-55.301],[-66.96,-54.897],[-66.45,-55.25],[-65.5,-55.2],[-65.05,-54.7],[-66.45,-54.45],[-67.75,-53.85],[-68.25,-53.1],[-68.634,-52.636],[-68.634,-52.636],[-69.346,-52.518],[-70.267,-52.931],[-70.592,-53.616],[-71.108,-54.074]]]}},{"type":"Feature","properties":{"r":1},"geometry":{"type":"Polygon","coordinates":[[[-60.328,-53.055],[-60.869,-53.081],[-61.381,-52.972],[-62.274,-52.301],[-62.486,-51.732],[-62.112,-51.326],[-60.151,-51.326],[-61.2,-51.85],[-60.7,-52.3],[-60.0,-51.93],[-60.0,-52.947],[-60.328,-53.055]]]}},{"type":"Feature","properties":{"r":1},"geometry":{"type":"Polygon","coordinates":[[[-61.059,-41.216],[-62.393,-41.958],[-62.159,-42.605],[-62.31,-43.011],[-63.993,-44.028],[-64.285,-45.198],[-64.696,-45.716],[-65.766,-46.085],[-64.893,-46.509],[-64.536,-46.769],[-64.356,-47.103],[-64.726,-48.35],[-67.662,-50.876],[-67.389,-51.326],[-68.955,-51.326],[-69.138,-50.732],[-68.729,-50.264],[-67.816,-49.87],[-67.166,-48.697],[-65.985,-48.133],[-65.641,-47.236],[-66.597,-47.034],[-67.581,-46.302],[-67.294,-45.552],[-66.51,-45.04],[-65.565,-45.037],[-65.329,-44.501],[-65.182,-43.495],[-64.379,-42.873],[-63.458,-42.563],[-63.756,-42.044],[-64.303,-42.359],[-64.979,-42.058],[-65.118,-41.064],[-64.993,-40.98],[-64.265,-40.98],[-63.771,-41.167],[-62.746,-41.029],[-62.662,-40.98],[-60.979,-40.98],[-61.059,-41.216]]]}},{"type":"Feature","properties":{"r":1},"geometry":{"type":"Polygon","coordinates":[[[-74.018,-41.795],[-74.332,-43.225],[-73.701,-43.366],[-73.389,-42.117],[-72.718,-42.383],[-73.24,-44.455],[-74.352,-44.103],[-74.692,-45.764],[-75.0,-46.051],[-75.0,-40.98],[-73.867,-40.98],[-74.018,-41.795]]]}},{"type":"Feature","properties":{"r":1},"geometry":{"type":"Polygon","coordinates":[[[-74.127,-46.939],[-75.0,-47.579],[-75.0,-46.772],[-74.127,-46.939]]]}},{"type":"Feature","properties":{"r":1},"geometry":{"type":"Polygon","coordinates":[[[-74.977,-51.043],[-75.0,-51.092],[-75.0,-51.013],[-74.977,-51.043]]]}},{"type":"Feature","properties":{"r":1},"geometry":{"type":"Polygon","coordinates":[[[-62.015,-51.22],[-60.815,-50.611],[-60.0,-50.449],[-60.0,-51.25],[-60.0,-51.25],[-60.151,-51.326],[-62.112,-51.326],[-62.015,-51.22]]]}},{"type":"Feature","properties":{"r":1},"geometry":{"type":"Polygon","coordinates":[[[-60.934,-39.786],[-60.85,-40.599],[-60.979,-40.98],[-62.662,-40.98],[-62.146,-40.677],[-62.331,-40.173],[-62.126,-39.424],[-62.336,-38.828],[-61.237,-38.928],[-60.0,-38.8],[-60.0,-39.724],[-60.934,-39.786]]]}},{"type":"Feature","properties":{"r":1},"geometry":{"type":"Polygon","coordinates":[[[-74.536,-39.223],[-74.842,-36.884],[-74.608,-36.512],[-74.191,-36.236],[-72.741,-32.264],[-72.79,-28.876],[-72.726,-28.716],[-71.42,-28.716],[-71.49,-28.861],[-71.37,-30.096],[-71.669,-30.921],[-71.438,-32.419],[-71.862,-33.909],[-72.553,-35.509],[-73.167,-37.124],[-73.588,-37.156],[-73.505,-38.283],[-73.218,-39.259],[-73.677,-39.942],[-73.867,-40.98],[-75.0,-40.98],[-75.0,-40.903],[-74.536,-39.223]]]}},{"type":"Feature","properties":{"r":1},"geometry":{"type":"Polygon","coordinates":[[[-64.732,-40.803],[-64.265,-40.98],[-64.993,-40.98],[-64.732,-40.803]]]}},{"type":"Feature","properties":{"r":1},"geometry":{"type":"Polygon","coordinates":[[[-72.183,-27.36],[-71.472,-19.789],[-71.597,-18.945],[-72.261,-18.348],[-75.0,-16.726],[-75.0,-15.411],[-73.445,-16.359],[-71.462,-17.363],[-71.375,-17.774],[-70.372,-18.348],[-70.164,-19.756],[-70.091,-21.393],[-70.404,-23.629],[-70.725,-25.706],[-70.905,-27.64],[-71.42,-28.716],[-72.726,-28.716],[-72.183,-27.36]]]}},{"type":"Feature","properties":{"r":1},"geometry":{"type":"Polygon","coordinates":[[[-73.901,12.459],[-72.091,13.66],[-71.604,13.695],[-70.579,13.26],[-70.038,13.427],[-69.51,13.358],[-67.707,11.855],[-66.291,11.922],[-65.17,11.588],[-64.358,11.916],[-61.754,11.961],[-60.996,12.159],[-60.471,12.002],[-60.059,11.648],[-60.0,11.519],[-60.0,8.513],[-60.15,8.603],[-60.671,8.58],[-60.831,9.381],[-61.589,9.873],[-62.388,9.948],[-62.73,10.42],[-61.881,10.716],[-63.079,10.702],[-64.318,10.641],[-64.329,10.39],[-64.89,10.077],[-65.655,10.201],[-66.228,10.649],[-67.296,10.546],[-68.194,10.555],[-68.233,10.886],[-68.883,11.443],[-69.584,11.46],[-69.943,12.162],[-70.294,11.847],[-70.155,11.375],[-71.401,10.969],[-71.35,10.212],[-71.04,9.86],[-71.265,9.137],[-71.696,9.072],[-72.074,9.866],[-71.633,10.446],[-71.621,10.969],[-71.947,11.423],[-71.36,11.54],[-71.332,11.776],[-71.137,12.113],[-71.4,12.376],[-71.754,12.437],[-72.238,11.956],[-72.628,11.732],[-73.415,11.227],[-74.197,11.31],[-74.277,11.102],[-74.907,11.083],[-75.0,11.008],[-75.0,12.353],[-73.901,12.459]],[[-61.66,10.365],[-61.95,10.09],[-61.77,10.0],[-60.935,10.11],[-60.895,10.855],[-61.105,10.89],[-61.68,10.76],[-61.66,10.365]]]}},{"type":"Feature","properties":{"r":1},"geometry":{"type":"Polygon","coordinates":[[[-73.594,21.055],[-72.983,21.118],[-69.015,20.52],[-68.398,20.259],[-67.594,19.64],[-67.004,19.745],[-65.162,19.512],[-64.751,19.19],[-64.513,18.738],[-64.563,17.781],[-64.992,17.042],[-65.817,16.735],[-67.154,16.706],[-67.702,16.809],[-68.134,17.107],[-68.842,16.974],[-70.125,17.119],[-70.768,16.512],[-71.216,16.368],[-71.687,16.386],[-72.804,17.0],[-75.0,17.259],[-75.0,19.921],[-74.962,19.923],[-74.297,20.05],[-74.178,20.285],[-74.934,20.694],[-75.0,20.698],[-75.0,21.746],[-73.594,21.055]],[[-72.792,19.102],[-72.335,18.668],[-72.695,18.446],[-73.45,18.526],[-74.37,18.665],[-74.458,18.343],[-73.922,18.031],[-73.455,18.218],[-72.844,18.146],[-72.372,18.215],[-71.708,18.045],[-71.658,17.758],[-71.4,17.599],[-71.0,18.283],[-70.669,18.427],[-70.517,18.184],[-70.133,18.246],[-69.953,18.428],[-69.624,18.381],[-69.165,18.423],[-68.689,18.205],[-68.318,18.612],[-68.809,18.979],[-69.254,19.015],[-69.222,19.313],[-69.769,19.293],[-69.951,19.648],[-70.214,19.623],[-70.807,19.88],[-71.587,19.885],[-71.712,19.714],[-72.58,19.871],[-73.19,19.916],[-73.415,19.64],[-72.784,19.484],[-72.792,19.102]],[[-67.242,18.374],[-67.184,17.947],[-66.6,17.982],[-65.847,17.976],[-65.591,18.228],[-65.771,18.427],[-66.282,18.515],[-67.101,18.521],[-67.242,18.374]]]}},{"type":"Feature","properties":{"r":1},"geometry":{"type":"Polygon","coordinates":[[[-69.169,40.864],[-69.649,40.688],[-70.826,40.463],[-71.327,40.06],[-73.035,39.835],[-73.786,38.459],[-73.936,37.886],[-74.713,36.836],[-74.451,35.752],[-74.588,35.04],[-75.0,34.736],[-75.0,39.201],[-74.98,39.196],[-74.906,38.94],[-74.178,39.709],[-73.962,40.428],[-74.257,40.474],[-73.952,40.751],[-73.982,40.628],[-73.345,40.63],[-71.945,40.93],[-72.023,40.98],[-69.039,40.98],[-69.169,40.864]]]}},{"type":"Feature","properties":{"r":1},"geometry":{"type":"Polygon","coordinates":[[[-73.71,40.931],[-73.57,40.98],[-73.33,40.98],[-73.71,40.931]]]}},{"type":"Feature","properties":{"r":1},"geometry":{"type":"Polygon","coordinates":[[[-64.694,42.732],[-65.536,42.604],[-66.728,42.78],[-67.329,43.265],[-67.423,43.604],[-69.214,42.955],[-69.451,42.648],[-68.734,41.949],[-68.67,41.554],[-68.823,41.171],[-69.039,40.98],[-72.023,40.98],[-72.241,41.12],[-73.33,40.98],[-73.57,40.98],[-72.876,41.221],[-72.295,41.27],[-71.86,41.32],[-71.12,41.495],[-70.64,41.475],[-69.965,41.637],[-69.885,41.923],[-70.185,42.145],[-70.08,41.78],[-70.495,41.805],[-70.825,42.335],[-70.815,42.865],[-70.69,43.03],[-70.116,43.684],[-69.06,43.98],[-68.032,44.325],[-66.965,44.81],[-67.137,45.138],[-66.026,45.259],[-64.425,45.292],[-66.162,44.465],[-66.123,43.619],[-65.364,43.545],[-64.247,44.266],[-63.255,44.67],[-61.04,45.265],[-60.0,45.817],[-60.0,44.833],[-64.694,42.732]]]}},{"type":"Feature","properties":{"r":1},"geometry":{"type":"Polygon","coordinates":[[[-60.562,48.858],[-61.167,48.358],[-61.634,48.254],[-62.979,48.417],[-63.623,47.866],[-63.19,47.716],[-62.82,47.387],[-61.776,47.304],[-61.251,47.735],[-60.701,47.872],[-60.593,48.273],[-60.0,49.095],[-60.0,46.031],[-60.449,46.283],[-60.518,47.008],[-61.521,45.884],[-63.173,45.739],[-64.472,46.239],[-64.799,46.993],[-65.115,48.071],[-64.171,48.742],[-65.056,49.233],[-66.552,49.133],[-68.65,48.3],[-70.255,46.986],[-71.104,46.822],[-69.954,47.745],[-68.511,49.068],[-67.236,49.511],[-66.399,50.229],[-65.363,50.298],[-63.862,50.291],[-61.724,50.081],[-60.033,50.243],[-60.0,50.265],[-60.0,49.424],[-60.609,49.403],[-60.562,48.858]],[[-62.874,45.968],[-62.504,46.033],[-62.012,46.443],[-62.939,46.416],[-63.665,46.55],[-64.015,47.036],[-64.393,46.727],[-64.143,46.393],[-62.874,45.968]],[[-64.519,49.873],[-63.589,49.401],[-62.293,49.087],[-61.806,49.105],[-61.836,49.289],[-62.858,49.706],[-64.173,49.957],[-64.519,49.873]]]}},{"type":"Feature","properties":{"r":1},"geometry":{"type":"Polygon","coordinates":[[[-68.03,59.279],[-67.579,59.078],[-67.214,59.215],[-66.608,59.771],[-65.333,59.771],[-66.202,58.767],[-67.65,58.212],[-68.375,58.801],[-69.288,58.957],[-69.5,59.771],[-68.099,59.771],[-68.03,59.279]]]}},{"type":"Feature","properties":{"r":1},"geometry":{"type":"Polygon","coordinates":[[[-60.23,57.279],[-60.099,57.01],[-60.239,56.623],[-60.0,56.534],[-60.0,55.479],[-60.469,55.776],[-61.799,56.339],[-61.396,56.968],[-62.502,58.167],[-63.805,59.443],[-64.089,59.771],[-62.646,59.771],[-60.23,57.279]]]}},{"type":"Feature","properties":{"r":1},"geometry":{"type":"Polygon","coordinates":[[[-62.734,64.771],[-63.041,64.59],[-63.489,64.475],[-64.009,64.445],[-63.421,63.554],[-63.399,63.269],[-63.743,62.547],[-64.292,62.174],[-64.925,62.083],[-64.902,61.787],[-65.128,61.56],[-65.526,61.394],[-66.03,61.316],[-66.556,61.342],[-69.739,61.875],[-75.0,63.991],[-75.0,64.379],[-74.818,64.389],[-74.834,64.679],[-73.378,64.194],[-71.886,63.68],[-72.235,63.398],[-71.023,62.911],[-68.877,62.33],[-66.166,61.931],[-66.328,62.28],[-67.37,62.884],[-68.783,63.746],[-66.275,62.945],[-65.014,62.674],[-64.669,63.393],[-65.32,64.383],[-65.732,64.648],[-67.09,65.108],[-68.141,65.69],[-68.015,66.263],[-66.721,66.388],[-65.149,65.426],[-63.918,64.999],[-62.163,66.16],[-62.008,66.513],[-60.908,66.513],[-62.734,64.771]]]}},{"type":"Feature","properties":{"r":1},"geometry":{"type":"Polygon","coordinates":[[[-73.921,63.038],[-73.346,62.995],[-72.87,62.842],[-70.747,61.735],[-69.477,61.682],[-68.664,61.5],[-68.294,61.107],[-68.099,59.771],[-69.5,59.771],[-69.62,60.221],[-69.59,61.062],[-71.374,61.137],[-71.677,61.525],[-72.909,62.105],[-73.84,62.444],[-74.668,62.181],[-75.0,62.213],[-75.0,63.007],[-73.921,63.038]]]}},{"type":"Feature","properties":{"r":1},"geometry":{"type":"Polygon","coordinates":[[[-65.443,60.815],[-64.567,60.973],[-63.701,60.805],[-62.646,59.771],[-64.089,59.771],[-64.583,60.336],[-65.245,59.871],[-65.333,59.771],[-66.608,59.771],[-65.443,60.815]]]}},{"type":"Feature","properties":{"r":1},"geometry":{"type":"Polygon","coordinates":[[[-73.945,66.311],[-74.294,65.812],[-73.96,65.455],[-75.0,65.39],[-75.0,66.513],[-73.68,66.513],[-73.945,66.311]]]}},{"type":"Feature","properties":{"r":1},"geometry":{"type":"Polygon","coordinates":[[[-67.608,70.708],[-65.674,69.227],[-65.902,68.921],[-66.424,68.753],[-64.195,68.264],[-63.748,68.099],[-62.644,67.403],[-61.246,67.31],[-60.865,67.192],[-60.553,66.838],[-60.908,66.513],[-62.008,66.513],[-61.852,66.862],[-63.425,66.928],[-64.862,67.848],[-66.45,68.067],[-68.805,68.72],[-66.969,69.186],[-67.915,70.122],[-68.786,70.525],[-71.2,70.92],[-72.242,71.557],[-74.099,71.331],[-74.229,71.767],[-74.379,71.82],[-71.236,71.82],[-67.608,70.708]]]}},{"type":"Feature","properties":{"r":1},"geometry":{"type":"Polygon","coordinates":[[[-74.431,67.053],[-75.0,66.945],[-75.0,68.581],[-74.843,68.555],[-73.312,68.069],[-72.926,67.727],[-72.651,67.285],[-73.68,66.513],[-75.0,66.513],[-75.0,66.625],[-74.431,67.053]]]}},{"type":"Feature","properties":{"r":1},"geometry":{"type":"Polygon","coordinates":[[[-60.0,75.829],[-60.0,75.396],[-61.75,75.784],[-68.474,75.745],[-69.086,75.779],[-69.563,75.879],[-69.792,75.959],[-60.603,75.959],[-60.0,75.829]]]}},{"type":"Feature","properties":{"r":1},"geometry":{"type":"Polygon","coordinates":[[[-74.967,72.886],[-74.993,72.729],[-75.0,72.726],[-75.0,72.911],[-74.967,72.886]]]}},{"type":"Feature","properties":{"r":1},"geometry":{"type":"Polygon","coordinates":[[[-73.361,72.068],[-73.022,71.9],[-72.237,71.964],[-71.362,71.857],[-71.236,71.82],[-74.379,71.82],[-75.0,72.036],[-75.0,72.515],[-73.361,72.068]]]}},{"type":"Feature","properties":{"r":1},"geometry":{"type":"Polygon","coordinates":[[[-69.373,78.914],[-73.159,78.433],[-73.297,78.044],[-71.043,77.636],[-66.764,77.376],[-68.777,77.323],[-71.403,77.009],[-69.665,76.38],[-68.504,76.061],[-66.064,76.135],[-63.392,76.175],[-61.269,76.102],[-60.603,75.959],[-69.792,75.959],[-72.662,76.936],[-72.693,77.043],[-72.252,77.228],[-70.133,77.415],[-74.271,77.864],[-74.594,78.064],[-74.501,78.327],[-75.0,78.181],[-75.0,79.171],[-74.265,79.171],[-74.254,79.15],[-74.778,78.975],[-74.151,78.591],[-69.765,79.171],[-67.431,79.171],[-69.373,78.914]]]}},{"type":"Feature","properties":{"r":1},"geometry":{"type":"Polygon","coordinates":[[[-73.88,79.43],[-73.243,79.634],[-71.18,79.8],[-69.47,80.617],[-67.84,80.9],[-65.48,81.507],[-67.658,81.501],[-67.038,81.655],[-64.765,81.655],[-64.532,81.637],[-64.254,81.57],[-64.19,81.489],[-63.479,81.655],[-62.542,81.655],[-62.234,81.321],[-63.689,81.214],[-67.151,80.516],[-68.023,80.117],[-65.324,79.758],[-65.711,79.394],[-67.431,79.171],[-69.765,79.171],[-66.885,79.536],[-66.753,79.661],[-69.103,79.994],[-70.291,79.631],[-74.325,79.278],[-74.265,79.171],[-75.0,79.171],[-75.0,79.391],[-73.88,79.43]]]}},{"type":"Feature","properties":{"r":1},"geometry":{"type":"Polygon","coordinates":[[[-74.297,83.148],[-75.0,83.107],[-75.0,83.168],[-74.297,83.148]]]}},{"type":"Feature","properties":{"r":1},"geometry":{"type":"Polygon","coordinates":[[[-66.753,81.725],[-64.334,81.928],[-61.894,82.362],[-61.85,82.629],[-63.167,82.825],[-61.095,82.763],[-60.568,82.656],[-60.79,82.531],[-65.162,81.687],[-64.765,81.655],[-67.038,81.655],[-66.753,81.725]]]}},{"type":"Feature","properties":{"r":1},"geometry":{"type":"Polygon","coordinates":[[[-61.385,82.128],[-60.595,82.207],[-60.0,82.196],[-60.0,82.048],[-60.282,82.034],[-62.651,81.77],[-62.542,81.655],[-63.479,81.655],[-61.385,82.128]]]}},{"type":"Feature","properties":{"r":1},"geometry":{"type":"Polygon","coordinates":[[[-58.568,-82.289],[-57.563,-82.846],[-51.001,-81.655],[-47.343,-81.655],[-45.0,-81.777],[-45.0,-81.837],[-47.274,-81.71],[-49.761,-81.729],[-51.544,-82.004],[-53.62,-82.258],[-55.363,-82.572],[-57.008,-82.866],[-58.222,-83.218],[-58.712,-82.846],[-59.691,-82.376],[-60.0,-82.322],[-60.0,-82.113],[-58.568,-82.289]]]}},{"type":"Feature","properties":{"r":1},"geometry":{"type":"Polygon","coordinates":[[[-50.805,-81.617],[-50.392,-81.564],[-49.866,-81.541],[-49.321,-81.551],[-47.343,-81.655],[-51.001,-81.655],[-50.805,-81.617]]]}},{"type":"Feature","properties":{"r":1},"geometry":{"type":"Polygon","coordinates":[[[-46.494,-80.592],[-45.0,-80.359],[-45.0,-80.448],[-46.494,-80.592]]]}},{"type":"Feature","properties":{"r":1},"geometry":{"type":"Polygon","coordinates":[[[-50.365,-79.183],[-50.991,-79.615],[-51.853,-79.948],[-53.988,-80.222],[-54.164,-80.634],[-52.852,-80.967],[-50.974,-81.013],[-52.654,-81.166],[-53.154,-81.163],[-53.952,-81.075],[-55.425,-80.685],[-55.19,-80.137],[-52.162,-79.5],[-51.651,-79.171],[-50.35,-79.171],[-50.365,-79.183]]]}},{"type":"Feature","properties":{"r":1},"geometry":{"type":"Polygon","coordinates":[[[-59.729,-79.455],[-58.384,-79.948],[-58.279,-80.063],[-58.866,-81.021],[-59.017,-81.097],[-59.798,-81.194],[-60.0,-81.191],[-60.0,-80.758],[-59.866,-80.55],[-59.572,-80.04],[-60.0,-79.873],[-60.0,-79.425],[-59.729,-79.455]]]}},{"type":"Feature","properties":{"r":1},"geometry":{"type":"Polygon","coordinates":[[[-45.155,-78.047],[-46.663,-77.831],[-48.151,-78.047],[-48.661,-78.047],[-49.307,-78.459],[-49.914,-78.811],[-50.35,-79.171],[-51.651,-79.171],[-49.91,-77.972],[-49.646,-77.87],[-49.203,-77.8],[-45.155,-77.775],[-45.0,-77.782],[-45.0,-78.102],[-45.155,-78.047]]]}},{"type":"Feature","properties":{"r":1},"geometry":{"type":"Polygon","coordinates":[[[-59.559,-73.775],[-60.0,-73.979],[-60.0,-72.449],[-59.559,-73.775]]]}},{"type":"Feature","properties":{"r":1},"geometry":{"type":"Polygon","coordinates":[[[-58.482,-62.765],[-57.947,-62.683],[-57.387,-62.713],[-56.319,-63.106],[-55.924,-63.513],[-56.011,-63.734],[-58.102,-64.752],[-58.629,-64.896],[-60.0,-65.091],[-60.0,-64.236],[-59.789,-64.211],[-59.045,-64.368],[-58.614,-64.152],[-57.596,-63.859],[-57.224,-63.525],[-57.811,-63.271],[-58.595,-63.388],[-59.163,-63.702],[-59.887,-63.957],[-60.0,-63.973],[-60.0,-63.193],[-58.482,-62.765]]]}},{"type":"Feature","properties":{"r":1},"geometry":{"type":"Polygon","coordinates":[[[-56.496,-51.762],[-56.703,-52.027],[-59.141,-52.974],[-59.904,-52.915],[-60.0,-52.947],[-60.0,-51.93],[-59.85,-51.85],[-59.4,-52.2],[-58.05,-51.9],[-57.75,-51.55],[-58.149,-51.326],[-56.567,-51.326],[-56.496,-51.762]]]}},{"type":"Feature","properties":{"r":1},"geometry":{"type":"Polygon","coordinates":[[[-59.15,-51.5],[-59.742,-51.326],[-58.888,-51.326],[-59.15,-51.5]]]}},{"type":"Feature","properties":{"r":1},"geometry":{"type":"Polygon","coordinates":[[[-59.438,-50.51],[-58.605,-50.277],[-58.11,-50.325],[-56.591,-51.183],[-56.567,-51.326],[-58.149,-51.326],[-58.55,-51.1],[-58.888,-51.326],[-59.742,-51.326],[-60.0,-51.25],[-60.0,-50.449],[-59.912,-50.431],[-59.438,-50.51]]]}},{"type":"Feature","properties":{"r":1},"geometry":{"type":"Polygon","coordinates":[[[-47.598,-28.815],[-47.839,-29.346],[-52.757,-35.028],[-54.645,-35.985],[-55.714,-35.96],[-55.505,-37.067],[-56.879,-38.939],[-58.687,-39.635],[-60.0,-39.724],[-60.0,-38.8],[-59.232,-38.72],[-57.749,-38.184],[-56.788,-36.901],[-56.737,-36.413],[-57.362,-35.977],[-57.226,-35.288],[-58.495,-34.432],[-58.427,-33.909],[-57.818,-34.463],[-57.14,-34.43],[-56.215,-34.86],[-55.674,-34.753],[-54.936,-34.953],[-53.806,-34.397],[-53.374,-33.768],[-52.712,-33.197],[-52.256,-32.245],[-51.576,-31.778],[-50.697,-30.984],[-49.587,-29.224],[-48.942,-28.716],[-47.584,-28.716],[-47.598,-28.815]]]}},{"type":"Feature","properties":{"r":1},"geometry":{"type":"Polygon","coordinates":[[[-46.782,-25.793],[-47.249,-26.338],[-47.584,-28.716],[-48.942,-28.716],[-48.888,-28.674],[-48.662,-28.186],[-48.475,-27.176],[-48.641,-26.624],[-48.495,-25.877],[-47.649,-24.885],[-46.472,-24.089],[-45.352,-23.797],[-45.0,-23.575],[-45.0,-24.892],[-46.782,-25.793]]]}},{"type":"Feature","properties":{"r":1},"geometry":{"type":"Polygon","coordinates":[[[-45.0,-0.155],[-45.0,-1.517],[-46.567,-0.941],[-47.825,-0.582],[-48.584,-1.238],[-48.62,-0.235],[-50.388,-0.078],[-50.469,0.0],[-45.478,0.0],[-45.0,-0.155]]]}},{"type":"Feature","properties":{"r":1},"geometry":{"type":"Polygon","coordinates":[[[-59.834,11.157],[-59.536,9.531],[-58.251,8.972],[-57.47,7.733],[-56.716,7.238],[-53.869,7.045],[-53.297,6.869],[-50.312,5.026],[-49.489,2.92],[-49.108,2.705],[-48.783,2.257],[-48.674,1.714],[-48.843,1.089],[-45.478,0.0],[-50.469,0.0],[-50.699,0.223],[-49.947,1.046],[-49.974,1.737],[-50.509,1.901],[-51.07,3.651],[-51.317,4.203],[-51.658,4.156],[-51.823,4.566],[-52.882,5.41],[-53.618,5.646],[-53.958,5.757],[-55.033,6.025],[-55.842,5.953],[-55.949,5.773],[-57.147,5.973],[-57.542,6.321],[-58.078,6.809],[-58.455,6.833],[-58.483,7.348],[-59.102,7.999],[-59.758,8.367],[-60.0,8.513],[-60.0,11.519],[-59.834,11.157]]]}},{"type":"Feature","properties":{"r":1},"geometry":{"type":"Polygon","coordinates":[[[-54.736,50.6],[-54.272,50.224],[-53.195,50.071],[-52.717,49.933],[-52.362,49.684],[-51.826,48.898],[-51.388,47.751],[-51.412,47.263],[-52.057,46.093],[-52.854,45.768],[-54.433,45.927],[-54.89,46.069],[-56.108,46.028],[-56.97,46.328],[-57.269,46.83],[-59.214,46.996],[-59.189,46.732],[-58.666,46.358],[-58.513,46.031],[-58.764,45.374],[-60.0,44.833],[-60.0,45.817],[-59.803,45.92],[-60.0,46.031],[-60.0,49.095],[-59.754,49.432],[-60.0,49.424],[-60.0,50.265],[-58.775,51.064],[-57.562,51.326],[-56.642,51.326],[-56.739,51.287],[-57.359,50.718],[-58.392,49.126],[-59.232,48.523],[-58.797,48.252],[-59.419,47.899],[-59.266,47.603],[-57.325,47.573],[-56.251,47.633],[-55.291,47.39],[-55.997,46.92],[-55.401,46.885],[-54.24,47.752],[-53.962,47.625],[-54.179,46.807],[-53.521,46.618],[-53.069,46.656],[-52.648,47.536],[-52.959,48.157],[-53.086,48.688],[-53.786,48.517],[-53.477,49.249],[-54.474,49.557],[-54.935,49.313],[-55.822,49.587],[-55.471,49.936],[-56.143,50.15],[-56.796,49.812],[-56.134,50.687],[-55.6,51.317],[-55.594,51.326],[-54.244,51.326],[-54.736,50.6]]]}},{"type":"Feature","properties":{"r":1},"geometry":{"type":"Polygon","coordinates":[[[-45.53,59.771],[-45.0,59.771],[-45.0,59.682],[-45.53,59.771]]]}},{"type":"Feature","properties":{"r":1},"geometry":{"type":"Polygon","coordinates":[[[-56.604,55.245],[-56.079,54.825],[-55.804,54.241],[-54.61,53.635],[-54.457,53.301],[-54.402,52.094],[-54.112,51.521],[-54.244,51.326],[-55.594,51.326],[-55.407,51.588],[-55.871,51.632],[-56.642,51.326],[-57.562,51.326],[-57.127,51.42],[-56.409,51.771],[-55.683,52.147],[-55.756,53.271],[-56.158,53.648],[-56.937,53.78],[-57.333,54.627],[-57.975,54.945],[-59.57,55.204],[-60.0,55.479],[-60.0,56.534],[-56.604,55.245]]]}},{"type":"Feature","properties":{"r":1},"geometry":{"type":"Polygon","coordinates":[[[-53.662,66.1],[-52.277,65.177],[-52.14,64.278],[-51.633,63.627],[-49.9,62.383],[-49.233,61.407],[-48.263,60.858],[-46.264,60.853],[-45.0,60.156],[-45.0,59.771],[-45.53,59.771],[-49.081,60.363],[-52.764,63.341],[-53.512,64.977],[-54.94,66.005],[-54.759,66.513],[-53.461,66.513],[-53.662,66.1]]]}},{"type":"Feature","properties":{"r":1},"geometry":{"type":"Polygon","coordinates":[[[-55.835,71.654],[-55.0,71.407],[-54.004,71.547],[-53.109,71.205],[-51.39,70.57],[-53.431,70.836],[-54.359,70.821],[-54.75,70.289],[-54.683,69.61],[-53.456,69.284],[-52.558,69.426],[-52.014,69.575],[-50.871,69.929],[-51.08,69.148],[-51.475,68.73],[-52.98,68.358],[-53.969,67.189],[-53.302,66.836],[-53.461,66.513],[-54.759,66.513],[-54.687,66.713],[-55.252,67.107],[-55.207,67.342],[-54.219,68.503],[-54.021,68.643],[-53.391,68.829],[-54.241,68.914],[-55.468,69.246],[-55.944,69.499],[-55.654,70.86],[-55.485,71.034],[-54.99,71.183],[-56.072,71.248],[-56.588,71.318],[-56.965,71.451],[-57.13,71.621],[-57.055,71.795],[-57.026,71.82],[-55.641,71.82],[-55.835,71.654]]]}},{"type":"Feature","properties":{"r":1},"geometry":{"type":"Polygon","coordinates":[[[-58.585,75.517],[-58.597,75.099],[-57.324,74.71],[-56.12,73.65],[-55.326,72.959],[-54.718,72.586],[-55.641,71.82],[-57.026,71.82],[-56.098,72.59],[-58.472,74.536],[-59.818,74.984],[-59.889,75.372],[-60.0,75.396],[-60.0,75.829],[-58.585,75.517]]]}},{"type":"Feature","properties":{"r":1},"geometry":{"type":"Polygon","coordinates":[[[-57.849,82.158],[-60.0,82.048],[-60.0,82.196],[-57.849,82.158]]]}},{"type":"Feature","properties":{"r":1},"geometry":{"type":"Polygon","coordinates":[[[-51.477,82.532],[-51.071,82.583],[-50.537,82.607],[-49.974,82.599],[-49.491,82.561],[-48.141,82.392],[-48.063,82.635],[-47.91,82.706],[-47.531,82.761],[-45.0,82.988],[-45.0,82.948],[-46.764,82.628],[-46.901,82.2],[-45.0,81.772],[-45.0,81.737],[-46.6,81.986],[-48.004,82.065],[-50.391,82.439],[-53.043,81.888],[-53.728,82.085],[-53.676,82.084],[-51.477,82.532]]]}},{"type":"Feature","properties":{"r":1},"geometry":{"type":"Polygon","coordinates":[[[-43.545,-81.852],[-42.964,-81.655],[-42.169,-81.655],[-42.808,-82.082],[-44.826,-81.847],[-45.0,-81.837],[-45.0,-81.777],[-43.545,-81.852]]]}},{"type":"Feature","properties":{"r":1},"geometry":{"type":"Polygon","coordinates":[[[-41.735,-81.225],[-30.004,-80.219],[-30.727,-79.537],[-35.412,-79.688],[-35.967,-79.684],[-36.463,-79.639],[-36.808,-79.56],[-36.94,-79.462],[-36.954,-79.171],[-35.851,-79.171],[-35.64,-79.456],[-33.681,-79.456],[-31.625,-79.299],[-30.0,-79.267],[-30.0,-80.577],[-30.097,-80.593],[-32.31,-80.769],[-34.386,-80.906],[-36.267,-81.122],[-38.245,-81.337],[-40.771,-81.357],[-42.162,-81.651],[-42.169,-81.655],[-42.964,-81.655],[-41.735,-81.225]]]}},{"type":"Feature","properties":{"r":1},"geometry":{"type":"Polygon","coordinates":[[[-42.665,-80.217],[-45.0,-80.448],[-45.0,-80.359],[-44.881,-80.34],[-43.333,-80.026],[-43.372,-79.517],[-43.467,-79.171],[-42.218,-79.171],[-42.034,-80.019],[-42.32,-80.166],[-42.665,-80.217]]]}},{"type":"Feature","properties":{"r":1},"geometry":{"type":"Polygon","coordinates":[[[-36.997,-78.248],[-30.0,-76.536],[-30.0,-77.118],[-30.998,-77.36],[-32.212,-77.653],[-33.897,-77.889],[-35.327,-78.124],[-35.777,-78.339],[-35.914,-79.084],[-35.851,-79.171],[-36.954,-79.171],[-36.997,-78.248]]]}},{"type":"Feature","properties":{"r":1},"geometry":{"type":"Polygon","coordinates":[[[-43.49,-79.086],[-43.921,-78.478],[-45.0,-78.102],[-45.0,-77.782],[-44.623,-77.799],[-44.185,-77.866],[-42.251,-79.011],[-42.218,-79.171],[-43.467,-79.171],[-43.49,-79.086]]]}},{"type":"Feature","properties":{"r":1},"geometry":{"type":"Polygon","coordinates":[[[-38.055,-18.314],[-39.995,-22.758],[-41.38,-24.024],[-44.217,-24.493],[-45.0,-24.892],[-45.0,-23.575],[-44.648,-23.352],[-43.075,-22.968],[-41.988,-22.97],[-41.754,-22.371],[-40.945,-21.937],[-40.775,-20.904],[-39.761,-19.599],[-39.583,-18.262],[-39.267,-17.868],[-39.161,-17.208],[-38.882,-15.667],[-38.914,-14.832],[-37.593,-14.832],[-38.055,-18.314]]]}},{"type":"Feature","properties":{"r":1},"geometry":{"type":"Polygon","coordinates":[[[-44.496,-0.318],[-43.966,-0.653],[-43.697,-1.124],[-39.795,-1.587],[-39.227,-1.813],[-36.696,-3.605],[-34.938,-4.033],[-34.388,-4.676],[-33.433,-7.253],[-33.864,-9.294],[-34.141,-9.831],[-37.43,-13.589],[-37.593,-14.832],[-38.914,-14.832],[-38.953,-13.793],[-38.674,-13.058],[-38.424,-13.038],[-37.684,-12.171],[-37.047,-11.041],[-35.637,-9.649],[-35.128,-8.996],[-34.73,-7.343],[-34.896,-6.738],[-35.235,-5.465],[-35.598,-5.149],[-36.453,-5.109],[-37.223,-4.821],[-38.5,-3.701],[-39.979,-2.873],[-41.473,-2.912],[-43.419,-2.383],[-44.582,-2.691],[-44.418,-2.138],[-44.906,-1.552],[-45.0,-1.517],[-45.0,-0.155],[-44.496,-0.318]]]}},{"type":"Feature","properties":{"r":1},"geometry":{"type":"Polygon","coordinates":[[[-42.351,59.699],[-42.748,59.526],[-43.249,59.447],[-43.77,59.474],[-45.0,59.682],[-45.0,59.771],[-42.28,59.771],[-42.351,59.699]]]}},{"type":"Feature","properties":{"r":1},"geometry":{"type":"Polygon","coordinates":[[[-44.787,60.037],[-43.378,60.098],[-42.866,61.074],[-42.417,61.901],[-42.819,62.682],[-41.189,63.482],[-40.683,64.139],[-40.669,64.84],[-39.812,65.458],[-38.375,65.692],[-37.044,65.938],[-36.353,65.979],[-34.718,66.513],[-32.925,66.513],[-33.11,66.399],[-33.587,66.222],[-38.874,65.052],[-39.426,64.649],[-39.906,63.387],[-40.233,63.086],[-41.394,62.511],[-41.158,61.747],[-42.12,59.935],[-42.28,59.771],[-45.0,59.771],[-45.0,60.156],[-44.787,60.037]]]}},{"type":"Feature","properties":{"r":1},"geometry":{"type":"Polygon","coordinates":[[[-34.202,66.68],[-32.811,67.735],[-31.777,68.121],[-30.674,68.125],[-30.0,68.205],[-30.0,67.776],[-30.969,67.69],[-32.925,66.513],[-34.718,66.513],[-34.202,66.68]]]}},{"type":"Feature","properties":{"r":1},"geometry":{"type":"Polygon","coordinates":[[[-44.553,83.027],[-45.0,82.948],[-45.0,82.988],[-44.553,83.027]]]}},{"type":"Feature","properties":{"r":1},"geometry":{"type":"Polygon","coordinates":[[[-44.523,81.661],[-45.0,81.737],[-45.0,81.772],[-44.523,81.661]]]}},{"type":"Feature","properties":{"r":1},"geometry":{"type":"Polygon","coordinates":[[[-39.898,83.18],[-42.404,83.212],[-38.732,83.518],[-39.898,83.18]]]}},{"type":"Feature","properties":{"r":1},"geometry":{"type":"Polygon","coordinates":[[[-30.467,83.573],[-30.0,83.573],[-30.0,83.565],[-30.467,83.573]]]}},{"type":"Feature","properties":{"r":1},"geometry":{"type":"Polygon","coordinates":[[[-38.21,83.56],[-38.055,83.573],[-37.752,83.573],[-38.21,83.56]]]}},{"type":"Feature","properties":{"r":1},"geometry":{"type":"Polygon","coordinates":[[[-31.396,82.022],[-31.9,82.2],[-30.0,82.235],[-30.0,82.065],[-31.396,82.022]]]}},{"type":"Feature","properties":{"r":1},"geometry":{"type":"Polygon","coordinates":[[[-30.0,83.707],[-30.0,83.573],[-30.467,83.573],[-35.088,83.645],[-37.752,83.573],[-38.055,83.573],[-35.404,83.783],[-30.0,83.707]]]}},{"type":"Feature","properties":{"r":1},"geometry":{"type":"Polygon","coordinates":[[[-29.686,-79.26],[-29.686,-79.632],[-29.255,-79.985],[-28.55,-80.338],[-30.0,-80.577],[-30.0,-79.267],[-29.686,-79.26]]]}},{"type":"Feature","properties":{"r":1},"geometry":{"type":"Polygon","coordinates":[[[-29.518,-76.41],[-26.149,-75.959],[-21.537,-75.959],[-22.459,-76.105],[-23.928,-76.243],[-25.475,-76.282],[-26.16,-76.36],[-27.512,-76.497],[-28.883,-76.674],[-29.784,-77.066],[-30.0,-77.118],[-30.0,-76.536],[-29.518,-76.41]]]}},{"type":"Feature","properties":{"r":1},"geometry":{"type":"Polygon","coordinates":[[[-18.394,-74.866],[-16.916,-74.351],[-16.839,-74.247],[-17.625,-74.034],[-17.764,-73.888],[-16.654,-73.006],[-16.257,-72.849],[-15.0,-72.551],[-15.0,-73.062],[-15.447,-73.147],[-16.113,-73.46],[-16.465,-73.872],[-15.408,-74.107],[-15.701,-74.499],[-16.642,-74.793],[-17.523,-75.126],[-18.914,-75.439],[-20.01,-75.674],[-21.225,-75.909],[-21.537,-75.959],[-26.149,-75.959],[-18.394,-74.866]]]}},{"type":"Feature","properties":{"r":1},"geometry":{"type":"Polygon","coordinates":[[[-17.625,14.73],[-17.126,14.373],[-16.714,13.595],[-16.841,13.151],[-16.677,12.385],[-16.614,12.171],[-16.309,11.959],[-16.315,11.807],[-16.085,11.525],[-15.664,11.459],[-15.13,11.041],[-15.0,10.967],[-15.0,8.666],[-15.82,10.0],[-17.755,11.561],[-17.984,13.123],[-18.867,14.358],[-18.837,14.832],[-17.389,14.832],[-17.625,14.73]]]}},{"type":"Feature","properties":{"r":1},"geometry":{"type":"Polygon","coordinates":[[[-15.089,24.52],[-15.426,24.359],[-15.983,23.724],[-16.326,23.018],[-16.262,22.679],[-16.589,22.158],[-16.973,21.886],[-17.02,21.422],[-17.063,21.0],[-16.536,20.568],[-16.278,20.093],[-16.378,19.594],[-16.257,19.097],[-16.146,18.109],[-16.271,17.167],[-16.55,16.674],[-16.463,16.135],[-16.701,15.622],[-17.185,14.919],[-17.389,14.832],[-18.837,14.832],[-18.81,15.246],[-17.867,16.268],[-17.571,17.329],[-17.577,19.658],[-18.29,20.598],[-18.363,21.009],[-17.203,24.133],[-15.0,27.21],[-15.0,24.717],[-15.089,24.52]]]}},{"type":"Feature","properties":{"r":1},"geometry":{"type":"Polygon","coordinates":[[[-25.523,65.819],[-24.848,66.466],[-24.76,66.513],[-20.598,66.513],[-20.487,66.466],[-20.327,66.513],[-16.21,66.513],[-17.799,65.994],[-19.057,66.277],[-20.576,65.732],[-22.135,66.41],[-23.651,66.263],[-24.326,65.611],[-22.227,65.379],[-22.184,65.085],[-23.955,64.891],[-21.778,64.402],[-22.763,63.96],[-19.973,63.644],[-18.656,63.496],[-17.794,63.679],[-15.0,64.343],[-15.0,63.707],[-18.504,62.914],[-23.084,63.402],[-23.568,63.509],[-23.913,63.693],[-24.06,63.922],[-23.863,64.24],[-24.96,64.539],[-25.202,64.735],[-25.246,64.954],[-25.064,65.173],[-25.561,65.442],[-25.523,65.819]]]}},{"type":"Feature","properties":{"r":1},"geometry":{"type":"Polygon","coordinates":[[[-15.851,66.513],[-15.0,66.513],[-15.0,66.477],[-15.851,66.513]]]}},{"type":"Feature","properties":{"r":1},"geometry":{"type":"Polygon","coordinates":[[[-27.747,68.47],[-25.029,69.259],[-22.349,70.129],[-23.727,70.184],[-26.363,70.226],[-25.201,70.752],[-25.543,71.431],[-24.307,70.856],[-23.536,70.471],[-21.754,70.664],[-22.133,71.469],[-22.879,71.82],[-21.417,71.82],[-20.967,71.651],[-20.848,71.531],[-20.468,70.729],[-20.647,70.437],[-21.147,70.287],[-21.052,70.099],[-21.186,69.931],[-26.894,68.108],[-27.45,68.001],[-30.0,67.776],[-30.0,68.205],[-27.747,68.47]]]}},{"type":"Feature","properties":{"r":1},"geometry":{"type":"Polygon","coordinates":[[[-24.493,66.658],[-23.958,66.766],[-21.986,66.922],[-21.184,66.763],[-20.598,66.513],[-24.76,66.513],[-24.493,66.658]]]}},{"type":"Feature","properties":{"r":1},"geometry":{"type":"Polygon","coordinates":[[[-19.457,66.769],[-18.931,66.792],[-17.676,66.565],[-15.0,66.896],[-15.0,66.513],[-15.851,66.513],[-16.168,66.527],[-16.21,66.513],[-20.327,66.513],[-19.457,66.769]]]}},{"type":"Feature","properties":{"r":1},"geometry":{"type":"Polygon","coordinates":[[[-23.443,72.08],[-24.793,72.33],[-24.278,72.598],[-22.3,72.184],[-22.313,72.629],[-23.566,73.307],[-22.172,73.31],[-20.762,73.464],[-20.435,73.817],[-21.594,74.224],[-19.373,74.296],[-20.668,75.156],[-19.599,75.248],[-19.795,75.959],[-18.492,75.959],[-18.302,75.271],[-18.387,75.128],[-18.975,74.964],[-18.073,74.3],[-18.396,74.062],[-19.247,73.941],[-19.177,73.725],[-19.712,73.245],[-20.511,73.097],[-21.864,73.02],[-21.005,72.147],[-21.165,71.989],[-21.529,71.862],[-21.417,71.82],[-22.879,71.82],[-23.443,72.08]]]}},{"type":"Feature","properties":{"r":1},"geometry":{"type":"Polygon","coordinates":[[[-19.834,76.098],[-21.679,76.628],[-20.035,76.944],[-18.473,76.986],[-19.674,77.639],[-19.705,78.751],[-19.189,79.171],[-17.786,79.171],[-18.404,78.719],[-18.375,77.693],[-17.173,76.988],[-17.514,76.787],[-19.631,76.524],[-18.829,76.295],[-18.537,76.119],[-18.492,75.959],[-19.795,75.959],[-19.834,76.098]]]}},{"type":"Feature","properties":{"r":1},"geometry":{"type":"Polygon","coordinates":[[[-18.9,79.4],[-17.73,80.129],[-20.046,80.177],[-16.971,80.344],[-17.12,80.321],[-16.655,80.254],[-16.449,80.167],[-16.473,80.072],[-17.786,79.171],[-19.189,79.171],[-18.9,79.4]]]}},{"type":"Feature","properties":{"r":1},"geometry":{"type":"Polygon","coordinates":[[[-20.938,81.623],[-20.619,81.655],[-19.011,81.655],[-20.624,81.525],[-23.17,81.153],[-22.225,81.655],[-20.918,81.655],[-20.938,81.623]]]}},{"type":"Feature","properties":{"r":1},"geometry":{"type":"Polygon","coordinates":[[[-16.807,80.368],[-16.285,80.58],[-15.0,80.81],[-15.0,80.631],[-16.807,80.368]]]}},{"type":"Feature","properties":{"r":1},"geometry":{"type":"Polygon","coordinates":[[[-19.9,82.839],[-19.546,82.721],[-19.664,82.658],[-20.401,82.57],[-21.959,82.497],[-20.845,82.727],[-27.1,83.52],[-30.0,83.565],[-30.0,83.573],[-25.76,83.573],[-19.9,82.839]]]}},{"type":"Feature","properties":{"r":1},"geometry":{"type":"Polygon","coordinates":[[[-25.198,82.007],[-23.438,82.254],[-22.909,82.27],[-22.378,82.255],[-21.939,82.212],[-21.667,82.148],[-20.836,81.792],[-20.918,81.655],[-22.225,81.655],[-22.072,81.734],[-22.903,82.093],[-24.844,81.787],[-27.857,82.132],[-30.0,82.065],[-30.0,82.235],[-26.518,82.298],[-25.972,82.304],[-28.336,82.188],[-25.198,82.007]]]}},{"type":"Feature","properties":{"r":1},"geometry":{"type":"Polygon","coordinates":[[[-16.512,82.061],[-15.597,82.092],[-15.0,82.046],[-15.0,81.863],[-15.768,81.912],[-19.011,81.655],[-20.619,81.655],[-16.512,82.061]]]}},{"type":"Feature","properties":{"r":1},"geometry":{"type":"Polygon","coordinates":[[[-26.92,83.663],[-26.155,83.62],[-25.76,83.573],[-30.0,83.573],[-30.0,83.707],[-26.92,83.663]]]}},{"type":"Feature","properties":{"r":1},"geometry":{"type":"Polygon","coordinates":[[[-13.308,-72.142],[-12.737,-71.82],[-11.31,-71.82],[-11.51,-72.01],[-12.294,-72.402],[-13.312,-72.715],[-14.409,-72.951],[-15.0,-73.062],[-15.0,-72.551],[-13.308,-72.142]]]}},{"type":"Feature","properties":{"r":1},"geometry":{"type":"Polygon","coordinates":[[[-11.436,-71.064],[-10.698,-70.864],[-9.741,-70.884],[-8.322,-71.102],[-7.934,-70.687],[-7.577,-70.573],[-6.62,-70.511],[-4.077,-71.018],[-0.447,-70.809],[-0.007,-70.861],[0.0,-70.863],[0.0,-71.569],[-0.229,-71.638],[-0.659,-71.226],[-1.795,-71.167],[-3.049,-71.285],[-4.342,-71.461],[-5.536,-71.403],[-5.791,-71.03],[-6.868,-70.932],[-7.377,-71.324],[-7.417,-71.696],[-8.611,-71.657],[-9.101,-71.324],[-10.296,-71.265],[-11.02,-71.54],[-11.31,-71.82],[-12.737,-71.82],[-11.436,-71.064]]]}},{"type":"Feature","properties":{"r":1},"geometry":{"type":"Polygon","coordinates":[[[-14.839,10.877],[-14.693,10.656],[-14.58,10.214],[-14.33,10.016],[-14.074,9.886],[-13.685,9.495],[-13.247,8.903],[-13.124,8.164],[-12.949,7.799],[-12.428,7.263],[-11.708,6.86],[-11.439,6.786],[-10.765,6.141],[-9.913,5.594],[-9.005,4.833],[-7.974,4.356],[-7.712,4.365],[-7.519,4.338],[-6.529,4.705],[-5.834,4.994],[-4.65,5.168],[-4.009,5.18],[-3.311,4.984],[-2.856,4.995],[-1.965,4.711],[-1.064,5.0],[-0.508,5.344],[0.0,5.533],[0.0,3.998],[-1.553,3.481],[-2.184,3.432],[-4.603,3.845],[-7.664,3.096],[-8.212,3.081],[-8.717,3.291],[-14.061,7.131],[-15.0,8.666],[-15.0,10.967],[-14.839,10.877]]]}},{"type":"Feature","properties":{"r":1},"geometry":{"type":"Polygon","coordinates":[[[-11.689,28.149],[-12.619,28.038],[-13.14,27.64],[-13.774,26.619],[-14.44,26.255],[-14.801,25.636],[-14.825,25.104],[-15.0,24.717],[-15.0,27.21],[-14.228,28.269],[-13.619,28.705],[-13.588,28.716],[-11.035,28.716],[-11.689,28.149]]]}},{"type":"Feature","properties":{"r":1},"geometry":{"type":"Polygon","coordinates":[[[-9.815,36.128],[-10.107,36.485],[-10.16,37.816],[-10.683,38.273],[-10.82,38.64],[-10.106,40.8],[-10.148,40.98],[-8.78,40.98],[-8.769,40.761],[-8.977,40.159],[-9.048,39.755],[-9.447,39.392],[-9.526,38.737],[-9.287,38.359],[-8.84,38.266],[-8.746,37.651],[-8.899,36.869],[-8.383,36.979],[-7.856,36.838],[-7.454,37.098],[-6.52,36.943],[-6.237,36.368],[-5.866,36.03],[-5.377,35.947],[-4.995,36.325],[-4.369,36.678],[-3.416,36.659],[-2.146,36.674],[-1.438,37.443],[-0.683,37.642],[-0.467,38.292],[0.0,38.653],[0.0,35.972],[-0.127,35.889],[-1.209,35.715],[-2.17,35.169],[-2.604,35.179],[-3.64,35.4],[-4.591,35.331],[-5.194,35.755],[-5.93,35.76],[-6.244,35.146],[-6.912,34.11],[-7.654,33.697],[-8.657,33.24],[-9.301,32.565],[-9.435,32.038],[-9.815,31.178],[-9.565,29.934],[-10.4,29.099],[-10.901,28.832],[-11.035,28.716],[-13.588,28.716],[-12.406,29.127],[-10.963,30.33],[-11.055,31.511],[-10.368,33.189],[-7.948,34.805],[-7.31,35.871],[-9.371,35.894],[-9.815,36.128]]]}},{"type":"Feature","properties":{"r":1},"geometry":{"type":"Polygon","coordinates":[[[-0.279,39.31],[0.0,39.9],[0.0,38.902],[-0.279,39.31]]]}},{"type":"Feature","properties":{"r":1},"geometry":{"type":"Polygon","coordinates":[[[-10.671,43.201],[-10.14,43.8],[-8.324,44.647],[-2.651,44.402],[-2.524,45.731],[-3.763,46.831],[-4.948,47.133],[-5.653,47.563],[-5.887,48.606],[-5.823,48.961],[-5.356,49.351],[-6.061,49.34],[-6.5,49.463],[-7.039,49.96],[-7.066,50.266],[-6.618,50.791],[-5.767,51.244],[-5.926,51.326],[-3.83,51.326],[-4.31,51.21],[-5.777,50.16],[-5.245,49.96],[-4.543,50.342],[-3.617,50.228],[-2.956,50.697],[-2.49,50.5],[-0.788,50.775],[0.0,50.77],[0.0,49.68],[-0.989,49.347],[-1.933,49.776],[-1.617,48.644],[-3.296,48.902],[-4.592,48.684],[-4.492,47.955],[-2.963,47.57],[-2.226,47.065],[-1.194,46.015],[-1.384,44.023],[-1.901,43.423],[-3.518,43.456],[-4.348,43.403],[-5.412,43.574],[-6.755,43.568],[-7.978,43.748],[-9.393,43.027],[-8.984,42.593],[-9.035,41.881],[-8.991,41.544],[-8.791,41.184],[-8.78,40.98],[-10.148,40.98],[-10.671,43.201]],[[-3.182,49.517],[-3.195,49.563],[-3.608,49.522],[-3.182,49.517]]]}},{"type":"Feature","properties":{"r":1},"geometry":{"type":"Polygon","coordinates":[[[-7.943,50.955],[-8.783,50.868],[-10.198,51.022],[-11.002,51.323],[-11.003,51.326],[-6.849,51.326],[-7.943,50.955]]]}},{"type":"Feature","properties":{"r":1},"geometry":{"type":"Polygon","coordinates":[[[-6.292,51.514],[-6.849,51.326],[-11.003,51.326],[-11.273,51.88],[-10.557,52.926],[-10.931,53.656],[-10.981,53.966],[-10.818,54.259],[-7.127,55.871],[-7.421,56.636],[-7.384,57.008],[-5.975,59.081],[-5.541,59.242],[-5.016,59.3],[-3.011,59.305],[-2.491,59.251],[-2.056,59.095],[-1.78,58.861],[-1.834,58.356],[-1.121,58.212],[-0.795,57.993],[-0.661,57.722],[-0.74,57.442],[-1.378,56.505],[-0.891,56.197],[-0.132,55.202],[0.0,55.157],[0.0,53.671],[-0.43,54.464],[-1.115,54.625],[-2.085,55.91],[-3.119,55.974],[-2.22,56.87],[-1.959,57.685],[-3.055,57.69],[-4.074,57.553],[-3.005,58.635],[-4.211,58.551],[-5.01,58.63],[-5.787,57.819],[-6.15,56.785],[-5.645,56.275],[-5.586,55.311],[-5.048,55.784],[-4.719,55.508],[-5.083,55.062],[-4.844,54.791],[-3.63,54.615],[-2.945,53.985],[-3.092,53.404],[-4.58,53.495],[-4.77,52.84],[-4.222,52.301],[-5.267,51.991],[-4.984,51.593],[-3.415,51.426],[-3.83,51.326],[-5.926,51.326],[-6.292,51.514]],[[-6.734,55.173],[-7.572,55.132],[-8.328,54.665],[-9.689,53.881],[-9.166,52.865],[-9.977,51.82],[-8.562,51.669],[-6.789,52.26],[-6.033,53.153],[-6.198,53.868],[-5.662,54.555],[-6.734,55.173]]]}},{"type":"Feature","properties":{"r":1},"geometry":{"type":"Polygon","coordinates":[[[-13.38,65.939],[-12.334,65.231],[-12.341,65.008],[-12.558,64.803],[-13.858,64.031],[-14.304,63.862],[-15.0,63.707],[-15.0,64.343],[-14.91,64.364],[-13.61,65.127],[-14.74,65.809],[-14.509,66.456],[-15.0,66.477],[-15.0,66.513],[-13.27,66.513],[-13.38,65.939]]]}},{"type":"Feature","properties":{"r":1},"geometry":{"type":"Polygon","coordinates":[[[-14.412,66.968],[-13.903,66.911],[-13.495,66.779],[-13.255,66.592],[-13.27,66.513],[-15.0,66.513],[-15.0,66.896],[-14.412,66.968]]]}},{"type":"Feature","properties":{"r":1},"geometry":{"type":"Polygon","coordinates":[[[-10.912,81.277],[-11.347,81.143],[-15.0,80.631],[-15.0,80.81],[-12.209,81.292],[-12.685,81.655],[-12.568,81.655],[-11.212,81.417],[-10.912,81.277]]]}},{"type":"Feature","properties":{"r":1},"geometry":{"type":"Polygon","coordinates":[[[-14.771,82.029],[-13.036,81.736],[-15.0,81.863],[-15.0,82.046],[-14.771,82.029]]]}},{"type":"Feature","properties":{"r":1},"geometry":{"type":"Polygon","coordinates":[[[-12.72,81.682],[-12.568,81.655],[-12.685,81.655],[-12.72,81.682]]]}},{"type":"Feature","properties":{"r":1},"geometry":{"type":"Polygon","coordinates":[[[0.417,-71.001],[7.487,-69.451],[9.771,-69.57],[10.3,-69.651],[11.152,-70.114],[12.51,-69.653],[13.333,-69.523],[14.2,-69.612],[15.0,-69.819],[15.0,-70.284],[14.735,-70.031],[13.423,-69.972],[12.404,-70.247],[11.954,-70.638],[10.818,-70.834],[10.25,-70.482],[9.525,-70.011],[8.487,-70.149],[7.743,-69.894],[7.136,-70.247],[6.274,-70.462],[5.158,-70.619],[4.139,-70.854],[3.023,-70.991],[1.887,-71.128],[0.868,-71.305],[0.0,-71.569],[0.0,-70.863],[0.417,-71.001]]]}},{"type":"Feature","properties":{"r":1},"geometry":{"type":"Polygon","coordinates":[[[14.767,-28.716],[15.0,-28.716],[15.0,-29.072],[14.767,-28.716]]]}},{"type":"Feature","properties":{"r":1},"geometry":{"type":"Polygon","coordinates":[[[12.124,-14.878],[11.779,-15.794],[11.64,-16.673],[11.734,-17.302],[11.795,-18.069],[12.609,-19.045],[12.827,-19.673],[13.352,-20.873],[13.869,-21.699],[14.258,-22.111],[14.386,-22.657],[14.408,-23.853],[14.743,-25.393],[14.99,-26.117],[15.0,-26.163],[15.0,-28.716],[14.767,-28.716],[14.083,-27.665],[13.016,-22.525],[10.502,-18.199],[10.384,-16.353],[10.803,-14.832],[12.129,-14.832],[12.124,-14.878]]]}},{"type":"Feature","properties":{"r":1},"geometry":{"type":"Polygon","coordinates":[[[9.049,-0.459],[8.83,-0.779],[8.798,-1.111],[9.405,-2.144],[10.066,-2.969],[11.094,-3.979],[11.915,-5.038],[12.182,-5.79],[12.323,-6.1],[12.227,-6.294],[12.728,-6.927],[12.933,-7.596],[13.237,-8.563],[12.929,-8.959],[12.875,-9.167],[13.121,-9.767],[13.387,-10.374],[13.687,-10.731],[13.739,-11.298],[13.634,-12.039],[13.313,-12.484],[12.739,-13.138],[12.5,-13.548],[12.176,-14.449],[12.129,-14.832],[10.803,-14.832],[11.244,-13.223],[12.35,-11.6],[12.374,-11.014],[11.588,-9.342],[11.802,-8.437],[10.769,-5.681],[7.779,-1.918],[7.529,-1.393],[7.533,-0.81],[7.726,0.0],[9.202,0.0],[9.049,-0.459]]]}},{"type":"Feature","properties":{"r":1},"geometry":{"type":"Polygon","coordinates":[[[1.06,5.929],[1.865,6.142],[2.692,6.259],[3.574,6.258],[4.326,6.271],[5.034,5.612],[5.363,4.888],[5.898,4.263],[6.698,4.241],[7.083,4.465],[7.462,4.412],[8.5,4.772],[8.489,4.496],[8.745,4.352],[8.948,3.904],[9.404,3.734],[9.795,3.073],[9.649,2.284],[9.306,1.161],[9.493,1.01],[9.291,0.269],[9.202,0.0],[7.726,0.0],[8.388,2.777],[7.956,3.344],[6.149,2.989],[5.229,3.151],[3.694,4.972],[2.908,4.967],[0.0,3.998],[0.0,5.533],[1.06,5.929]]]}},{"type":"Feature","properties":{"r":1},"geometry":{"type":"Polygon","coordinates":[[[0.111,38.739],[0.0,38.902],[0.0,39.9],[0.107,40.124],[0.721,40.678],[0.801,40.98],[3.396,40.98],[1.792,40.292],[1.18,39.329],[1.406,38.827],[1.348,38.426],[0.227,37.278],[1.317,37.635],[7.933,38.24],[7.275,38.705],[7.137,39.056],[6.869,40.837],[6.89,40.98],[8.839,40.98],[8.71,40.9],[8.16,40.95],[8.388,40.378],[8.428,39.172],[8.807,38.907],[9.215,39.24],[9.67,39.177],[9.81,40.5],[9.405,40.98],[10.897,40.98],[11.072,40.738],[10.965,39.095],[10.839,38.736],[10.235,38.277],[11.183,37.913],[11.481,38.682],[12.23,39.106],[14.541,39.149],[14.404,39.363],[11.38,40.98],[13.853,40.98],[14.061,40.786],[14.703,40.605],[14.998,40.173],[15.0,40.173],[15.0,38.171],[14.761,38.144],[13.741,38.035],[12.571,38.126],[12.431,37.613],[13.827,37.105],[14.335,36.997],[15.0,36.669],[15.0,35.641],[14.55,35.669],[12.288,36.522],[12.085,36.218],[12.239,35.66],[11.695,34.518],[15.0,33.505],[15.0,32.348],[13.919,32.712],[13.083,32.879],[12.663,32.793],[11.489,33.137],[11.109,33.293],[10.857,33.769],[10.34,33.786],[10.15,34.331],[10.808,34.834],[10.94,35.699],[10.593,35.948],[10.6,36.41],[11.1,36.9],[11.029,37.092],[10.181,36.724],[10.21,37.23],[9.51,37.35],[8.421,36.946],[7.737,36.886],[7.331,37.119],[6.262,37.111],[5.32,36.716],[4.816,36.865],[3.162,36.784],[1.467,36.606],[0.504,36.301],[0.0,35.972],[0.0,38.653],[0.111,38.739]]]}},{"type":"Feature","properties":{"r":1},"geometry":{"type":"Polygon","coordinates":[[[2.513,51.148],[1.639,50.947],[1.339,50.127],[0.0,49.68],[0.0,50.77],[0.55,50.766],[1.45,51.289],[1.422,51.326],[3.234,51.326],[2.513,51.148]]]}},{"type":"Feature","properties":{"r":1},"geometry":{"type":"Polygon","coordinates":[[[0.81,41.015],[2.092,41.226],[3.039,41.892],[2.986,42.473],[3.101,43.075],[4.557,43.4],[6.529,43.129],[7.435,43.694],[7.851,43.767],[8.429,44.231],[8.889,44.366],[9.703,44.036],[10.2,43.92],[10.512,42.932],[11.192,42.356],[12.107,41.705],[12.888,41.253],[13.628,41.188],[13.853,40.98],[11.38,40.98],[10.599,41.391],[10.897,40.98],[9.405,40.98],[9.21,41.21],[8.839,40.98],[6.89,40.98],[6.935,41.278],[7.447,41.737],[7.277,42.35],[6.557,42.173],[4.353,42.138],[4.243,41.525],[4.002,41.238],[3.396,40.98],[0.801,40.98],[0.81,41.015]],[[8.776,41.584],[9.23,41.38],[9.56,42.152],[9.39,43.01],[8.746,42.628],[8.544,42.257],[8.776,41.584]]]}},{"type":"Feature","properties":{"r":1},"geometry":{"type":"Polygon","coordinates":[[[14.03,42.761],[13.527,43.588],[12.589,44.091],[12.261,44.601],[12.384,44.886],[12.329,45.382],[13.142,45.737],[13.938,45.591],[13.715,45.5],[13.68,45.484],[13.657,45.137],[13.952,44.802],[14.259,45.234],[14.902,45.076],[14.92,44.739],[15.0,44.665],[15.0,42.059],[14.03,42.761]]]}},{"type":"Feature","properties":{"r":1},"geometry":{"type":"Polygon","coordinates":[[[0.511,54.982],[0.798,54.712],[1.47,53.578],[2.501,53.346],[2.845,53.089],[2.981,52.767],[2.703,52.172],[3.484,53.358],[4.029,53.753],[7.369,54.217],[6.834,55.625],[7.407,57.418],[6.861,57.392],[6.302,57.512],[4.543,58.245],[4.372,58.522],[4.132,59.771],[5.294,59.771],[5.308,59.663],[5.666,58.588],[7.049,58.079],[8.382,58.313],[10.357,59.47],[11.027,58.856],[11.788,57.442],[12.625,56.307],[12.943,55.362],[14.101,55.408],[14.667,56.201],[15.0,56.174],[15.0,54.109],[14.803,54.051],[14.12,53.757],[13.648,54.076],[12.518,54.471],[11.956,54.196],[10.94,54.009],[10.95,54.364],[9.94,54.597],[9.922,54.983],[9.65,55.47],[10.37,56.19],[10.668,56.081],[10.912,56.459],[10.37,56.61],[10.25,56.89],[10.546,57.216],[10.58,57.73],[9.776,57.448],[9.424,57.172],[8.544,57.11],[8.257,56.81],[8.09,56.54],[8.12,55.518],[8.526,54.963],[8.572,54.396],[8.801,54.021],[8.122,53.528],[7.936,53.748],[7.101,53.694],[6.905,53.482],[6.074,53.51],[4.706,53.092],[3.83,51.62],[3.315,51.346],[3.234,51.326],[1.422,51.326],[1.051,51.807],[1.56,52.1],[1.682,52.74],[0.47,52.93],[0.185,53.325],[0.0,53.671],[0.0,55.157],[0.511,54.982]],[[14.334,54.686],[14.217,54.669],[14.242,54.658],[14.334,54.686]],[[12.09,54.8],[12.69,55.61],[12.371,56.111],[10.904,55.78],[11.044,55.365],[12.09,54.8]]]}},{"type":"Feature","properties":{"r":1},"geometry":{"type":"Polygon","coordinates":[[[3.698,61.911],[3.767,62.175],[4.069,62.398],[9.463,64.817],[11.58,66.513],[13.126,66.513],[12.358,65.88],[10.528,64.486],[8.554,63.454],[5.913,62.615],[4.992,61.971],[5.294,59.771],[4.132,59.771],[3.698,61.911]]]}},{"type":"Feature","properties":{"r":1},"geometry":{"type":"Polygon","coordinates":[[[13.605,68.034],[15.0,68.685],[15.0,67.92],[14.761,67.811],[13.126,66.513],[11.58,66.513],[13.605,68.034]]]}},{"type":"Feature","properties":{"r":1},"geometry":{"type":"Polygon","coordinates":[[[12.477,77.422],[13.166,77.728],[9.944,78.824],[9.607,79.171],[10.929,79.171],[11.222,78.869],[13.171,78.025],[14.67,77.736],[13.763,77.38],[15.0,77.033],[15.0,76.805],[12.975,77.152],[12.491,77.321],[12.477,77.422]]]}},{"type":"Feature","properties":{"r":1},"geometry":{"type":"Polygon","coordinates":[[[9.166,79.61],[9.321,79.769],[10.02,79.871],[15.0,80.169],[15.0,79.673],[13.719,79.66],[13.171,80.01],[10.445,79.652],[10.929,79.171],[9.607,79.171],[9.166,79.61]]]}},{"type":"Feature","properties":{"r":1},"geometry":{"type":"Polygon","coordinates":[[[15.342,-69.907],[18.816,-69.469],[19.557,-69.454],[22.22,-69.709],[23.235,-70.222],[26.703,-70.038],[30.0,-69.489],[30.0,-69.943],[29.15,-70.207],[28.093,-70.325],[27.094,-70.462],[25.977,-70.482],[24.841,-70.482],[23.666,-70.521],[22.569,-70.697],[21.923,-70.403],[21.453,-70.07],[20.376,-70.011],[19.259,-69.894],[18.202,-69.874],[17.027,-69.913],[15.949,-70.031],[15.127,-70.403],[15.0,-70.284],[15.0,-69.819],[15.342,-69.907]]]}},{"type":"Feature","properties":{"r":1},"geometry":{"type":"Polygon","coordinates":[[[17.063,-29.876],[17.065,-29.879],[17.567,-30.726],[18.222,-31.662],[18.248,-32.429],[17.925,-32.611],[18.25,-33.281],[18.245,-33.868],[18.378,-34.136],[18.425,-33.998],[18.855,-34.444],[19.193,-34.463],[19.617,-34.819],[20.071,-34.795],[20.689,-34.417],[21.543,-34.259],[22.574,-33.864],[22.988,-33.916],[23.594,-33.794],[24.678,-33.987],[25.173,-33.797],[25.781,-33.945],[25.91,-33.667],[26.419,-33.615],[27.465,-33.227],[28.22,-32.772],[28.925,-32.172],[30.0,-31.191],[30.0,-32.781],[29.16,-33.523],[26.429,-34.874],[25.741,-35.016],[22.8,-34.943],[20.09,-35.807],[19.476,-35.873],[18.894,-35.702],[17.655,-35.026],[17.116,-34.395],[16.663,-32.874],[16.828,-31.818],[15.0,-29.072],[15.0,-28.716],[16.422,-28.716],[17.063,-29.876]]]}},{"type":"Feature","properties":{"r":1},"geometry":{"type":"Polygon","coordinates":[[[15.211,-27.091],[15.602,-27.821],[16.345,-28.577],[16.422,-28.716],[15.0,-28.716],[15.0,-26.163],[15.211,-27.091]]]}},{"type":"Feature","properties":{"r":1},"geometry":{"type":"Polygon","coordinates":[[[15.414,40.048],[15.719,39.544],[16.109,38.964],[15.892,38.751],[15.688,38.215],[15.684,37.909],[16.101,37.986],[16.635,38.844],[17.053,38.903],[17.172,39.425],[16.449,39.795],[16.87,40.442],[17.739,40.278],[18.294,39.811],[18.48,40.169],[18.377,40.356],[17.519,40.877],[17.27,40.98],[19.35,40.98],[19.319,40.727],[19.406,40.251],[19.96,39.915],[19.98,39.695],[20.15,39.625],[20.218,39.34],[20.73,38.77],[21.12,38.31],[21.295,37.645],[21.67,36.845],[22.49,36.41],[23.154,36.422],[22.775,37.305],[23.41,37.41],[23.115,37.92],[24.04,37.655],[24.025,38.22],[23.53,38.51],[22.973,38.971],[23.35,39.19],[22.85,39.659],[22.626,40.257],[22.814,40.476],[23.343,39.961],[23.9,39.962],[24.408,40.125],[23.715,40.687],[24.926,40.947],[25.448,40.852],[26.057,40.824],[26.043,40.618],[26.358,40.152],[27.192,40.691],[27.591,40.98],[29.107,40.98],[28.82,40.46],[27.28,40.42],[26.171,39.464],[26.805,38.986],[26.318,38.208],[27.049,37.654],[27.641,36.659],[28.733,36.677],[29.7,36.144],[30.0,36.196],[30.0,35.152],[29.7,35.087],[27.533,35.586],[27.577,35.151],[27.417,34.77],[26.66,34.277],[24.686,33.848],[23.071,34.277],[22.339,34.826],[22.245,35.386],[20.626,36.223],[19.932,37.865],[18.962,38.976],[18.356,38.827],[18.062,38.262],[17.11,37.337],[16.533,37.027],[16.198,36.059],[15.465,35.612],[15.0,35.641],[15.0,36.669],[15.1,36.62],[15.31,37.134],[15.16,37.444],[15.52,38.231],[15.0,38.171],[15.0,40.173],[15.414,40.048]],[[25.313,37.55],[24.983,36.943],[24.401,36.665],[26.315,36.369],[25.313,37.55]],[[24.935,39.215],[24.661,39.121],[25.055,38.395],[25.229,38.78],[24.935,39.215]],[[26.165,35.005],[26.29,35.3],[25.745,35.18],[25.769,35.354],[25.025,35.425],[24.247,35.368],[23.7,35.705],[23.515,35.28],[24.735,35.085],[24.725,34.92],[26.165,35.005]]]}},{"type":"Feature","properties":{"r":1},"geometry":{"type":"Polygon","coordinates":[[[29.683,31.187],[28.914,30.87],[28.45,31.026],[27.458,31.321],[26.495,31.586],[25.165,31.569],[24.921,31.899],[23.927,32.017],[23.609,32.187],[23.237,32.192],[22.896,32.638],[21.543,32.843],[20.854,32.707],[20.134,32.238],[19.82,31.752],[20.053,30.986],[19.574,30.526],[19.086,30.266],[18.021,30.763],[16.612,31.182],[15.714,31.376],[15.246,32.265],[15.0,32.348],[15.0,33.505],[15.697,33.29],[16.134,33.064],[16.681,32.244],[18.788,31.559],[18.938,32.669],[19.184,32.986],[21.435,33.925],[28.869,32.045],[30.0,32.381],[30.0,31.407],[29.683,31.187]]]}},{"type":"Feature","properties":{"r":1},"geometry":{"type":"Polygon","coordinates":[[[16.785,41.18],[15.889,41.541],[16.17,41.74],[15.926,41.961],[15.143,41.955],[15.0,42.059],[15.0,44.665],[15.376,44.318],[15.174,44.243],[16.016,43.507],[16.93,43.21],[17.51,42.85],[18.45,42.48],[18.882,42.281],[19.162,41.955],[19.372,41.878],[19.54,41.72],[19.404,41.409],[19.35,40.98],[17.27,40.98],[16.785,41.18]]]}},{"type":"Feature","properties":{"r":1},"geometry":{"type":"Polygon","coordinates":[[[27.619,41.0],[28.807,41.055],[28.989,41.3],[28.115,41.623],[27.997,42.008],[27.674,42.578],[28.039,43.293],[28.558,43.708],[28.838,44.914],[29.142,44.82],[29.627,45.036],[29.603,45.293],[30.0,45.673],[30.0,44.174],[29.818,44.117],[29.097,42.662],[29.459,42.18],[30.0,42.143],[30.0,41.167],[29.24,41.22],[29.107,40.98],[27.591,40.98],[27.619,41.0]]]}},{"type":"Feature","properties":{"r":1},"geometry":{"type":"Polygon","coordinates":[[[15.88,56.104],[16.448,57.041],[16.829,58.72],[17.869,58.954],[18.532,59.771],[19.938,59.771],[19.071,58.697],[18.797,58.481],[17.974,58.239],[16.972,55.709],[16.186,55.393],[15.493,55.396],[15.061,54.911],[17.529,55.591],[19.405,55.275],[19.93,55.521],[19.793,56.739],[20.385,57.685],[20.854,57.987],[22.206,58.411],[22.088,59.335],[21.363,59.771],[28.587,59.771],[27.981,59.476],[26.949,59.446],[25.864,59.611],[24.604,59.466],[23.34,59.187],[23.427,58.613],[24.061,58.258],[24.429,58.383],[24.313,57.794],[24.121,57.026],[23.318,57.006],[22.524,57.753],[21.582,57.412],[21.091,56.784],[21.056,56.031],[21.268,55.19],[19.888,54.866],[19.661,54.426],[18.696,54.439],[18.621,54.683],[17.623,54.852],[16.364,54.513],[15.0,54.109],[15.0,56.174],[15.88,56.104]]]}},{"type":"Feature","properties":{"r":1},"geometry":{"type":"Polygon","coordinates":[[[18.788,60.082],[17.831,60.637],[17.12,61.341],[17.848,62.75],[19.779,63.61],[21.37,64.414],[21.213,65.026],[22.183,65.724],[23.903,66.007],[25.294,65.534],[25.398,65.112],[24.731,64.902],[22.443,63.818],[21.536,63.19],[21.059,62.607],[21.545,61.705],[21.322,60.72],[22.291,60.392],[22.87,59.846],[24.497,60.057],[26.255,60.424],[28.07,60.503],[29.118,60.028],[28.587,59.771],[21.363,59.771],[20.083,60.528],[20.227,61.662],[19.799,62.461],[19.888,62.873],[19.03,62.455],[18.515,61.455],[19.879,60.433],[20.082,60.141],[19.989,59.833],[19.938,59.771],[18.532,59.771],[18.788,60.082]],[[23.424,65.35],[23.084,65.293],[22.552,64.906],[22.629,64.606],[23.753,65.151],[23.424,65.35]]]}},{"type":"Feature","properties":{"r":1},"geometry":{"type":"Polygon","coordinates":[[[18.167,70.095],[18.819,70.244],[22.176,70.573],[23.837,71.381],[24.376,71.445],[28.479,71.588],[30.0,71.258],[30.0,70.76],[28.166,71.185],[26.37,70.986],[24.547,71.031],[23.024,70.202],[21.378,70.255],[19.184,69.818],[16.436,68.563],[15.0,67.92],[15.0,68.685],[18.167,70.095]]]}},{"type":"Feature","properties":{"r":1},"geometry":{"type":"Polygon","coordinates":[[[22.994,79.158],[22.658,79.171],[23.192,79.171],[22.994,79.158]]]}},{"type":"Feature","properties":{"r":1},"geometry":{"type":"Polygon","coordinates":[[[22.799,79.02],[22.834,78.925],[22.357,78.76],[21.256,78.587],[22.777,78.711],[23.667,78.661],[25.825,77.998],[26.009,77.813],[25.861,77.72],[23.336,77.228],[22.861,77.171],[22.322,77.162],[21.813,77.201],[19.682,77.511],[19.437,77.713],[19.981,77.956],[19.787,78.06],[18.385,76.742],[17.793,76.553],[17.308,76.513],[16.33,76.571],[15.0,76.805],[15.0,77.033],[15.913,76.77],[17.118,76.809],[17.594,77.638],[18.472,77.827],[19.027,78.563],[21.544,78.956],[20.617,79.171],[22.277,79.171],[22.799,79.02]],[[21.416,77.935],[20.726,77.677],[22.49,77.445],[24.724,77.854],[23.281,78.08],[22.884,78.455],[20.812,78.255],[21.416,77.935]]]}},{"type":"Feature","properties":{"r":1},"geometry":{"type":"Polygon","coordinates":[[[16.169,80.238],[16.171,80.404],[16.471,80.476],[16.918,80.522],[22.469,80.853],[23.343,80.855],[28.219,80.23],[28.684,80.099],[28.537,79.945],[28.244,79.883],[26.003,79.547],[27.408,80.056],[25.448,80.407],[22.919,80.657],[21.908,80.358],[20.456,80.598],[17.368,80.319],[18.462,79.86],[19.897,79.842],[20.075,79.567],[23.024,79.4],[25.772,79.512],[23.861,79.215],[23.192,79.171],[22.658,79.171],[22.537,79.176],[22.026,79.243],[22.277,79.171],[20.617,79.171],[18.252,79.702],[16.991,80.051],[15.523,80.016],[15.143,79.674],[15.0,79.673],[15.0,80.169],[16.169,80.238]]]}},{"type":"Feature","properties":{"r":1},"geometry":{"type":"Polygon","coordinates":[[[31.066,-69.309],[32.746,-68.262],[33.112,-68.112],[33.611,-68.031],[34.155,-68.033],[34.65,-68.118],[38.527,-69.175],[41.314,-68.185],[45.0,-67.388],[45.0,-68.023],[44.897,-68.052],[44.114,-68.267],[42.939,-68.463],[41.959,-68.601],[40.921,-68.934],[40.02,-69.11],[39.668,-69.541],[38.649,-69.776],[37.905,-69.521],[37.2,-69.169],[36.162,-69.247],[35.3,-69.012],[34.908,-68.659],[33.87,-68.503],[33.302,-68.836],[32.754,-69.384],[31.99,-69.659],[30.972,-69.757],[30.032,-69.933],[30.0,-69.943],[30.0,-69.489],[31.066,-69.309]]]}},{"type":"Feature","properties":{"r":1},"geometry":{"type":"Polygon","coordinates":[[[30.056,-31.14],[30.623,-30.424],[30.902,-29.91],[31.326,-29.402],[31.521,-29.257],[32.203,-28.752],[32.224,-28.716],[33.64,-28.716],[33.509,-28.977],[31.103,-31.797],[30.0,-32.781],[30.0,-31.191],[30.056,-31.14]]]}},{"type":"Feature","properties":{"r":1},"geometry":{"type":"Polygon","coordinates":[[[32.462,-28.301],[32.58,-27.47],[32.83,-26.742],[32.916,-26.216],[32.66,-26.148],[32.575,-25.727],[33.013,-25.357],[34.216,-24.816],[35.041,-24.478],[35.459,-24.123],[35.607,-23.706],[35.372,-23.535],[35.534,-23.071],[35.563,-22.09],[35.386,-22.14],[35.373,-21.841],[35.176,-21.254],[34.702,-20.497],[34.786,-19.784],[35.198,-19.553],[35.896,-18.842],[36.281,-18.66],[37.411,-17.586],[38.538,-17.101],[39.453,-16.721],[40.089,-16.101],[40.477,-15.406],[40.717,-14.832],[42.028,-14.832],[41.952,-15.226],[41.266,-16.631],[40.856,-17.107],[36.306,-20.254],[36.861,-22.147],[36.757,-24.178],[36.578,-24.725],[36.139,-25.13],[34.193,-26.206],[33.739,-28.518],[33.64,-28.716],[32.224,-28.716],[32.462,-28.301]]]}},{"type":"Feature","properties":{"r":1},"geometry":{"type":"Polygon","coordinates":[[[43.463,-26.04],[43.026,-25.723],[42.777,-25.269],[41.964,-21.911],[43.027,-19.855],[42.677,-17.589],[42.751,-16.961],[43.234,-15.765],[43.59,-15.275],[44.139,-15.0],[44.855,-14.832],[45.0,-14.832],[45.0,-16.159],[44.945,-16.179],[44.447,-16.216],[44.312,-16.85],[43.963,-17.41],[44.043,-18.331],[44.232,-18.962],[44.464,-19.435],[44.374,-20.072],[43.896,-20.83],[43.894,-21.163],[43.433,-21.336],[43.254,-22.057],[43.346,-22.777],[43.698,-23.574],[43.764,-24.461],[44.04,-24.988],[44.834,-25.346],[45.0,-25.42],[45.0,-26.625],[43.463,-26.04]]]}},{"type":"Feature","properties":{"r":1},"geometry":{"type":"Polygon","coordinates":[[[40.776,-14.692],[40.6,-14.202],[40.561,-12.639],[40.437,-11.762],[40.479,-10.765],[40.317,-10.317],[39.95,-10.098],[39.536,-9.112],[39.187,-8.485],[39.252,-8.008],[39.195,-7.704],[39.47,-7.1],[39.44,-6.84],[38.8,-6.476],[38.74,-5.909],[39.202,-4.677],[39.605,-4.346],[39.8,-3.681],[40.121,-3.278],[40.263,-2.573],[40.638,-2.5],[40.885,-2.083],[41.585,-1.683],[41.811,-1.446],[42.042,-0.919],[42.872,0.0],[44.998,0.0],[41.316,-3.372],[40.395,-5.196],[40.206,-5.7],[40.701,-6.527],[40.539,-8.243],[41.775,-10.671],[42.072,-14.599],[42.028,-14.832],[40.717,-14.832],[40.776,-14.692]]]}},{"type":"Feature","properties":{"r":1},"geometry":{"type":"Polygon","coordinates":[[[45.0,-14.797],[45.0,-14.832],[44.855,-14.832],[45.0,-14.797]]]}},{"type":"Feature","properties":{"r":1},"geometry":{"type":"Polygon","coordinates":[[[43.136,0.292],[44.068,1.053],[45.0,1.671],[45.0,0.002],[44.998,0.0],[42.872,0.0],[43.136,0.292]]]}},{"type":"Feature","properties":{"r":1},"geometry":{"type":"Polygon","coordinates":[[[44.614,10.442],[44.118,10.446],[43.667,10.864],[43.471,11.278],[43.145,11.462],[42.716,11.736],[43.286,11.975],[43.318,12.39],[43.081,12.7],[42.59,13.0],[42.277,13.344],[41.735,13.921],[41.179,14.491],[40.688,14.832],[42.872,14.832],[42.892,14.802],[43.088,14.063],[43.252,13.768],[43.223,13.221],[43.483,12.637],[44.175,12.586],[44.495,12.722],[44.99,12.7],[45.0,12.717],[45.0,10.547],[44.614,10.442]]]}},{"type":"Feature","properties":{"r":1},"geometry":{"type":"Polygon","coordinates":[[[39.814,15.436],[39.266,15.923],[38.991,16.841],[38.41,17.998],[37.863,18.368],[37.482,18.614],[37.115,19.808],[36.969,20.838],[37.189,21.019],[36.866,22.0],[36.691,22.205],[35.526,23.102],[35.494,23.752],[35.693,23.927],[34.795,25.034],[34.474,25.599],[34.105,26.142],[33.349,27.7],[32.735,28.705],[32.731,28.716],[32.989,28.716],[33.137,28.418],[33.588,27.972],[33.922,27.649],[34.154,27.823],[34.427,28.344],[34.532,28.716],[34.802,28.716],[34.788,28.607],[34.632,28.058],[35.13,28.063],[35.64,27.377],[36.249,26.57],[36.64,25.826],[36.932,25.603],[37.209,25.084],[37.155,24.859],[37.484,24.286],[38.024,24.079],[38.493,23.688],[39.066,22.58],[39.024,21.987],[39.14,21.292],[39.802,20.339],[40.248,20.175],[40.939,19.487],[41.222,18.672],[41.755,17.833],[42.271,17.475],[42.348,17.076],[42.65,16.775],[42.779,16.348],[42.824,15.912],[42.703,15.719],[42.805,15.262],[42.605,15.213],[42.872,14.832],[40.688,14.832],[39.814,15.436]],[[38.553,19.984],[38.672,19.327],[39.619,18.451],[40.363,16.654],[41.322,15.826],[41.338,16.382],[38.553,19.984]]]}},{"type":"Feature","properties":{"r":1},"geometry":{"type":"Polygon","coordinates":[[[38.348,40.949],[38.232,40.98],[38.583,40.98],[38.348,40.949]]]}},{"type":"Feature","properties":{"r":1},"geometry":{"type":"Polygon","coordinates":[[[30.391,36.263],[30.622,36.678],[31.7,36.644],[32.509,36.107],[34.027,36.22],[34.714,36.795],[35.551,36.565],[36.161,36.651],[35.782,36.275],[36.15,35.821],[35.905,35.41],[35.998,34.645],[35.98,34.61],[35.482,33.906],[35.126,33.091],[35.099,33.081],[34.956,32.828],[34.753,32.073],[34.488,31.606],[34.557,31.549],[34.266,31.219],[33.774,30.968],[32.994,31.024],[32.193,31.26],[31.961,30.934],[31.688,31.43],[30.977,31.556],[30.095,31.474],[30.0,31.407],[30.0,32.381],[30.932,32.656],[31.362,32.608],[32.377,32.05],[33.276,32.067],[33.462,32.204],[34.358,34.127],[33.416,33.557],[32.507,33.569],[31.087,34.638],[31.014,35.371],[30.0,35.152],[30.0,36.196],[30.391,36.263]],[[32.732,35.14],[32.257,35.103],[32.49,34.702],[32.98,34.572],[34.005,34.978],[33.974,35.059],[33.901,35.246],[34.576,35.672],[33.667,35.373],[32.947,35.387],[32.802,35.145],[32.732,35.14]]]}},{"type":"Feature","properties":{"r":1},"geometry":{"type":"Polygon","coordinates":[[[32.321,29.76],[32.423,29.851],[32.989,28.716],[32.731,28.716],[32.321,29.76]]]}},{"type":"Feature","properties":{"r":1},"geometry":{"type":"Polygon","coordinates":[[[34.642,29.099],[34.923,29.501],[34.956,29.357],[34.832,28.958],[34.802,28.716],[34.532,28.716],[34.642,29.099]]]}},{"type":"Feature","properties":{"r":1},"geometry":{"type":"Polygon","coordinates":[[[30.378,46.032],[30.749,46.583],[31.675,46.706],[31.744,46.333],[33.299,46.081],[33.588,45.852],[32.631,45.519],[32.454,45.328],[33.547,45.035],[33.326,44.565],[33.883,44.362],[35.24,44.94],[36.335,45.113],[36.53,45.47],[35.51,45.41],[35.021,45.651],[34.962,46.273],[35.824,46.646],[36.76,46.699],[37.425,47.022],[38.224,47.102],[39.121,47.263],[39.148,47.045],[37.674,46.637],[38.233,46.241],[37.403,45.404],[36.675,45.245],[37.539,44.657],[38.68,44.28],[39.955,43.435],[40.321,43.129],[40.875,43.014],[41.453,42.645],[41.703,41.963],[41.554,41.536],[40.373,41.014],[39.513,41.103],[38.583,40.98],[38.232,40.98],[36.913,41.336],[35.168,42.04],[33.513,42.019],[32.348,41.736],[31.146,41.088],[30.0,41.167],[30.0,42.143],[30.882,42.082],[32.908,42.868],[35.145,42.998],[35.709,42.912],[38.479,41.975],[40.004,42.251],[36.529,44.165],[34.398,43.502],[33.84,43.425],[33.29,43.529],[32.369,43.935],[32.052,44.451],[31.588,44.642],[31.184,45.176],[30.422,44.304],[30.0,44.174],[30.0,45.673],[30.378,46.032]]]}},{"type":"Feature","properties":{"r":1},"geometry":{"type":"Polygon","coordinates":[[[43.95,66.069],[43.016,66.419],[42.093,66.476],[39.763,65.497],[40.436,64.765],[39.594,64.521],[37.176,65.143],[36.518,64.78],[37.142,64.335],[37.013,63.85],[36.231,64.11],[34.944,64.414],[34.815,65.9],[33.453,66.513],[35.381,66.513],[38.383,66.0],[40.016,66.266],[40.535,66.513],[44.324,66.513],[43.95,66.069]],[[38.487,65.447],[38.474,65.476],[38.359,65.479],[38.487,65.447]],[[36.153,65.477],[36.495,65.605],[36.752,65.646],[36.132,65.723],[36.153,65.477]]]}},{"type":"Feature","properties":{"r":1},"geometry":{"type":"Polygon","coordinates":[[[32.047,70.805],[32.576,70.525],[32.511,70.319],[37.412,69.397],[41.957,67.815],[42.359,67.477],[42.41,66.962],[42.856,66.898],[42.405,67.303],[42.802,67.921],[42.154,68.556],[42.484,68.885],[42.876,68.992],[43.84,69.02],[45.0,68.89],[45.0,68.394],[43.453,68.571],[44.188,67.95],[43.698,67.352],[44.532,66.756],[44.324,66.513],[40.535,66.513],[41.126,66.792],[41.06,67.457],[40.292,67.932],[36.514,69.063],[33.776,69.302],[32.133,69.906],[31.101,69.558],[30.005,70.186],[31.294,70.454],[30.0,70.76],[30.0,71.258],[32.047,70.805]]]}},{"type":"Feature","properties":{"r":1},"geometry":{"type":"Polygon","coordinates":[[[33.185,66.633],[33.919,66.76],[35.381,66.513],[33.453,66.513],[33.185,66.633]]]}},{"type":"Feature","properties":{"r":1},"geometry":{"type":"Polygon","coordinates":[[[44.262,80.398],[43.62,80.519],[43.665,80.678],[44.37,80.785],[45.0,80.825],[45.0,80.604],[44.847,80.59],[45.0,80.588],[45.0,80.377],[44.262,80.398]]]}},{"type":"Feature","properties":{"r":1},"geometry":{"type":"Polygon","coordinates":[[[48.907,-66.513],[50.981,-66.513],[50.949,-66.523],[50.753,-66.876],[49.931,-67.111],[48.991,-67.092],[48.344,-67.366],[47.443,-67.719],[46.503,-67.601],[45.72,-67.817],[45.0,-68.023],[45.0,-67.388],[48.907,-66.513]]]}},{"type":"Feature","properties":{"r":1},"geometry":{"type":"Polygon","coordinates":[[[59.657,-66.915],[60.0,-67.003],[60.0,-67.43],[59.939,-67.405],[58.745,-67.288],[58.137,-67.013],[57.256,-66.68],[57.218,-66.513],[58.891,-66.513],[59.657,-66.915]]]}},{"type":"Feature","properties":{"r":1},"geometry":{"type":"Polygon","coordinates":[[[53.888,-65.352],[54.802,-65.292],[57.064,-65.527],[58.891,-66.513],[57.218,-66.513],[57.158,-66.249],[56.355,-65.975],[55.415,-65.877],[54.534,-65.818],[53.613,-65.896],[52.614,-66.053],[51.792,-66.249],[50.981,-66.513],[48.907,-66.513],[53.888,-65.352]]]}},{"type":"Feature","properties":{"r":1},"geometry":{"type":"Polygon","coordinates":[[[51.776,-15.2],[51.43,-16.406],[51.082,-16.893],[48.339,-25.285],[48.065,-25.724],[47.612,-26.019],[45.376,-26.768],[45.0,-26.625],[45.0,-25.42],[45.41,-25.601],[46.282,-25.178],[47.096,-24.942],[47.548,-23.782],[47.931,-22.392],[48.549,-20.497],[49.042,-19.119],[49.436,-17.953],[49.499,-17.106],[49.775,-16.875],[49.863,-16.451],[49.673,-15.71],[49.861,-15.414],[50.2,-16.0],[50.377,-15.706],[50.477,-15.227],[50.258,-14.832],[51.636,-14.832],[51.776,-15.2]]]}},{"type":"Feature","properties":{"r":1},"geometry":{"type":"Polygon","coordinates":[[[46.882,-15.21],[46.312,-15.78],[45.873,-15.793],[45.503,-15.974],[45.0,-16.159],[45.0,-14.832],[47.388,-14.832],[46.882,-15.21]]]}},{"type":"Feature","properties":{"r":1},"geometry":{"type":"Polygon","coordinates":[[[46.789,-12.96],[47.517,-12.471],[48.337,-11.084],[49.256,-10.768],[50.14,-11.167],[50.405,-11.577],[51.636,-14.832],[50.258,-14.832],[50.217,-14.759],[50.057,-13.556],[49.809,-12.895],[49.544,-12.47],[49.195,-12.041],[48.864,-12.488],[48.845,-13.089],[48.294,-13.784],[47.869,-13.664],[48.005,-14.091],[47.705,-14.594],[47.388,-14.832],[45.0,-14.832],[45.0,-14.797],[45.693,-14.634],[46.501,-13.944],[46.789,-12.96]]]}},{"type":"Feature","properties":{"r":1},"geometry":{"type":"Polygon","coordinates":[[[45.564,2.046],[46.565,2.855],[47.741,4.219],[48.594,5.339],[49.453,6.805],[50.071,8.082],[50.552,9.199],[50.834,10.28],[51.045,10.641],[51.042,11.166],[51.134,11.748],[51.111,12.025],[50.732,12.022],[50.259,11.68],[49.729,11.579],[49.268,11.43],[48.948,11.411],[48.379,11.375],[48.022,11.193],[47.526,11.127],[46.646,10.817],[45.557,10.698],[45.0,10.547],[45.0,12.717],[45.144,12.954],[45.406,13.027],[45.625,13.291],[45.878,13.348],[46.717,13.4],[47.354,13.592],[47.939,14.007],[48.239,13.948],[48.679,14.003],[49.575,14.709],[49.995,14.832],[53.185,14.832],[53.167,14.795],[52.724,14.462],[49.315,12.897],[51.278,13.283],[52.108,12.84],[52.41,11.965],[52.248,10.156],[50.655,6.314],[48.826,3.506],[45.0,0.002],[45.0,1.671],[45.564,2.046]]]}},{"type":"Feature","properties":{"r":1},"geometry":{"type":"Polygon","coordinates":[[[51.172,15.175],[52.168,15.597],[52.192,15.938],[52.385,16.383],[53.109,16.651],[53.57,16.708],[54.239,17.045],[54.791,16.951],[55.275,17.228],[55.27,17.632],[55.662,17.884],[56.284,17.876],[56.512,18.087],[56.61,18.574],[57.234,18.948],[57.695,18.945],[57.789,19.068],[57.666,19.736],[57.826,20.243],[58.034,20.482],[58.488,20.429],[58.861,21.114],[59.282,21.434],[59.442,21.714],[59.806,22.31],[59.808,22.534],[59.45,22.66],[59.18,22.992],[58.729,23.566],[58.137,23.748],[57.404,23.879],[56.845,24.242],[56.397,24.925],[56.261,25.715],[56.391,25.896],[56.486,26.309],[56.362,26.396],[56.071,26.055],[55.439,25.439],[54.693,24.798],[54.008,24.122],[53.404,24.151],[52.577,24.177],[51.794,24.02],[51.758,24.294],[51.58,24.245],[51.39,24.627],[51.607,25.216],[51.589,25.801],[51.286,26.115],[51.013,26.007],[50.744,25.482],[50.81,24.755],[50.661,25.0],[50.528,25.328],[50.24,25.608],[50.113,25.944],[50.213,26.277],[50.153,26.69],[49.471,27.11],[49.3,27.461],[48.808,27.69],[48.416,28.552],[48.346,28.716],[50.923,28.716],[51.521,27.866],[52.484,27.581],[53.493,26.812],[54.715,26.481],[55.724,26.965],[56.492,27.143],[56.971,26.966],[57.397,25.74],[58.526,25.61],[59.616,25.38],[60.0,25.319],[60.0,24.123],[59.891,24.139],[60.0,24.013],[60.0,20.424],[59.577,19.762],[59.041,19.343],[58.786,18.276],[58.338,17.873],[56.495,16.87],[56.137,16.297],[53.456,15.39],[53.185,14.832],[49.995,14.832],[51.172,15.175]],[[52.81,25.25],[53.418,25.277],[53.755,25.602],[52.844,26.002],[52.81,25.25]]]}},{"type":"Feature","properties":{"r":1},"geometry":{"type":"Polygon","coordinates":[[[48.094,29.306],[48.183,29.534],[47.974,29.976],[48.568,29.927],[48.941,30.317],[49.577,29.986],[50.115,30.148],[50.853,28.815],[50.923,28.716],[48.346,28.716],[48.094,29.306]]]}},{"type":"Feature","properties":{"r":1},"geometry":{"type":"Polygon","coordinates":[[[54.737,40.951],[53.858,40.631],[52.915,40.877],[52.694,40.034],[53.358,39.975],[53.101,39.291],[53.881,38.952],[53.735,37.906],[53.922,37.199],[53.826,36.965],[52.264,36.7],[50.842,36.873],[50.148,37.375],[49.2,37.583],[48.883,38.32],[48.857,38.815],[49.223,39.049],[49.395,39.399],[49.569,40.176],[50.393,40.257],[50.085,40.526],[49.619,40.573],[49.328,40.98],[51.229,40.98],[51.537,40.678],[51.491,40.98],[54.702,40.98],[54.737,40.951]],[[50.489,39.259],[50.212,38.726],[50.343,38.26],[51.149,37.916],[52.553,37.959],[52.564,38.364],[52.038,38.709],[51.833,39.313],[51.481,39.722],[51.073,39.406],[50.489,39.259]]]}},{"type":"Feature","properties":{"r":1},"geometry":{"type":"Polygon","coordinates":[[[46.682,44.609],[47.676,45.641],[48.646,45.806],[49.101,46.399],[50.034,46.609],[51.192,47.049],[52.042,46.805],[53.043,46.853],[53.221,46.235],[53.041,45.259],[52.167,45.409],[51.317,45.246],[51.278,44.515],[50.306,44.61],[50.339,44.284],[50.891,44.031],[51.343,43.133],[52.502,42.792],[52.692,42.444],[52.446,42.027],[52.502,41.783],[52.815,41.136],[52.917,41.868],[53.722,42.123],[54.008,41.551],[54.702,40.98],[51.491,40.98],[51.319,42.109],[50.464,42.43],[50.183,42.703],[49.013,44.512],[49.247,45.145],[50.093,45.507],[50.297,45.786],[49.87,45.65],[48.349,44.516],[48.851,43.891],[48.841,43.273],[51.229,40.98],[49.328,40.98],[49.11,41.282],[48.584,41.809],[47.492,42.987],[47.591,43.66],[46.682,44.609]]]}},{"type":"Feature","properties":{"r":1},"geometry":{"type":"Polygon","coordinates":[[[46.637,68.705],[47.14,68.599],[48.052,67.825],[52.914,69.223],[53.404,69.308],[53.949,69.314],[55.167,69.202],[55.656,68.981],[58.859,69.339],[58.743,69.585],[58.89,69.737],[59.797,70.212],[60.0,70.24],[60.0,68.313],[59.942,68.278],[58.802,68.881],[57.317,68.466],[55.443,68.439],[54.726,68.097],[53.486,68.201],[54.472,68.808],[53.718,68.857],[50.228,67.999],[48.139,67.523],[47.894,66.885],[46.349,66.668],[45.562,67.01],[45.555,67.567],[46.821,67.69],[46.25,68.25],[45.0,68.394],[45.0,68.89],[46.637,68.705]]]}},{"type":"Feature","properties":{"r":1},"geometry":{"type":"Polygon","coordinates":[[[51.602,71.475],[53.412,71.207],[53.677,70.763],[56.945,70.633],[57.536,70.72],[55.623,71.541],[55.555,71.82],[56.859,71.82],[56.89,71.691],[58.788,70.835],[58.689,70.522],[57.972,70.312],[53.634,70.33],[53.075,70.379],[52.635,70.505],[52.263,70.914],[51.056,71.096],[50.423,71.3],[50.284,71.82],[51.509,71.82],[51.602,71.475]]]}},{"type":"Feature","properties":{"r":1},"geometry":{"type":"Polygon","coordinates":[[[52.261,73.852],[54.534,74.717],[54.403,75.19],[54.745,75.324],[57.197,75.883],[57.714,75.959],[59.649,75.959],[57.869,75.609],[55.632,75.081],[55.902,74.627],[53.508,73.75],[54.428,73.628],[52.444,72.775],[52.478,72.229],[51.456,72.015],[51.509,71.82],[50.284,71.82],[50.202,72.121],[50.397,72.246],[51.165,72.435],[51.197,72.883],[52.561,73.501],[52.211,73.725],[52.261,73.852]]]}},{"type":"Feature","properties":{"r":1},"geometry":{"type":"Polygon","coordinates":[[[55.419,72.371],[56.987,73.333],[58.477,74.309],[60.0,74.783],[60.0,74.199],[59.543,74.092],[56.741,72.301],[56.859,71.82],[55.555,71.82],[55.419,72.371]]]}},{"type":"Feature","properties":{"r":1},"geometry":{"type":"Polygon","coordinates":[[[60.0,76.291],[60.0,76.027],[59.649,75.959],[57.714,75.959],[60.0,76.291]]]}},{"type":"Feature","properties":{"r":1},"geometry":{"type":"Polygon","coordinates":[[[52.463,80.553],[48.526,79.853],[48.067,79.799],[47.522,79.782],[46.988,79.808],[46.563,79.87],[45.479,80.111],[45.225,80.207],[45.36,80.367],[45.0,80.377],[45.0,80.588],[47.072,80.559],[46.503,80.247],[47.586,80.01],[48.755,80.175],[48.894,80.34],[49.794,80.415],[51.136,80.547],[51.523,80.7],[50.04,80.919],[49.097,80.754],[48.523,80.515],[48.318,80.784],[46.799,80.772],[45.0,80.604],[45.0,80.825],[49.563,81.108],[50.513,81.108],[52.406,80.853],[52.822,80.706],[52.463,80.553]]]}},{"type":"Feature","properties":{"r":1},"geometry":{"type":"Polygon","coordinates":[[[71.025,-72.088],[69.869,-72.265],[68.714,-72.167],[67.95,-71.853],[67.989,-71.82],[71.402,-71.82],[71.025,-72.088]]]}},{"type":"Feature","properties":{"r":1},"geometry":{"type":"Polygon","coordinates":[[[61.484,-67.378],[63.425,-66.964],[64.412,-66.92],[69.25,-67.46],[69.981,-67.667],[70.968,-69.27],[70.74,-69.864],[69.635,-70.295],[70.224,-70.481],[70.361,-70.64],[69.469,-71.689],[69.979,-71.8],[72.665,-69.701],[72.989,-69.541],[73.476,-69.443],[75.0,-69.275],[75.0,-69.759],[74.492,-69.776],[73.865,-69.874],[73.336,-70.364],[73.081,-70.717],[72.455,-71.011],[71.906,-71.324],[71.573,-71.696],[71.402,-71.82],[67.989,-71.82],[68.42,-71.442],[68.929,-71.069],[69.066,-70.678],[67.95,-70.697],[67.813,-70.305],[68.596,-69.933],[69.556,-69.678],[69.673,-69.228],[69.713,-68.973],[68.89,-67.934],[67.891,-67.934],[66.912,-67.856],[65.972,-67.738],[64.992,-67.621],[64.052,-67.405],[63.19,-67.817],[62.387,-68.013],[61.428,-67.954],[60.605,-67.68],[60.0,-67.43],[60.0,-67.003],[61.484,-67.378]]]}},{"type":"Feature","properties":{"r":1},"geometry":{"type":"Polygon","coordinates":[[[71.86,-49.277],[71.226,-50.283],[70.365,-50.542],[68.83,-50.606],[68.274,-50.551],[67.807,-50.353],[67.514,-50.045],[67.453,-49.685],[67.643,-48.533],[68.133,-47.944],[69.109,-47.766],[71.221,-48.519],[71.79,-48.98],[71.86,-49.277]],[[68.935,-48.625],[68.868,-48.83],[68.72,-49.242],[68.745,-49.775],[70.28,-49.71],[70.56,-49.255],[70.525,-49.065],[69.58,-48.94],[68.935,-48.625]]]}},{"type":"Feature","properties":{"r":1},"geometry":{"type":"Polygon","coordinates":[[[74.444,14.617],[74.617,13.993],[74.865,12.742],[75.0,12.498],[75.0,9.328],[72.63,14.832],[74.302,14.832],[74.444,14.617]]]}},{"type":"Feature","properties":{"r":1},"geometry":{"type":"Polygon","coordinates":[[[61.498,25.078],[62.906,25.219],[64.531,25.237],[66.373,25.425],[67.146,24.664],[67.444,23.945],[68.177,23.692],[69.35,22.843],[69.645,22.451],[69.164,22.089],[70.471,20.877],[71.175,20.758],[72.631,21.356],[72.825,20.419],[72.821,19.208],[73.12,17.929],[73.534,15.991],[74.302,14.832],[72.63,14.832],[72.336,15.505],[71.568,19.869],[70.333,19.665],[69.553,20.015],[68.246,21.234],[67.951,21.655],[67.9,22.268],[66.751,22.936],[65.709,24.194],[61.599,23.899],[60.0,24.123],[60.0,25.319],[61.498,25.078]]]}},{"type":"Feature","properties":{"r":1},"geometry":{"type":"Polygon","coordinates":[[[60.826,23.054],[61.065,22.611],[61.089,22.116],[60.0,20.424],[60.0,24.013],[60.826,23.054]]]}},{"type":"Feature","properties":{"r":1},"geometry":{"type":"Polygon","coordinates":[[[72.423,66.173],[71.28,66.32],[71.54,66.513],[72.799,66.513],[72.423,66.173]]]}},{"type":"Feature","properties":{"r":1},"geometry":{"type":"Polygon","coordinates":[[[60.336,70.287],[60.918,70.275],[63.872,69.979],[65.662,69.524],[65.933,69.944],[65.408,71.09],[66.555,71.82],[68.301,71.82],[66.695,71.029],[66.725,70.709],[67.26,69.929],[66.93,69.455],[68.135,69.357],[68.164,69.144],[69.181,68.616],[68.512,68.092],[64.888,69.235],[63.504,69.547],[60.55,69.85],[60.03,69.52],[61.078,68.941],[60.0,68.313],[60.0,70.24],[60.336,70.287]]]}},{"type":"Feature","properties":{"r":1},"geometry":{"type":"Polygon","coordinates":[[[73.101,71.447],[74.4,70.632],[73.602,69.628],[73.842,69.071],[74.936,68.989],[74.469,68.329],[75.0,67.812],[75.0,67.732],[74.187,67.284],[73.921,66.789],[72.821,66.533],[72.799,66.513],[71.54,66.513],[73.239,67.74],[73.668,68.408],[72.565,69.021],[72.792,70.391],[72.47,71.09],[71.848,71.409],[72.323,71.82],[74.082,71.82],[73.101,71.447]]]}},{"type":"Feature","properties":{"r":1},"geometry":{"type":"Polygon","coordinates":[[[69.054,73.315],[69.444,73.387],[70.358,73.396],[73.005,73.137],[73.556,73.021],[74.031,73.165],[75.0,73.198],[75.0,72.848],[74.659,72.832],[74.891,72.121],[74.082,71.82],[72.323,71.82],[72.796,72.22],[72.588,72.776],[69.94,73.04],[69.196,72.844],[68.54,71.935],[68.301,71.82],[66.555,71.82],[69.054,73.315]]]}},{"type":"Feature","properties":{"r":1},"geometry":{"type":"Polygon","coordinates":[[[61.584,75.261],[64.637,75.738],[66.206,75.959],[67.977,75.959],[60.0,74.199],[60.0,74.783],[61.584,75.261]]]}},{"type":"Feature","properties":{"r":1},"geometry":{"type":"Polygon","coordinates":[[[65.539,77.061],[66.125,77.103],[66.73,77.079],[68.086,76.935],[66.211,76.81],[64.498,76.439],[61.17,76.252],[60.0,76.027],[60.0,76.291],[65.539,77.061]]]}},{"type":"Feature","properties":{"r":1},"geometry":{"type":"Polygon","coordinates":[[[68.181,76.234],[68.852,76.545],[68.184,76.924],[69.798,76.751],[70.073,76.649],[70.15,76.529],[70.019,76.411],[69.699,76.313],[67.977,75.959],[66.206,75.959],[68.181,76.234]]]}},{"type":"Feature","properties":{"r":1},"geometry":{"type":"Polygon","coordinates":[[[76.708,-69.084],[77.935,-68.123],[78.298,-67.949],[82.321,-66.733],[85.947,-66.652],[86.129,-66.513],[87.756,-66.513],[87.477,-66.876],[86.752,-67.15],[85.656,-67.092],[84.676,-67.209],[83.775,-67.307],[82.776,-67.209],[82.052,-67.366],[81.484,-67.542],[80.935,-67.876],[80.093,-68.072],[79.114,-68.326],[78.428,-68.698],[78.135,-69.071],[77.645,-69.463],[76.626,-69.619],[75.628,-69.737],[75.0,-69.759],[75.0,-69.275],[76.708,-69.084]]]}},{"type":"Feature","properties":{"r":1},"geometry":{"type":"Polygon","coordinates":[[[89.671,-67.15],[88.828,-66.955],[88.387,-66.513],[90.0,-66.513],[90.0,-67.177],[89.671,-67.15]]]}},{"type":"Feature","properties":{"r":1},"geometry":{"type":"Polygon","coordinates":[[[86.833,-65.967],[87.166,-65.8],[87.635,-65.7],[88.162,-65.685],[88.66,-65.757],[90.0,-66.465],[90.0,-66.513],[88.387,-66.513],[88.358,-66.484],[87.986,-66.21],[87.756,-66.513],[86.129,-66.513],[86.833,-65.967]]]}},{"type":"Feature","properties":{"r":1},"geometry":{"type":"Polygon","coordinates":[[[75.396,11.781],[75.747,11.308],[76.13,10.3],[76.593,8.899],[77.54,7.966],[77.941,8.253],[78.278,8.933],[79.19,9.217],[78.885,9.546],[79.341,10.309],[79.858,10.357],[79.862,12.056],[80.286,13.006],[80.233,13.836],[80.074,14.832],[81.538,14.832],[81.182,10.588],[82.851,8.265],[83.075,7.34],[82.924,6.298],[82.504,5.518],[80.832,4.767],[80.301,4.675],[79.779,4.805],[79.354,5.135],[78.641,7.179],[77.918,6.732],[77.005,6.791],[75.395,8.401],[75.0,9.328],[75.0,12.498],[75.396,11.781]],[[80.839,9.268],[80.148,9.824],[79.695,8.201],[79.872,6.763],[80.348,5.968],[81.218,6.197],[81.637,6.482],[81.788,7.523],[81.304,8.564],[80.839,9.268]]]}},{"type":"Feature","properties":{"r":1},"geometry":{"type":"Polygon","coordinates":[[[80.025,15.136],[80.325,15.899],[80.792,15.952],[81.693,16.31],[82.191,16.557],[82.193,17.017],[83.189,17.671],[83.941,18.302],[85.06,19.479],[86.499,20.152],[87.033,20.743],[86.976,21.495],[88.208,21.703],[88.889,21.691],[89.032,22.056],[89.419,21.966],[89.702,21.857],[89.847,22.039],[90.0,21.967],[90.0,20.652],[89.097,20.812],[87.995,20.51],[87.481,19.35],[85.85,18.477],[83.142,15.704],[81.553,14.999],[81.538,14.832],[80.074,14.832],[80.025,15.136]]]}},{"type":"Feature","properties":{"r":1},"geometry":{"type":"Polygon","coordinates":[[[81.5,71.75],[81.278,71.82],[81.427,71.82],[81.5,71.75]]]}},{"type":"Feature","properties":{"r":1},"geometry":{"type":"Polygon","coordinates":[[[76.359,71.153],[75.289,71.336],[75.484,71.82],[75.938,71.82],[76.359,71.153]]]}},{"type":"Feature","properties":{"r":1},"geometry":{"type":"Polygon","coordinates":[[[75.052,67.76],[75.0,67.732],[75.0,67.812],[75.052,67.76]]]}},{"type":"Feature","properties":{"r":1},"geometry":{"type":"Polygon","coordinates":[[[75.008,73.198],[75.785,73.023],[76.693,72.558],[77.644,72.658],[79.374,72.463],[79.212,73.638],[79.509,73.88],[80.301,74.006],[84.981,74.216],[84.71,74.465],[84.83,74.605],[85.987,75.256],[86.485,75.398],[90.0,75.934],[90.0,75.575],[88.316,75.144],[87.167,75.117],[86.01,74.46],[86.822,73.937],[84.655,73.806],[82.25,73.85],[80.511,73.648],[80.611,72.583],[81.427,71.82],[81.278,71.82],[79.652,72.32],[77.577,72.267],[75.903,71.874],[75.938,71.82],[75.484,71.82],[75.683,72.3],[75.158,72.855],[75.0,72.848],[75.0,73.198],[75.008,73.198]]]}},{"type":"Feature","properties":{"r":1},"geometry":{"type":"Polygon","coordinates":[[[89.886,80.322],[90.0,80.383],[90.0,80.257],[89.886,80.322]]]}},{"type":"Feature","properties":{"r":1},"geometry":{"type":"Polygon","coordinates":[[[90.389,-66.666],[95.787,-66.878],[99.02,-66.763],[99.486,-66.513],[101.066,-66.513],[100.893,-66.582],[100.384,-66.915],[99.718,-67.248],[98.68,-67.111],[97.76,-67.248],[96.682,-67.248],[95.781,-67.386],[95.018,-67.17],[94.175,-67.111],[93.549,-67.209],[92.609,-67.19],[91.59,-67.111],[90.63,-67.229],[90.0,-67.177],[90.0,-66.513],[90.094,-66.513],[90.389,-66.666]]]}},{"type":"Feature","properties":{"r":1},"geometry":{"type":"Polygon","coordinates":[[[90.094,-66.513],[90.0,-66.513],[90.0,-66.465],[90.094,-66.513]]]}},{"type":"Feature","properties":{"r":1},"geometry":{"type":"Polygon","coordinates":[[[101.787,-65.242],[102.207,-65.088],[102.741,-65.021],[103.293,-65.055],[103.759,-65.184],[105.0,-65.708],[105.0,-66.372],[104.908,-66.328],[104.243,-65.975],[103.479,-65.7],[102.832,-65.563],[101.579,-66.308],[101.066,-66.513],[99.486,-66.513],[101.787,-65.242]]]}},{"type":"Feature","properties":{"r":1},"geometry":{"type":"Polygon","coordinates":[[[104.973,-8.08],[104.231,-7.482],[104.079,-6.982],[101.499,-4.933],[98.246,0.0],[99.457,0.0],[100.142,-0.65],[100.902,-2.05],[101.399,-2.8],[102.156,-3.614],[102.584,-4.22],[103.868,-5.037],[104.71,-5.873],[105.0,-5.868],[105.0,-8.089],[104.973,-8.08]]]}},{"type":"Feature","properties":{"r":1},"geometry":{"type":"Polygon","coordinates":[[[104.888,-2.34],[104.539,-1.782],[104.37,-1.085],[104.011,-1.059],[103.438,-0.712],[103.787,0.0],[105.0,0.0],[105.0,-2.354],[104.888,-2.34]]]}},{"type":"Feature","properties":{"r":1},"geometry":{"type":"Polygon","coordinates":[[[98.104,13.64],[98.51,13.122],[98.428,12.033],[98.765,11.441],[98.457,10.675],[98.554,9.933],[98.259,8.974],[98.15,8.35],[98.34,7.794],[98.504,8.382],[98.988,7.908],[99.52,7.344],[99.691,6.848],[100.086,6.464],[100.306,6.041],[100.197,5.312],[100.558,4.767],[100.696,3.939],[101.274,3.27],[101.391,2.761],[102.574,1.967],[103.52,1.226],[104.229,1.293],[104.248,1.631],[103.855,2.516],[103.502,2.791],[103.43,3.383],[103.332,3.727],[103.439,4.182],[103.381,4.855],[102.962,5.524],[102.371,6.128],[102.141,6.222],[101.623,6.741],[101.017,6.857],[100.459,7.43],[100.28,8.295],[99.874,9.208],[99.222,9.239],[99.154,9.963],[99.479,10.846],[100.019,12.307],[100.098,13.407],[100.979,13.413],[100.832,12.627],[101.687,12.646],[102.585,12.187],[103.091,11.154],[103.497,10.633],[104.334,10.487],[105.0,9.977],[105.0,9.735],[104.795,9.241],[105.0,8.88],[105.0,7.403],[104.621,7.428],[104.237,7.692],[103.973,8.072],[103.826,9.074],[102.621,9.688],[101.731,11.087],[100.976,11.278],[100.737,10.138],[101.11,9.605],[101.57,8.209],[103.752,6.551],[104.207,5.895],[105.0,3.251],[105.0,0.0],[103.787,0.0],[103.838,0.105],[103.077,0.561],[102.498,1.399],[101.658,2.084],[100.641,2.099],[99.694,3.174],[99.143,3.59],[98.369,4.268],[97.485,5.246],[95.937,5.44],[95.293,5.48],[95.381,4.971],[96.424,3.869],[97.177,3.309],[97.7,2.453],[98.601,1.824],[98.97,1.043],[99.264,0.183],[99.457,0.0],[98.246,0.0],[97.57,1.026],[94.064,5.057],[94.135,6.067],[94.915,6.716],[98.045,6.413],[99.037,5.531],[98.355,6.527],[97.643,6.706],[97.083,7.465],[97.444,11.337],[96.43,14.832],[97.779,14.832],[98.104,13.64]]]}},{"type":"Feature","properties":{"r":1},"geometry":{"type":"Polygon","coordinates":[[[95.587,14.477],[95.013,14.508],[94.095,14.832],[96.296,14.832],[95.587,14.477]]]}},{"type":"Feature","properties":{"r":1},"geometry":{"type":"Polygon","coordinates":[[[90.273,21.836],[90.587,22.393],[90.496,22.805],[91.417,22.765],[91.835,22.183],[92.025,21.702],[92.083,21.192],[92.369,20.671],[93.078,19.855],[93.663,19.727],[93.541,19.367],[94.325,18.213],[94.534,17.277],[94.189,16.038],[94.808,15.804],[95.369,15.714],[96.506,16.427],[97.165,16.929],[97.597,16.101],[97.778,14.837],[97.779,14.832],[96.43,14.832],[96.413,14.89],[96.296,14.832],[94.095,14.832],[93.323,15.104],[92.987,15.561],[92.891,16.113],[93.009,18.004],[92.594,18.958],[91.571,19.707],[90.902,20.793],[90.03,20.646],[90.0,20.652],[90.0,21.967],[90.273,21.836]]]}},{"type":"Feature","properties":{"r":1},"geometry":{"type":"Polygon","coordinates":[[[90.167,75.959],[93.127,75.959],[92.901,75.773],[90.26,75.64],[90.0,75.575],[90.0,75.934],[90.167,75.959]]]}},{"type":"Feature","properties":{"r":1},"geometry":{"type":"Polygon","coordinates":[[[96.678,75.916],[96.52,75.959],[96.86,75.959],[96.678,75.916]]]}},{"type":"Feature","properties":{"r":1},"geometry":{"type":"Polygon","coordinates":[[[92.552,76.312],[99.756,76.689],[100.755,77.376],[101.177,77.509],[103.702,77.931],[99.848,77.66],[98.9,77.671],[98.505,77.73],[98.138,77.915],[98.217,78.014],[99.355,78.643],[94.752,78.799],[94.207,78.843],[93.82,78.93],[93.156,79.171],[94.429,79.171],[94.973,79.045],[97.758,78.756],[99.94,78.881],[100.017,79.171],[101.173,79.171],[99.438,77.921],[105.0,78.302],[105.0,78.021],[104.214,77.966],[104.822,77.953],[105.0,77.931],[105.0,77.576],[104.352,77.698],[101.991,77.287],[101.035,76.862],[100.76,76.43],[98.922,76.447],[96.86,75.959],[96.52,75.959],[95.86,76.14],[93.234,76.047],[93.127,75.959],[90.167,75.959],[92.552,76.312]]]}},{"type":"Feature","properties":{"r":1},"geometry":{"type":"Polygon","coordinates":[[[105.0,79.141],[105.0,78.799],[103.339,79.171],[104.841,79.171],[105.0,79.141]]]}},{"type":"Feature","properties":{"r":1},"geometry":{"type":"Polygon","coordinates":[[[104.705,77.128],[105.0,77.181],[105.0,77.108],[104.705,77.128]]]}},{"type":"Feature","properties":{"r":1},"geometry":{"type":"Polygon","coordinates":[[[90.029,80.24],[90.0,80.257],[90.0,80.383],[90.184,80.48],[95.348,81.425],[96.358,81.436],[97.115,81.335],[101.361,79.879],[101.422,79.546],[102.069,79.584],[103.011,79.514],[104.841,79.171],[103.339,79.171],[102.838,79.281],[102.086,79.346],[101.265,79.234],[101.173,79.171],[100.017,79.171],[100.187,79.78],[97.884,80.747],[95.941,81.25],[93.778,81.025],[91.181,80.341],[92.545,80.144],[93.313,79.426],[94.429,79.171],[93.156,79.171],[90.029,80.24]]]}},{"type":"Feature","properties":{"r":1},"geometry":{"type":"Polygon","coordinates":[[[119.689,-66.711],[120.0,-66.642],[120.0,-67.255],[119.833,-67.268],[118.579,-67.17],[117.385,-66.915],[116.699,-66.661],[115.602,-66.7],[115.182,-66.513],[118.236,-66.513],[119.689,-66.711]]]}},{"type":"Feature","properties":{"r":1},"geometry":{"type":"Polygon","coordinates":[[[110.236,-66.7],[109.159,-66.837],[108.081,-66.955],[107.161,-66.955],[106.182,-66.935],[105.294,-66.513],[110.796,-66.513],[110.236,-66.7]]]}},{"type":"Feature","properties":{"r":1},"geometry":{"type":"Polygon","coordinates":[[[106.646,-66.387],[109.786,-66.201],[112.93,-65.419],[113.477,-65.343],[114.05,-65.373],[114.535,-65.503],[116.317,-66.249],[118.236,-66.513],[115.182,-66.513],[114.897,-66.386],[114.388,-66.073],[113.605,-65.877],[112.86,-66.092],[111.744,-66.132],[111.058,-66.426],[110.796,-66.513],[105.294,-66.513],[105.0,-66.372],[105.0,-65.708],[106.646,-66.387]]]}},{"type":"Feature","properties":{"r":1},"geometry":{"type":"Polygon","coordinates":[[[118.776,-35.929],[117.98,-36.121],[116.58,-36.082],[115.932,-35.921],[114.334,-35.101],[113.931,-34.773],[113.737,-34.332],[114.429,-32.219],[113.054,-28.716],[114.634,-28.716],[114.642,-28.81],[115.04,-29.461],[114.997,-30.031],[115.161,-30.602],[115.69,-31.612],[115.802,-32.205],[115.679,-32.9],[115.715,-33.26],[115.545,-33.487],[115.049,-33.623],[115.027,-34.197],[115.564,-34.386],[116.625,-35.025],[117.296,-35.025],[118.025,-35.065],[118.506,-34.747],[119.007,-34.464],[119.299,-34.509],[119.894,-33.976],[120.0,-33.969],[120.0,-35.225],[118.776,-35.929]]]}},{"type":"Feature","properties":{"r":1},"geometry":{"type":"Polygon","coordinates":[[[112.041,-26.055],[112.298,-25.079],[112.111,-24.192],[112.454,-22.28],[113.002,-21.188],[113.704,-20.617],[114.672,-20.654],[116.382,-19.521],[120.0,-18.626],[120.0,-19.922],[119.805,-19.977],[119.252,-19.953],[118.988,-20.044],[118.836,-20.263],[118.23,-20.374],[117.442,-20.747],[117.166,-20.624],[116.712,-20.702],[115.947,-21.069],[115.46,-21.495],[114.648,-21.83],[114.225,-22.517],[114.15,-21.756],[113.737,-22.475],[113.843,-23.06],[113.707,-23.56],[113.502,-23.806],[113.394,-24.385],[113.625,-24.684],[113.721,-24.999],[114.216,-25.786],[114.233,-26.298],[113.937,-25.911],[113.441,-25.621],[113.778,-26.549],[113.339,-26.117],[113.478,-26.543],[114.049,-27.335],[114.174,-28.118],[114.616,-28.516],[114.634,-28.716],[113.054,-28.716],[112.041,-26.055]]]}},{"type":"Feature","properties":{"r":1},"geometry":{"type":"Polygon","coordinates":[[[105.109,-0.046],[105.572,-0.589],[105.924,-1.443],[106.771,-1.944],[107.359,-2.707],[107.249,-4.658],[107.941,-4.85],[109.019,-5.504],[109.859,-5.548],[110.769,-5.172],[111.23,-5.26],[116.625,-7.464],[117.514,-6.865],[118.484,-6.944],[119.558,-7.48],[120.0,-7.262],[120.0,-8.424],[119.921,-8.445],[119.924,-8.81],[120.0,-8.817],[120.0,-9.419],[119.9,-9.361],[118.968,-9.558],[120.0,-10.103],[120.0,-11.471],[118.354,-10.686],[117.857,-10.174],[116.44,-10.28],[115.659,-9.741],[114.361,-10.019],[108.074,-9.037],[105.0,-8.089],[105.0,-5.868],[105.818,-5.852],[105.857,-4.306],[106.109,-3.062],[105.622,-2.429],[105.0,-2.354],[105.0,0.0],[105.107,0.0],[105.109,-0.046]],[[117.278,-9.041],[117.97,-8.907],[119.127,-8.706],[118.878,-8.281],[118.261,-8.362],[117.9,-8.096],[117.632,-8.449],[117.084,-8.457],[116.74,-9.033],[117.278,-9.041]],[[106.052,-5.896],[105.365,-6.851],[106.281,-6.925],[106.454,-7.355],[108.278,-7.767],[108.694,-7.642],[109.428,-7.741],[110.586,-8.123],[111.522,-8.302],[112.56,-8.376],[113.465,-8.349],[114.565,-8.752],[115.706,-8.371],[114.479,-7.777],[112.979,-7.594],[112.615,-6.946],[110.76,-6.465],[110.539,-6.877],[108.623,-6.778],[108.487,-6.422],[108.072,-6.346],[107.265,-5.955],[106.052,-5.896]]]}},{"type":"Feature","properties":{"r":1},"geometry":{"type":"Polygon","coordinates":[[[118.727,-6.505],[118.127,-5.769],[118.159,-4.014],[117.579,-3.317],[117.269,-4.669],[116.532,-5.251],[116.057,-5.305],[115.636,-5.196],[114.752,-5.398],[113.074,-4.529],[111.922,-4.767],[111.423,-4.604],[111.038,-4.266],[109.724,-4.132],[109.063,-3.519],[108.809,-1.998],[107.817,-0.217],[107.755,0.0],[109.019,0.0],[109.092,-0.46],[109.572,-1.315],[110.071,-1.593],[110.224,-2.934],[111.048,-3.049],[111.703,-2.994],[112.068,-3.478],[113.257,-3.119],[113.756,-3.439],[114.469,-3.496],[114.865,-4.107],[116.001,-3.657],[116.148,-4.013],[116.534,-2.484],[116.56,-1.488],[117.522,-0.804],[117.483,0.0],[119.775,0.0],[119.323,-1.353],[119.181,-2.147],[118.768,-2.802],[119.078,-3.487],[119.499,-3.494],[119.654,-4.459],[119.367,-5.38],[119.797,-5.673],[120.0,-5.627],[120.0,-6.758],[118.727,-6.505]]]}},{"type":"Feature","properties":{"r":1},"geometry":{"type":"Polygon","coordinates":[[[105.076,9.919],[105.0,9.735],[105.0,9.977],[105.076,9.919]]]}},{"type":"Feature","properties":{"r":1},"geometry":{"type":"Polygon","coordinates":[[[105.158,8.6],[106.405,9.531],[107.221,10.364],[108.366,11.008],[109.2,11.667],[109.335,13.426],[108.988,14.832],[110.325,14.832],[110.599,13.721],[110.344,11.062],[109.994,10.657],[105.537,7.368],[105.0,7.403],[105.0,8.88],[105.158,8.6]]]}},{"type":"Feature","properties":{"r":1},"geometry":{"type":"Polygon","coordinates":[[[105.474,1.665],[105.526,1.211],[105.088,0.334],[105.107,0.0],[105.0,0.0],[105.0,3.251],[105.474,1.665]]]}},{"type":"Feature","properties":{"r":1},"geometry":{"type":"Polygon","coordinates":[[[107.654,0.358],[107.766,0.945],[108.794,2.972],[109.261,3.241],[110.219,3.255],[110.627,3.762],[112.356,4.28],[116.066,7.708],[115.914,8.682],[116.143,9.149],[118.48,12.144],[119.345,12.624],[119.051,13.206],[119.212,14.075],[118.781,14.81],[118.778,14.832],[120.0,14.832],[120.0,9.06],[119.45,8.435],[118.264,7.559],[118.58,7.029],[119.654,6.612],[120.0,6.29],[120.0,4.47],[118.99,3.193],[119.342,2.302],[119.735,1.978],[120.0,2.211],[120.0,0.496],[119.826,0.154],[119.775,0.0],[117.483,0.0],[117.478,0.102],[117.812,0.784],[118.997,0.902],[117.876,1.828],[118.048,2.288],[117.313,3.234],[117.882,4.138],[118.618,4.478],[118.44,4.967],[119.111,5.016],[119.182,5.408],[118.348,5.709],[117.689,5.987],[117.643,6.422],[117.13,6.928],[116.725,6.925],[116.221,6.143],[115.451,5.448],[114.6,4.9],[114.204,4.526],[113.713,3.894],[112.996,3.102],[111.797,2.886],[111.37,2.697],[111.169,1.851],[110.396,1.664],[109.663,2.006],[109.069,1.342],[108.953,0.415],[109.019,0.0],[107.755,0.0],[107.654,0.358]],[[118.987,10.376],[118.387,9.684],[117.664,9.067],[117.174,8.368],[118.505,9.316],[119.029,10.004],[119.69,10.554],[119.512,11.37],[118.987,10.376]]]}},{"type":"Feature","properties":{"r":1},"geometry":{"type":"Polygon","coordinates":[[[108.877,15.277],[108.269,16.08],[107.362,16.698],[106.427,18.004],[105.662,19.058],[105.882,19.752],[106.715,20.697],[108.05,21.552],[108.523,21.715],[109.864,21.395],[109.628,21.008],[109.89,20.282],[110.444,20.341],[110.786,21.397],[111.844,21.55],[113.241,22.052],[113.807,22.548],[114.153,22.224],[114.764,22.668],[115.891,22.783],[117.282,23.625],[118.657,24.547],[119.586,25.741],[120.0,26.414],[120.0,21.06],[119.792,21.15],[118.868,23.233],[116.256,21.628],[112.038,20.475],[112.306,19.793],[112.233,19.281],[111.944,18.842],[109.991,17.06],[109.066,17.034],[110.141,15.569],[110.325,14.832],[108.988,14.832],[108.877,15.277]],[[107.437,18.941],[107.635,19.501],[107.223,19.191],[107.437,18.941]],[[110.212,20.101],[109.119,19.821],[108.626,19.368],[108.655,18.508],[109.475,18.198],[110.339,18.678],[110.571,19.256],[111.01,19.696],[110.787,20.078],[110.212,20.101]]]}},{"type":"Feature","properties":{"r":1},"geometry":{"type":"Polygon","coordinates":[[[118.594,16.204],[118.632,16.699],[119.207,17.412],[119.588,19.117],[119.884,19.45],[120.0,19.488],[120.0,16.269],[119.884,16.364],[119.921,15.406],[120.0,15.176],[120.0,14.832],[118.778,14.832],[118.594,16.204]]]}},{"type":"Feature","properties":{"r":1},"geometry":{"type":"Polygon","coordinates":[[[119.151,34.91],[119.665,35.61],[120.0,35.783],[120.0,34.477],[119.151,34.91]]]}},{"type":"Feature","properties":{"r":1},"geometry":{"type":"Polygon","coordinates":[[[119.703,37.156],[118.912,37.448],[118.878,37.897],[118.06,38.062],[117.533,38.738],[118.043,39.204],[119.023,39.252],[119.64,39.898],[120.0,40.121],[120.0,37.346],[119.703,37.156]]]}},{"type":"Feature","properties":{"r":1},"geometry":{"type":"Polygon","coordinates":[[[115.38,75.938],[115.051,75.181],[112.066,74.392],[113.737,74.273],[114.09,74.179],[114.367,73.958],[115.385,74.109],[116.006,74.092],[120.0,73.696],[120.0,73.085],[119.02,73.12],[118.776,73.588],[115.568,73.753],[113.969,73.595],[113.53,73.335],[113.019,73.977],[112.119,73.788],[110.64,74.04],[109.4,74.18],[110.151,74.477],[112.779,75.032],[113.886,75.328],[114.134,75.848],[113.897,75.959],[115.333,75.959],[115.38,75.938]]]}},{"type":"Feature","properties":{"r":1},"geometry":{"type":"Polygon","coordinates":[[[106.297,78.891],[106.608,78.792],[106.659,78.677],[106.208,78.177],[105.486,78.054],[105.0,78.021],[105.0,78.302],[105.075,78.307],[105.372,78.713],[105.0,78.799],[105.0,79.141],[106.297,78.891]]]}},{"type":"Feature","properties":{"r":1},"geometry":{"type":"Polygon","coordinates":[[[105.208,77.905],[106.923,77.586],[107.255,77.489],[107.367,77.369],[107.247,77.258],[107.785,77.201],[108.105,77.116],[108.346,76.856],[110.752,76.996],[111.697,76.97],[115.129,76.051],[115.333,75.959],[113.897,75.959],[113.331,76.222],[111.077,76.71],[108.154,76.723],[107.24,76.48],[106.97,76.974],[105.0,77.108],[105.0,77.181],[106.067,77.374],[105.0,77.576],[105.0,77.931],[105.208,77.905]]]}},{"type":"Feature","properties":{"r":1},"geometry":{"type":"Polygon","coordinates":[[[120.574,-66.513],[122.888,-66.513],[122.32,-66.563],[121.654,-66.876],[120.871,-67.19],[120.0,-67.255],[120.0,-66.642],[120.574,-66.513]]]}},{"type":"Feature","properties":{"r":1},"geometry":{"type":"Polygon","coordinates":[[[129.704,-66.582],[128.803,-66.759],[127.883,-66.661],[127.001,-66.563],[126.1,-66.563],[125.16,-66.719],[124.122,-66.621],[123.411,-66.513],[130.179,-66.513],[129.704,-66.582]]]}},{"type":"Feature","properties":{"r":1},"geometry":{"type":"Polygon","coordinates":[[[122.957,-65.971],[128.735,-66.233],[133.596,-65.776],[133.938,-65.041],[134.246,-64.885],[135.0,-64.78],[135.0,-65.777],[134.757,-66.21],[133.856,-66.288],[132.936,-66.386],[131.8,-66.386],[130.781,-66.426],[130.179,-66.513],[123.411,-66.513],[123.221,-66.484],[122.888,-66.513],[120.574,-66.513],[122.957,-65.971]]]}},{"type":"Feature","properties":{"r":1},"geometry":{"type":"Polygon","coordinates":[[[134.507,-35.376],[134.009,-34.891],[133.273,-33.435],[131.151,-32.636],[126.531,-33.271],[125.177,-33.788],[124.541,-34.68],[124.149,-34.884],[120.323,-35.038],[120.0,-35.225],[120.0,-33.969],[120.58,-33.93],[121.299,-33.821],[122.183,-34.003],[122.811,-33.914],[123.66,-33.89],[124.029,-33.484],[124.222,-32.959],[125.089,-32.729],[126.149,-32.216],[127.103,-32.282],[128.241,-31.948],[129.536,-31.59],[131.326,-31.496],[132.288,-31.983],[132.991,-32.011],[134.274,-32.617],[134.086,-32.848],[134.613,-33.223],[135.0,-33.671],[135.0,-35.612],[134.507,-35.376]]]}},{"type":"Feature","properties":{"r":1},"geometry":{"type":"Polygon","coordinates":[[[120.143,-18.59],[121.122,-17.535],[122.084,-15.53],[123.208,-15.029],[123.39,-14.832],[125.075,-14.832],[124.926,-15.075],[124.38,-15.567],[124.258,-16.328],[123.817,-16.111],[123.503,-16.597],[123.859,-17.069],[123.434,-17.269],[123.013,-16.405],[122.313,-17.255],[122.287,-17.799],[122.242,-18.198],[121.655,-18.705],[121.4,-19.24],[120.856,-19.684],[120.0,-19.922],[120.0,-18.626],[120.143,-18.59]]]}},{"type":"Feature","properties":{"r":1},"geometry":{"type":"Polygon","coordinates":[[[129.621,-14.97],[128.986,-14.876],[128.36,-14.869],[128.324,-14.832],[129.568,-14.832],[129.621,-14.97]]]}},{"type":"Feature","properties":{"r":1},"geometry":{"type":"Polygon","coordinates":[[[120.63,-6.951],[122.208,-6.848],[121.433,-6.304],[120.815,-6.763],[120.25,-6.808],[120.0,-6.758],[120.0,-5.627],[120.431,-5.528],[120.39,-4.098],[120.305,-2.932],[120.972,-2.628],[120.898,-3.602],[121.619,-4.188],[121.489,-4.575],[121.738,-4.851],[122.72,-4.464],[122.236,-5.283],[122.629,-5.635],[123.162,-5.341],[123.171,-4.684],[122.272,-3.529],[122.455,-3.186],[121.508,-1.904],[122.389,-1.517],[122.823,-0.931],[123.258,-1.076],[123.341,-0.616],[121.476,-0.956],[120.936,-1.409],[120.041,-0.52],[120.139,0.0],[125.483,0.0],[124.616,-0.69],[124.291,-1.865],[123.358,-2.467],[124.287,-4.019],[124.453,-4.896],[123.759,-6.273],[123.083,-6.841],[123.732,-7.101],[124.183,-7.905],[127.524,-7.123],[128.019,-7.302],[128.402,-7.661],[128.61,-8.141],[128.608,-8.662],[128.397,-9.139],[128.012,-9.494],[125.112,-11.231],[124.571,-11.41],[123.129,-11.474],[122.38,-10.951],[122.194,-10.529],[122.206,-9.966],[122.051,-9.975],[121.829,-10.72],[121.453,-11.06],[120.555,-11.509],[120.107,-11.522],[120.0,-11.471],[120.0,-10.103],[120.295,-10.259],[120.716,-10.24],[120.775,-9.97],[120.426,-9.666],[120.0,-9.419],[120.0,-8.817],[121.254,-8.934],[122.757,-8.65],[122.904,-8.094],[122.007,-8.461],[121.342,-8.537],[120.715,-8.237],[120.0,-8.424],[120.0,-7.262],[120.63,-6.951]],[[127.336,-8.397],[126.957,-8.273],[126.645,-8.398],[125.947,-8.432],[125.086,-8.657],[124.969,-8.893],[123.98,-9.29],[123.55,-9.9],[123.46,-10.24],[123.58,-10.36],[124.436,-10.14],[125.089,-9.393],[125.926,-9.106],[126.968,-8.668],[127.336,-8.397]]]}},{"type":"Feature","properties":{"r":1},"geometry":{"type":"Polygon","coordinates":[[[135.0,-0.013],[135.0,-3.103],[134.423,-2.769],[134.143,-1.152],[133.986,-0.78],[132.38,-0.37],[131.868,-0.695],[130.52,-0.938],[130.943,-1.433],[131.836,-1.617],[132.232,-2.213],[133.696,-2.215],[133.78,-2.48],[133.067,-2.46],[131.99,-2.821],[132.754,-3.312],[132.757,-3.746],[132.984,-4.113],[133.368,-4.025],[133.663,-3.539],[135.0,-4.362],[135.0,-7.891],[134.869,-8.006],[133.878,-8.141],[133.084,-7.539],[132.921,-7.06],[132.836,-5.901],[133.05,-5.382],[132.348,-5.243],[131.801,-4.705],[131.099,-5.127],[127.814,-4.693],[127.237,-5.036],[126.665,-5.07],[126.134,-4.856],[125.248,-4.243],[124.709,-3.406],[124.924,-2.433],[125.291,-2.082],[125.765,-1.898],[127.108,-2.097],[127.5,-1.744],[126.607,-0.976],[126.329,0.0],[127.635,0.0],[127.696,-0.267],[128.1,-0.9],[128.38,-0.78],[127.968,-0.252],[128.031,0.0],[134.981,0.0],[135.0,-0.013]],[[129.393,-1.564],[129.298,-1.662],[129.465,-1.68],[129.393,-1.564]],[[134.113,-6.142],[134.21,-6.895],[134.725,-6.214],[134.727,-5.738],[134.5,-5.445],[134.29,-5.783],[134.113,-6.142]],[[128.591,-3.429],[129.155,-3.363],[129.991,-3.446],[130.835,-3.858],[130.471,-3.094],[129.371,-2.802],[128.136,-2.844],[127.899,-3.393],[128.591,-3.429]],[[126.875,-3.791],[127.249,-3.459],[127.001,-3.129],[125.989,-3.177],[126.184,-3.607],[126.875,-3.791]]]}},{"type":"Feature","properties":{"r":1},"geometry":{"type":"Polygon","coordinates":[[[124.741,-13.364],[125.303,-13.023],[127.109,-12.553],[127.531,-12.636],[128.548,-13.377],[129.515,-11.864],[129.867,-11.498],[130.539,-11.251],[130.675,-10.678],[131.009,-10.279],[132.009,-9.897],[132.828,-9.937],[135.0,-10.768],[135.0,-12.101],[134.679,-11.941],[134.393,-12.042],[133.551,-11.787],[133.02,-11.376],[132.357,-11.129],[131.825,-11.274],[132.557,-11.603],[132.575,-12.114],[131.735,-12.302],[131.223,-12.184],[130.618,-12.536],[130.184,-13.108],[130.339,-13.357],[129.889,-13.619],[129.41,-14.421],[129.568,-14.832],[128.324,-14.832],[127.805,-14.277],[127.066,-13.818],[126.583,-13.953],[126.143,-14.096],[126.125,-14.347],[125.686,-14.231],[125.67,-14.51],[125.167,-14.68],[125.075,-14.832],[123.39,-14.832],[124.741,-13.364]]]}},{"type":"Feature","properties":{"r":1},"geometry":{"type":"Polygon","coordinates":[[[124.743,14.78],[125.087,14.394],[125.255,13.801],[125.76,13.69],[126.448,12.971],[127.083,11.013],[126.876,10.394],[127.302,10.001],[127.509,9.475],[127.823,7.379],[127.757,6.742],[127.138,5.382],[125.858,4.37],[125.333,4.287],[124.819,4.421],[123.642,5.002],[123.254,5.295],[122.966,5.921],[122.28,5.622],[121.76,5.648],[121.292,5.876],[120.952,6.267],[120.621,7.141],[120.74,7.732],[121.373,8.919],[120.809,9.978],[120.0,9.06],[120.0,14.832],[120.19,14.832],[120.564,14.396],[120.693,14.757],[120.992,14.525],[120.679,14.271],[120.629,13.858],[121.126,13.637],[122.035,13.784],[122.671,13.186],[122.929,13.553],[123.298,13.028],[124.077,12.537],[124.181,12.998],[123.855,13.238],[123.95,13.782],[122.701,14.337],[122.259,14.218],[121.729,14.328],[121.588,14.832],[124.576,14.832],[124.743,14.78]],[[125.471,8.987],[124.765,8.96],[124.601,8.514],[123.841,8.24],[123.488,8.693],[122.942,8.316],[122.312,8.035],[121.92,7.192],[122.086,6.899],[122.826,7.457],[123.296,7.419],[123.61,7.834],[124.244,7.361],[123.939,6.885],[124.22,6.161],[125.397,5.581],[125.683,6.05],[125.364,6.786],[125.831,7.294],[126.197,6.274],[126.537,7.189],[126.479,7.75],[126.377,8.415],[126.307,8.782],[126.223,9.286],[125.412,9.76],[125.471,8.987]],[[122.638,10.741],[123.101,11.166],[123.12,11.584],[122.484,11.582],[121.884,11.892],[122.038,11.416],[121.967,10.906],[122.003,10.441],[122.638,10.741]],[[124.891,11.416],[124.303,11.495],[124.459,10.89],[124.76,10.838],[124.802,10.135],[125.277,10.359],[125.033,10.976],[125.012,11.311],[125.783,11.046],[125.503,12.163],[125.227,12.536],[124.267,12.558],[124.878,11.794],[124.891,11.416]],[[122.947,10.882],[122.837,10.261],[122.586,9.981],[122.38,9.713],[122.996,9.022],[123.31,9.318],[123.623,9.95],[123.982,10.279],[124.078,11.233],[123.338,10.267],[123.499,10.941],[122.947,10.882]],[[121.262,12.206],[121.527,13.07],[121.18,13.43],[120.323,13.466],[120.834,12.704],[121.262,12.206]]]}},{"type":"Feature","properties":{"r":1},"geometry":{"type":"Polygon","coordinates":[[[120.36,5.954],[120.413,4.992],[120.0,4.47],[120.0,6.29],[120.36,5.954]]]}},{"type":"Feature","properties":{"r":1},"geometry":{"type":"Polygon","coordinates":[[[120.283,2.46],[120.709,2.596],[122.913,2.207],[125.444,2.703],[125.916,2.53],[126.4,1.951],[127.025,3.105],[127.422,3.369],[128.358,3.401],[128.772,3.166],[129.802,2.023],[129.919,0.191],[132.0,0.874],[132.702,0.89],[134.308,0.479],[134.981,0.0],[128.031,0.0],[128.12,0.356],[128.636,0.258],[128.688,1.132],[128.595,1.541],[128.004,1.629],[127.932,2.175],[127.601,1.811],[127.399,1.012],[127.635,0.0],[126.329,0.0],[126.172,0.549],[125.483,0.0],[120.139,0.0],[120.183,0.237],[121.057,0.381],[122.723,0.431],[123.685,0.236],[124.437,0.428],[125.24,1.42],[125.066,1.643],[124.078,0.917],[122.928,0.875],[121.667,1.014],[120.886,1.309],[120.036,0.566],[120.0,0.496],[120.0,2.211],[120.283,2.46]]]}},{"type":"Feature","properties":{"r":1},"geometry":{"type":"Polygon","coordinates":[[[120.396,27.053],[121.126,28.136],[121.685,28.226],[121.842,28.716],[123.096,28.716],[122.751,27.568],[121.93,27.097],[121.479,26.444],[121.795,26.434],[122.712,25.949],[123.075,25.589],[123.244,25.125],[122.413,22.424],[121.616,21.071],[120.686,20.761],[120.0,21.06],[120.0,26.414],[120.396,27.053]],[[120.695,24.538],[120.106,23.556],[120.22,22.815],[120.747,21.971],[121.176,22.791],[121.778,24.394],[121.951,24.998],[121.495,25.295],[120.695,24.538]]]}},{"type":"Feature","properties":{"r":1},"geometry":{"type":"Polygon","coordinates":[[[120.739,19.733],[122.84,19.572],[123.289,19.213],[123.524,18.703],[123.794,17.32],[123.786,16.828],[122.979,15.558],[122.989,15.316],[124.576,14.832],[121.588,14.832],[121.505,15.125],[121.663,15.931],[122.252,16.262],[122.516,17.094],[122.174,17.81],[122.337,18.225],[122.246,18.479],[121.938,18.219],[121.321,18.504],[120.716,18.505],[120.39,17.599],[120.286,16.035],[120.0,16.269],[120.0,19.488],[120.739,19.733]]]}},{"type":"Feature","properties":{"r":1},"geometry":{"type":"Polygon","coordinates":[[[120.07,14.971],[120.19,14.832],[120.0,14.832],[120.0,15.176],[120.07,14.971]]]}},{"type":"Feature","properties":{"r":1},"geometry":{"type":"Polygon","coordinates":[[[121.938,29.018],[122.092,29.833],[121.503,30.143],[121.264,30.676],[121.892,30.949],[121.908,31.692],[121.229,32.46],[120.62,33.377],[120.227,34.36],[120.0,34.477],[120.0,35.783],[120.637,36.112],[121.104,36.651],[122.52,36.931],[122.358,37.455],[121.711,37.481],[120.823,37.87],[120.0,37.346],[120.0,40.121],[120.769,40.594],[121.64,40.946],[122.169,40.422],[121.377,39.75],[121.586,39.361],[121.055,38.898],[122.132,39.17],[122.868,39.638],[124.266,39.929],[124.737,39.66],[125.321,39.552],[125.387,39.388],[125.133,38.849],[125.222,38.666],[124.986,38.549],[124.712,38.108],[124.981,37.949],[125.24,37.857],[125.275,37.669],[125.568,37.752],[125.689,37.94],[126.175,37.75],[126.86,36.894],[126.117,36.726],[126.559,35.685],[126.374,34.935],[126.486,34.39],[127.386,34.476],[128.186,34.89],[129.091,35.083],[129.468,35.632],[129.461,36.784],[129.213,37.432],[128.35,38.612],[127.783,39.051],[127.386,39.214],[127.502,39.324],[127.534,39.757],[127.968,40.026],[128.633,40.19],[129.01,40.485],[129.188,40.662],[129.705,40.883],[129.7,40.98],[131.01,40.98],[130.794,40.344],[129.164,39.4],[129.521,39.051],[130.748,36.927],[130.477,35.387],[132.162,36.419],[134.84,36.554],[135.0,36.797],[135.0,35.657],[134.608,35.732],[132.618,35.433],[131.884,34.75],[130.878,34.233],[130.354,33.604],[129.408,33.296],[129.815,32.61],[130.448,32.319],[130.202,31.418],[130.686,31.03],[131.333,31.45],[132.0,33.15],[130.986,33.886],[132.157,33.905],[133.34,34.376],[135.0,34.586],[135.0,32.354],[134.904,32.28],[134.087,32.115],[133.623,31.733],[132.773,31.631],[132.391,30.804],[131.474,30.139],[131.07,29.959],[130.177,29.999],[129.043,30.916],[128.912,31.284],[129.029,32.011],[128.176,32.949],[128.232,33.726],[126.322,33.319],[125.789,33.479],[125.389,33.812],[125.196,34.254],[124.867,36.991],[123.877,37.32],[123.677,37.519],[123.805,36.774],[123.633,36.391],[122.831,35.915],[121.8,35.709],[121.112,35.093],[123.058,32.207],[123.208,31.672],[123.099,30.534],[123.354,30.103],[123.361,29.588],[123.096,28.716],[121.842,28.716],[121.938,29.018]],[[123.554,38.61],[122.868,38.387],[123.418,38.04],[123.477,38.427],[123.554,38.61]],[[132.371,33.464],[132.363,32.989],[133.015,32.705],[133.28,33.29],[133.793,33.522],[134.203,33.201],[134.766,33.806],[134.638,34.149],[133.904,34.365],[133.493,33.945],[132.924,34.06],[132.371,33.464]]]}},{"type":"Feature","properties":{"r":1},"geometry":{"type":"Polygon","coordinates":[[[129.667,41.601],[129.966,41.941],[130.4,42.28],[130.78,42.22],[130.936,42.553],[132.278,43.284],[132.906,42.799],[133.537,42.812],[134.87,43.398],[135.0,43.518],[135.0,42.408],[133.8,41.87],[133.361,41.859],[132.427,42.154],[131.155,41.406],[131.01,40.98],[129.7,40.98],[129.667,41.601]]]}},{"type":"Feature","properties":{"r":1},"geometry":{"type":"Polygon","coordinates":[[[130.77,71.7],[130.915,71.82],[132.238,71.82],[131.289,70.787],[129.716,71.193],[128.72,71.82],[130.481,71.82],[130.77,71.7]]]}},{"type":"Feature","properties":{"r":1},"geometry":{"type":"Polygon","coordinates":[[[134.322,71.805],[135.0,71.816],[135.0,71.567],[133.858,71.386],[132.313,71.82],[134.27,71.82],[134.322,71.805]]]}},{"type":"Feature","properties":{"r":1},"geometry":{"type":"Polygon","coordinates":[[[121.94,73.5],[122.087,73.892],[122.426,74.013],[122.915,74.083],[123.466,74.091],[127.605,73.884],[129.567,73.288],[129.863,73.118],[130.345,72.36],[129.954,72.036],[130.481,71.82],[128.72,71.82],[128.46,71.98],[129.052,72.399],[128.591,73.039],[126.976,73.565],[125.38,73.56],[123.258,73.735],[123.201,72.971],[120.0,73.085],[120.0,73.696],[121.94,73.5]]]}},{"type":"Feature","properties":{"r":1},"geometry":{"type":"Polygon","coordinates":[[[131.25,72.092],[132.153,72.236],[133.117,72.137],[134.27,71.82],[132.313,71.82],[132.253,71.836],[132.238,71.82],[130.915,71.82],[131.25,72.092]]]}},{"type":"Feature","properties":{"r":1},"geometry":{"type":"Polygon","coordinates":[[[146.675,-66.704],[147.663,-67.552],[149.403,-67.947],[150.0,-68.029],[150.0,-68.543],[148.84,-68.385],[147.723,-68.13],[146.646,-67.895],[146.0,-67.601],[146.196,-67.229],[145.49,-66.915],[144.374,-66.837],[143.062,-66.798],[142.122,-66.817],[140.809,-66.817],[139.908,-66.876],[138.596,-66.896],[137.46,-66.955],[136.618,-66.778],[136.29,-66.513],[146.168,-66.513],[146.675,-66.704]]]}},{"type":"Feature","properties":{"r":1},"geometry":{"type":"Polygon","coordinates":[[[135.141,-64.761],[135.607,-64.809],[136.266,-65.094],[137.777,-66.439],[145.965,-66.436],[146.168,-66.513],[136.29,-66.513],[136.207,-66.445],[135.874,-66.034],[135.697,-65.583],[135.071,-65.309],[135.032,-65.72],[135.0,-65.777],[135.0,-64.78],[135.141,-64.761]]]}},{"type":"Feature","properties":{"r":1},"geometry":{"type":"Polygon","coordinates":[[[149.057,-43.662],[148.746,-43.935],[147.97,-44.137],[147.154,-44.546],[145.865,-44.475],[145.05,-44.15],[143.513,-41.02],[143.515,-40.98],[144.728,-40.98],[144.718,-41.163],[145.295,-42.034],[145.432,-42.694],[146.048,-43.55],[146.663,-43.581],[146.87,-43.635],[147.565,-42.938],[147.914,-43.212],[148.017,-42.407],[148.36,-42.062],[148.295,-40.98],[149.491,-40.98],[149.057,-43.662]]]}},{"type":"Feature","properties":{"r":1},"geometry":{"type":"Polygon","coordinates":[[[146.909,-41.001],[146.364,-41.138],[145.922,-40.98],[146.993,-40.98],[146.909,-41.001]]]}},{"type":"Feature","properties":{"r":1},"geometry":{"type":"Polygon","coordinates":[[[149.866,-38.733],[148.779,-38.815],[146.674,-40.0],[145.933,-39.974],[146.473,-40.12],[148.541,-39.904],[148.989,-40.042],[149.547,-40.627],[149.491,-40.98],[148.295,-40.98],[148.289,-40.875],[147.689,-40.808],[146.993,-40.98],[145.922,-40.98],[145.398,-40.793],[144.744,-40.704],[144.728,-40.98],[143.515,-40.98],[143.556,-40.302],[143.83,-39.999],[144.701,-39.712],[145.647,-39.896],[144.629,-39.465],[144.054,-39.755],[143.192,-39.762],[139.765,-38.774],[138.593,-36.93],[137.131,-36.28],[136.196,-36.182],[135.0,-35.612],[135.0,-33.671],[135.239,-33.948],[135.208,-34.479],[135.989,-34.89],[136.372,-34.095],[136.997,-33.753],[137.81,-32.9],[137.89,-33.64],[137.504,-34.13],[137.352,-34.707],[136.829,-35.261],[137.719,-35.077],[138.208,-34.385],[138.449,-35.127],[138.121,-35.612],[139.083,-35.733],[139.574,-36.138],[139.807,-36.644],[139.992,-37.403],[140.639,-38.019],[141.607,-38.309],[142.178,-38.38],[142.745,-38.538],[143.61,-38.809],[144.486,-38.085],[145.032,-37.896],[144.877,-38.417],[145.49,-38.594],[146.318,-39.036],[146.922,-38.607],[147.382,-38.219],[148.305,-37.809],[149.424,-37.773],[149.997,-37.425],[149.946,-37.109],[150.0,-36.822],[150.0,-38.649],[149.866,-38.733]]]}},{"type":"Feature","properties":{"r":1},"geometry":{"type":"Polygon","coordinates":[[[147.524,-18.176],[149.845,-19.607],[150.0,-19.939],[150.0,-22.165],[149.678,-22.343],[149.289,-21.261],[148.717,-20.633],[148.848,-20.391],[148.178,-19.956],[147.471,-19.481],[146.387,-18.958],[146.064,-18.28],[146.16,-17.762],[145.889,-16.907],[145.637,-16.785],[145.485,-16.286],[145.272,-15.428],[145.375,-14.985],[145.186,-14.832],[146.674,-14.832],[147.524,-18.176]]]}},{"type":"Feature","properties":{"r":1},"geometry":{"type":"Polygon","coordinates":[[[139.889,-16.073],[140.017,-15.911],[140.13,-14.832],[141.641,-14.832],[141.702,-15.045],[141.398,-15.841],[141.274,-16.389],[141.071,-16.832],[140.875,-17.369],[140.215,-17.711],[139.261,-17.372],[139.109,-17.063],[138.585,-16.807],[138.303,-16.808],[137.58,-16.215],[137.065,-15.871],[136.295,-15.55],[135.5,-14.998],[135.458,-14.832],[137.741,-14.832],[139.889,-16.073]]]}},{"type":"Feature","properties":{"r":1},"geometry":{"type":"Polygon","coordinates":[[[135.07,-0.063],[135.504,-1.633],[136.973,-0.491],[137.817,-0.459],[144.96,-2.619],[145.565,-3.011],[146.746,-4.367],[147.598,-4.684],[149.042,-4.321],[149.365,-3.961],[149.869,-3.739],[149.388,-2.998],[149.392,-2.462],[149.613,-1.974],[150.0,-1.627],[150.0,-5.025],[149.996,-5.026],[149.846,-5.506],[149.298,-5.584],[148.402,-5.438],[148.319,-5.747],[148.89,-6.026],[149.71,-6.317],[150.0,-6.317],[150.0,-7.525],[149.011,-7.3],[150.0,-8.246],[150.0,-9.676],[149.267,-9.514],[149.307,-9.071],[148.734,-9.105],[148.085,-8.044],[147.192,-7.388],[146.971,-6.722],[147.891,-6.614],[147.648,-6.084],[145.982,-5.466],[145.83,-4.876],[145.273,-4.374],[144.584,-3.861],[142.735,-3.289],[141.0,-2.6],[139.927,-2.409],[139.185,-2.051],[138.33,-1.703],[137.441,-1.704],[136.293,-2.307],[135.458,-3.368],[135.0,-3.103],[135.0,-0.013],[135.07,-0.063]]]}},{"type":"Feature","properties":{"r":1},"geometry":{"type":"Polygon","coordinates":[[[147.286,-11.25],[145.307,-9.176],[144.797,-9.006],[144.398,-9.822],[143.741,-10.242],[144.718,-12.948],[145.499,-13.295],[146.31,-14.111],[146.638,-14.687],[146.674,-14.832],[145.186,-14.832],[144.895,-14.594],[144.564,-14.171],[143.922,-14.548],[143.562,-13.764],[143.597,-13.4],[143.522,-12.834],[143.159,-12.326],[143.116,-11.906],[142.867,-11.785],[142.797,-11.157],[142.515,-10.668],[142.144,-11.043],[142.118,-11.328],[141.929,-11.877],[141.687,-12.408],[141.843,-12.742],[141.651,-12.945],[141.52,-13.698],[141.636,-14.27],[141.563,-14.561],[141.641,-14.832],[140.13,-14.832],[140.393,-12.281],[141.193,-10.431],[140.414,-10.244],[138.928,-9.451],[137.336,-9.666],[136.839,-9.442],[136.478,-9.036],[136.319,-8.52],[136.389,-7.983],[137.161,-7.018],[136.908,-6.362],[135.978,-5.959],[136.004,-6.446],[135.25,-7.669],[135.0,-7.891],[135.0,-4.362],[135.165,-4.463],[135.989,-4.547],[137.928,-5.393],[138.408,-6.233],[138.669,-7.32],[138.039,-7.598],[137.614,-8.412],[138.881,-8.381],[139.128,-8.096],[140.143,-8.297],[141.034,-9.118],[142.068,-9.16],[142.628,-9.327],[143.414,-8.983],[143.286,-8.245],[143.897,-7.915],[144.744,-7.63],[146.048,-8.067],[146.568,-8.943],[147.135,-9.492],[147.913,-10.13],[148.923,-10.281],[149.782,-10.393],[150.0,-10.623],[150.0,-11.752],[147.286,-11.25]]]}},{"type":"Feature","properties":{"r":1},"geometry":{"type":"Polygon","coordinates":[[[135.331,-10.895],[136.573,-10.585],[137.455,-11.001],[138.17,-11.907],[138.251,-12.38],[138.148,-12.848],[137.128,-13.976],[137.009,-14.407],[137.741,-14.832],[135.458,-14.832],[135.429,-14.715],[135.784,-14.224],[136.078,-13.724],[135.962,-13.325],[136.305,-13.291],[136.685,-12.887],[136.952,-12.352],[136.492,-11.857],[136.258,-12.049],[135.883,-11.962],[135.298,-12.249],[135.0,-12.101],[135.0,-10.768],[135.331,-10.895]]]}},{"type":"Feature","properties":{"r":1},"geometry":{"type":"Polygon","coordinates":[[[149.739,-9.873],[150.0,-9.709],[150.0,-9.976],[149.739,-9.873]]]}},{"type":"Feature","properties":{"r":1},"geometry":{"type":"Polygon","coordinates":[[[143.153,38.958],[142.233,37.816],[142.071,35.776],[141.888,35.298],[141.008,34.268],[137.853,33.618],[136.192,32.426],[135.605,32.385],[135.21,32.516],[135.0,32.354],[135.0,34.586],[135.079,34.597],[135.121,33.849],[135.793,33.465],[137.218,34.606],[138.976,34.668],[140.253,35.138],[140.774,35.843],[140.6,36.344],[140.976,37.142],[140.959,38.174],[141.885,39.181],[141.914,39.992],[141.527,40.98],[142.779,40.98],[143.153,38.958]]]}},{"type":"Feature","properties":{"r":1},"geometry":{"type":"Polygon","coordinates":[[[135.832,38.053],[136.708,38.332],[137.373,38.175],[138.338,38.825],[138.725,39.575],[138.592,40.449],[138.756,40.98],[140.161,40.98],[139.883,40.563],[140.055,39.439],[139.426,38.216],[138.858,37.827],[137.391,36.827],[136.724,37.305],[135.678,35.527],[135.0,35.657],[135.0,36.797],[135.832,38.053]]]}},{"type":"Feature","properties":{"r":1},"geometry":{"type":"Polygon","coordinates":[[[135.515,43.989],[136.862,45.143],[138.22,46.308],[138.555,47.0],[140.062,48.447],[140.513,50.045],[140.597,51.24],[140.664,51.326],[141.959,51.326],[142.18,50.952],[142.136,49.615],[141.904,48.859],[142.018,47.78],[141.907,46.806],[142.092,45.967],[142.748,46.741],[143.505,46.138],[143.533,46.837],[142.559,47.862],[143.174,49.307],[144.654,48.976],[143.648,50.748],[143.413,51.326],[144.809,51.326],[145.952,48.93],[145.567,48.365],[145.172,48.187],[144.707,48.117],[144.053,48.203],[143.969,48.003],[144.626,47.316],[144.833,46.812],[144.688,45.763],[144.096,45.348],[144.333,45.181],[145.583,45.288],[146.067,45.14],[146.429,44.869],[146.811,43.051],[146.292,42.483],[144.872,42.152],[143.932,41.2],[143.482,41.048],[142.757,41.095],[142.779,40.98],[141.527,40.98],[141.369,41.379],[140.306,41.195],[140.161,40.98],[138.756,40.98],[138.8,41.122],[138.524,42.466],[138.641,42.97],[139.4,44.003],[140.294,44.273],[140.805,45.927],[140.82,47.59],[139.227,45.737],[135.877,42.798],[135.0,42.408],[135.0,43.518],[135.515,43.989]],[[141.381,43.389],[140.312,43.333],[139.818,42.564],[139.955,41.57],[141.067,41.585],[141.611,42.679],[143.184,41.995],[144.06,42.988],[145.543,43.262],[145.321,44.385],[144.613,43.961],[143.91,44.174],[143.143,44.51],[141.968,45.551],[141.672,44.772],[141.381,43.389]]]}},{"type":"Feature","properties":{"r":1},"geometry":{"type":"Polygon","coordinates":[[[141.379,52.239],[141.345,53.09],[139.901,54.19],[138.805,54.255],[138.165,53.755],[137.193,53.977],[136.702,54.604],[135.126,54.73],[138.958,57.088],[142.198,59.04],[145.487,59.336],[148.545,59.164],[149.784,59.656],[150.0,59.635],[150.0,58.74],[149.975,58.89],[149.344,58.635],[148.594,58.492],[142.799,58.376],[137.547,55.163],[138.073,54.875],[138.936,55.003],[140.033,54.94],[140.531,54.85],[141.063,54.553],[141.592,54.889],[142.514,55.112],[143.456,54.958],[143.783,54.74],[144.508,51.936],[144.809,51.326],[143.413,51.326],[143.235,51.757],[143.261,52.741],[142.915,53.705],[142.655,54.366],[142.21,54.225],[142.607,53.762],[141.683,53.302],[141.594,51.935],[141.959,51.326],[140.664,51.326],[141.379,52.239]]]}},{"type":"Feature","properties":{"r":1},"geometry":{"type":"Polygon","coordinates":[[[135.197,71.82],[139.616,71.82],[139.87,71.488],[138.234,71.628],[137.498,71.348],[135.562,71.655],[135.0,71.567],[135.0,71.816],[135.197,71.82]]]}},{"type":"Feature","properties":{"r":1},"geometry":{"type":"Polygon","coordinates":[[[138.24,71.87],[137.884,72.324],[137.889,72.514],[138.186,72.679],[139.297,73.039],[138.774,73.165],[138.591,73.293],[138.744,73.558],[141.259,74.139],[141.733,74.204],[142.262,74.211],[142.758,74.16],[143.138,74.059],[144.68,73.422],[144.886,73.274],[144.859,73.114],[144.539,72.956],[150.0,72.548],[150.0,71.854],[149.5,72.2],[140.468,72.849],[139.148,72.416],[139.616,71.82],[135.197,71.82],[138.24,71.87]],[[139.863,73.37],[140.038,73.317],[142.088,73.205],[143.604,73.212],[143.483,73.475],[142.062,73.858],[140.812,73.765],[139.863,73.37]]]}},{"type":"Feature","properties":{"r":1},"geometry":{"type":"Polygon","coordinates":[[[144.49,74.48],[139.146,74.267],[138.274,74.315],[135.955,75.055],[135.711,75.183],[135.698,75.325],[136.282,75.959],[137.583,75.959],[137.512,75.949],[136.974,75.262],[138.955,74.611],[140.614,74.848],[144.3,74.82],[145.086,75.563],[142.395,75.959],[144.805,75.959],[145.943,75.794],[146.811,75.799],[150.0,75.505],[150.0,75.161],[148.222,75.346],[146.358,75.497],[146.119,75.173],[147.977,74.778],[149.576,74.689],[150.0,74.835],[150.0,74.647],[148.488,74.461],[147.565,74.451],[145.662,74.835],[145.555,74.731],[144.961,74.524],[144.49,74.48]]]}},{"type":"Feature","properties":{"r":1},"geometry":{"type":"Polygon","coordinates":[[[136.44,76.127],[136.822,76.214],[137.319,76.258],[141.724,76.396],[144.805,75.959],[142.395,75.959],[141.472,76.093],[138.831,76.137],[137.583,75.959],[136.282,75.959],[136.44,76.127]]]}},{"type":"Feature","properties":{"r":1},"geometry":{"type":"Polygon","coordinates":[[[165.0,-82.214],[165.0,-82.688],[163.705,-82.395],[162.491,-82.062],[161.629,-81.69],[161.586,-81.655],[163.26,-81.655],[165.0,-82.214]]]}},{"type":"Feature","properties":{"r":1},"geometry":{"type":"Polygon","coordinates":[[[162.911,-79.337],[161.141,-80.922],[163.26,-81.655],[161.586,-81.655],[161.12,-81.278],[159.788,-80.945],[160.317,-80.573],[160.748,-80.201],[160.924,-79.73],[161.753,-79.171],[165.0,-79.171],[165.0,-79.177],[162.911,-79.337]]]}},{"type":"Feature","properties":{"r":1},"geometry":{"type":"Polygon","coordinates":[[[164.863,-76.297],[164.793,-77.034],[165.0,-77.226],[165.0,-78.202],[164.743,-78.183],[164.273,-77.83],[164.058,-77.457],[163.49,-77.066],[163.47,-76.693],[163.568,-76.243],[163.763,-75.959],[165.0,-75.959],[165.0,-76.203],[164.863,-76.297]]]}},{"type":"Feature","properties":{"r":1},"geometry":{"type":"Polygon","coordinates":[[[161.766,-79.162],[163.666,-79.123],[165.0,-78.935],[165.0,-79.171],[161.753,-79.171],[161.766,-79.162]]]}},{"type":"Feature","properties":{"r":1},"geometry":{"type":"Polygon","coordinates":[[[163.823,-75.87],[164.234,-75.459],[164.959,-75.145],[165.0,-75.123],[165.0,-75.959],[163.763,-75.959],[163.823,-75.87]]]}},{"type":"Feature","properties":{"r":1},"geometry":{"type":"Polygon","coordinates":[[[152.432,-68.361],[153.718,-68.13],[154.665,-68.102],[162.099,-70.163],[165.0,-70.295],[165.0,-70.774],[164.92,-70.776],[163.842,-70.717],[162.687,-70.736],[161.57,-70.58],[160.807,-70.227],[159.671,-69.992],[159.181,-69.6],[158.026,-69.482],[156.811,-69.384],[155.93,-69.149],[155.166,-68.836],[154.285,-68.561],[153.638,-68.894],[152.502,-68.875],[151.484,-68.718],[150.132,-68.561],[150.0,-68.543],[150.0,-68.029],[152.432,-68.361]]]}},{"type":"Feature","properties":{"r":1},"geometry":{"type":"Polygon","coordinates":[[[154.174,-31.822],[152.847,-33.579],[151.588,-35.965],[151.116,-37.949],[150.0,-38.649],[150.0,-36.822],[150.075,-36.42],[150.328,-35.672],[150.714,-35.173],[151.011,-34.31],[151.344,-33.816],[151.709,-33.041],[152.45,-32.55],[152.892,-31.64],[153.09,-30.924],[153.069,-30.35],[153.339,-29.458],[153.512,-28.995],[153.53,-28.716],[154.696,-28.716],[154.174,-31.822]]]}},{"type":"Feature","properties":{"r":1},"geometry":{"type":"Polygon","coordinates":[[[150.583,-21.185],[151.368,-21.353],[151.799,-21.72],[152.122,-22.9],[153.781,-24.439],[154.124,-25.01],[154.838,-27.859],[154.696,-28.716],[153.53,-28.716],[153.569,-28.11],[153.093,-27.26],[153.162,-26.641],[153.136,-26.071],[152.855,-25.267],[152.074,-24.458],[151.609,-24.076],[150.9,-23.462],[150.727,-22.402],[150.483,-22.556],[150.077,-22.123],[150.0,-22.165],[150.0,-19.939],[150.583,-21.185]]]}},{"type":"Feature","properties":{"r":1},"geometry":{"type":"Polygon","coordinates":[[[164.488,-22.464],[162.8,-20.502],[162.731,-20.049],[163.126,-19.226],[164.012,-18.88],[165.0,-19.174],[165.0,-20.448],[164.46,-20.12],[164.03,-20.106],[164.168,-20.445],[164.83,-21.15],[165.0,-21.29],[165.0,-22.746],[164.488,-22.464]]]}},{"type":"Feature","properties":{"r":1},"geometry":{"type":"Polygon","coordinates":[[[150.012,-1.617],[150.521,-1.45],[151.054,-1.503],[153.005,-2.19],[154.266,-3.892],[154.97,-3.925],[156.625,-5.333],[157.328,-5.569],[158.023,-6.093],[158.674,-6.067],[159.166,-6.307],[160.186,-7.107],[160.92,-7.032],[161.841,-7.411],[162.784,-9.565],[163.421,-10.036],[163.644,-10.459],[163.694,-10.932],[163.275,-11.768],[162.387,-12.1],[161.257,-12.018],[160.876,-11.806],[160.363,-11.117],[159.236,-10.922],[158.829,-10.587],[158.592,-10.119],[158.422,-9.101],[157.665,-8.608],[156.903,-8.471],[156.157,-8.058],[155.396,-8.016],[154.273,-7.472],[153.43,-5.888],[152.55,-6.641],[150.808,-7.479],[150.346,-7.604],[150.0,-7.525],[150.0,-6.317],[150.241,-6.318],[150.754,-6.084],[151.301,-5.841],[151.459,-5.56],[151.983,-5.478],[152.319,-4.868],[152.339,-4.313],[152.137,-4.149],[151.538,-4.168],[151.648,-4.757],[151.09,-5.114],[150.807,-5.456],[150.237,-5.532],[150.14,-5.001],[150.0,-5.025],[150.0,-1.627],[150.012,-1.617]],[[162.399,-10.826],[162.119,-10.483],[161.917,-10.447],[161.32,-10.205],[161.7,-10.82],[162.399,-10.826]],[[151.82,-3.0],[151.48,-2.78],[150.94,-2.5],[150.662,-2.741],[151.384,-3.035],[151.953,-3.462],[152.406,-3.79],[152.639,-4.176],[152.827,-4.766],[153.14,-4.5],[153.02,-3.98],[152.64,-3.66],[152.24,-3.24],[151.82,-3.0]],[[154.76,-5.34],[154.652,-5.042],[154.514,-5.139],[154.729,-5.901],[155.167,-6.536],[155.6,-6.92],[155.88,-6.82],[156.02,-6.54],[155.548,-6.201],[155.063,-5.567],[154.76,-5.34]],[[156.902,-7.177],[157.339,-7.405],[157.538,-7.348],[157.14,-7.022],[156.543,-6.599],[156.491,-6.766],[156.902,-7.177]],[[158.211,-7.422],[158.586,-7.755],[159.134,-8.114],[159.917,-8.538],[159.875,-8.337],[159.64,-8.02],[158.82,-7.56],[158.36,-7.32],[158.211,-7.422]],[[160.788,-8.918],[161.529,-9.784],[161.68,-9.6],[161.28,-9.12],[160.92,-8.32],[160.58,-8.32],[160.788,-8.918]],[[159.64,-9.64],[159.849,-9.794],[160.463,-9.895],[160.852,-9.873],[160.689,-9.61],[160.363,-9.4],[159.703,-9.243],[159.64,-9.64]]]}},{"type":"Feature","properties":{"r":1},"geometry":{"type":"Polygon","coordinates":[[[151.856,-10.016],[151.943,-10.926],[151.389,-11.659],[150.478,-11.841],[150.0,-11.752],[150.0,-10.623],[150.028,-10.652],[150.691,-10.583],[150.802,-10.294],[150.0,-9.976],[150.0,-9.709],[150.039,-9.684],[150.0,-9.676],[150.0,-8.246],[151.856,-10.016]]]}},{"type":"Feature","properties":{"r":1},"geometry":{"type":"Polygon","coordinates":[[[156.79,51.011],[157.274,51.326],[158.994,51.326],[157.342,50.265],[156.885,50.188],[155.996,50.359],[155.512,50.862],[155.383,51.326],[156.622,51.326],[156.79,51.011]]]}},{"type":"Feature","properties":{"r":1},"geometry":{"type":"Polygon","coordinates":[[[151.338,59.504],[151.266,58.781],[152.812,58.884],[155.044,59.145],[154.218,59.758],[154.237,59.771],[155.848,59.771],[155.811,59.745],[156.317,59.279],[156.319,59.016],[155.759,58.584],[151.505,58.112],[150.6,58.197],[150.248,58.359],[150.028,58.575],[150.0,58.74],[150.0,59.635],[151.338,59.504]]]}},{"type":"Feature","properties":{"r":1},"geometry":{"type":"Polygon","coordinates":[[[160.151,59.315],[158.364,58.056],[156.81,57.832],[156.758,57.365],[155.914,56.768],[155.434,55.381],[155.992,53.159],[156.42,51.7],[156.622,51.326],[155.383,51.326],[154.157,55.521],[154.638,56.903],[155.627,58.117],[155.969,58.356],[156.47,58.494],[157.643,58.66],[159.531,59.771],[160.908,59.771],[160.151,59.315]]]}},{"type":"Feature","properties":{"r":1},"geometry":{"type":"Polygon","coordinates":[[[158.231,51.943],[158.531,52.959],[160.022,53.203],[160.369,54.344],[162.117,54.855],[161.701,55.286],[162.13,56.122],[163.058,56.159],[163.192,57.615],[162.053,57.839],[162.017,58.243],[163.217,59.211],[163.491,59.771],[164.492,59.771],[164.877,59.732],[164.965,59.771],[165.0,59.771],[165.0,59.378],[164.447,59.306],[163.502,58.29],[164.102,58.109],[164.403,57.868],[164.49,57.58],[164.249,55.868],[163.987,55.649],[163.1,55.375],[163.411,54.932],[163.36,54.634],[162.703,54.182],[161.534,53.835],[161.128,52.791],[160.8,52.574],[159.665,52.329],[159.389,51.577],[158.994,51.326],[157.274,51.326],[158.231,51.943]]]}},{"type":"Feature","properties":{"r":1},"geometry":{"type":"Polygon","coordinates":[[[156.721,61.435],[159.302,61.774],[160.122,60.544],[162.658,61.643],[163.258,62.466],[164.474,62.551],[163.67,61.141],[161.872,60.343],[160.908,59.771],[159.531,59.771],[159.808,59.931],[159.135,60.125],[158.446,61.015],[157.502,60.888],[155.848,59.771],[154.237,59.771],[156.721,61.435]]]}},{"type":"Feature","properties":{"r":1},"geometry":{"type":"Polygon","coordinates":[[[163.539,59.869],[164.492,59.771],[163.491,59.771],[163.539,59.869]]]}},{"type":"Feature","properties":{"r":1},"geometry":{"type":"Polygon","coordinates":[[[165.0,59.787],[165.0,59.771],[164.965,59.771],[165.0,59.787]]]}},{"type":"Feature","properties":{"r":1},"geometry":{"type":"Polygon","coordinates":[[[153.583,71.267],[158.982,71.288],[159.786,71.203],[161.085,70.567],[161.049,69.954],[161.296,69.897],[165.0,69.974],[165.0,69.57],[164.052,69.668],[162.279,69.642],[160.941,69.437],[159.709,69.722],[159.83,70.453],[158.998,70.867],[157.007,71.031],[152.969,70.842],[150.351,71.607],[150.049,71.82],[152.131,71.82],[153.583,71.267]]]}},{"type":"Feature","properties":{"r":1},"geometry":{"type":"Polygon","coordinates":[[[150.194,72.533],[152.131,71.82],[150.049,71.82],[150.0,71.854],[150.0,72.548],[150.194,72.533]]]}},{"type":"Feature","properties":{"r":1},"geometry":{"type":"Polygon","coordinates":[[[151.185,75.395],[151.918,75.22],[152.031,75.092],[151.665,74.849],[150.0,74.647],[150.0,74.835],[150.732,75.084],[150.0,75.161],[150.0,75.505],[151.185,75.395]]]}},{"type":"Feature","properties":{"r":1},"geometry":{"type":"Polygon","coordinates":[[[170.474,-83.739],[175.618,-84.194],[173.224,-84.414],[172.477,-84.118],[172.284,-84.041],[169.405,-83.826],[169.137,-83.573],[169.816,-83.573],[170.474,-83.739]]]}},{"type":"Feature","properties":{"r":1},"geometry":{"type":"Polygon","coordinates":[[[178.277,-84.473],[177.187,-84.325],[180.0,-84.555],[180.0,-84.713],[178.277,-84.473]]]}},{"type":"Feature","properties":{"r":1},"geometry":{"type":"Polygon","coordinates":[[[169.816,-83.573],[169.137,-83.573],[168.896,-83.336],[166.604,-83.022],[165.096,-82.709],[165.0,-82.688],[165.0,-82.214],[169.816,-83.573]]]}},{"type":"Feature","properties":{"r":1},"geometry":{"type":"Polygon","coordinates":[[[165.0,-79.177],[165.0,-79.171],[165.07,-79.171],[165.0,-79.177]]]}},{"type":"Feature","properties":{"r":1},"geometry":{"type":"Polygon","coordinates":[[[165.0,-76.203],[165.0,-75.959],[165.348,-75.959],[165.0,-76.203]]]}},{"type":"Feature","properties":{"r":1},"geometry":{"type":"Polygon","coordinates":[[[165.94,-78.063],[168.015,-78.592],[168.293,-78.769],[168.172,-78.858],[167.49,-78.983],[165.07,-79.171],[165.0,-79.171],[165.0,-78.935],[165.194,-78.907],[166.996,-78.751],[166.604,-78.32],[165.0,-78.202],[165.0,-77.226],[165.94,-78.063]]]}},{"type":"Feature","properties":{"r":1},"geometry":{"type":"Polygon","coordinates":[[[170.535,-73.758],[170.115,-73.936],[167.205,-74.587],[165.348,-75.959],[165.0,-75.959],[165.0,-75.123],[165.644,-74.773],[166.095,-74.381],[167.387,-74.165],[167.975,-73.813],[169.287,-73.656],[169.757,-73.245],[170.11,-72.892],[170.56,-72.441],[171.089,-72.088],[171.17,-71.82],[172.446,-71.82],[170.535,-73.758]]]}},{"type":"Feature","properties":{"r":1},"geometry":{"type":"Polygon","coordinates":[[[167.482,-70.407],[168.047,-70.48],[172.315,-71.482],[172.495,-71.642],[172.455,-71.81],[172.446,-71.82],[171.17,-71.82],[171.207,-71.696],[170.502,-71.403],[169.464,-71.207],[168.426,-70.971],[167.309,-70.834],[166.114,-70.756],[165.0,-70.774],[165.0,-70.295],[167.482,-70.407]]]}},{"type":"Feature","properties":{"r":1},"geometry":{"type":"Polygon","coordinates":[[[177.209,-41.671],[176.75,-42.089],[175.977,-42.483],[175.439,-42.64],[175.03,-42.619],[174.235,-43.442],[174.377,-43.79],[174.291,-44.193],[173.976,-44.529],[172.466,-44.978],[171.842,-46.21],[171.444,-46.602],[170.16,-47.325],[169.299,-47.526],[165.625,-46.513],[165.215,-45.938],[165.461,-45.314],[167.256,-43.569],[169.585,-42.346],[170.807,-40.98],[172.091,-40.98],[171.949,-41.514],[171.57,-41.767],[171.125,-42.513],[170.525,-43.032],[169.668,-43.555],[168.949,-43.936],[168.304,-44.124],[167.046,-45.111],[166.509,-45.853],[166.677,-46.22],[167.764,-46.29],[168.411,-46.62],[169.332,-46.641],[169.831,-46.356],[170.617,-45.909],[171.185,-44.897],[171.453,-44.243],[172.309,-43.866],[173.08,-43.853],[172.711,-43.372],[173.223,-42.97],[173.876,-42.233],[174.249,-41.77],[174.248,-41.349],[173.995,-40.98],[174.863,-40.98],[174.651,-41.282],[175.068,-41.426],[175.24,-41.688],[176.012,-41.29],[176.237,-40.98],[177.6,-40.98],[177.209,-41.671]]]}},{"type":"Feature","properties":{"r":1},"geometry":{"type":"Polygon","coordinates":[[[173.247,-41.332],[173.054,-40.98],[173.865,-40.98],[173.247,-41.332]]]}},{"type":"Feature","properties":{"r":1},"geometry":{"type":"Polygon","coordinates":[[[172.592,-39.188],[173.306,-38.405],[173.373,-37.628],[171.353,-34.699],[171.548,-33.94],[172.312,-33.485],[173.245,-33.578],[175.29,-34.547],[175.9,-35.58],[177.306,-36.78],[178.857,-36.696],[179.651,-37.19],[179.765,-37.982],[178.944,-39.831],[178.484,-40.086],[178.067,-40.146],[177.6,-40.98],[176.237,-40.98],[176.508,-40.605],[176.886,-40.066],[177.033,-39.88],[176.94,-39.45],[177.207,-39.146],[177.97,-39.166],[178.275,-38.583],[178.517,-37.695],[178.01,-37.58],[177.439,-37.961],[176.763,-37.881],[175.958,-37.555],[175.809,-36.799],[175.358,-36.526],[175.337,-37.209],[174.612,-36.156],[174.329,-35.266],[173.551,-35.006],[173.007,-34.451],[172.636,-34.529],[173.054,-35.237],[173.841,-36.122],[174.319,-36.535],[174.292,-36.711],[174.697,-37.381],[174.743,-38.028],[174.575,-38.798],[173.852,-39.147],[173.824,-39.509],[174.9,-39.909],[175.228,-40.459],[174.863,-40.98],[173.995,-40.98],[173.958,-40.927],[173.865,-40.98],[173.054,-40.98],[173.02,-40.919],[172.799,-40.494],[172.097,-40.956],[172.091,-40.98],[170.807,-40.98],[171.718,-39.942],[172.528,-39.528],[172.592,-39.188]]]}},{"type":"Feature","properties":{"r":1},"geometry":{"type":"Polygon","coordinates":[[[177.399,-16.18],[177.689,-15.746],[179.492,-14.914],[180.0,-14.911],[180.0,-16.067],[179.414,-16.379],[179.097,-16.434],[178.597,-16.639],[178.725,-17.012],[179.364,-16.801],[180.0,-16.555],[180.0,-17.878],[179.972,-17.891],[179.535,-18.958],[179.1,-19.268],[177.397,-19.395],[176.489,-19.06],[176.083,-18.221],[176.683,-16.573],[177.399,-16.18]],[[177.381,-18.164],[177.933,-18.288],[178.553,-18.151],[178.718,-17.628],[178.374,-17.34],[178.126,-17.505],[177.671,-17.381],[177.285,-17.725],[177.381,-18.164]]]}},{"type":"Feature","properties":{"r":1},"geometry":{"type":"Polygon","coordinates":[[[165.508,-15.857],[165.411,-14.832],[166.635,-14.832],[166.65,-15.393],[166.793,-15.669],[167.001,-15.615],[167.27,-15.74],[167.108,-14.934],[166.948,-14.832],[168.363,-14.832],[168.517,-15.355],[169.036,-15.966],[169.051,-16.93],[168.344,-17.614],[167.514,-17.84],[166.591,-17.472],[166.176,-16.749],[165.701,-16.346],[165.508,-15.857]],[[167.845,-16.466],[167.217,-15.892],[167.18,-16.16],[167.515,-16.598],[167.845,-16.466]]]}},{"type":"Feature","properties":{"r":1},"geometry":{"type":"Polygon","coordinates":[[[165.0,-22.746],[165.0,-21.29],[165.474,-21.68],[166.19,-22.13],[166.74,-22.4],[167.12,-22.16],[166.6,-21.7],[165.78,-21.08],[165.46,-20.8],[165.02,-20.46],[165.0,-20.448],[165.0,-19.174],[165.483,-19.318],[167.973,-21.248],[168.267,-21.592],[168.382,-22.447],[168.188,-22.844],[167.473,-23.389],[166.523,-23.58],[165.0,-22.746]]]}},{"type":"Feature","properties":{"r":1},"geometry":{"type":"Polygon","coordinates":[[[165.365,-14.335],[165.93,-13.563],[166.89,-13.391],[168.189,-14.236],[168.363,-14.832],[166.948,-14.832],[166.629,-14.626],[166.635,-14.832],[165.411,-14.832],[165.365,-14.335]]]}},{"type":"Feature","properties":{"r":1},"geometry":{"type":"Polygon","coordinates":[[[170.868,59.283],[169.857,59.269],[168.714,59.761],[166.494,59.136],[165.988,59.147],[165.25,59.41],[165.0,59.378],[165.0,59.771],[171.794,59.771],[170.868,59.283]]]}},{"type":"Feature","properties":{"r":1},"geometry":{"type":"Polygon","coordinates":[[[165.84,60.16],[166.295,59.789],[168.901,60.573],[170.331,59.882],[170.698,60.336],[172.15,60.95],[173.68,61.653],[174.569,61.769],[177.364,62.522],[179.228,62.304],[179.487,62.569],[179.37,62.983],[178.908,63.252],[178.313,64.076],[177.411,64.608],[178.707,64.535],[179.993,64.974],[180.0,64.98],[180.0,64.417],[179.188,64.275],[180.0,63.485],[180.0,62.023],[179.902,61.996],[174.41,61.114],[171.794,59.771],[165.0,59.771],[165.0,59.787],[165.84,60.16]]]}},{"type":"Feature","properties":{"r":1},"geometry":{"type":"Polygon","coordinates":[[[177.428,71.126],[177.797,71.391],[179.246,71.82],[180.0,71.82],[180.0,71.516],[178.725,71.099],[178.903,70.781],[180.0,70.832],[180.0,70.41],[179.816,70.405],[178.024,70.741],[177.48,70.978],[177.428,71.126]]]}},{"type":"Feature","properties":{"r":1},"geometry":{"type":"Polygon","coordinates":[[[167.758,70.031],[168.195,70.014],[168.841,69.862],[169.461,70.381],[170.288,70.531],[170.765,70.522],[178.912,69.84],[179.457,69.741],[180.0,69.559],[180.0,68.964],[178.6,69.4],[175.724,69.877],[173.644,69.818],[170.453,70.097],[170.008,69.653],[170.817,69.014],[169.578,68.694],[167.836,69.583],[165.94,69.472],[165.0,69.57],[165.0,69.974],[167.758,70.031]]]}},{"type":"Feature","properties":{"r":1},"geometry":{"type":"Polygon","coordinates":[[[179.492,71.891],[179.991,71.923],[180.0,71.922],[180.0,71.82],[179.246,71.82],[179.492,71.891]]]}},{"type":"Feature","properties":{"r":1},"geometry":{"type":"Polygon","coordinates":[[[180.0,-84.713],[180.0,-84.713],[180.0,-84.555],[180.0,-84.555],[180.0,-84.713]]]}},{"type":"Feature","properties":{"r":1},"geometry":{"type":"Polygon","coordinates":[[[180.0,-14.911],[180.0,-16.067],[180.0,-16.067],[180.0,-14.911],[180.0,-14.911]]]}},{"type":"Feature","properties":{"r":1},"geometry":{"type":"Polygon","coordinates":[[[180.0,-16.555],[180.0,-17.878],[180.0,-17.878],[180.0,-16.555],[180.0,-16.555]]]}},{"type":"Feature","properties":{"r":1},"geometry":{"type":"Polygon","coordinates":[[[180.0,64.98],[180.0,64.417],[180.0,64.417],[180.0,64.98],[180.0,64.98]]]}},{"type":"Feature","properties":{"r":1},"geometry":{"type":"Polygon","coordinates":[[[180.0,63.485],[180.0,62.023],[180.0,62.023],[180.0,63.485],[180.0,63.485]]]}},{"type":"Feature","properties":{"r":1},"geometry":{"type":"Polygon","coordinates":[[[180.0,71.516],[180.0,71.516],[180.0,71.82],[180.0,71.82],[180.0,71.516]]]}},{"type":"Feature","properties":{"r":1},"geometry":{"type":"Polygon","coordinates":[[[180.0,70.832],[180.0,70.41],[180.0,70.41],[180.0,70.832],[180.0,70.832]]]}},{"type":"Feature","properties":{"r":1},"geometry":{"type":"Polygon","coordinates":[[[180.0,69.559],[180.0,68.964],[180.0,68.964],[180.0,69.559],[180.0,69.559]]]}},{"type":"Feature","properties":{"r":1},"geometry":{"type":"Polygon","coordinates":[[[180.0,71.922],[180.0,71.82],[180.0,71.82],[180.0,71.922],[180.0,71.922]]]}},{"type":"Feature","properties":{"r":2},"geometry":{"type":"Polygon","coordinates":[[[-180.0,-84.051],[-180.0,-83.937],[-180.0,-83.937],[-180.0,-84.051],[-180.0,-84.051]]]}},{"type":"Feature","properties":{"r":2},"geometry":{"type":"Polygon","coordinates":[[[-180.0,-18.476],[-180.0,-17.664],[-180.0,-17.664],[-180.0,-18.476],[-180.0,-18.476]]]}},{"type":"Feature","properties":{"r":2},"geometry":{"type":"Polygon","coordinates":[[[-180.0,-14.881],[-180.0,-14.832],[-180.0,-14.832],[-180.0,-14.881],[-180.0,-14.881]]]}},{"type":"Feature","properties":{"r":2},"geometry":{"type":"Polygon","coordinates":[[[-180.0,-14.058],[-180.0,-14.058],[-180.0,-14.832],[-180.0,-14.832],[-180.0,-14.058]]]}},{"type":"Feature","properties":{"r":2},"geometry":{"type":"Polygon","coordinates":[[[-180.0,64.438],[-180.0,64.438],[-180.0,64.043],[-180.0,64.043],[-180.0,64.438]]]}},{"type":"Feature","properties":{"r":2},"geometry":{"type":"Polygon","coordinates":[[[-180.0,69.392],[-180.0,69.683],[-180.0,69.683],[-180.0,69.392],[-180.0,69.392]]]}},{"type":"Feature","properties":{"r":2},"geometry":{"type":"Polygon","coordinates":[[[-180.0,70.108],[-180.0,70.407],[-180.0,70.407],[-180.0,70.108],[-180.0,70.108]]]}},{"type":"Feature","properties":{"r":2},"geometry":{"type":"Polygon","coordinates":[[[-180.0,71.901],[-180.0,72.164],[-180.0,72.164],[-180.0,71.901],[-180.0,71.901]]]}},{"type":"Feature","properties":{"r":2},"geometry":{"type":"Polygon","coordinates":[[[-178.443,-83.92],[-176.12,-84.11],[-176.23,-84.143],[-176.406,-84.196],[-178.213,-84.038],[-178.695,-84.011],[-179.241,-84.006],[-179.754,-84.026],[-180.0,-84.051],[-180.0,-83.937],[-179.366,-83.913],[-178.443,-83.92]]]}},{"type":"Feature","properties":{"r":2},"geometry":{"type":"Polygon","coordinates":[[[-171.764,-83.75],[-171.141,-83.684],[-169.464,-83.652],[-168.079,-83.76],[-165.0,-84.28],[-165.0,-84.448],[-168.845,-83.811],[-169.663,-83.748],[-170.654,-83.767],[-171.023,-83.806],[-172.55,-84.041],[-172.889,-84.061],[-173.117,-84.118],[-173.158,-84.132],[-174.635,-84.348],[-175.215,-84.298],[-175.759,-84.139],[-174.81,-84.215],[-171.764,-83.75]]]}},{"type":"Feature","properties":{"r":2},"geometry":{"type":"Polygon","coordinates":[[[-165.913,-78.601],[-165.196,-78.083],[-165.0,-78.035],[-165.0,-78.591],[-165.013,-78.599],[-165.0,-78.606],[-165.0,-79.14],[-165.913,-78.601]]]}},{"type":"Feature","properties":{"r":2},"geometry":{"type":"Polygon","coordinates":[[[-177.946,-14.869],[-177.623,-15.672],[-178.141,-17.742],[-179.56,-18.572],[-180.0,-18.476],[-180.0,-17.664],[-179.706,-17.728],[-178.868,-17.236],[-178.511,-15.815],[-178.702,-15.341],[-179.072,-14.979],[-179.449,-14.832],[-177.984,-14.832],[-177.946,-14.869]]]}},{"type":"Feature","properties":{"r":2},"geometry":{"type":"Polygon","coordinates":[[[-180.0,-14.881],[-180.0,-14.832],[-179.766,-14.832],[-180.0,-14.881]]]}},{"type":"Feature","properties":{"r":2},"geometry":{"type":"Polygon","coordinates":[[[-177.984,-14.832],[-179.449,-14.832],[-179.561,-14.788],[-179.766,-14.832],[-180.0,-14.832],[-180.0,-14.058],[-179.4,-13.93],[-178.573,-14.254],[-177.984,-14.832]]]}},{"type":"Feature","properties":{"r":2},"geometry":{"type":"Polygon","coordinates":[[[-167.343,59.334],[-165.643,59.253],[-165.0,59.36],[-165.0,58.865],[-167.685,58.907],[-169.433,59.731],[-169.439,59.771],[-168.282,59.771],[-167.343,59.334]]]}},{"type":"Feature","properties":{"r":2},"geometry":{"type":"Polygon","coordinates":[[[-165.599,54.99],[-165.936,54.755],[-166.082,54.459],[-166.012,54.152],[-165.737,53.885],[-165.303,53.704],[-165.0,53.667],[-165.0,53.131],[-165.661,53.213],[-166.395,53.522],[-166.86,53.976],[-166.98,54.497],[-166.733,54.995],[-165.0,55.826],[-165.0,55.265],[-165.599,54.99]]]}},{"type":"Feature","properties":{"r":2},"geometry":{"type":"Polygon","coordinates":[[[-179.179,64.55],[-178.65,64.873],[-177.264,64.826],[-177.015,64.586],[-176.579,64.429],[-173.05,63.686],[-173.025,63.222],[-172.776,63.023],[-171.892,62.82],[-168.79,62.709],[-168.264,62.74],[-167.809,62.864],[-167.5,63.06],[-167.389,63.294],[-167.495,63.527],[-167.799,63.72],[-171.61,64.34],[-171.347,65.077],[-169.322,65.499],[-168.991,65.273],[-165.842,64.031],[-165.318,63.903],[-165.0,63.896],[-165.0,63.689],[-165.428,63.581],[-165.753,63.382],[-167.42,61.524],[-167.348,61.293],[-166.738,60.887],[-168.053,60.782],[-168.689,60.416],[-168.624,59.929],[-168.282,59.771],[-169.439,59.771],[-169.543,60.555],[-169.128,60.915],[-168.214,61.205],[-168.32,61.54],[-167.648,62.437],[-168.86,62.295],[-172.785,62.514],[-173.457,62.756],[-173.962,63.39],[-178.209,64.455],[-179.333,64.078],[-180.0,64.043],[-180.0,64.438],[-179.179,64.55]],[[-166.312,63.706],[-169.633,65.013],[-170.527,64.824],[-170.599,64.623],[-167.183,64.009],[-166.595,63.525],[-166.312,63.706]]]}},{"type":"Feature","properties":{"r":2},"geometry":{"type":"Polygon","coordinates":[[[-168.673,66.152],[-169.427,66.513],[-167.212,66.513],[-168.673,66.152]]]}},{"type":"Feature","properties":{"r":2},"geometry":{"type":"Polygon","coordinates":[[[-178.503,69.535],[-173.532,67.858],[-170.789,67.656],[-168.411,66.64],[-166.683,67.058],[-168.419,67.818],[-168.964,68.365],[-167.801,69.422],[-165.0,69.92],[-165.0,69.571],[-167.148,69.203],[-167.976,68.532],[-167.983,68.191],[-165.304,66.977],[-167.212,66.513],[-169.427,66.513],[-171.226,67.355],[-173.98,67.537],[-179.54,69.396],[-180.0,69.392],[-180.0,69.683],[-179.221,69.69],[-178.503,69.535]]]}},{"type":"Feature","properties":{"r":2},"geometry":{"type":"Polygon","coordinates":[[[-175.762,71.664],[-175.415,71.398],[-175.437,71.106],[-175.823,70.839],[-176.509,70.642],[-178.931,70.191],[-179.798,70.1],[-180.0,70.108],[-180.0,70.407],[-179.881,70.403],[-179.368,70.456],[-176.946,70.901],[-176.541,71.016],[-176.313,71.173],[-176.3,71.346],[-176.505,71.504],[-178.076,71.82],[-176.531,71.82],[-175.762,71.664]]]}},{"type":"Feature","properties":{"r":2},"geometry":{"type":"Polygon","coordinates":[[[-176.531,71.82],[-178.076,71.82],[-178.749,71.953],[-180.0,71.901],[-180.0,72.164],[-178.558,72.224],[-176.531,71.82]]]}},{"type":"Feature","properties":{"r":2},"geometry":{"type":"Polygon","coordinates":[[[-154.881,-83.676],[-154.783,-83.744],[-154.403,-83.799],[-150.407,-84.138],[-150.097,-84.28],[-154.969,-83.874],[-155.612,-83.782],[-155.777,-83.667],[-155.701,-83.573],[-154.798,-83.573],[-154.881,-83.676]]]}},{"type":"Feature","properties":{"r":2},"geometry":{"type":"Polygon","coordinates":[[[-160.945,-84.898],[-160.635,-84.975],[-160.659,-85.0],[-161.542,-85.0],[-161.528,-84.985],[-161.711,-84.94],[-165.0,-84.448],[-165.0,-84.28],[-160.945,-84.898]]]}},{"type":"Feature","properties":{"r":2},"geometry":{"type":"Polygon","coordinates":[[[-154.138,-82.099],[-153.969,-82.452],[-154.798,-83.573],[-155.701,-83.573],[-154.872,-82.451],[-155.022,-82.138],[-157.14,-81.655],[-156.081,-81.655],[-154.138,-82.099]]]}},{"type":"Feature","properties":{"r":2},"geometry":{"type":"Polygon","coordinates":[[[-156.483,-79.178],[-156.145,-79.255],[-155.669,-79.3],[-150.399,-79.562],[-150.0,-79.69],[-150.0,-80.015],[-151.0,-79.7],[-155.905,-79.46],[-156.709,-79.385],[-157.257,-79.261],[-157.049,-79.573],[-157.422,-79.729],[-158.123,-79.84],[-159.024,-79.889],[-163.189,-79.659],[-164.0,-79.566],[-164.512,-79.418],[-164.946,-79.171],[-164.011,-79.171],[-163.665,-79.362],[-163.362,-79.451],[-162.883,-79.506],[-161.241,-79.604],[-161.128,-79.634],[-160.949,-79.622],[-159.099,-79.731],[-158.567,-79.701],[-158.153,-79.635],[-157.932,-79.542],[-157.945,-79.441],[-158.321,-79.171],[-156.499,-79.171],[-156.483,-79.178]]]}},{"type":"Feature","properties":{"r":2},"geometry":{"type":"Polygon","coordinates":[[[-151.218,-81.111],[-151.721,-81.092],[-152.098,-81.004],[-152.783,-81.051],[-156.523,-80.905],[-157.512,-80.929],[-158.102,-81.055],[-157.943,-81.207],[-156.081,-81.655],[-157.14,-81.655],[-158.708,-81.279],[-158.977,-81.022],[-157.979,-80.806],[-157.168,-80.759],[-151.612,-80.951],[-150.0,-80.567],[-150.0,-80.827],[-151.218,-81.111]]]}},{"type":"Feature","properties":{"r":2},"geometry":{"type":"Polygon","coordinates":[[[-159.348,-76.435],[-157.684,-76.406],[-151.764,-76.852],[-150.0,-76.535],[-150.0,-76.799],[-151.588,-77.078],[-157.963,-76.606],[-158.946,-76.623],[-159.344,-76.694],[-159.663,-76.907],[-159.349,-78.042],[-156.499,-79.171],[-158.321,-79.171],[-159.146,-78.557],[-162.722,-77.967],[-163.703,-77.985],[-164.096,-78.05],[-165.0,-78.591],[-165.0,-78.035],[-164.116,-77.818],[-163.301,-77.768],[-161.709,-77.871],[-160.13,-78.141],[-160.561,-76.919],[-160.447,-76.727],[-159.348,-76.435]]]}},{"type":"Feature","properties":{"r":2},"geometry":{"type":"Polygon","coordinates":[[[-165.0,-79.14],[-165.0,-78.606],[-164.011,-79.171],[-164.946,-79.171],[-165.0,-79.14]]]}},{"type":"Feature","properties":{"r":2},"geometry":{"type":"Polygon","coordinates":[[[-155.69,22.959],[-154.438,22.209],[-152.694,19.943],[-152.886,18.482],[-153.376,17.891],[-155.16,17.103],[-156.829,17.148],[-157.984,18.297],[-158.134,19.215],[-160.573,20.109],[-161.53,20.8],[-161.909,21.481],[-161.769,22.972],[-161.271,23.574],[-160.132,24.111],[-158.559,24.097],[-157.711,23.504],[-155.69,22.959]],[[-161.046,21.721],[-160.823,21.319],[-160.119,20.837],[-159.167,20.71],[-157.51,19.907],[-157.227,19.66],[-157.147,18.609],[-156.464,17.933],[-155.477,17.906],[-153.971,18.532],[-153.682,18.88],[-153.568,19.743],[-154.152,20.682],[-154.772,21.119],[-155.075,21.62],[-156.127,22.233],[-158.222,22.776],[-158.889,23.33],[-159.818,23.339],[-160.669,22.959],[-160.964,22.602],[-161.046,21.721]]]}},{"type":"Feature","properties":{"r":2},"geometry":{"type":"Polygon","coordinates":[[[-164.85,59.385],[-164.033,59.147],[-163.231,59.078],[-163.184,58.431],[-162.896,58.195],[-162.452,58.038],[-161.926,57.99],[-160.607,58.259],[-159.96,57.93],[-159.342,57.767],[-165.0,55.265],[-165.0,55.826],[-161.154,57.607],[-162.786,57.593],[-163.538,57.861],[-164.025,58.263],[-164.153,58.686],[-164.862,58.863],[-165.0,58.865],[-165.0,59.36],[-164.85,59.385]]]}},{"type":"Feature","properties":{"r":2},"geometry":{"type":"Polygon","coordinates":[[[-164.783,53.641],[-164.263,53.705],[-157.911,55.322],[-155.35,56.616],[-154.888,56.208],[-154.492,56.068],[-154.033,56.015],[-153.165,56.187],[-151.301,57.056],[-150.851,57.505],[-151.084,57.994],[-152.255,58.452],[-152.175,58.534],[-151.194,58.54],[-150.0,58.813],[-150.0,58.3],[-150.314,58.227],[-150.0,57.539],[-150.0,57.375],[-150.206,57.026],[-152.583,55.803],[-154.053,55.509],[-155.508,55.845],[-157.55,54.851],[-163.902,53.215],[-164.781,53.104],[-165.0,53.131],[-165.0,53.667],[-164.783,53.641]]]}},{"type":"Feature","properties":{"r":2},"geometry":{"type":"Polygon","coordinates":[[[-164.718,63.891],[-162.585,64.069],[-162.45,63.953],[-163.395,63.666],[-164.947,63.702],[-165.0,63.689],[-165.0,63.896],[-164.718,63.891]]]}},{"type":"Feature","properties":{"r":2},"geometry":{"type":"Polygon","coordinates":[[[-164.832,69.949],[-163.914,70.635],[-163.021,70.962],[-158.135,71.82],[-154.919,71.82],[-153.357,71.371],[-150.0,71.197],[-150.0,70.913],[-153.761,71.098],[-155.706,71.663],[-156.178,71.749],[-156.72,71.767],[-157.238,71.713],[-162.566,70.707],[-163.094,70.512],[-164.152,69.715],[-165.0,69.571],[-165.0,69.92],[-164.832,69.949]]]}},{"type":"Feature","properties":{"r":2},"geometry":{"type":"Polygon","coordinates":[[[-156.817,72.045],[-155.898,72.015],[-155.1,71.871],[-154.919,71.82],[-158.135,71.82],[-156.817,72.045]]]}},{"type":"Feature","properties":{"r":2},"geometry":{"type":"Polygon","coordinates":[[[-147.846,-84.458],[-146.829,-84.531],[-145.27,-84.547],[-144.218,-84.627],[-144.296,-85.0],[-145.145,-85.0],[-145.136,-84.666],[-147.846,-84.458]]]}},{"type":"Feature","properties":{"r":2},"geometry":{"type":"Polygon","coordinates":[[[-147.943,-80.327],[-150.0,-80.827],[-150.0,-80.567],[-148.999,-80.32],[-150.0,-80.015],[-150.0,-79.69],[-147.943,-80.327]]]}},{"type":"Feature","properties":{"r":2},"geometry":{"type":"Polygon","coordinates":[[[-148.328,-76.229],[-148.313,-75.959],[-147.452,-75.959],[-147.418,-76.331],[-150.0,-76.799],[-150.0,-76.535],[-148.328,-76.229]]]}},{"type":"Feature","properties":{"r":2},"geometry":{"type":"Polygon","coordinates":[[[-148.273,-75.192],[-147.244,-74.883],[-145.09,-74.634],[-144.198,-74.663],[-143.43,-74.783],[-136.232,-73.766],[-135.122,-73.697],[-135.0,-73.698],[-135.0,-73.949],[-135.16,-73.947],[-135.816,-73.988],[-143.697,-75.083],[-144.033,-74.957],[-144.489,-74.887],[-145.016,-74.87],[-146.818,-75.089],[-147.187,-75.165],[-147.502,-75.388],[-147.452,-75.959],[-148.313,-75.959],[-148.273,-75.192]]]}},{"type":"Feature","properties":{"r":2},"geometry":{"type":"Polygon","coordinates":[[[-147.495,59.377],[-147.043,59.545],[-146.795,59.771],[-144.811,59.771],[-140.515,58.952],[-137.096,57.568],[-135.0,57.463],[-135.0,56.59],[-135.41,56.988],[-137.419,57.114],[-140.962,58.54],[-146.064,59.522],[-147.134,58.955],[-150.0,58.3],[-150.0,58.813],[-147.495,59.377]]]}},{"type":"Feature","properties":{"r":2},"geometry":{"type":"Polygon","coordinates":[[[-135.063,52.872],[-135.258,54.591],[-135.0,54.834],[-135.0,52.832],[-135.063,52.872]]]}},{"type":"Feature","properties":{"r":2},"geometry":{"type":"Polygon","coordinates":[[[-149.958,57.446],[-150.0,57.375],[-150.0,57.539],[-149.958,57.446]]]}},{"type":"Feature","properties":{"r":2},"geometry":{"type":"Polygon","coordinates":[[[-146.772,59.793],[-146.75,60.134],[-144.811,59.771],[-146.795,59.771],[-146.772,59.793]]]}},{"type":"Feature","properties":{"r":2},"geometry":{"type":"Polygon","coordinates":[[[-142.596,70.808],[-136.549,69.776],[-135.0,70.07],[-135.0,69.717],[-136.53,69.421],[-143.395,70.584],[-150.0,70.913],[-150.0,71.197],[-142.596,70.808]]]}},{"type":"Feature","properties":{"r":2},"geometry":{"type":"Polygon","coordinates":[[[-129.194,-73.767],[-129.473,-73.52],[-129.36,-73.254],[-128.868,-73.022],[-127.462,-72.658],[-125.827,-72.638],[-124.26,-72.982],[-122.921,-72.7],[-120.0,-72.798],[-120.0,-73.058],[-122.711,-72.958],[-123.504,-73.123],[-123.804,-73.443],[-125.701,-72.962],[-126.613,-72.868],[-127.495,-72.984],[-128.219,-73.203],[-128.51,-73.339],[-128.577,-73.496],[-128.409,-73.646],[-128.035,-73.761],[-126.528,-74.048],[-135.0,-73.949],[-135.0,-73.698],[-129.194,-73.767]]]}},{"type":"Feature","properties":{"r":2},"geometry":{"type":"Polygon","coordinates":[[[-122.592,-74.094],[-123.002,-74.089],[-122.903,-74.038],[-122.592,-74.094]]]}},{"type":"Feature","properties":{"r":2},"geometry":{"type":"Polygon","coordinates":[[[-125.697,40.273],[-125.549,39.851],[-121.774,34.11],[-121.035,33.588],[-120.0,33.299],[-120.0,32.521],[-122.049,33.218],[-122.571,33.763],[-126.346,39.529],[-126.52,40.98],[-125.735,40.98],[-125.697,40.273]]]}},{"type":"Feature","properties":{"r":2},"geometry":{"type":"Polygon","coordinates":[[[-128.883,51.3],[-129.615,50.898],[-129.744,50.564],[-129.647,50.224],[-126.55,48.201],[-125.954,47.989],[-125.22,45.507],[-125.832,42.727],[-125.735,40.98],[-126.52,40.98],[-126.731,42.7],[-126.135,45.495],[-126.76,47.617],[-129.96,49.514],[-130.479,50.004],[-130.53,50.875],[-132.144,50.952],[-132.703,51.326],[-128.89,51.326],[-128.883,51.3]]]}},{"type":"Feature","properties":{"r":2},"geometry":{"type":"Polygon","coordinates":[[[-134.865,57.456],[-133.49,56.121],[-133.246,55.366],[-132.812,54.913],[-133.653,54.873],[-134.116,54.694],[-134.408,54.419],[-134.474,54.096],[-134.241,53.094],[-131.749,51.458],[-131.285,51.379],[-130.379,51.548],[-130.061,51.772],[-129.9,52.141],[-129.025,51.814],[-128.89,51.326],[-132.703,51.326],[-135.0,52.832],[-135.0,54.834],[-134.765,55.054],[-134.138,55.293],[-134.348,55.948],[-135.0,56.59],[-135.0,57.463],[-134.865,57.456]]]}},{"type":"Feature","properties":{"r":2},"geometry":{"type":"Polygon","coordinates":[[[-130.687,53.162],[-130.646,53.321],[-130.547,53.247],[-130.489,52.981],[-130.687,53.162]]]}},{"type":"Feature","properties":{"r":2},"geometry":{"type":"Polygon","coordinates":[[[-130.859,70.836],[-129.852,70.916],[-128.84,71.169],[-127.963,71.203],[-127.114,71.124],[-125.84,70.703],[-125.683,70.753],[-127.958,71.602],[-128.112,71.82],[-127.142,71.82],[-127.128,71.712],[-124.041,70.609],[-123.561,70.501],[-122.987,70.473],[-122.435,70.531],[-120.0,71.02],[-120.0,70.015],[-121.412,70.242],[-123.103,70.052],[-123.269,70.36],[-123.606,70.498],[-124.082,70.58],[-124.615,70.59],[-125.117,70.529],[-125.851,70.231],[-127.129,70.756],[-127.533,70.865],[-128.035,70.912],[-128.553,70.891],[-129.004,70.805],[-129.401,70.607],[-129.944,70.627],[-130.424,70.576],[-135.0,69.717],[-135.0,70.07],[-130.859,70.836]],[[-120.461,70.462],[-120.151,70.408],[-120.396,70.582],[-120.837,70.496],[-120.461,70.462]]]}},{"type":"Feature","properties":{"r":2},"geometry":{"type":"Polygon","coordinates":[[[-128.127,71.84],[-126.292,73.647],[-127.118,74.289],[-126.943,74.524],[-126.437,74.718],[-125.681,74.842],[-124.8,74.877],[-120.0,74.809],[-120.0,74.562],[-125.369,74.619],[-125.815,74.545],[-126.115,74.43],[-126.218,74.29],[-125.33,73.66],[-127.165,71.993],[-127.142,71.82],[-128.112,71.82],[-128.127,71.84]]]}},{"type":"Feature","properties":{"r":2},"geometry":{"type":"Polygon","coordinates":[[[-123.091,75.582],[-123.929,75.648],[-124.91,75.959],[-123.863,75.959],[-123.489,75.842],[-122.477,75.815],[-120.53,75.959],[-120.0,75.959],[-120.0,75.78],[-123.091,75.582]]]}},{"type":"Feature","properties":{"r":2},"geometry":{"type":"Polygon","coordinates":[[[-124.983,75.982],[-124.731,76.39],[-120.98,77.758],[-120.374,77.895],[-120.0,77.929],[-120.0,77.691],[-123.964,76.279],[-124.113,76.037],[-123.863,75.959],[-124.91,75.959],[-124.983,75.982]]]}},{"type":"Feature","properties":{"r":2},"geometry":{"type":"Polygon","coordinates":[[[-120.0,75.998],[-120.0,75.959],[-120.53,75.959],[-120.0,75.998]]]}},{"type":"Feature","properties":{"r":2},"geometry":{"type":"Polygon","coordinates":[[[-118.4,-72.851],[-117.567,-72.941],[-116.923,-73.119],[-116.57,-73.383],[-114.903,-73.15],[-113.191,-73.125],[-112.445,-73.257],[-111.362,-73.822],[-109.9,-73.949],[-106.733,-74.625],[-105.0,-74.655],[-105.0,-74.892],[-107.071,-74.856],[-110.457,-74.144],[-111.358,-74.068],[-111.876,-74.113],[-112.758,-73.565],[-113.499,-73.369],[-114.511,-73.384],[-118.115,-73.875],[-117.45,-73.555],[-117.451,-73.406],[-117.66,-73.268],[-118.041,-73.164],[-118.533,-73.112],[-120.0,-73.058],[-120.0,-72.798],[-118.4,-72.851]]]}},{"type":"Feature","properties":{"r":2},"geometry":{"type":"Polygon","coordinates":[[[-105.855,-72.515],[-105.583,-72.284],[-105.0,-72.136],[-105.0,-73.799],[-105.855,-72.515]]]}},{"type":"Feature","properties":{"r":2},"geometry":{"type":"Polygon","coordinates":[[[-116.039,28.455],[-116.288,28.087],[-116.348,27.601],[-116.174,27.135],[-113.545,25.365],[-113.357,24.233],[-113.089,23.89],[-110.938,21.962],[-110.441,21.681],[-109.861,21.63],[-109.316,21.819],[-108.385,22.477],[-108.168,22.997],[-107.081,22.04],[-106.612,21.208],[-106.78,20.121],[-106.622,19.34],[-105.0,17.993],[-105.0,16.916],[-107.404,18.918],[-107.654,19.56],[-107.545,21.059],[-107.991,21.692],[-109.744,20.798],[-110.724,20.885],[-113.716,23.299],[-114.171,23.882],[-114.406,24.915],[-116.949,26.727],[-117.243,27.517],[-117.143,28.329],[-117.352,28.716],[-116.309,28.716],[-116.039,28.455]]]}},{"type":"Feature","properties":{"r":2},"geometry":{"type":"Polygon","coordinates":[[[-119.21,33.078],[-118.384,32.41],[-116.711,29.104],[-116.309,28.716],[-117.352,28.716],[-119.138,31.966],[-119.688,32.414],[-120.0,32.521],[-120.0,33.299],[-119.21,33.078]]]}},{"type":"Feature","properties":{"r":2},"geometry":{"type":"Polygon","coordinates":[[[-119.553,71.108],[-119.73,70.883],[-119.608,70.727],[-119.08,70.355],[-118.489,70.152],[-118.629,69.901],[-118.508,69.773],[-120.0,70.015],[-120.0,71.02],[-119.553,71.108]]]}},{"type":"Feature","properties":{"r":2},"geometry":{"type":"Polygon","coordinates":[[[-119.121,74.797],[-119.77,75.023],[-119.909,75.239],[-119.007,75.843],[-120.0,75.78],[-120.0,75.959],[-117.807,75.959],[-118.897,75.357],[-118.927,75.105],[-118.252,74.918],[-115.041,74.859],[-115.138,74.643],[-114.947,74.527],[-112.963,74.127],[-112.381,74.067],[-111.764,74.087],[-105.854,74.687],[-105.374,74.771],[-105.078,74.9],[-105.0,74.972],[-105.0,74.558],[-105.536,74.463],[-111.446,73.854],[-112.491,73.819],[-114.589,74.136],[-113.616,73.768],[-112.699,73.572],[-111.231,73.469],[-108.947,73.694],[-108.388,73.925],[-106.039,74.21],[-105.0,74.203],[-105.0,73.974],[-105.72,73.979],[-107.4,73.803],[-108.084,73.635],[-108.22,73.456],[-108.777,73.447],[-109.437,73.307],[-110.258,73.325],[-110.682,73.267],[-111.165,73.099],[-111.88,73.296],[-112.431,73.332],[-113.03,73.292],[-113.455,73.434],[-114.275,73.587],[-116.541,74.406],[-116.962,74.498],[-117.486,74.536],[-120.0,74.562],[-120.0,74.809],[-119.121,74.797]],[[-116.198,74.634],[-116.016,74.595],[-116.022,74.632],[-116.198,74.634]]]}},{"type":"Feature","properties":{"r":2},"geometry":{"type":"Polygon","coordinates":[[[-119.562,77.969],[-116.657,78.097],[-115.104,78.047],[-114.321,78.158],[-114.74,78.428],[-113.495,79.028],[-112.919,79.171],[-112.91,79.171],[-110.323,79.171],[-108.413,78.954],[-107.521,78.7],[-107.484,78.542],[-108.181,78.281],[-107.697,78.085],[-108.045,77.59],[-108.344,77.439],[-109.232,77.276],[-107.582,77.126],[-106.811,76.986],[-106.123,76.479],[-105.0,76.423],[-105.0,76.19],[-105.133,76.225],[-105.651,76.276],[-106.825,76.233],[-107.276,76.739],[-107.522,76.861],[-107.977,76.945],[-109.477,77.087],[-109.958,77.075],[-110.705,76.943],[-111.792,76.457],[-111.621,76.261],[-115.146,76.77],[-114.966,77.734],[-115.195,77.821],[-115.999,77.917],[-119.855,77.74],[-120.0,77.691],[-120.0,77.929],[-119.562,77.969]],[[-112.461,76.642],[-111.482,77.045],[-110.596,77.223],[-114.063,77.28],[-114.131,76.892],[-112.461,76.642]],[[-113.109,78.17],[-112.126,78.158],[-109.247,78.356],[-108.527,78.476],[-108.397,78.66],[-108.589,78.746],[-110.761,79.055],[-111.281,79.095],[-111.841,79.09],[-112.338,79.041],[-112.679,78.955],[-113.841,78.42],[-113.767,78.32],[-113.109,78.17]],[[-114.501,77.546],[-113.598,77.453],[-112.182,77.438],[-112.051,77.409],[-111.887,77.435],[-110.251,77.417],[-109.405,77.474],[-108.921,77.634],[-108.579,78.049],[-108.798,78.153],[-109.205,78.228],[-109.729,78.262],[-110.274,78.25],[-114.395,77.937],[-114.832,77.748],[-114.501,77.546]]]}},{"type":"Feature","properties":{"r":2},"geometry":{"type":"Polygon","coordinates":[[[-106.025,77.964],[-106.804,78.079],[-107.278,78.248],[-107.356,78.441],[-106.67,78.726],[-107.54,79.151],[-107.558,79.171],[-106.615,79.171],[-105.664,78.706],[-106.464,78.416],[-106.418,78.303],[-106.138,78.203],[-105.678,78.136],[-105.0,78.078],[-105.0,77.875],[-106.025,77.964]]]}},{"type":"Feature","properties":{"r":2},"geometry":{"type":"Polygon","coordinates":[[[-117.377,76.19],[-117.807,75.959],[-120.0,75.959],[-120.0,75.998],[-117.377,76.19]]]}},{"type":"Feature","properties":{"r":2},"geometry":{"type":"Polygon","coordinates":[[[-112.078,79.253],[-111.129,79.262],[-110.323,79.171],[-112.91,79.171],[-112.078,79.253]]]}},{"type":"Feature","properties":{"r":2},"geometry":{"type":"Polygon","coordinates":[[[-107.691,79.316],[-107.477,79.476],[-106.935,79.606],[-106.153,79.684],[-105.262,79.7],[-105.0,79.676],[-105.0,79.518],[-105.356,79.539],[-105.883,79.529],[-106.345,79.482],[-106.665,79.405],[-106.791,79.31],[-106.703,79.213],[-106.615,79.171],[-107.558,79.171],[-107.691,79.316]]]}},{"type":"Feature","properties":{"r":2},"geometry":{"type":"Polygon","coordinates":[[[-103.623,-74.68],[-104.695,-74.235],[-105.0,-73.799],[-105.0,-72.136],[-104.469,-72.001],[-104.391,-71.82],[-103.565,-71.82],[-103.625,-71.856],[-103.579,-72.007],[-102.999,-72.281],[-103.593,-72.226],[-104.492,-72.311],[-104.966,-72.557],[-104.951,-72.7],[-103.815,-74.182],[-103.536,-74.336],[-101.578,-74.952],[-105.0,-74.892],[-105.0,-74.655],[-103.623,-74.68]]]}},{"type":"Feature","properties":{"r":2},"geometry":{"type":"Polygon","coordinates":[[[-94.102,-72.321],[-94.006,-72.569],[-94.411,-72.883],[-91.76,-72.753],[-90.906,-72.128],[-90.0,-71.98],[-90.0,-72.27],[-90.219,-72.305],[-91.076,-72.988],[-96.15,-73.232],[-98.603,-72.897],[-95.738,-72.882],[-95.03,-72.69],[-94.961,-72.403],[-95.653,-71.82],[-94.616,-71.82],[-94.102,-72.321]]]}},{"type":"Feature","properties":{"r":2},"geometry":{"type":"Polygon","coordinates":[[[-104.29,-71.581],[-103.072,-71.239],[-96.713,-71.259],[-95.842,-71.327],[-95.128,-71.5],[-94.69,-71.747],[-94.616,-71.82],[-95.653,-71.82],[-95.807,-71.687],[-96.229,-71.586],[-96.744,-71.546],[-102.286,-71.486],[-103.189,-71.588],[-103.565,-71.82],[-104.391,-71.82],[-104.29,-71.581]]]}},{"type":"Feature","properties":{"r":2},"geometry":{"type":"Polygon","coordinates":[[[-97.037,14.487],[-96.178,14.453],[-94.908,14.828],[-91.964,12.883],[-90.0,12.481],[-90.0,11.589],[-92.47,12.156],[-95.058,13.872],[-96.648,13.526],[-97.37,13.676],[-100.371,14.832],[-97.934,14.832],[-97.037,14.487]]]}},{"type":"Feature","properties":{"r":2},"geometry":{"type":"Polygon","coordinates":[[[-103.981,17.142],[-97.934,14.832],[-100.371,14.832],[-104.313,16.341],[-105.0,16.916],[-105.0,17.993],[-103.981,17.142]]]}},{"type":"Feature","properties":{"r":2},"geometry":{"type":"Polygon","coordinates":[[[-90.964,22.028],[-91.534,21.316],[-91.844,20.24],[-94.33,19.47],[-95.016,19.786],[-96.018,21.184],[-96.529,22.534],[-95.863,25.643],[-96.01,27.071],[-95.707,27.435],[-93.609,28.52],[-90.391,27.995],[-90.0,28.044],[-90.0,27.268],[-90.555,27.211],[-93.444,27.685],[-95.067,26.841],[-94.979,25.487],[-95.598,22.597],[-95.206,21.562],[-94.264,20.381],[-92.587,20.898],[-92.044,22.221],[-91.438,22.735],[-90.0,23.026],[-90.0,22.212],[-90.964,22.028]]]}},{"type":"Feature","properties":{"r":2},"geometry":{"type":"Polygon","coordinates":[[[-90.223,57.88],[-90.709,57.973],[-91.398,57.935],[-92.171,59.181],[-92.509,59.343],[-93.26,59.47],[-93.192,59.771],[-92.257,59.771],[-91.448,59.455],[-90.736,58.438],[-90.0,58.325],[-90.0,57.808],[-90.223,57.88]]]}},{"type":"Feature","properties":{"r":2},"geometry":{"type":"Polygon","coordinates":[[[-92.973,60.726],[-92.096,61.645],[-90.0,62.533],[-90.0,61.928],[-91.362,61.379],[-92.096,60.606],[-92.284,59.782],[-92.257,59.771],[-93.192,59.771],[-92.973,60.726]]]}},{"type":"Feature","properties":{"r":2},"geometry":{"type":"Polygon","coordinates":[[[-99.261,70.97],[-98.442,70.852],[-97.712,70.914],[-97.739,70.543],[-98.501,70.57],[-98.929,70.51],[-99.77,70.172],[-100.148,70.363],[-103.266,71.217],[-103.596,71.82],[-101.937,71.82],[-99.261,70.97]],[[-102.436,71.371],[-99.774,70.649],[-99.618,70.698],[-102.553,71.585],[-102.436,71.371]]]}},{"type":"Feature","properties":{"r":2},"geometry":{"type":"Polygon","coordinates":[[[-91.182,71.182],[-90.715,70.901],[-90.782,70.748],[-91.67,71.472],[-92.054,71.638],[-92.761,71.82],[-91.379,71.82],[-91.182,71.182]]]}},{"type":"Feature","properties":{"r":2},"geometry":{"type":"Polygon","coordinates":[[[-90.419,69.956],[-90.225,70.152],[-90.424,70.448],[-90.0,70.282],[-90.0,69.887],[-90.419,69.956]]]}},{"type":"Feature","properties":{"r":2},"geometry":{"type":"Polygon","coordinates":[[[-101.314,68.146],[-102.367,68.279],[-101.849,68.327],[-101.447,68.442],[-100.817,69.115],[-99.291,68.787],[-99.795,68.551],[-99.826,68.211],[-101.314,68.146]]]}},{"type":"Feature","properties":{"r":2},"geometry":{"type":"Polygon","coordinates":[[[-103.802,75.557],[-103.463,75.344],[-98.752,74.697],[-98.265,74.661],[-97.7,74.685],[-94.718,74.278],[-94.196,74.243],[-93.668,74.269],[-93.223,74.35],[-92.878,74.515],[-90.392,74.208],[-95.49,74.22],[-95.94,74.199],[-96.616,74.043],[-97.249,74.118],[-100.684,74.19],[-101.426,74.048],[-102.61,73.57],[-102.799,73.452],[-102.711,73.2],[-103.292,73.127],[-103.646,72.999],[-103.78,72.837],[-103.701,72.36],[-101.937,71.82],[-103.596,71.82],[-104.088,72.682],[-103.2,73.424],[-103.571,73.678],[-104.742,73.972],[-105.0,73.974],[-105.0,74.203],[-104.383,74.199],[-102.974,73.867],[-101.618,74.338],[-100.911,74.426],[-97.523,74.371],[-99.161,74.485],[-103.837,75.133],[-104.723,74.607],[-105.0,74.558],[-105.0,74.972],[-104.41,75.508],[-104.66,75.959],[-103.834,75.959],[-103.802,75.557]]]}},{"type":"Feature","properties":{"r":2},"geometry":{"type":"Polygon","coordinates":[[[-91.379,71.82],[-92.761,71.82],[-93.021,71.886],[-90.092,73.341],[-91.41,72.384],[-91.499,72.196],[-91.379,71.82]]]}},{"type":"Feature","properties":{"r":2},"geometry":{"type":"Polygon","coordinates":[[[-94.811,75.959],[-94.549,75.959],[-94.536,75.954],[-94.811,75.959]]]}},{"type":"Feature","properties":{"r":2},"geometry":{"type":"Polygon","coordinates":[[[-95.524,75.92],[-96.67,75.563],[-96.535,75.959],[-95.063,75.959],[-95.524,75.92]]]}},{"type":"Feature","properties":{"r":2},"geometry":{"type":"Polygon","coordinates":[[[-104.702,76.408],[-104.123,76.699],[-103.391,76.81],[-98.96,77.196],[-98.479,77.454],[-98.692,77.496],[-99.727,77.438],[-100.52,77.475],[-105.0,77.875],[-105.0,78.078],[-100.172,77.654],[-99.232,77.649],[-98.548,77.773],[-97.98,77.614],[-97.518,77.578],[-97.287,77.417],[-97.799,77.329],[-98.22,77.003],[-98.988,76.994],[-103.486,76.552],[-103.865,76.33],[-103.834,75.959],[-104.66,75.959],[-104.755,76.126],[-105.0,76.19],[-105.0,76.423],[-104.702,76.408]]]}},{"type":"Feature","properties":{"r":2},"geometry":{"type":"Polygon","coordinates":[[[-95.225,79.14],[-94.542,78.581],[-95.679,78.907],[-96.391,79.006],[-98.811,79.118],[-99.323,79.082],[-99.822,78.958],[-101.738,79.171],[-95.563,79.171],[-95.225,79.14]]]}},{"type":"Feature","properties":{"r":2},"geometry":{"type":"Polygon","coordinates":[[[-95.014,75.963],[-95.063,75.959],[-96.535,75.959],[-96.44,76.231],[-96.493,76.318],[-94.856,76.094],[-94.549,75.959],[-94.811,75.959],[-95.014,75.963]]]}},{"type":"Feature","properties":{"r":2},"geometry":{"type":"Polygon","coordinates":[[[-92.427,77.661],[-92.869,77.843],[-95.215,78.034],[-94.281,78.387],[-93.95,78.194],[-93.646,78.13],[-91.183,77.959],[-90.212,77.977],[-90.0,78.022],[-90.0,77.223],[-90.616,77.138],[-90.866,77.018],[-94.726,77.316],[-93.064,77.392],[-92.472,77.557],[-92.427,77.661]],[[-90.395,77.772],[-91.689,77.793],[-91.608,77.502],[-92.044,77.33],[-91.266,77.273],[-90.167,77.441],[-90.395,77.772]]]}},{"type":"Feature","properties":{"r":2},"geometry":{"type":"Polygon","coordinates":[[[-99.986,79.192],[-98.935,79.285],[-97.0,79.217],[-98.908,80.172],[-96.649,81.007],[-96.913,81.254],[-96.587,81.386],[-95.925,81.485],[-95.048,81.533],[-93.014,81.576],[-93.205,81.655],[-92.271,81.655],[-91.478,81.391],[-92.143,81.449],[-92.595,81.451],[-94.92,81.401],[-95.439,81.372],[-95.83,81.313],[-96.022,81.234],[-95.687,80.995],[-98.009,80.166],[-96.184,79.285],[-95.898,79.202],[-95.563,79.171],[-101.738,79.171],[-104.852,79.51],[-105.0,79.518],[-105.0,79.676],[-99.986,79.192]]]}},{"type":"Feature","properties":{"r":2},"geometry":{"type":"Polygon","coordinates":[[[-93.787,81.893],[-93.604,82.017],[-90.0,82.486],[-90.0,82.332],[-92.471,82.028],[-92.779,81.967],[-92.887,81.894],[-92.776,81.82],[-92.271,81.655],[-93.205,81.655],[-93.787,81.893]]]}},{"type":"Feature","properties":{"r":2},"geometry":{"type":"Polygon","coordinates":[[[-75.0,-79.443],[-75.0,-79.844],[-76.628,-79.171],[-75.644,-79.171],[-75.0,-79.443]]]}},{"type":"Feature","properties":{"r":2},"geometry":{"type":"Polygon","coordinates":[[[-75.757,-78.644],[-75.813,-79.099],[-75.644,-79.171],[-76.628,-79.171],[-76.717,-79.133],[-76.644,-78.536],[-75.0,-78.36],[-75.0,-78.564],[-75.757,-78.644]]]}},{"type":"Feature","properties":{"r":2},"geometry":{"type":"Polygon","coordinates":[[[-89.452,-71.891],[-87.872,-72.032],[-84.119,-72.915],[-82.628,-73.07],[-81.851,-72.669],[-80.465,-72.479],[-78.998,-72.604],[-75.971,-73.253],[-75.0,-73.122],[-75.0,-73.408],[-76.074,-73.55],[-79.529,-72.82],[-80.396,-72.747],[-81.215,-72.858],[-82.155,-73.394],[-84.558,-73.148],[-88.426,-72.249],[-89.36,-72.167],[-90.0,-72.27],[-90.0,-71.98],[-89.452,-71.891]]]}},{"type":"Feature","properties":{"r":2},"geometry":{"type":"Polygon","coordinates":[[[-75.807,-72.813],[-77.012,-71.82],[-76.212,-71.82],[-75.413,-72.5],[-75.0,-72.634],[-75.0,-72.921],[-75.807,-72.813]]]}},{"type":"Feature","properties":{"r":2},"geometry":{"type":"Polygon","coordinates":[[[-77.212,-71.649],[-76.634,-71.187],[-75.0,-70.886],[-75.0,-71.215],[-75.971,-71.383],[-76.22,-71.509],[-76.236,-71.799],[-76.212,-71.82],[-77.012,-71.82],[-77.212,-71.649]]]}},{"type":"Feature","properties":{"r":2},"geometry":{"type":"Polygon","coordinates":[[[-76.238,-52.355],[-75.94,-52.749],[-75.879,-53.114],[-75.595,-53.381],[-75.0,-53.745],[-75.0,-54.502],[-76.241,-53.753],[-77.132,-52.419],[-77.339,-51.326],[-76.433,-51.326],[-76.238,-52.355]]]}},{"type":"Feature","properties":{"r":2},"geometry":{"type":"Polygon","coordinates":[[[-75.604,-43.029],[-75.483,-43.642],[-75.931,-45.405],[-76.903,-46.424],[-76.771,-47.091],[-76.076,-47.473],[-76.736,-48.245],[-76.899,-48.774],[-76.433,-51.326],[-77.339,-51.326],[-77.793,-48.843],[-77.248,-47.631],[-77.825,-46.85],[-77.774,-46.268],[-76.789,-45.155],[-76.484,-42.893],[-75.941,-40.98],[-75.022,-40.98],[-75.604,-43.029]]]}},{"type":"Feature","properties":{"r":2},"geometry":{"type":"Polygon","coordinates":[[[-75.022,-40.98],[-75.941,-40.98],[-75.449,-39.198],[-75.711,-36.695],[-75.0,-35.857],[-75.0,-40.903],[-75.022,-40.98]]]}},{"type":"Feature","properties":{"r":2},"geometry":{"type":"Polygon","coordinates":[[[-77.175,-15.205],[-76.695,-15.715],[-75.0,-16.726],[-75.0,-17.738],[-77.17,-16.45],[-77.982,-15.589],[-78.37,-14.832],[-77.366,-14.832],[-77.175,-15.205]]]}},{"type":"Feature","properties":{"r":2},"geometry":{"type":"Polygon","coordinates":[[[-82.114,-0.513],[-82.267,-2.21],[-82.135,-2.818],[-81.834,-3.177],[-82.657,-4.368],[-82.706,-4.853],[-82.417,-5.625],[-82.533,-6.346],[-82.006,-7.187],[-80.782,-8.055],[-77.366,-14.832],[-78.37,-14.832],[-81.489,-8.649],[-83.118,-7.291],[-83.421,-6.491],[-83.602,-4.934],[-83.52,-4.113],[-82.958,-3.149],[-83.167,-2.184],[-82.931,-0.135],[-82.861,0.0],[-81.858,0.0],[-82.114,-0.513]]]}},{"type":"Feature","properties":{"r":2},"geometry":{"type":"Polygon","coordinates":[[[-88.727,12.22],[-86.988,10.518],[-86.799,9.314],[-86.402,8.88],[-85.852,8.502],[-85.108,8.296],[-84.189,7.35],[-82.073,6.747],[-81.471,6.067],[-80.957,5.931],[-80.432,6.011],[-79.113,6.612],[-78.565,4.282],[-79.318,3.576],[-79.912,2.307],[-81.023,1.675],[-81.858,0.0],[-82.861,0.0],[-81.668,2.302],[-80.644,2.949],[-79.559,4.581],[-79.732,5.315],[-81.007,5.036],[-81.876,5.268],[-82.659,5.974],[-84.66,6.588],[-85.539,7.433],[-86.915,8.149],[-87.587,8.885],[-87.871,10.123],[-89.227,11.411],[-90.0,11.589],[-90.0,12.481],[-88.727,12.22]]]}},{"type":"Feature","properties":{"r":2},"geometry":{"type":"Polygon","coordinates":[[[-75.034,12.35],[-75.832,11.978],[-76.708,10.293],[-77.031,10.071],[-79.678,10.887],[-81.216,10.178],[-81.505,10.209],[-82.468,11.474],[-82.147,14.832],[-81.243,14.832],[-81.54,11.73],[-81.153,11.224],[-79.751,11.766],[-77.316,11.112],[-76.473,12.595],[-75.854,13.025],[-75.0,13.175],[-75.0,12.353],[-75.034,12.35]]]}},{"type":"Feature","properties":{"r":2},"geometry":{"type":"Polygon","coordinates":[[[-82.116,15.155],[-82.174,15.657],[-82.432,16.095],[-84.423,17.12],[-85.021,17.241],[-87.037,17.186],[-86.614,17.841],[-85.55,20.828],[-84.658,20.722],[-82.508,21.227],[-79.539,20.537],[-79.051,19.897],[-78.91,19.323],[-79.561,18.644],[-79.542,17.761],[-78.908,17.113],[-77.376,16.469],[-75.952,16.668],[-75.495,16.844],[-75.091,17.27],[-75.0,17.259],[-75.0,16.207],[-75.781,15.82],[-77.494,15.612],[-79.302,16.338],[-80.376,17.439],[-80.537,18.185],[-79.971,19.61],[-80.106,19.798],[-82.518,20.357],[-84.879,19.883],[-85.565,18.084],[-84.034,17.894],[-81.755,16.663],[-81.317,15.923],[-81.22,15.074],[-81.243,14.832],[-82.147,14.832],[-82.116,15.155]]]}},{"type":"Feature","properties":{"r":2},"geometry":{"type":"Polygon","coordinates":[[[-76.967,22.707],[-76.404,23.172],[-76.248,23.588],[-76.485,24.889],[-76.1,25.217],[-75.902,25.63],[-75.724,26.811],[-75.925,27.242],[-76.301,27.566],[-77.574,28.176],[-79.094,27.931],[-79.406,28.716],[-76.715,28.716],[-76.606,28.679],[-75.181,27.691],[-75.0,27.306],[-75.0,25.816],[-75.497,24.631],[-75.547,22.961],[-75.0,22.699],[-75.0,21.746],[-76.967,22.707]]]}},{"type":"Feature","properties":{"r":2},"geometry":{"type":"Polygon","coordinates":[[[-79.444,23.89],[-79.908,24.11],[-79.639,24.253],[-79.444,23.89]]]}},{"type":"Feature","properties":{"r":2},"geometry":{"type":"Polygon","coordinates":[[[-85.712,22.886],[-86.141,22.376],[-86.805,22.726],[-87.283,22.728],[-90.0,22.212],[-90.0,23.026],[-87.443,23.543],[-86.358,23.439],[-84.516,24.641],[-83.632,24.912],[-85.037,27.73],[-87.257,28.457],[-87.903,27.741],[-88.761,27.397],[-90.0,27.268],[-90.0,28.044],[-88.948,28.176],[-88.441,28.378],[-88.106,28.716],[-85.761,28.716],[-85.418,28.533],[-84.954,28.508],[-84.334,28.708],[-84.201,28.594],[-84.015,27.366],[-82.762,25.181],[-81.878,24.24],[-83.333,24.173],[-84.005,23.965],[-85.712,22.886]]]}},{"type":"Feature","properties":{"r":2},"geometry":{"type":"Polygon","coordinates":[[[-80.017,30.234],[-80.028,30.944],[-75.0,34.736],[-75.0,33.779],[-79.123,30.598],[-78.505,28.847],[-77.424,28.955],[-76.715,28.716],[-79.406,28.716],[-80.017,30.234]]]}},{"type":"Feature","properties":{"r":2},"geometry":{"type":"Polygon","coordinates":[[[-88.076,28.747],[-87.923,29.225],[-86.781,29.26],[-85.761,28.716],[-88.106,28.716],[-88.076,28.747]]]}},{"type":"Feature","properties":{"r":2},"geometry":{"type":"Polygon","coordinates":[[[-79.809,58.881],[-79.761,58.609],[-78.482,57.723],[-77.952,56.664],[-79.117,55.708],[-80.42,55.332],[-80.96,55.001],[-81.077,55.438],[-81.701,55.81],[-84.59,56.016],[-90.0,57.808],[-90.0,58.325],[-89.756,58.287],[-84.298,56.502],[-81.306,56.262],[-80.523,55.873],[-79.732,56.098],[-78.929,56.754],[-79.298,57.494],[-80.623,58.473],[-80.703,58.934],[-79.912,59.771],[-78.929,59.771],[-79.644,59.138],[-79.809,58.881]]]}},{"type":"Feature","properties":{"r":2},"geometry":{"type":"Polygon","coordinates":[[[-80.843,53.524],[-80.9,54.259],[-80.34,53.815],[-79.984,52.737],[-80.843,53.524]]]}},{"type":"Feature","properties":{"r":2},"geometry":{"type":"Polygon","coordinates":[[[-78.188,62.916],[-78.897,62.779],[-79.661,62.969],[-80.137,62.968],[-78.989,63.428],[-78.825,63.62],[-78.927,63.95],[-78.2,63.701],[-77.735,63.659],[-75.117,64.036],[-75.0,63.991],[-75.0,63.459],[-75.313,63.582],[-76.64,63.368],[-75.0,63.414],[-75.0,63.007],[-78.188,62.916]]]}},{"type":"Feature","properties":{"r":2},"geometry":{"type":"Polygon","coordinates":[[[-89.603,62.699],[-89.425,63.391],[-89.249,63.486],[-88.502,63.521],[-88.341,63.245],[-87.997,63.072],[-87.531,62.973],[-86.824,62.977],[-86.538,62.682],[-86.122,62.525],[-85.264,62.482],[-85.102,62.137],[-83.802,61.654],[-82.942,61.549],[-82.508,61.607],[-81.633,61.975],[-81.344,61.614],[-80.209,61.069],[-79.684,61.009],[-79.033,61.099],[-78.69,59.98],[-78.929,59.771],[-79.912,59.771],[-79.626,60.068],[-79.782,60.579],[-80.591,60.672],[-81.933,61.282],[-82.854,61.119],[-84.309,61.299],[-87.398,62.567],[-88.639,62.797],[-89.346,62.188],[-90.0,61.928],[-90.0,62.533],[-89.603,62.699]]]}},{"type":"Feature","properties":{"r":2},"geometry":{"type":"Polygon","coordinates":[[[-82.936,63.33],[-83.12,63.292],[-82.991,63.348],[-82.936,63.33]]]}},{"type":"Feature","properties":{"r":2},"geometry":{"type":"Polygon","coordinates":[[[-75.551,65.934],[-78.012,65.845],[-78.861,65.671],[-79.772,64.77],[-79.855,64.556],[-79.697,64.316],[-84.457,65.949],[-82.969,65.909],[-82.472,66.023],[-81.199,66.513],[-79.854,66.513],[-79.91,66.468],[-82.206,65.672],[-80.459,65.078],[-79.529,65.919],[-78.878,66.119],[-77.118,66.244],[-78.299,66.402],[-78.558,66.513],[-75.125,66.513],[-75.551,65.934]],[[-76.47,66.267],[-76.257,66.274],[-76.244,66.293],[-76.47,66.267]]]}},{"type":"Feature","properties":{"r":2},"geometry":{"type":"Polygon","coordinates":[[[-86.908,68.851],[-88.501,69.64],[-89.405,69.704],[-89.684,69.836],[-90.0,69.887],[-90.0,70.282],[-89.396,70.043],[-86.827,69.785],[-86.908,68.851]]]}},{"type":"Feature","properties":{"r":2},"geometry":{"type":"Polygon","coordinates":[[[-78.157,68.832],[-77.963,68.64],[-77.238,68.42],[-78.506,67.694],[-78.086,66.827],[-77.762,66.689],[-76.859,66.59],[-75.0,66.945],[-75.0,66.625],[-75.097,66.552],[-75.125,66.513],[-78.558,66.513],[-78.848,66.638],[-79.196,67.033],[-79.854,66.513],[-81.199,66.513],[-80.226,66.882],[-79.966,67.548],[-80.095,67.817],[-80.59,68.19],[-80.017,69.053],[-80.01,69.26],[-80.234,69.428],[-79.232,69.612],[-77.957,69.129],[-78.157,68.832]],[[-79.638,68.23],[-79.248,67.883],[-78.454,68.365],[-79.049,68.788],[-79.138,69.111],[-79.638,68.23]]]}},{"type":"Feature","properties":{"r":2},"geometry":{"type":"Polygon","coordinates":[[[-75.251,72.582],[-75.0,72.726],[-75.0,72.515],[-75.251,72.582]]]}},{"type":"Feature","properties":{"r":2},"geometry":{"type":"Polygon","coordinates":[[[-75.153,73.031],[-76.966,73.847],[-77.408,73.965],[-77.996,74.013],[-80.765,74.054],[-81.422,74.008],[-81.92,74.093],[-81.101,74.176],[-78.659,74.778],[-78.534,74.915],[-78.633,75.052],[-80.082,75.891],[-79.661,75.952],[-79.632,75.959],[-78.375,75.959],[-78.926,75.82],[-77.635,74.909],[-77.846,74.676],[-79.284,74.278],[-76.953,74.178],[-76.206,73.98],[-75.0,73.446],[-75.0,72.911],[-75.153,73.031]]]}},{"type":"Feature","properties":{"r":2},"geometry":{"type":"Polygon","coordinates":[[[-85.249,74.121],[-82.599,74.096],[-84.533,73.815],[-84.646,73.955],[-85.249,74.121]]]}},{"type":"Feature","properties":{"r":2},"geometry":{"type":"Polygon","coordinates":[[[-89.535,74.094],[-89.92,74.172],[-89.81,74.165],[-86.362,74.132],[-89.22,73.817],[-89.269,73.964],[-89.535,74.094]]]}},{"type":"Feature","properties":{"r":2},"geometry":{"type":"Polygon","coordinates":[[[-87.898,75.959],[-84.533,75.959],[-87.5,75.895],[-87.898,75.959]]]}},{"type":"Feature","properties":{"r":2},"geometry":{"type":"Polygon","coordinates":[[[-76.697,76.659],[-76.681,76.887],[-78.079,77.24],[-75.0,78.181],[-75.0,77.781],[-75.142,77.811],[-76.915,77.261],[-75.845,76.962],[-75.872,76.575],[-78.375,75.959],[-79.632,75.959],[-76.697,76.659]]]}},{"type":"Feature","properties":{"r":2},"geometry":{"type":"Polygon","coordinates":[[[-89.035,78.227],[-88.752,78.145],[-89.344,78.05],[-89.529,77.959],[-89.185,77.334],[-90.0,77.223],[-90.0,78.022],[-89.035,78.227]]]}},{"type":"Feature","properties":{"r":2},"geometry":{"type":"Polygon","coordinates":[[[-89.082,76.148],[-83.876,75.973],[-84.533,75.959],[-87.898,75.959],[-89.082,76.148]]]}},{"type":"Feature","properties":{"r":2},"geometry":{"type":"Polygon","coordinates":[[[-86.996,82.856],[-86.26,82.912],[-84.592,82.904],[-83.697,83.079],[-79.734,83.384],[-78.809,83.382],[-75.0,83.28],[-75.0,83.168],[-79.013,83.28],[-79.559,83.281],[-80.061,83.256],[-83.518,82.946],[-83.99,82.687],[-84.951,82.801],[-85.949,82.807],[-90.0,82.332],[-90.0,82.486],[-86.996,82.856]]]}},{"type":"Feature","properties":{"r":2},"geometry":{"type":"Polygon","coordinates":[[[-60.0,-81.934],[-60.0,-82.113],[-63.583,-81.655],[-62.173,-81.655],[-60.0,-81.934]]]}},{"type":"Feature","properties":{"r":2},"geometry":{"type":"Polygon","coordinates":[[[-73.538,-80.034],[-66.391,-81.087],[-68.302,-80.405],[-68.487,-80.276],[-68.016,-80.022],[-66.681,-79.882],[-63.444,-79.962],[-62.309,-79.374],[-61.618,-79.271],[-60.761,-79.226],[-60.0,-79.245],[-60.0,-79.425],[-60.179,-79.406],[-60.7,-79.393],[-61.206,-79.419],[-61.614,-79.479],[-62.805,-80.141],[-66.521,-80.037],[-67.31,-80.118],[-67.588,-80.268],[-65.428,-81.063],[-64.637,-81.123],[-60.0,-81.191],[-60.0,-81.318],[-60.412,-81.336],[-65.324,-81.234],[-62.173,-81.655],[-63.583,-81.655],[-74.283,-80.127],[-75.0,-79.844],[-75.0,-79.443],[-73.538,-80.034]]]}},{"type":"Feature","properties":{"r":2},"geometry":{"type":"Polygon","coordinates":[[[-69.757,-77.096],[-73.29,-77.165],[-71.819,-77.652],[-71.487,-77.831],[-71.524,-78.021],[-71.923,-78.189],[-72.617,-78.308],[-75.0,-78.564],[-75.0,-78.36],[-73.042,-78.146],[-72.632,-78.075],[-72.396,-77.975],[-72.374,-77.863],[-72.57,-77.757],[-74.906,-76.982],[-70.534,-76.931],[-69.728,-76.855],[-65.513,-75.959],[-64.209,-75.959],[-69.757,-77.096]]]}},{"type":"Feature","properties":{"r":2},"geometry":{"type":"Polygon","coordinates":[[[-74.248,-73.021],[-75.0,-72.921],[-75.0,-72.634],[-74.727,-72.722],[-74.224,-72.756],[-73.448,-72.698],[-72.964,-72.832],[-72.505,-72.87],[-69.77,-72.665],[-69.863,-72.714],[-75.0,-73.408],[-75.0,-73.122],[-74.248,-73.021]]]}},{"type":"Feature","properties":{"r":2},"geometry":{"type":"Polygon","coordinates":[[[-62.877,-75.672],[-64.209,-75.959],[-65.513,-75.959],[-63.481,-75.506],[-60.0,-73.979],[-60.0,-74.433],[-62.877,-75.672]]]}},{"type":"Feature","properties":{"r":2},"geometry":{"type":"Polygon","coordinates":[[[-60.198,-71.82],[-60.0,-71.82],[-60.0,-72.449],[-60.198,-71.82]]]}},{"type":"Feature","properties":{"r":2},"geometry":{"type":"Polygon","coordinates":[[[-74.187,-70.734],[-73.782,-69.216],[-71.318,-68.174],[-69.846,-68.091],[-69.939,-67.368],[-69.278,-66.537],[-69.232,-66.513],[-68.132,-66.513],[-68.449,-66.677],[-69.04,-67.351],[-68.893,-68.485],[-69.068,-68.704],[-69.531,-68.486],[-69.964,-68.417],[-70.883,-68.465],[-72.736,-69.21],[-73.039,-69.476],[-73.323,-70.922],[-75.0,-71.215],[-75.0,-70.886],[-74.187,-70.734]]]}},{"type":"Feature","properties":{"r":2},"geometry":{"type":"Polygon","coordinates":[[[-60.105,-66.544],[-60.537,-66.8],[-62.125,-67.158],[-63.1,-67.885],[-61.102,-68.989],[-60.0,-70.19],[-60.0,-71.82],[-60.198,-71.82],[-60.568,-70.586],[-61.959,-69.087],[-64.149,-67.913],[-62.788,-66.892],[-61.557,-66.659],[-61.203,-66.513],[-60.086,-66.513],[-60.105,-66.544]]]}},{"type":"Feature","properties":{"r":2},"geometry":{"type":"Polygon","coordinates":[[[-64.736,-64.056],[-60.0,-62.717],[-60.0,-63.193],[-64.026,-64.298],[-68.132,-66.513],[-69.232,-66.513],[-64.736,-64.056]]]}},{"type":"Feature","properties":{"r":2},"geometry":{"type":"Polygon","coordinates":[[[-60.313,-65.532],[-60.0,-66.104],[-60.0,-66.369],[-60.086,-66.513],[-61.203,-66.513],[-60.929,-66.4],[-60.877,-66.036],[-61.274,-65.505],[-61.028,-65.237],[-60.0,-65.091],[-60.0,-65.476],[-60.313,-65.532]]]}},{"type":"Feature","properties":{"r":2},"geometry":{"type":"Polygon","coordinates":[[[-71.938,-55.569],[-71.428,-55.752],[-68.083,-56.338],[-67.605,-56.273],[-66.891,-55.928],[-66.153,-55.965],[-65.716,-55.857],[-64.316,-55.315],[-63.949,-55.098],[-63.765,-54.813],[-63.793,-54.508],[-64.029,-54.233],[-64.433,-54.033],[-66.738,-53.297],[-67.104,-52.792],[-66.851,-52.381],[-66.935,-52.067],[-67.389,-51.326],[-66.426,-51.326],[-66.094,-51.87],[-66.037,-52.91],[-64.006,-53.566],[-63.321,-53.906],[-62.923,-54.375],[-62.875,-54.892],[-63.187,-55.371],[-63.807,-55.736],[-65.207,-56.271],[-68.038,-56.833],[-71.72,-56.228],[-72.584,-55.922],[-75.0,-54.502],[-75.0,-53.745],[-71.938,-55.569]]]}},{"type":"Feature","properties":{"r":2},"geometry":{"type":"Polygon","coordinates":[[[-60.986,-53.614],[-61.852,-53.431],[-63.017,-52.61],[-63.376,-51.65],[-63.196,-51.326],[-62.112,-51.326],[-62.486,-51.732],[-62.274,-52.301],[-61.381,-52.972],[-60.869,-53.081],[-60.328,-53.055],[-60.0,-52.947],[-60.0,-53.559],[-60.986,-53.614]]]}},{"type":"Feature","properties":{"r":2},"geometry":{"type":"Polygon","coordinates":[[[-67.662,-50.876],[-64.726,-48.35],[-64.356,-47.103],[-64.536,-46.769],[-64.893,-46.509],[-65.766,-46.085],[-64.696,-45.716],[-64.285,-45.198],[-63.993,-44.028],[-62.31,-43.011],[-62.159,-42.605],[-62.393,-41.958],[-61.059,-41.216],[-60.979,-40.98],[-60.124,-40.98],[-60.307,-41.587],[-61.343,-42.296],[-61.516,-43.319],[-63.169,-44.394],[-63.643,-45.787],[-64.116,-46.191],[-63.466,-47.011],[-63.855,-48.499],[-66.639,-50.975],[-66.426,-51.326],[-67.389,-51.326],[-67.662,-50.876]]]}},{"type":"Feature","properties":{"r":2},"geometry":{"type":"Polygon","coordinates":[[[-63.109,-51.169],[-60.66,-49.918],[-60.0,-49.846],[-60.0,-50.449],[-60.815,-50.611],[-62.015,-51.22],[-62.112,-51.326],[-63.196,-51.326],[-63.109,-51.169]]]}},{"type":"Feature","properties":{"r":2},"geometry":{"type":"Polygon","coordinates":[[[-72.79,-28.876],[-72.741,-32.264],[-74.191,-36.236],[-74.608,-36.512],[-74.842,-36.884],[-74.536,-39.223],[-75.0,-40.903],[-75.0,-35.857],[-74.981,-35.834],[-73.643,-32.156],[-73.69,-28.885],[-73.628,-28.716],[-72.726,-28.716],[-72.79,-28.876]]]}},{"type":"Feature","properties":{"r":2},"geometry":{"type":"Polygon","coordinates":[[[-60.85,-40.599],[-60.934,-39.786],[-60.0,-39.724],[-60.0,-40.565],[-60.124,-40.98],[-60.979,-40.98],[-60.85,-40.599]]]}},{"type":"Feature","properties":{"r":2},"geometry":{"type":"Polygon","coordinates":[[[-72.261,-18.348],[-71.597,-18.945],[-71.472,-19.789],[-72.183,-27.36],[-72.726,-28.716],[-73.628,-28.716],[-73.067,-27.166],[-72.378,-19.812],[-72.814,-19.026],[-75.0,-17.738],[-75.0,-16.726],[-72.261,-18.348]]]}},{"type":"Feature","properties":{"r":2},"geometry":{"type":"Polygon","coordinates":[[[-60.059,11.648],[-60.471,12.002],[-60.996,12.159],[-61.754,11.961],[-64.358,11.916],[-65.17,11.588],[-66.291,11.922],[-67.707,11.855],[-69.51,13.358],[-70.038,13.427],[-70.579,13.26],[-71.604,13.695],[-72.091,13.66],[-73.901,12.459],[-75.0,12.353],[-75.0,13.175],[-74.238,13.308],[-72.324,14.504],[-69.21,14.182],[-67.37,12.751],[-65.249,12.581],[-60.92,13.035],[-60.032,12.77],[-60.0,12.742],[-60.0,11.519],[-60.059,11.648]]]}},{"type":"Feature","properties":{"r":2},"geometry":{"type":"Polygon","coordinates":[[[-72.804,17.0],[-71.687,16.386],[-71.216,16.368],[-70.768,16.512],[-70.125,17.119],[-68.842,16.974],[-68.134,17.107],[-67.702,16.809],[-67.154,16.706],[-65.817,16.735],[-64.992,17.042],[-64.563,17.781],[-64.513,18.738],[-64.751,19.19],[-65.162,19.512],[-67.004,19.745],[-67.594,19.64],[-68.398,20.259],[-69.015,20.52],[-72.983,21.118],[-73.594,21.055],[-75.0,21.746],[-75.0,22.699],[-73.408,21.934],[-68.872,21.35],[-67.349,20.544],[-64.74,20.26],[-64.045,19.716],[-63.643,18.953],[-63.675,17.645],[-64.4,16.393],[-65.796,15.872],[-69.76,16.21],[-71.088,15.511],[-71.886,15.542],[-73.102,16.154],[-74.808,16.302],[-75.0,16.207],[-75.0,17.259],[-72.804,17.0]]]}},{"type":"Feature","properties":{"r":2},"geometry":{"type":"Polygon","coordinates":[[[-74.84,26.963],[-74.85,26.171],[-75.0,25.816],[-75.0,27.306],[-74.84,26.963]]]}},{"type":"Feature","properties":{"r":2},"geometry":{"type":"Polygon","coordinates":[[[-74.588,35.04],[-74.451,35.752],[-74.713,36.836],[-73.936,37.886],[-73.786,38.459],[-73.035,39.835],[-71.327,40.06],[-70.826,40.463],[-69.649,40.688],[-69.169,40.864],[-69.039,40.98],[-67.98,40.98],[-68.033,40.846],[-68.618,40.324],[-70.251,39.865],[-70.899,39.452],[-72.401,39.194],[-73.764,36.706],[-73.554,35.273],[-73.799,34.684],[-75.0,33.779],[-75.0,34.736],[-74.588,35.04]]]}},{"type":"Feature","properties":{"r":2},"geometry":{"type":"Polygon","coordinates":[[[-68.823,41.171],[-68.67,41.554],[-68.734,41.949],[-69.451,42.648],[-69.214,42.955],[-67.423,43.604],[-67.329,43.265],[-66.728,42.78],[-65.536,42.604],[-64.694,42.732],[-60.0,44.833],[-60.0,44.043],[-64.918,41.964],[-66.414,42.019],[-67.147,42.193],[-67.891,42.701],[-68.216,42.581],[-67.773,41.497],[-67.98,40.98],[-69.039,40.98],[-68.823,41.171]]]}},{"type":"Feature","properties":{"r":2},"geometry":{"type":"Polygon","coordinates":[[[-61.251,47.735],[-61.776,47.304],[-62.82,47.387],[-63.19,47.716],[-63.623,47.866],[-62.979,48.417],[-61.634,48.254],[-61.167,48.358],[-60.562,48.858],[-60.609,49.403],[-60.0,49.424],[-60.0,49.095],[-60.593,48.273],[-60.701,47.872],[-61.251,47.735]]]}},{"type":"Feature","properties":{"r":2},"geometry":{"type":"Polygon","coordinates":[[[-60.239,56.623],[-60.099,57.01],[-60.23,57.279],[-62.646,59.771],[-61.576,59.771],[-60.0,58.119],[-60.0,56.534],[-60.239,56.623]]]}},{"type":"Feature","properties":{"r":2},"geometry":{"type":"Polygon","coordinates":[[[-67.214,59.215],[-67.579,59.078],[-68.03,59.279],[-68.099,59.771],[-66.608,59.771],[-67.214,59.215]]]}},{"type":"Feature","properties":{"r":2},"geometry":{"type":"Polygon","coordinates":[[[-63.701,60.805],[-64.567,60.973],[-65.443,60.815],[-66.608,59.771],[-68.099,59.771],[-68.294,61.107],[-68.664,61.5],[-69.477,61.682],[-70.747,61.735],[-72.87,62.842],[-73.346,62.995],[-73.921,63.038],[-75.0,63.007],[-75.0,63.414],[-74.893,63.417],[-75.0,63.459],[-75.0,63.991],[-69.739,61.875],[-66.556,61.342],[-66.03,61.316],[-65.526,61.394],[-65.128,61.56],[-64.902,61.787],[-64.925,62.083],[-64.292,62.174],[-63.743,62.547],[-63.399,63.269],[-63.421,63.554],[-64.009,64.445],[-63.489,64.475],[-63.041,64.59],[-62.734,64.771],[-60.908,66.513],[-60.0,66.513],[-60.0,66.368],[-61.914,64.613],[-62.897,64.183],[-62.52,63.183],[-62.864,62.459],[-63.195,62.1],[-64.021,61.777],[-64.327,61.385],[-63.089,61.125],[-62.609,60.813],[-61.576,59.771],[-62.646,59.771],[-63.701,60.805]],[[-66.533,60.836],[-66.418,60.907],[-67.377,61.012],[-67.253,60.159],[-66.533,60.836]]]}},{"type":"Feature","properties":{"r":2},"geometry":{"type":"Polygon","coordinates":[[[-60.553,66.838],[-60.865,67.192],[-61.246,67.31],[-62.644,67.403],[-63.748,68.099],[-64.195,68.264],[-66.424,68.753],[-65.902,68.921],[-65.674,69.227],[-67.608,70.708],[-71.236,71.82],[-69.901,71.82],[-67.297,71.058],[-64.976,69.514],[-64.778,69.255],[-65.038,68.832],[-62.977,68.271],[-62.103,67.727],[-60.827,67.615],[-60.0,67.245],[-60.0,66.513],[-60.908,66.513],[-60.553,66.838]]]}},{"type":"Feature","properties":{"r":2},"geometry":{"type":"Polygon","coordinates":[[[-74.431,67.053],[-75.0,66.625],[-75.0,66.945],[-74.431,67.053]]]}},{"type":"Feature","properties":{"r":2},"geometry":{"type":"Polygon","coordinates":[[[-71.362,71.857],[-72.237,71.964],[-73.022,71.9],[-73.361,72.068],[-75.0,72.515],[-75.0,72.726],[-74.993,72.729],[-74.967,72.886],[-75.0,72.911],[-75.0,73.446],[-74.393,73.171],[-74.078,72.926],[-74.147,72.647],[-72.624,72.219],[-71.439,72.194],[-70.753,72.063],[-69.901,71.82],[-71.236,71.82],[-71.362,71.857]]]}},{"type":"Feature","properties":{"r":2},"geometry":{"type":"Polygon","coordinates":[[[-69.563,75.879],[-69.086,75.779],[-68.474,75.745],[-61.75,75.784],[-60.0,75.396],[-60.0,74.673],[-60.664,74.903],[-60.792,75.27],[-62.083,75.559],[-68.453,75.522],[-69.489,75.58],[-70.296,75.751],[-70.872,75.959],[-69.792,75.959],[-69.563,75.879]]]}},{"type":"Feature","properties":{"r":2},"geometry":{"type":"Polygon","coordinates":[[[-74.501,78.327],[-74.594,78.064],[-74.271,77.864],[-70.133,77.415],[-72.252,77.228],[-72.693,77.043],[-72.662,76.936],[-69.792,75.959],[-70.872,75.959],[-73.534,76.886],[-73.345,77.239],[-72.397,77.434],[-74.25,77.626],[-75.0,77.781],[-75.0,78.181],[-74.501,78.327]]]}},{"type":"Feature","properties":{"r":2},"geometry":{"type":"Polygon","coordinates":[[[-74.151,78.591],[-74.778,78.975],[-74.254,79.15],[-74.265,79.171],[-73.381,79.171],[-73.678,78.885],[-71.441,79.171],[-69.765,79.171],[-74.151,78.591]]]}},{"type":"Feature","properties":{"r":2},"geometry":{"type":"Polygon","coordinates":[[[-64.19,81.489],[-64.254,81.57],[-64.532,81.637],[-64.765,81.655],[-63.479,81.655],[-64.19,81.489]]]}},{"type":"Feature","properties":{"r":2},"geometry":{"type":"Polygon","coordinates":[[[-69.765,79.171],[-71.441,79.171],[-67.881,79.612],[-68.85,79.744],[-69.676,79.512],[-73.378,79.174],[-73.381,79.171],[-74.265,79.171],[-74.325,79.278],[-70.291,79.631],[-69.103,79.994],[-66.753,79.661],[-66.885,79.536],[-69.765,79.171]]]}},{"type":"Feature","properties":{"r":2},"geometry":{"type":"Polygon","coordinates":[[[-60.595,82.207],[-61.385,82.128],[-63.479,81.655],[-64.765,81.655],[-65.162,81.687],[-60.79,82.531],[-60.568,82.656],[-61.095,82.763],[-63.167,82.825],[-63.68,82.9],[-65.754,83.024],[-61.353,82.899],[-60.572,82.855],[-60.0,82.74],[-60.0,82.501],[-60.802,82.324],[-60.0,82.311],[-60.0,82.196],[-60.595,82.207]]]}},{"type":"Feature","properties":{"r":2},"geometry":{"type":"Polygon","coordinates":[[[-72.982,83.224],[-74.297,83.148],[-75.0,83.168],[-75.0,83.28],[-72.982,83.224]]]}},{"type":"Feature","properties":{"r":2},"geometry":{"type":"Polygon","coordinates":[[[-58.22,-82.156],[-57.542,-82.313],[-57.106,-82.576],[-52.122,-81.655],[-51.001,-81.655],[-57.563,-82.846],[-58.568,-82.289],[-60.0,-82.113],[-60.0,-81.934],[-58.22,-82.156]]]}},{"type":"Feature","properties":{"r":2},"geometry":{"type":"Polygon","coordinates":[[[-47.343,-81.655],[-45.0,-81.655],[-45.0,-81.777],[-47.343,-81.655]]]}},{"type":"Feature","properties":{"r":2},"geometry":{"type":"Polygon","coordinates":[[[-59.88,-79.248],[-59.119,-79.333],[-57.562,-79.884],[-57.383,-80.078],[-58.225,-81.163],[-58.78,-81.264],[-60.0,-81.318],[-60.0,-81.191],[-59.798,-81.194],[-59.017,-81.097],[-58.866,-81.021],[-58.279,-80.063],[-58.384,-79.948],[-59.729,-79.455],[-60.0,-79.425],[-60.0,-79.245],[-59.88,-79.248]]]}},{"type":"Feature","properties":{"r":2},"geometry":{"type":"Polygon","coordinates":[[[-51.528,-81.538],[-50.829,-81.448],[-49.938,-81.408],[-49.016,-81.426],[-45.0,-81.639],[-45.0,-81.655],[-47.343,-81.655],[-49.321,-81.551],[-49.866,-81.541],[-50.392,-81.564],[-50.805,-81.617],[-51.001,-81.655],[-52.122,-81.655],[-51.528,-81.538]]]}},{"type":"Feature","properties":{"r":2},"geometry":{"type":"Polygon","coordinates":[[[-52.518,-81.302],[-54.133,-81.243],[-56.298,-80.72],[-56.021,-80.078],[-52.972,-79.42],[-52.588,-79.171],[-51.651,-79.171],[-52.162,-79.5],[-55.19,-80.137],[-55.425,-80.685],[-53.952,-81.075],[-53.154,-81.163],[-52.654,-81.166],[-50.974,-81.013],[-50.482,-81.025],[-48.386,-80.829],[-46.506,-80.594],[-46.494,-80.592],[-45.0,-80.448],[-45.0,-80.616],[-52.518,-81.302]]]}},{"type":"Feature","properties":{"r":2},"geometry":{"type":"Polygon","coordinates":[[[-50.775,-77.92],[-50.329,-77.746],[-49.578,-77.626],[-45.155,-77.583],[-45.0,-77.59],[-45.0,-77.782],[-45.155,-77.775],[-49.203,-77.8],[-49.646,-77.87],[-49.91,-77.972],[-51.651,-79.171],[-52.588,-79.171],[-50.775,-77.92]]]}},{"type":"Feature","properties":{"r":2},"geometry":{"type":"Polygon","coordinates":[[[-58.681,-73.83],[-60.0,-74.433],[-60.0,-73.979],[-59.559,-73.775],[-60.0,-72.449],[-60.0,-71.82],[-59.324,-71.82],[-58.681,-73.83]]]}},{"type":"Feature","properties":{"r":2},"geometry":{"type":"Polygon","coordinates":[[[-59.711,-70.494],[-59.324,-71.82],[-60.0,-71.82],[-60.0,-70.19],[-59.711,-70.494]]]}},{"type":"Feature","properties":{"r":2},"geometry":{"type":"Polygon","coordinates":[[[-58.946,-62.41],[-58.041,-62.27],[-57.094,-62.32],[-56.281,-62.551],[-55.207,-63.131],[-55.172,-63.877],[-57.45,-65.016],[-60.0,-65.476],[-60.0,-65.091],[-58.629,-64.896],[-58.102,-64.752],[-56.011,-63.734],[-55.924,-63.513],[-56.319,-63.106],[-57.387,-62.713],[-57.947,-62.683],[-58.482,-62.765],[-60.0,-63.193],[-60.0,-62.717],[-58.946,-62.41]]]}},{"type":"Feature","properties":{"r":2},"geometry":{"type":"Polygon","coordinates":[[[-59.924,-66.241],[-60.0,-66.369],[-60.0,-66.104],[-59.924,-66.241]]]}},{"type":"Feature","properties":{"r":2},"geometry":{"type":"Polygon","coordinates":[[[-55.628,-51.909],[-55.978,-52.354],[-58.962,-53.502],[-60.0,-53.559],[-60.0,-52.947],[-59.904,-52.915],[-59.141,-52.974],[-56.703,-52.027],[-56.496,-51.762],[-56.567,-51.326],[-55.723,-51.326],[-55.628,-51.909]]]}},{"type":"Feature","properties":{"r":2},"geometry":{"type":"Polygon","coordinates":[[[-57.078,-50.062],[-55.788,-50.927],[-55.723,-51.326],[-56.567,-51.326],[-56.591,-51.183],[-58.11,-50.325],[-58.605,-50.277],[-59.438,-50.51],[-59.912,-50.431],[-60.0,-50.449],[-60.0,-49.846],[-58.643,-49.699],[-57.078,-50.062]]]}},{"type":"Feature","properties":{"r":2},"geometry":{"type":"Polygon","coordinates":[[[-58.687,-39.635],[-56.879,-38.939],[-55.505,-37.067],[-55.714,-35.96],[-54.645,-35.985],[-52.757,-35.028],[-47.839,-29.346],[-47.598,-28.815],[-47.584,-28.716],[-46.81,-28.716],[-47.113,-29.808],[-52.031,-35.462],[-53.806,-36.485],[-54.633,-36.702],[-54.897,-37.795],[-56.276,-39.457],[-58.309,-40.261],[-59.964,-40.442],[-60.0,-40.565],[-60.0,-39.724],[-58.687,-39.635]]]}},{"type":"Feature","properties":{"r":2},"geometry":{"type":"Polygon","coordinates":[[[-47.249,-26.338],[-46.782,-25.793],[-45.0,-24.892],[-45.0,-25.824],[-46.182,-26.417],[-46.81,-28.716],[-47.584,-28.716],[-47.249,-26.338]]]}},{"type":"Feature","properties":{"r":2},"geometry":{"type":"Polygon","coordinates":[[[-45.478,0.0],[-45.0,0.0],[-45.0,-0.155],[-45.478,0.0]]]}},{"type":"Feature","properties":{"r":2},"geometry":{"type":"Polygon","coordinates":[[[-48.843,1.089],[-48.674,1.714],[-48.783,2.257],[-49.108,2.705],[-49.489,2.92],[-50.312,5.026],[-53.297,6.869],[-53.869,7.045],[-56.716,7.238],[-57.47,7.733],[-58.251,8.972],[-59.536,9.531],[-59.834,11.157],[-60.0,11.519],[-60.0,12.742],[-59.336,12.171],[-58.782,10.2],[-57.663,9.644],[-56.788,8.355],[-52.84,7.638],[-49.617,5.594],[-48.741,3.507],[-47.958,2.617],[-47.791,1.78],[-45.0,0.81],[-45.0,0.0],[-45.478,0.0],[-48.843,1.089]]]}},{"type":"Feature","properties":{"r":2},"geometry":{"type":"Polygon","coordinates":[[[-58.764,45.374],[-58.513,46.031],[-58.666,46.358],[-59.189,46.732],[-59.214,46.996],[-57.269,46.83],[-56.97,46.328],[-56.108,46.028],[-54.89,46.069],[-54.433,45.927],[-52.854,45.768],[-52.057,46.093],[-51.412,47.263],[-51.388,47.751],[-51.826,48.898],[-52.362,49.684],[-52.717,49.933],[-53.195,50.071],[-54.272,50.224],[-54.736,50.6],[-54.244,51.326],[-53.298,51.326],[-53.637,50.721],[-52.191,50.401],[-51.591,49.983],[-50.516,47.9],[-50.556,47.074],[-51.356,45.7],[-52.705,45.146],[-56.184,45.402],[-57.639,45.911],[-58.045,44.992],[-58.669,44.593],[-60.0,44.043],[-60.0,44.833],[-58.764,45.374]]]}},{"type":"Feature","properties":{"r":2},"geometry":{"type":"Polygon","coordinates":[[[-59.754,49.432],[-60.0,49.095],[-60.0,49.424],[-59.754,49.432]]]}},{"type":"Feature","properties":{"r":2},"geometry":{"type":"Polygon","coordinates":[[[-54.112,51.521],[-54.402,52.094],[-54.457,53.301],[-54.61,53.635],[-55.804,54.241],[-56.079,54.825],[-56.604,55.245],[-60.0,56.534],[-60.0,58.119],[-59.422,57.493],[-59.248,56.852],[-56.1,55.668],[-55.545,55.361],[-55.019,54.557],[-53.816,53.886],[-53.215,51.474],[-53.298,51.326],[-54.244,51.326],[-54.112,51.521]]]}},{"type":"Feature","properties":{"r":2},"geometry":{"type":"Polygon","coordinates":[[[-45.0,59.682],[-45.0,59.205],[-48.237,59.771],[-45.53,59.771],[-45.0,59.682]]]}},{"type":"Feature","properties":{"r":2},"geometry":{"type":"Polygon","coordinates":[[[-54.94,66.005],[-53.512,64.977],[-52.764,63.341],[-49.081,60.363],[-45.53,59.771],[-48.237,59.771],[-49.648,60.015],[-53.547,63.141],[-54.368,64.838],[-55.826,65.939],[-55.676,66.513],[-54.759,66.513],[-54.94,66.005]]]}},{"type":"Feature","properties":{"r":2},"geometry":{"type":"Polygon","coordinates":[[[-59.847,66.503],[-60.0,66.368],[-60.0,66.513],[-59.846,66.513],[-59.847,66.503]]]}},{"type":"Feature","properties":{"r":2},"geometry":{"type":"Polygon","coordinates":[[[-57.055,71.795],[-57.13,71.621],[-56.965,71.451],[-56.588,71.318],[-56.072,71.248],[-54.99,71.183],[-55.485,71.034],[-55.654,70.86],[-55.944,69.499],[-55.468,69.246],[-54.241,68.914],[-53.391,68.829],[-54.021,68.643],[-54.219,68.503],[-55.207,67.342],[-55.252,67.107],[-54.687,66.713],[-54.759,66.513],[-55.676,66.513],[-55.646,66.627],[-56.14,67.05],[-56.064,67.448],[-54.942,68.698],[-56.518,69.183],[-56.816,69.422],[-56.449,70.991],[-57.11,71.082],[-57.747,71.309],[-58.027,71.597],[-57.814,71.82],[-57.026,71.82],[-57.055,71.795]]]}},{"type":"Feature","properties":{"r":2},"geometry":{"type":"Polygon","coordinates":[[[-59.771,67.141],[-59.846,66.513],[-60.0,66.513],[-60.0,67.245],[-59.771,67.141]]]}},{"type":"Feature","properties":{"r":2},"geometry":{"type":"Polygon","coordinates":[[[-59.889,75.372],[-59.818,74.984],[-58.472,74.536],[-56.098,72.59],[-57.026,71.82],[-57.814,71.82],[-57.054,72.593],[-59.268,74.414],[-60.0,74.673],[-60.0,75.396],[-59.889,75.372]]]}},{"type":"Feature","properties":{"r":2},"geometry":{"type":"Polygon","coordinates":[[[-47.531,82.761],[-47.91,82.706],[-48.063,82.635],[-48.141,82.392],[-49.491,82.561],[-49.974,82.599],[-50.537,82.607],[-51.071,82.583],[-51.477,82.532],[-53.676,82.084],[-53.728,82.085],[-54.134,82.2],[-57.207,82.191],[-57.849,82.158],[-60.0,82.196],[-60.0,82.311],[-54.115,82.217],[-51.543,82.682],[-50.638,82.721],[-49.686,82.708],[-48.939,82.65],[-48.704,82.76],[-48.061,82.852],[-45.0,83.119],[-45.0,82.988],[-47.531,82.761]]]}},{"type":"Feature","properties":{"r":2},"geometry":{"type":"Polygon","coordinates":[[[-59.68,82.675],[-59.706,82.565],[-60.0,82.501],[-60.0,82.74],[-59.68,82.675]]]}},{"type":"Feature","properties":{"r":2},"geometry":{"type":"Polygon","coordinates":[[[-44.054,-81.689],[-43.962,-81.655],[-42.964,-81.655],[-43.545,-81.852],[-45.0,-81.777],[-45.0,-81.655],[-44.688,-81.655],[-44.054,-81.689]]]}},{"type":"Feature","properties":{"r":2},"geometry":{"type":"Polygon","coordinates":[[[-44.688,-81.655],[-45.0,-81.655],[-45.0,-81.639],[-44.688,-81.655]]]}},{"type":"Feature","properties":{"r":2},"geometry":{"type":"Polygon","coordinates":[[[-42.811,-81.232],[-41.794,-81.059],[-31.01,-80.136],[-31.448,-79.725],[-36.194,-79.839],[-37.033,-79.763],[-37.617,-79.631],[-37.839,-79.466],[-37.84,-79.171],[-36.954,-79.171],[-36.94,-79.462],[-36.808,-79.56],[-36.463,-79.639],[-35.967,-79.684],[-35.412,-79.688],[-30.727,-79.537],[-30.004,-80.219],[-41.735,-81.225],[-42.964,-81.655],[-43.962,-81.655],[-42.811,-81.232]]]}},{"type":"Feature","properties":{"r":2},"geometry":{"type":"Polygon","coordinates":[[[-45.0,-80.616],[-45.0,-80.448],[-42.665,-80.217],[-42.32,-80.166],[-42.034,-80.019],[-42.218,-79.171],[-41.368,-79.171],[-41.247,-80.147],[-42.203,-80.348],[-45.0,-80.616]]]}},{"type":"Feature","properties":{"r":2},"geometry":{"type":"Polygon","coordinates":[[[-37.841,-78.185],[-30.0,-76.235],[-30.0,-76.536],[-36.997,-78.248],[-36.954,-79.171],[-37.84,-79.171],[-37.841,-78.185]]]}},{"type":"Feature","properties":{"r":2},"geometry":{"type":"Polygon","coordinates":[[[-44.255,-77.624],[-43.513,-77.74],[-41.393,-78.959],[-41.368,-79.171],[-42.218,-79.171],[-42.251,-79.011],[-44.185,-77.866],[-44.623,-77.799],[-45.0,-77.782],[-45.0,-77.59],[-44.255,-77.624]]]}},{"type":"Feature","properties":{"r":2},"geometry":{"type":"Polygon","coordinates":[[[-44.217,-24.493],[-41.38,-24.024],[-39.995,-22.758],[-38.055,-18.314],[-37.593,-14.832],[-36.689,-14.832],[-37.216,-18.623],[-39.337,-23.323],[-40.958,-24.748],[-43.918,-25.277],[-45.0,-25.824],[-45.0,-24.892],[-44.217,-24.493]]]}},{"type":"Feature","properties":{"r":2},"geometry":{"type":"Polygon","coordinates":[[[-37.43,-13.589],[-34.141,-9.831],[-33.864,-9.294],[-33.433,-7.253],[-34.388,-4.676],[-34.938,-4.033],[-36.696,-3.605],[-39.227,-1.813],[-39.795,-1.587],[-43.697,-1.124],[-43.966,-0.653],[-44.496,-0.318],[-45.0,-0.155],[-45.0,0.0],[-43.496,0.0],[-43.212,-0.212],[-39.668,-0.696],[-38.707,-1.079],[-36.33,-2.762],[-34.481,-3.259],[-33.55,-4.347],[-32.535,-7.19],[-32.988,-9.5],[-33.457,-10.407],[-36.568,-13.956],[-36.689,-14.832],[-37.593,-14.832],[-37.43,-13.589]]]}},{"type":"Feature","properties":{"r":2},"geometry":{"type":"Polygon","coordinates":[[[-44.212,0.536],[-43.496,0.0],[-45.0,0.0],[-45.0,0.81],[-44.212,0.536]]]}},{"type":"Feature","properties":{"r":2},"geometry":{"type":"Polygon","coordinates":[[[-43.77,59.474],[-43.249,59.447],[-42.748,59.526],[-42.351,59.699],[-42.28,59.771],[-41.298,59.771],[-41.639,59.419],[-42.312,59.124],[-43.159,58.988],[-44.041,59.035],[-45.0,59.205],[-45.0,59.682],[-43.77,59.474]]]}},{"type":"Feature","properties":{"r":2},"geometry":{"type":"Polygon","coordinates":[[[-42.12,59.935],[-41.158,61.747],[-41.394,62.511],[-40.233,63.086],[-39.906,63.387],[-39.426,64.649],[-38.874,65.052],[-33.587,66.222],[-33.11,66.399],[-32.925,66.513],[-31.853,66.513],[-32.354,66.202],[-33.161,65.9],[-38.224,64.767],[-38.565,64.515],[-39.019,63.32],[-39.572,62.809],[-40.406,62.392],[-40.287,61.64],[-41.248,59.822],[-41.298,59.771],[-42.28,59.771],[-42.12,59.935]]]}},{"type":"Feature","properties":{"r":2},"geometry":{"type":"Polygon","coordinates":[[[-30.969,67.69],[-30.0,67.776],[-30.0,67.424],[-30.411,67.387],[-31.853,66.513],[-32.925,66.513],[-30.969,67.69]]]}},{"type":"Feature","properties":{"r":2},"geometry":{"type":"Polygon","coordinates":[[[-38.21,83.56],[-38.622,83.549],[-38.732,83.518],[-42.404,83.212],[-43.406,83.225],[-44.553,83.027],[-45.0,82.988],[-45.0,83.119],[-39.519,83.573],[-38.055,83.573],[-38.21,83.56]]]}},{"type":"Feature","properties":{"r":2},"geometry":{"type":"Polygon","coordinates":[[[-35.404,83.783],[-38.055,83.573],[-39.519,83.573],[-35.623,83.877],[-30.0,83.803],[-30.0,83.707],[-35.404,83.783]]]}},{"type":"Feature","properties":{"r":2},"geometry":{"type":"Polygon","coordinates":[[[-29.958,-76.224],[-27.992,-75.959],[-26.149,-75.959],[-29.518,-76.41],[-30.0,-76.536],[-30.0,-76.235],[-29.958,-76.224]]]}},{"type":"Feature","properties":{"r":2},"geometry":{"type":"Polygon","coordinates":[[[-18.997,-74.684],[-17.935,-74.311],[-18.428,-74.145],[-18.663,-73.899],[-17.49,-72.909],[-16.819,-72.641],[-15.0,-72.203],[-15.0,-72.551],[-16.257,-72.849],[-16.654,-73.006],[-17.764,-73.888],[-17.625,-74.034],[-16.839,-74.247],[-16.916,-74.351],[-18.394,-74.866],[-26.149,-75.959],[-27.992,-75.959],[-18.997,-74.684]]]}},{"type":"Feature","properties":{"r":2},"geometry":{"type":"Polygon","coordinates":[[[-18.867,14.358],[-17.984,13.123],[-17.755,11.561],[-15.82,10.0],[-15.0,8.666],[-15.0,6.945],[-16.498,9.392],[-18.545,11.139],[-18.863,12.796],[-19.727,14.1],[-19.68,14.832],[-18.837,14.832],[-18.867,14.358]]]}},{"type":"Feature","properties":{"r":2},"geometry":{"type":"Polygon","coordinates":[[[-17.203,24.133],[-18.363,21.009],[-18.29,20.598],[-17.577,19.658],[-17.571,17.329],[-17.867,16.268],[-18.81,15.246],[-18.837,14.832],[-19.68,14.832],[-19.63,15.603],[-18.674,16.715],[-18.471,17.44],[-18.476,19.356],[-19.14,20.319],[-19.263,21.015],[-18.048,24.415],[-15.0,28.676],[-15.0,27.21],[-17.203,24.133]]]}},{"type":"Feature","properties":{"r":2},"geometry":{"type":"Polygon","coordinates":[[[-18.398,62.505],[-23.307,63.009],[-24.126,63.192],[-24.71,63.507],[-24.912,64.037],[-25.656,64.293],[-26.066,64.627],[-26.524,65.648],[-25.76,66.513],[-24.76,66.513],[-24.848,66.466],[-25.523,65.819],[-25.561,65.442],[-25.064,65.173],[-25.246,64.954],[-25.202,64.735],[-24.96,64.539],[-23.863,64.24],[-24.06,63.922],[-23.913,63.693],[-23.568,63.509],[-23.084,63.402],[-18.504,62.914],[-15.0,63.707],[-15.0,63.264],[-18.398,62.505]]]}},{"type":"Feature","properties":{"r":2},"geometry":{"type":"Polygon","coordinates":[[[-20.487,66.466],[-20.598,66.513],[-20.327,66.513],[-20.487,66.466]]]}},{"type":"Feature","properties":{"r":2},"geometry":{"type":"Polygon","coordinates":[[[-27.45,68.001],[-26.894,68.108],[-21.186,69.931],[-21.052,70.099],[-21.147,70.287],[-20.647,70.437],[-20.468,70.729],[-20.848,71.531],[-20.967,71.651],[-21.417,71.82],[-20.299,71.82],[-19.958,71.574],[-19.579,70.773],[-19.598,70.518],[-20.186,70.162],[-20.38,69.793],[-26.303,67.853],[-27.245,67.671],[-30.0,67.424],[-30.0,67.776],[-27.45,68.001]]]}},{"type":"Feature","properties":{"r":2},"geometry":{"type":"Polygon","coordinates":[[[-25.076,66.928],[-24.17,67.108],[-21.884,67.27],[-20.409,66.955],[-18.843,67.142],[-17.592,66.952],[-15.0,67.244],[-15.0,66.896],[-17.676,66.565],[-18.931,66.792],[-19.457,66.769],[-20.327,66.513],[-20.598,66.513],[-21.184,66.763],[-21.986,66.922],[-23.958,66.766],[-24.493,66.658],[-24.76,66.513],[-25.76,66.513],[-25.677,66.605],[-25.076,66.928]]]}},{"type":"Feature","properties":{"r":2},"geometry":{"type":"Polygon","coordinates":[[[-21.529,71.862],[-21.165,71.989],[-21.005,72.147],[-21.864,73.02],[-20.511,73.097],[-19.712,73.245],[-19.177,73.725],[-19.247,73.941],[-18.396,74.062],[-18.073,74.3],[-18.975,74.964],[-18.387,75.128],[-18.302,75.271],[-18.492,75.959],[-17.59,75.959],[-17.404,75.287],[-17.913,74.903],[-17.173,74.303],[-17.309,74.088],[-18.296,73.771],[-18.984,73.092],[-19.579,72.928],[-20.686,72.819],[-20.213,72.396],[-20.109,72.121],[-20.365,71.867],[-20.299,71.82],[-21.417,71.82],[-21.529,71.862]]]}},{"type":"Feature","properties":{"r":2},"geometry":{"type":"Polygon","coordinates":[[[-18.537,76.119],[-18.829,76.295],[-19.631,76.524],[-17.514,76.787],[-17.173,76.988],[-18.375,77.693],[-18.404,78.719],[-17.786,79.171],[-16.855,79.171],[-17.503,78.697],[-17.476,77.731],[-16.273,76.99],[-16.85,76.647],[-18.213,76.452],[-17.639,76.134],[-17.59,75.959],[-18.492,75.959],[-18.537,76.119]]]}},{"type":"Feature","properties":{"r":2},"geometry":{"type":"Polygon","coordinates":[[[-16.473,80.072],[-16.449,80.167],[-16.655,80.254],[-17.12,80.321],[-16.971,80.344],[-16.85,80.35],[-16.807,80.368],[-15.0,80.631],[-15.0,80.439],[-15.84,80.31],[-15.602,80.033],[-16.855,79.171],[-17.786,79.171],[-16.473,80.072]]]}},{"type":"Feature","properties":{"r":2},"geometry":{"type":"Polygon","coordinates":[[[-20.938,81.623],[-20.918,81.655],[-20.619,81.655],[-20.938,81.623]]]}},{"type":"Feature","properties":{"r":2},"geometry":{"type":"Polygon","coordinates":[[[-15.597,82.092],[-16.512,82.061],[-20.619,81.655],[-20.918,81.655],[-20.836,81.792],[-21.667,82.148],[-21.939,82.212],[-22.378,82.255],[-22.909,82.27],[-23.438,82.254],[-25.198,82.007],[-28.336,82.188],[-25.972,82.304],[-22.692,82.342],[-21.959,82.497],[-20.401,82.57],[-19.664,82.658],[-19.546,82.721],[-19.9,82.839],[-25.76,83.573],[-24.555,83.573],[-18.787,82.824],[-18.846,82.609],[-19.355,82.519],[-22.051,82.366],[-21.271,82.294],[-20.812,82.186],[-20.063,81.868],[-17.027,82.162],[-15.478,82.214],[-15.0,82.178],[-15.0,82.046],[-15.597,82.092]],[[-25.005,82.222],[-25.869,82.18],[-25.443,82.155],[-25.005,82.222]]]}},{"type":"Feature","properties":{"r":2},"geometry":{"type":"Polygon","coordinates":[[[-26.155,83.62],[-26.92,83.663],[-30.0,83.707],[-30.0,83.803],[-26.794,83.761],[-25.5,83.688],[-24.555,83.573],[-25.76,83.573],[-26.155,83.62]]]}},{"type":"Feature","properties":{"r":2},"geometry":{"type":"Polygon","coordinates":[[[-14.011,-71.96],[-13.764,-71.82],[-12.737,-71.82],[-13.308,-72.142],[-15.0,-72.551],[-15.0,-72.203],[-14.011,-71.96]]]}},{"type":"Feature","properties":{"r":2},"geometry":{"type":"Polygon","coordinates":[[[-12.225,-70.923],[-10.976,-70.582],[-10.157,-70.547],[-8.9,-70.687],[-8.067,-70.32],[-6.448,-70.214],[-3.894,-70.705],[-1.09,-70.519],[0.0,-70.59],[0.0,-70.863],[-0.007,-70.861],[-0.447,-70.809],[-4.077,-71.018],[-6.62,-70.511],[-7.577,-70.573],[-7.934,-70.687],[-8.322,-71.102],[-9.741,-70.884],[-10.698,-70.864],[-11.436,-71.064],[-12.737,-71.82],[-13.764,-71.82],[-12.225,-70.923]]]}},{"type":"Feature","properties":{"r":2},"geometry":{"type":"Polygon","coordinates":[[[-14.061,7.131],[-8.717,3.291],[-8.212,3.081],[-7.664,3.096],[-4.603,3.845],[-2.184,3.432],[-1.553,3.481],[0.0,3.998],[0.0,3.033],[-1.268,2.628],[-2.336,2.547],[-4.57,2.928],[-8.376,2.197],[-9.231,2.554],[-14.83,6.668],[-15.0,6.945],[-15.0,8.666],[-14.061,7.131]]]}},{"type":"Feature","properties":{"r":2},"geometry":{"type":"Polygon","coordinates":[[[-13.619,28.705],[-14.228,28.269],[-15.0,27.21],[-15.0,28.676],[-14.981,28.701],[-14.966,28.716],[-13.588,28.716],[-13.619,28.705]]]}},{"type":"Feature","properties":{"r":2},"geometry":{"type":"Polygon","coordinates":[[[-11.074,40.98],[-10.148,40.98],[-10.106,40.8],[-10.82,38.64],[-10.683,38.273],[-10.16,37.816],[-10.107,36.485],[-9.815,36.128],[-9.371,35.894],[-7.31,35.871],[-7.948,34.805],[-10.368,33.189],[-11.055,31.511],[-10.963,30.33],[-12.406,29.127],[-13.588,28.716],[-14.966,28.716],[-14.531,29.139],[-12.902,29.798],[-11.932,30.604],[-11.913,31.741],[-11.106,33.618],[-8.941,35.108],[-10.45,35.611],[-10.944,36.218],[-11.072,37.533],[-11.716,38.572],[-11.033,40.828],[-11.074,40.98]]]}},{"type":"Feature","properties":{"r":2},"geometry":{"type":"Polygon","coordinates":[[[-11.548,42.703],[-11.243,43.891],[-8.563,45.261],[-3.488,45.087],[-3.445,45.534],[-4.317,46.313],[-5.962,46.847],[-6.458,47.29],[-6.721,48.895],[-7.578,49.344],[-7.949,50.359],[-10.351,50.46],[-11.711,50.976],[-11.88,51.326],[-11.003,51.326],[-11.002,51.323],[-10.198,51.022],[-8.783,50.868],[-7.943,50.955],[-6.849,51.326],[-5.926,51.326],[-5.767,51.244],[-6.618,50.791],[-7.066,50.266],[-7.039,49.96],[-6.5,49.463],[-6.061,49.34],[-5.356,49.351],[-5.823,48.961],[-5.887,48.606],[-5.653,47.563],[-4.948,47.133],[-3.763,46.831],[-2.524,45.731],[-2.651,44.402],[-8.324,44.647],[-10.14,43.8],[-10.671,43.201],[-10.148,40.98],[-11.074,40.98],[-11.548,42.703]]]}},{"type":"Feature","properties":{"r":2},"geometry":{"type":"Polygon","coordinates":[[[-3.195,49.563],[-3.182,49.517],[-3.608,49.522],[-3.195,49.563]]]}},{"type":"Feature","properties":{"r":2},"geometry":{"type":"Polygon","coordinates":[[[-12.171,51.921],[-11.52,52.968],[-11.875,54.024],[-11.6,54.518],[-8.145,56.127],[-8.239,57.161],[-7.099,58.987],[-6.643,59.389],[-5.908,59.66],[-5.021,59.757],[-3.016,59.761],[-2.135,59.671],[-1.4,59.409],[-0.837,58.656],[0.0,58.21],[0.0,57.288],[-0.338,56.624],[0.0,56.234],[0.0,55.157],[-0.132,55.202],[-0.891,56.197],[-1.378,56.505],[-0.74,57.442],[-0.661,57.722],[-0.795,57.993],[-1.121,58.212],[-1.834,58.356],[-1.78,58.861],[-2.056,59.095],[-2.491,59.251],[-3.011,59.305],[-5.016,59.3],[-5.541,59.242],[-5.975,59.081],[-7.384,57.008],[-7.421,56.636],[-7.127,55.871],[-10.818,54.259],[-10.981,53.966],[-10.931,53.656],[-10.557,52.926],[-11.273,51.88],[-11.003,51.326],[-11.88,51.326],[-12.171,51.921]]]}},{"type":"Feature","properties":{"r":2},"geometry":{"type":"Polygon","coordinates":[[[-6.292,51.514],[-5.926,51.326],[-6.849,51.326],[-6.292,51.514]]]}},{"type":"Feature","properties":{"r":2},"geometry":{"type":"Polygon","coordinates":[[[-12.439,66.028],[-11.45,65.303],[-11.462,64.925],[-11.831,64.577],[-13.131,63.798],[-13.884,63.509],[-15.0,63.264],[-15.0,63.707],[-14.304,63.862],[-13.858,64.031],[-12.558,64.803],[-12.341,65.008],[-12.334,65.231],[-13.38,65.939],[-13.27,66.513],[-12.4,66.513],[-12.439,66.028]]]}},{"type":"Feature","properties":{"r":2},"geometry":{"type":"Polygon","coordinates":[[[-14.345,67.317],[-13.484,67.222],[-12.793,67.0],[-12.386,66.686],[-12.4,66.513],[-13.27,66.513],[-13.255,66.592],[-13.495,66.779],[-13.903,66.911],[-14.412,66.968],[-15.0,66.896],[-15.0,67.244],[-14.345,67.317]]]}},{"type":"Feature","properties":{"r":2},"geometry":{"type":"Polygon","coordinates":[[[-11.347,81.143],[-10.912,81.277],[-11.212,81.417],[-12.568,81.655],[-11.394,81.655],[-10.521,81.503],[-10.015,81.267],[-10.238,81.142],[-15.0,80.439],[-15.0,80.631],[-11.347,81.143]]]}},{"type":"Feature","properties":{"r":2},"geometry":{"type":"Polygon","coordinates":[[[-12.72,81.682],[-12.77,81.719],[-13.036,81.736],[-14.771,82.029],[-15.0,82.046],[-15.0,82.178],[-14.081,82.109],[-11.394,81.655],[-12.568,81.655],[-12.72,81.682]]]}},{"type":"Feature","properties":{"r":2},"geometry":{"type":"Polygon","coordinates":[[[0.515,-70.624],[7.31,-69.139],[9.941,-69.26],[10.836,-69.399],[11.353,-69.61],[12.518,-69.274],[13.272,-69.207],[14.044,-69.237],[15.0,-69.449],[15.0,-69.819],[14.2,-69.612],[13.333,-69.523],[12.51,-69.653],[11.152,-70.114],[10.3,-69.651],[9.771,-69.57],[7.487,-69.451],[0.417,-71.001],[0.0,-70.863],[0.0,-70.59],[0.515,-70.624]]]}},{"type":"Feature","properties":{"r":2},"geometry":{"type":"Polygon","coordinates":[[[15.0,-29.072],[15.0,-30.57],[13.839,-28.716],[14.767,-28.716],[15.0,-29.072]]]}},{"type":"Feature","properties":{"r":2},"geometry":{"type":"Polygon","coordinates":[[[10.384,-16.353],[10.502,-18.199],[13.016,-22.525],[14.083,-27.665],[14.767,-28.716],[13.839,-28.716],[13.043,-27.426],[12.156,-22.811],[9.607,-18.289],[9.514,-16.131],[9.872,-14.832],[10.803,-14.832],[10.384,-16.353]]]}},{"type":"Feature","properties":{"r":2},"geometry":{"type":"Polygon","coordinates":[[[7.533,-0.81],[7.529,-1.393],[7.779,-1.918],[10.769,-5.681],[11.802,-8.437],[11.588,-9.342],[12.374,-11.014],[12.35,-11.6],[11.244,-13.223],[10.803,-14.832],[9.872,-14.832],[10.374,-12.998],[11.465,-11.21],[10.696,-9.463],[10.839,-8.429],[9.975,-6.126],[7.074,-2.477],[6.65,-1.587],[6.936,0.0],[7.726,0.0],[7.533,-0.81]]]}},{"type":"Feature","properties":{"r":2},"geometry":{"type":"Polygon","coordinates":[[[2.908,4.967],[3.694,4.972],[5.229,3.151],[6.149,2.989],[7.956,3.344],[8.388,2.777],[7.726,0.0],[6.936,0.0],[7.351,2.309],[5.518,2.099],[4.765,2.38],[3.257,4.072],[0.0,3.033],[0.0,3.998],[2.908,4.967]]]}},{"type":"Feature","properties":{"r":2},"geometry":{"type":"Polygon","coordinates":[[[1.18,39.329],[1.792,40.292],[3.396,40.98],[4.801,40.98],[4.668,40.781],[2.471,39.787],[2.152,39.283],[2.237,38.433],[6.311,38.802],[6.129,40.98],[6.89,40.98],[6.869,40.837],[7.137,39.056],[7.275,38.705],[7.933,38.24],[1.317,37.635],[0.227,37.278],[1.348,38.426],[1.406,38.827],[1.18,39.329]]]}},{"type":"Feature","properties":{"r":2},"geometry":{"type":"Polygon","coordinates":[[[12.23,39.106],[11.481,38.682],[11.183,37.913],[10.235,38.277],[10.839,38.736],[10.965,39.095],[11.072,40.738],[10.897,40.98],[11.38,40.98],[14.404,39.363],[14.541,39.149],[12.23,39.106]],[[11.976,39.771],[11.941,39.788],[11.938,39.757],[11.976,39.771]]]}},{"type":"Feature","properties":{"r":2},"geometry":{"type":"Polygon","coordinates":[[[11.695,34.518],[12.239,35.66],[12.085,36.218],[12.288,36.522],[14.55,35.669],[15.0,35.641],[15.0,34.855],[14.933,34.839],[13.074,35.421],[12.929,34.932],[15.0,34.302],[15.0,33.505],[11.695,34.518]]]}},{"type":"Feature","properties":{"r":2},"geometry":{"type":"Polygon","coordinates":[[[4.002,41.238],[4.243,41.525],[4.353,42.138],[6.557,42.173],[7.277,42.35],[7.447,41.737],[6.935,41.278],[6.89,40.98],[6.129,40.98],[6.085,41.495],[5.137,41.48],[4.801,40.98],[3.396,40.98],[4.002,41.238]]]}},{"type":"Feature","properties":{"r":2},"geometry":{"type":"Polygon","coordinates":[[[10.599,41.391],[11.38,40.98],[10.897,40.98],[10.599,41.391]]]}},{"type":"Feature","properties":{"r":2},"geometry":{"type":"Polygon","coordinates":[[[0.01,58.205],[0.238,57.747],[0.0,57.288],[0.0,58.21],[0.01,58.205]]]}},{"type":"Feature","properties":{"r":2},"geometry":{"type":"Polygon","coordinates":[[[0.574,55.563],[1.648,54.882],[2.162,54.021],[2.899,53.812],[3.561,54.205],[6.26,54.614],[5.944,55.699],[6.291,57.005],[4.403,57.637],[3.766,58.005],[3.477,58.475],[3.227,59.771],[4.132,59.771],[4.372,58.522],[4.543,58.245],[6.302,57.512],[6.861,57.392],[7.407,57.418],[6.834,55.625],[7.369,54.217],[4.029,53.753],[3.484,53.358],[2.703,52.172],[2.981,52.767],[2.845,53.089],[2.501,53.346],[1.47,53.578],[0.798,54.712],[0.511,54.982],[0.0,55.157],[0.0,56.234],[0.574,55.563]]]}},{"type":"Feature","properties":{"r":2},"geometry":{"type":"Polygon","coordinates":[[[14.217,54.669],[14.334,54.686],[14.242,54.658],[14.217,54.669]]]}},{"type":"Feature","properties":{"r":2},"geometry":{"type":"Polygon","coordinates":[[[2.803,61.869],[2.919,62.315],[3.429,62.69],[8.726,65.043],[10.569,66.513],[11.58,66.513],[9.463,64.817],[4.069,62.398],[3.767,62.175],[3.698,61.911],[4.132,59.771],[3.227,59.771],[2.803,61.869]]]}},{"type":"Feature","properties":{"r":2},"geometry":{"type":"Polygon","coordinates":[[[12.805,68.188],[15.0,69.201],[15.0,68.685],[13.605,68.034],[11.58,66.513],[10.569,66.513],[12.805,68.188]]]}},{"type":"Feature","properties":{"r":2},"geometry":{"type":"Polygon","coordinates":[[[12.124,77.722],[9.059,78.792],[8.692,79.171],[9.607,79.171],[9.944,78.824],[13.166,77.728],[12.477,77.422],[12.491,77.321],[12.975,77.152],[15.0,76.805],[15.0,76.544],[12.429,76.992],[11.61,77.28],[11.586,77.451],[12.124,77.722]]]}},{"type":"Feature","properties":{"r":2},"geometry":{"type":"Polygon","coordinates":[[[8.281,79.58],[8.544,79.849],[9.726,80.019],[15.0,80.33],[15.0,80.169],[10.02,79.871],[9.321,79.769],[9.166,79.61],[9.607,79.171],[8.692,79.171],[8.281,79.58]]]}},{"type":"Feature","properties":{"r":2},"geometry":{"type":"Polygon","coordinates":[[[15.492,-69.557],[18.509,-69.171],[19.762,-69.144],[22.752,-69.456],[23.696,-69.887],[26.433,-69.739],[30.0,-69.137],[30.0,-69.489],[26.703,-70.038],[23.235,-70.222],[22.22,-69.709],[19.557,-69.454],[18.816,-69.469],[15.342,-69.907],[15.0,-69.819],[15.0,-69.449],[15.492,-69.557]]]}},{"type":"Feature","properties":{"r":2},"geometry":{"type":"Polygon","coordinates":[[[16.828,-31.818],[16.663,-32.874],[17.116,-34.395],[17.655,-35.026],[18.894,-35.702],[19.476,-35.873],[20.09,-35.807],[22.8,-34.943],[25.741,-35.016],[26.429,-34.874],[29.16,-33.523],[30.0,-32.781],[30.0,-33.874],[29.811,-34.04],[26.878,-35.512],[25.714,-35.749],[22.957,-35.681],[20.418,-36.484],[19.379,-36.595],[18.394,-36.307],[16.577,-35.176],[16.242,-34.573],[15.79,-33.055],[15.864,-31.926],[15.0,-30.57],[15.0,-29.072],[16.828,-31.818]]]}},{"type":"Feature","properties":{"r":2},"geometry":{"type":"Polygon","coordinates":[[[16.198,36.059],[16.533,37.027],[17.11,37.337],[18.062,38.262],[18.356,38.827],[18.962,38.976],[19.932,37.865],[20.626,36.223],[22.245,35.386],[22.339,34.826],[23.071,34.277],[24.686,33.848],[26.66,34.277],[27.417,34.77],[27.577,35.151],[27.533,35.586],[29.7,35.087],[30.0,35.152],[30.0,34.442],[28.29,34.623],[27.654,33.879],[26.517,33.462],[28.837,32.85],[30.0,33.228],[30.0,32.381],[28.869,32.045],[21.435,33.925],[19.184,32.986],[18.938,32.669],[18.788,31.559],[16.681,32.244],[16.134,33.064],[15.697,33.29],[15.0,33.505],[15.0,34.302],[16.009,33.993],[16.749,33.613],[17.35,32.841],[18.016,32.626],[18.526,33.5],[19.136,33.881],[21.481,34.655],[19.903,35.789],[18.81,37.902],[17.327,36.543],[16.958,35.669],[16.423,35.196],[15.0,34.855],[15.0,35.641],[15.465,35.612],[16.198,36.059]]]}},{"type":"Feature","properties":{"r":2},"geometry":{"type":"Polygon","coordinates":[[[26.315,36.369],[24.401,36.665],[24.983,36.943],[25.313,37.55],[26.315,36.369]]]}},{"type":"Feature","properties":{"r":2},"geometry":{"type":"Polygon","coordinates":[[[25.229,38.78],[25.055,38.395],[24.661,39.121],[24.935,39.215],[25.229,38.78]]]}},{"type":"Feature","properties":{"r":2},"geometry":{"type":"Polygon","coordinates":[[[30.0,44.174],[30.0,42.143],[29.459,42.18],[29.097,42.662],[29.818,44.117],[30.0,44.174]]]}},{"type":"Feature","properties":{"r":2},"geometry":{"type":"Polygon","coordinates":[[[16.972,55.709],[17.974,58.239],[18.797,58.481],[19.071,58.697],[19.938,59.771],[21.363,59.771],[22.088,59.335],[22.206,58.411],[20.854,57.987],[20.385,57.685],[19.793,56.739],[19.93,55.521],[19.405,55.275],[17.529,55.591],[15.061,54.911],[15.493,55.396],[16.186,55.393],[16.972,55.709]],[[19.557,57.872],[21.209,58.684],[21.156,59.144],[20.644,59.443],[19.903,58.518],[18.768,57.905],[18.101,56.046],[18.986,55.901],[18.895,56.709],[19.557,57.872]]]}},{"type":"Feature","properties":{"r":2},"geometry":{"type":"Polygon","coordinates":[[[19.989,59.833],[20.082,60.141],[19.879,60.433],[18.515,61.455],[19.03,62.455],[19.888,62.873],[19.799,62.461],[20.227,61.662],[20.083,60.528],[21.363,59.771],[19.938,59.771],[19.989,59.833]]]}},{"type":"Feature","properties":{"r":2},"geometry":{"type":"Polygon","coordinates":[[[23.424,65.35],[23.753,65.151],[22.629,64.606],[22.552,64.906],[23.084,65.293],[23.424,65.35]]]}},{"type":"Feature","properties":{"r":2},"geometry":{"type":"Polygon","coordinates":[[[17.463,70.285],[18.565,70.533],[21.589,70.826],[23.346,71.621],[26.868,71.82],[28.609,71.82],[29.441,71.755],[30.0,71.63],[30.0,71.258],[28.479,71.588],[24.376,71.445],[23.837,71.381],[22.176,70.573],[18.819,70.244],[18.167,70.095],[15.0,68.685],[15.0,69.201],[17.463,70.285]]]}},{"type":"Feature","properties":{"r":2},"geometry":{"type":"Polygon","coordinates":[[[27.877,71.876],[28.609,71.82],[26.868,71.82],[27.877,71.876]]]}},{"type":"Feature","properties":{"r":2},"geometry":{"type":"Polygon","coordinates":[[[23.689,79.009],[23.645,78.856],[24.747,78.687],[26.587,78.098],[26.899,77.784],[26.647,77.627],[23.921,77.076],[23.118,76.978],[22.206,76.962],[19.819,77.238],[18.9,76.512],[17.439,76.303],[15.785,76.404],[15.0,76.544],[15.0,76.805],[16.33,76.571],[17.308,76.513],[17.793,76.553],[18.385,76.742],[19.787,78.06],[19.981,77.956],[19.437,77.713],[19.682,77.511],[21.813,77.201],[22.322,77.162],[22.861,77.171],[23.336,77.228],[25.861,77.72],[26.009,77.813],[25.825,77.998],[23.667,78.661],[22.777,78.711],[21.256,78.587],[22.357,78.76],[22.834,78.925],[22.799,79.02],[22.277,79.171],[22.658,79.171],[22.994,79.158],[23.192,79.171],[24.765,79.171],[23.689,79.009]]]}},{"type":"Feature","properties":{"r":2},"geometry":{"type":"Polygon","coordinates":[[[15.199,80.342],[15.849,80.583],[16.607,80.66],[22.158,80.986],[23.636,80.989],[28.781,80.349],[29.568,80.128],[29.578,79.994],[28.823,79.761],[24.765,79.171],[23.192,79.171],[23.861,79.215],[25.772,79.512],[25.925,79.518],[26.003,79.547],[28.244,79.883],[28.537,79.945],[28.684,80.099],[28.219,80.23],[23.343,80.855],[22.469,80.853],[16.918,80.522],[16.471,80.476],[16.171,80.404],[16.169,80.238],[15.0,80.169],[15.0,80.33],[15.199,80.342]]]}},{"type":"Feature","properties":{"r":2},"geometry":{"type":"Polygon","coordinates":[[[22.026,79.243],[22.537,79.176],[22.658,79.171],[22.277,79.171],[22.026,79.243]]]}},{"type":"Feature","properties":{"r":2},"geometry":{"type":"Polygon","coordinates":[[[30.427,-69.063],[31.968,-68.094],[32.587,-67.838],[33.431,-67.699],[34.352,-67.702],[35.189,-67.848],[38.442,-68.748],[40.867,-67.893],[45.0,-67.006],[45.0,-67.388],[41.314,-68.185],[38.527,-69.175],[34.65,-68.118],[34.155,-68.033],[33.611,-68.031],[33.112,-68.112],[32.746,-68.262],[31.066,-69.309],[30.0,-69.489],[30.0,-69.137],[30.427,-69.063]]]}},{"type":"Feature","properties":{"r":2},"geometry":{"type":"Polygon","coordinates":[[[31.103,-31.797],[33.509,-28.977],[33.64,-28.716],[34.452,-28.716],[34.234,-29.443],[31.828,-32.25],[30.0,-33.874],[30.0,-32.781],[31.103,-31.797]]]}},{"type":"Feature","properties":{"r":2},"geometry":{"type":"Polygon","coordinates":[[[33.739,-28.518],[34.193,-26.206],[36.139,-25.13],[36.578,-24.725],[36.757,-24.178],[36.861,-22.147],[36.306,-20.254],[40.856,-17.107],[41.266,-16.631],[41.952,-15.226],[42.028,-14.832],[44.855,-14.832],[44.139,-15.0],[43.59,-15.275],[43.234,-15.765],[42.751,-16.961],[42.677,-17.589],[43.027,-19.855],[41.964,-21.911],[42.777,-25.269],[43.026,-25.723],[43.463,-26.04],[45.0,-26.625],[45.0,-27.444],[43.064,-26.762],[42.324,-26.23],[41.903,-25.463],[41.071,-21.809],[42.094,-19.705],[41.838,-17.279],[37.359,-20.578],[37.76,-22.186],[37.353,-25.14],[35.057,-26.676],[34.452,-28.716],[33.64,-28.716],[33.739,-28.518]]]}},{"type":"Feature","properties":{"r":2},"geometry":{"type":"Polygon","coordinates":[[[42.072,-14.599],[41.775,-10.671],[40.539,-8.243],[40.701,-6.527],[40.206,-5.7],[40.395,-5.196],[41.316,-3.372],[44.998,0.0],[45.0,0.0],[45.0,-1.241],[42.045,-3.924],[41.218,-5.564],[41.574,-6.31],[41.475,-8.076],[42.673,-10.606],[42.938,-14.703],[45.0,-13.936],[45.0,-14.797],[44.855,-14.832],[42.028,-14.832],[42.072,-14.599]]]}},{"type":"Feature","properties":{"r":2},"geometry":{"type":"Polygon","coordinates":[[[45.0,0.002],[45.0,0.0],[44.998,0.0],[45.0,0.002]]]}},{"type":"Feature","properties":{"r":2},"geometry":{"type":"Polygon","coordinates":[[[38.672,19.327],[38.553,19.984],[41.338,16.382],[41.322,15.826],[40.363,16.654],[39.619,18.451],[38.672,19.327]]]}},{"type":"Feature","properties":{"r":2},"geometry":{"type":"Polygon","coordinates":[[[31.014,35.371],[31.087,34.638],[32.507,33.569],[33.416,33.557],[34.358,34.127],[33.462,32.204],[33.276,32.067],[32.377,32.05],[31.362,32.608],[30.932,32.656],[30.0,32.381],[30.0,33.228],[30.18,33.287],[31.307,33.365],[30.245,34.416],[30.0,34.442],[30.0,35.152],[31.014,35.371]]]}},{"type":"Feature","properties":{"r":2},"geometry":{"type":"Polygon","coordinates":[[[30.422,44.304],[31.184,45.176],[31.588,44.642],[32.052,44.451],[32.369,43.935],[33.29,43.529],[33.84,43.425],[34.398,43.502],[36.529,44.165],[40.004,42.251],[38.479,41.975],[35.709,42.912],[35.145,42.998],[32.908,42.868],[30.882,42.082],[30.0,42.143],[30.0,44.174],[30.422,44.304]],[[31.26,44.044],[30.539,43.646],[30.121,42.801],[30.699,42.762],[32.075,43.291],[31.26,44.044]],[[36.378,43.411],[36.484,43.375],[36.404,43.419],[36.378,43.411]]]}},{"type":"Feature","properties":{"r":2},"geometry":{"type":"Polygon","coordinates":[[[38.474,65.476],[38.487,65.447],[38.359,65.479],[38.474,65.476]]]}},{"type":"Feature","properties":{"r":2},"geometry":{"type":"Polygon","coordinates":[[[36.132,65.723],[36.752,65.646],[36.495,65.605],[36.153,65.477],[36.132,65.723]]]}},{"type":"Feature","properties":{"r":2},"geometry":{"type":"Polygon","coordinates":[[[32.569,71.045],[33.16,70.84],[33.458,70.509],[37.572,69.742],[41.268,68.522],[41.813,69.1],[43.279,69.358],[45.0,69.196],[45.0,68.89],[43.84,69.02],[42.876,68.992],[42.484,68.885],[42.154,68.556],[42.802,67.921],[42.405,67.303],[42.856,66.898],[42.41,66.962],[42.359,67.477],[41.957,67.815],[37.412,69.397],[32.511,70.319],[32.576,70.525],[32.047,70.805],[30.0,71.258],[30.0,71.63],[32.569,71.045]]]}},{"type":"Feature","properties":{"r":2},"geometry":{"type":"Polygon","coordinates":[[[43.333,80.847],[44.04,80.919],[45.0,80.974],[45.0,80.825],[44.37,80.785],[43.665,80.678],[43.62,80.519],[44.262,80.398],[45.0,80.377],[45.0,79.964],[44.771,80.015],[44.36,80.239],[43.195,80.349],[42.649,80.606],[43.333,80.847]]]}},{"type":"Feature","properties":{"r":2},"geometry":{"type":"Polygon","coordinates":[[[47.233,-66.513],[48.907,-66.513],[45.0,-67.388],[45.0,-67.006],[47.233,-66.513]]]}},{"type":"Feature","properties":{"r":2},"geometry":{"type":"Polygon","coordinates":[[[59.657,-66.915],[58.891,-66.513],[60.0,-66.513],[60.0,-67.003],[59.657,-66.915]]]}},{"type":"Feature","properties":{"r":2},"geometry":{"type":"Polygon","coordinates":[[[54.192,-64.912],[57.555,-65.213],[60.0,-66.506],[60.0,-66.513],[58.891,-66.513],[57.064,-65.527],[54.802,-65.292],[53.888,-65.352],[48.907,-66.513],[47.233,-66.513],[54.192,-64.912]]]}},{"type":"Feature","properties":{"r":2},"geometry":{"type":"Polygon","coordinates":[[[52.557,-15.916],[48.737,-26.263],[46.283,-27.408],[45.353,-27.568],[45.0,-27.444],[45.0,-26.625],[45.376,-26.768],[47.612,-26.019],[48.065,-25.724],[48.339,-25.285],[51.082,-16.893],[51.43,-16.406],[51.776,-15.2],[51.636,-14.832],[52.534,-14.832],[52.557,-15.916]]]}},{"type":"Feature","properties":{"r":2},"geometry":{"type":"Polygon","coordinates":[[[45.0,-1.241],[45.0,0.0],[46.366,0.0],[45.0,-1.241]]]}},{"type":"Feature","properties":{"r":2},"geometry":{"type":"Polygon","coordinates":[[[45.264,-13.838],[45.667,-13.492],[46.042,-12.471],[46.861,-11.788],[47.743,-10.419],[49.298,-9.883],[50.795,-10.56],[52.526,-14.452],[52.534,-14.832],[51.636,-14.832],[50.405,-11.577],[50.14,-11.167],[49.256,-10.768],[48.337,-11.084],[47.517,-12.471],[46.789,-12.96],[46.501,-13.944],[45.693,-14.634],[45.0,-14.797],[45.0,-13.936],[45.264,-13.838]]]}},{"type":"Feature","properties":{"r":2},"geometry":{"type":"Polygon","coordinates":[[[48.826,3.506],[50.655,6.314],[52.248,10.156],[52.41,11.965],[52.108,12.84],[51.278,13.283],[49.315,12.897],[52.724,14.462],[53.167,14.795],[53.185,14.832],[54.529,14.832],[54.089,14.668],[53.859,14.237],[52.696,13.484],[53.196,12.712],[53.243,10.54],[51.29,5.601],[49.221,2.594],[46.366,0.0],[45.0,0.0],[45.0,0.002],[48.826,3.506]]]}},{"type":"Feature","properties":{"r":2},"geometry":{"type":"Polygon","coordinates":[[[53.456,15.39],[56.137,16.297],[56.495,16.87],[58.338,17.873],[58.786,18.276],[59.041,19.343],[59.577,19.762],[60.0,20.424],[60.0,19.0],[59.896,18.861],[59.542,17.811],[57.201,16.263],[56.734,15.649],[54.529,14.832],[53.185,14.832],[53.456,15.39]]]}},{"type":"Feature","properties":{"r":2},"geometry":{"type":"Polygon","coordinates":[[[59.891,24.139],[60.0,24.123],[60.0,24.013],[59.891,24.139]]]}},{"type":"Feature","properties":{"r":2},"geometry":{"type":"Polygon","coordinates":[[[52.844,26.002],[53.755,25.602],[53.418,25.277],[52.81,25.25],[52.844,26.002]]]}},{"type":"Feature","properties":{"r":2},"geometry":{"type":"Polygon","coordinates":[[[51.537,40.678],[51.229,40.98],[51.491,40.98],[51.537,40.678]]]}},{"type":"Feature","properties":{"r":2},"geometry":{"type":"Polygon","coordinates":[[[52.564,38.364],[52.553,37.959],[51.149,37.916],[50.343,38.26],[50.212,38.726],[50.489,39.259],[51.073,39.406],[51.481,39.722],[51.833,39.313],[52.038,38.709],[52.564,38.364]]]}},{"type":"Feature","properties":{"r":2},"geometry":{"type":"Polygon","coordinates":[[[50.183,42.703],[50.464,42.43],[51.319,42.109],[51.491,40.98],[51.229,40.98],[48.841,43.273],[48.851,43.891],[48.349,44.516],[49.87,45.65],[50.297,45.786],[50.093,45.507],[49.247,45.145],[49.013,44.512],[50.183,42.703]]]}},{"type":"Feature","properties":{"r":2},"geometry":{"type":"Polygon","coordinates":[[[46.905,69.015],[47.756,68.837],[48.476,68.376],[53.187,69.614],[54.863,69.577],[55.98,69.36],[57.857,69.59],[58.342,70.038],[53.604,70.025],[52.658,70.11],[51.914,70.325],[51.467,70.709],[50.048,70.974],[49.607,71.178],[49.436,71.82],[50.284,71.82],[50.423,71.3],[51.056,71.096],[52.263,70.914],[52.635,70.505],[53.075,70.379],[53.634,70.33],[57.972,70.312],[58.689,70.522],[58.788,70.835],[56.89,71.691],[56.859,71.82],[57.762,71.82],[57.768,71.795],[59.655,70.914],[59.596,70.503],[60.0,70.519],[60.0,70.24],[59.797,70.212],[58.89,69.737],[58.743,69.585],[58.859,69.339],[55.656,68.981],[55.167,69.202],[53.949,69.314],[53.404,69.308],[52.914,69.223],[48.052,67.825],[47.14,68.599],[46.637,68.705],[45.0,68.89],[45.0,69.196],[46.905,69.015]]]}},{"type":"Feature","properties":{"r":2},"geometry":{"type":"Polygon","coordinates":[[[49.334,72.193],[50.256,72.576],[50.334,72.958],[51.491,73.507],[51.397,73.922],[53.587,74.778],[53.553,75.265],[54.131,75.49],[56.227,75.959],[57.714,75.959],[57.197,75.883],[54.745,75.324],[54.403,75.19],[54.534,74.717],[52.261,73.852],[52.211,73.725],[52.561,73.501],[51.197,72.883],[51.165,72.435],[50.397,72.246],[50.202,72.121],[50.284,71.82],[49.436,71.82],[49.334,72.193]]]}},{"type":"Feature","properties":{"r":2},"geometry":{"type":"Polygon","coordinates":[[[57.656,72.252],[57.762,71.82],[56.859,71.82],[56.741,72.301],[59.543,74.092],[60.0,74.199],[60.0,73.767],[57.656,72.252]]]}},{"type":"Feature","properties":{"r":2},"geometry":{"type":"Polygon","coordinates":[[[56.731,76.07],[60.0,76.537],[60.0,76.291],[57.714,75.959],[56.227,75.959],[56.731,76.07]]]}},{"type":"Feature","properties":{"r":2},"geometry":{"type":"Polygon","coordinates":[[[50.036,81.26],[51.534,81.17],[53.525,80.846],[53.722,80.711],[53.113,80.451],[48.401,79.649],[47.478,79.622],[46.575,79.666],[45.854,79.772],[45.0,79.964],[45.0,80.377],[45.36,80.367],[45.225,80.207],[45.479,80.111],[46.563,79.87],[46.988,79.808],[47.522,79.782],[48.067,79.799],[48.526,79.853],[52.463,80.553],[52.822,80.706],[52.406,80.853],[50.513,81.108],[49.563,81.108],[45.0,80.825],[45.0,80.974],[50.036,81.26]]]}},{"type":"Feature","properties":{"r":2},"geometry":{"type":"Polygon","coordinates":[[[60.289,-66.654],[61.524,-66.971],[63.808,-66.55],[64.661,-66.579],[70.2,-67.261],[71.038,-67.755],[71.822,-69.058],[71.779,-69.627],[72.382,-69.307],[73.207,-69.139],[75.0,-68.938],[75.0,-69.275],[73.476,-69.443],[72.989,-69.541],[72.665,-69.701],[69.979,-71.8],[69.469,-71.689],[70.361,-70.64],[70.224,-70.481],[69.635,-70.295],[70.74,-69.864],[70.968,-69.27],[69.981,-67.667],[69.25,-67.46],[64.412,-66.92],[63.425,-66.964],[61.484,-67.378],[60.0,-67.003],[60.0,-66.513],[60.015,-66.513],[60.289,-66.654]],[[71.033,-70.24],[70.897,-70.288],[70.947,-70.31],[71.033,-70.24]]]}},{"type":"Feature","properties":{"r":2},"geometry":{"type":"Polygon","coordinates":[[[60.015,-66.513],[60.0,-66.513],[60.0,-66.506],[60.015,-66.513]]]}},{"type":"Feature","properties":{"r":2},"geometry":{"type":"Polygon","coordinates":[[[71.882,-50.676],[71.218,-50.98],[68.889,-51.172],[67.948,-51.081],[67.157,-50.748],[66.663,-50.231],[66.558,-49.622],[66.748,-48.469],[67.578,-47.467],[69.229,-47.163],[72.266,-48.34],[72.759,-49.292],[71.882,-50.676]],[[67.643,-48.533],[67.453,-49.685],[67.514,-50.045],[67.807,-50.353],[68.274,-50.551],[68.83,-50.606],[70.365,-50.542],[71.226,-50.283],[71.86,-49.277],[71.79,-48.98],[71.221,-48.519],[69.109,-47.766],[68.133,-47.944],[67.643,-48.533]]]}},{"type":"Feature","properties":{"r":2},"geometry":{"type":"Polygon","coordinates":[[[75.0,9.328],[75.0,7.446],[71.661,14.832],[72.63,14.832],[75.0,9.328]]]}},{"type":"Feature","properties":{"r":2},"geometry":{"type":"Polygon","coordinates":[[[61.089,22.116],[61.065,22.611],[60.826,23.054],[60.0,24.013],[60.0,24.123],[61.599,23.899],[65.709,24.194],[66.751,22.936],[67.9,22.268],[67.951,21.655],[68.246,21.234],[69.553,20.015],[70.333,19.665],[71.568,19.869],[72.336,15.505],[72.63,14.832],[71.661,14.832],[71.507,15.169],[70.828,18.855],[69.524,19.011],[68.917,19.415],[67.611,20.638],[67.037,21.785],[65.249,23.335],[61.793,23.085],[61.977,21.981],[61.649,21.194],[60.0,19.0],[60.0,20.424],[61.089,22.116]]]}},{"type":"Feature","properties":{"r":2},"geometry":{"type":"Polygon","coordinates":[[[61.173,70.564],[64.929,70.126],[64.526,70.908],[64.725,71.345],[65.505,71.82],[66.555,71.82],[65.408,71.09],[65.933,69.944],[65.662,69.524],[63.872,69.979],[60.918,70.275],[60.336,70.287],[60.0,70.24],[60.0,70.519],[61.173,70.564]]]}},{"type":"Feature","properties":{"r":2},"geometry":{"type":"Polygon","coordinates":[[[60.281,73.939],[60.0,73.767],[60.0,74.199],[67.977,75.959],[69.131,75.959],[60.281,73.939]]]}},{"type":"Feature","properties":{"r":2},"geometry":{"type":"Polygon","coordinates":[[[68.44,73.503],[69.869,73.67],[73.452,73.357],[74.404,73.466],[75.0,73.452],[75.0,73.198],[74.031,73.165],[73.556,73.021],[73.005,73.137],[70.358,73.396],[69.444,73.387],[69.054,73.315],[66.555,71.82],[65.505,71.82],[68.44,73.503]]]}},{"type":"Feature","properties":{"r":2},"geometry":{"type":"Polygon","coordinates":[[[65.074,77.233],[66.065,77.301],[67.089,77.262],[70.453,76.891],[70.918,76.72],[71.049,76.518],[70.826,76.317],[69.131,75.959],[67.977,75.959],[69.699,76.313],[70.019,76.411],[70.15,76.529],[70.073,76.649],[69.798,76.751],[68.184,76.924],[68.157,76.94],[68.086,76.935],[66.73,77.079],[66.125,77.103],[65.539,77.061],[60.0,76.291],[60.0,76.537],[65.074,77.233]]]}},{"type":"Feature","properties":{"r":2},"geometry":{"type":"Polygon","coordinates":[[[76.06,-68.819],[77.733,-67.685],[81.396,-66.537],[81.552,-66.513],[86.129,-66.513],[85.947,-66.652],[82.321,-66.733],[78.298,-67.949],[77.935,-68.123],[76.708,-69.084],[75.0,-69.275],[75.0,-68.938],[76.06,-68.819]]]}},{"type":"Feature","properties":{"r":2},"geometry":{"type":"Polygon","coordinates":[[[82.693,-66.342],[85.39,-66.301],[86.598,-65.512],[87.392,-65.341],[88.284,-65.315],[89.127,-65.44],[90.0,-65.883],[90.0,-66.465],[88.66,-65.757],[88.162,-65.685],[87.635,-65.7],[87.166,-65.8],[86.833,-65.967],[86.129,-66.513],[81.552,-66.513],[82.693,-66.342]]]}},{"type":"Feature","properties":{"r":2},"geometry":{"type":"Polygon","coordinates":[[[75.395,8.401],[77.005,6.791],[77.918,6.732],[78.641,7.179],[79.354,5.135],[79.779,4.805],[80.301,4.675],[80.832,4.767],[82.504,5.518],[82.924,6.298],[83.075,7.34],[82.851,8.265],[81.182,10.588],[81.538,14.832],[83.268,14.832],[82.403,14.373],[82.106,10.847],[83.927,8.032],[83.815,6.171],[83.105,4.851],[80.269,3.778],[79.384,3.998],[78.666,4.557],[78.088,5.865],[76.634,5.976],[75.04,7.357],[75.0,7.446],[75.0,9.328],[75.395,8.401]]]}},{"type":"Feature","properties":{"r":2},"geometry":{"type":"Polygon","coordinates":[[[81.553,14.999],[83.142,15.704],[85.85,18.477],[87.481,19.35],[87.995,20.51],[89.097,20.812],[90.0,20.652],[90.0,19.82],[88.701,19.824],[88.161,18.792],[86.396,17.78],[83.799,15.112],[83.268,14.832],[81.538,14.832],[81.553,14.999]]]}},{"type":"Feature","properties":{"r":2},"geometry":{"type":"Polygon","coordinates":[[[75.249,73.447],[76.007,73.338],[77.064,72.901],[78.383,72.877],[78.312,73.632],[78.815,74.038],[80.155,74.249],[83.851,74.412],[84.013,74.705],[85.17,75.352],[86.013,75.59],[88.451,75.959],[90.0,75.959],[90.0,75.934],[86.485,75.398],[85.987,75.256],[84.83,74.605],[84.71,74.465],[84.981,74.216],[80.301,74.006],[79.509,73.88],[79.212,73.638],[79.374,72.463],[77.644,72.658],[76.693,72.558],[75.785,73.023],[75.008,73.198],[75.0,73.198],[75.0,73.452],[75.249,73.447]]]}},{"type":"Feature","properties":{"r":2},"geometry":{"type":"Polygon","coordinates":[[[90.0,76.189],[90.0,75.959],[88.451,75.959],[90.0,76.189]]]}},{"type":"Feature","properties":{"r":2},"geometry":{"type":"Polygon","coordinates":[[[88.99,80.309],[89.494,80.576],[90.0,80.67],[90.0,80.383],[89.886,80.322],[90.0,80.257],[90.0,79.962],[88.99,80.309]]]}},{"type":"Feature","properties":{"r":2},"geometry":{"type":"Polygon","coordinates":[[[95.792,-66.521],[95.996,-66.513],[99.486,-66.513],[99.02,-66.763],[95.787,-66.878],[90.389,-66.666],[90.094,-66.513],[95.606,-66.513],[95.792,-66.521]]]}},{"type":"Feature","properties":{"r":2},"geometry":{"type":"Polygon","coordinates":[[[90.886,-66.325],[95.606,-66.513],[90.094,-66.513],[90.0,-66.465],[90.0,-65.883],[90.886,-66.325]]]}},{"type":"Feature","properties":{"r":2},"geometry":{"type":"Polygon","coordinates":[[[98.536,-66.422],[101.063,-65.017],[101.774,-64.753],[102.678,-64.639],[103.611,-64.698],[104.401,-64.917],[105.0,-65.174],[105.0,-65.708],[103.759,-65.184],[103.293,-65.055],[102.741,-65.021],[102.207,-65.088],[101.787,-65.242],[99.486,-66.513],[95.996,-66.513],[98.536,-66.422]]]}},{"type":"Feature","properties":{"r":2},"geometry":{"type":"Polygon","coordinates":[[[101.499,-4.933],[104.079,-6.982],[104.231,-7.482],[104.973,-8.08],[105.0,-8.089],[105.0,-9.02],[104.701,-8.929],[103.976,-8.542],[103.331,-7.575],[100.747,-5.426],[97.168,0.0],[98.246,0.0],[101.499,-4.933]]]}},{"type":"Feature","properties":{"r":2},"geometry":{"type":"Polygon","coordinates":[[[95.013,14.508],[95.587,14.477],[96.296,14.832],[96.43,14.832],[97.444,11.337],[97.083,7.465],[97.643,6.706],[98.355,6.527],[99.037,5.531],[98.045,6.413],[94.915,6.716],[94.135,6.067],[94.064,5.057],[97.57,1.026],[98.246,0.0],[97.168,0.0],[96.856,0.474],[93.213,4.765],[93.333,6.474],[93.88,7.156],[94.653,7.571],[96.188,7.583],[96.529,11.264],[95.837,13.656],[93.586,13.995],[92.724,14.454],[92.448,14.832],[94.095,14.832],[95.013,14.508]]]}},{"type":"Feature","properties":{"r":2},"geometry":{"type":"Polygon","coordinates":[[[104.207,5.895],[103.752,6.551],[101.57,8.209],[101.11,9.605],[100.737,10.138],[100.976,11.278],[101.731,11.087],[102.621,9.688],[103.826,9.074],[103.973,8.072],[104.237,7.692],[104.621,7.428],[105.0,7.403],[105.0,6.465],[104.928,6.445],[105.0,6.214],[105.0,3.251],[104.207,5.895]],[[102.34,8.747],[103.021,8.231],[102.961,8.488],[102.31,8.838],[102.34,8.747]]]}},{"type":"Feature","properties":{"r":2},"geometry":{"type":"Polygon","coordinates":[[[90.03,20.646],[90.902,20.793],[91.571,19.707],[92.594,18.958],[93.009,18.004],[92.891,16.113],[92.987,15.561],[93.323,15.104],[94.095,14.832],[92.448,14.832],[92.155,15.23],[92.099,17.859],[91.853,18.423],[90.382,19.819],[90.0,19.82],[90.0,20.652],[90.03,20.646]]]}},{"type":"Feature","properties":{"r":2},"geometry":{"type":"Polygon","coordinates":[[[96.413,14.89],[96.43,14.832],[96.296,14.832],[96.413,14.89]]]}},{"type":"Feature","properties":{"r":2},"geometry":{"type":"Polygon","coordinates":[[[90.0,75.934],[90.0,75.959],[90.167,75.959],[90.0,75.934]]]}},{"type":"Feature","properties":{"r":2},"geometry":{"type":"Polygon","coordinates":[[[92.08,76.492],[99.061,76.866],[100.014,77.473],[98.528,77.495],[97.409,77.742],[97.372,78.078],[98.14,78.504],[94.599,78.625],[93.677,78.702],[93.023,78.849],[92.18,79.171],[93.156,79.171],[93.82,78.93],[94.207,78.843],[94.752,78.799],[99.355,78.643],[98.217,78.014],[98.138,77.915],[98.505,77.73],[98.9,77.671],[99.848,77.66],[103.702,77.931],[101.177,77.509],[100.755,77.376],[99.756,76.689],[92.552,76.312],[90.167,75.959],[90.0,75.959],[90.0,76.189],[92.08,76.492]]]}},{"type":"Feature","properties":{"r":2},"geometry":{"type":"Polygon","coordinates":[[[104.822,77.953],[104.214,77.966],[105.0,78.021],[105.0,77.931],[104.822,77.953]]]}},{"type":"Feature","properties":{"r":2},"geometry":{"type":"Polygon","coordinates":[[[104.841,79.171],[105.0,79.171],[105.0,79.141],[104.841,79.171]]]}},{"type":"Feature","properties":{"r":2},"geometry":{"type":"Polygon","coordinates":[[[90.0,79.962],[90.0,80.257],[90.029,80.24],[93.156,79.171],[92.18,79.171],[90.0,79.962]]]}},{"type":"Feature","properties":{"r":2},"geometry":{"type":"Polygon","coordinates":[[[94.937,81.543],[95.78,81.578],[97.403,81.497],[102.174,79.946],[102.377,79.735],[103.652,79.628],[105.0,79.38],[105.0,79.171],[104.841,79.171],[103.011,79.514],[102.069,79.584],[101.422,79.546],[101.361,79.879],[97.115,81.335],[96.358,81.436],[95.348,81.425],[90.184,80.48],[90.0,80.383],[90.0,80.67],[94.937,81.543]]]}},{"type":"Feature","properties":{"r":2},"geometry":{"type":"Polygon","coordinates":[[[119.689,-66.711],[118.236,-66.513],[120.0,-66.513],[120.0,-66.642],[119.689,-66.711]]]}},{"type":"Feature","properties":{"r":2},"geometry":{"type":"Polygon","coordinates":[[[106.967,-66.001],[109.474,-65.85],[113.389,-64.966],[114.358,-65.018],[115.179,-65.241],[116.812,-65.932],[119.589,-66.319],[120.0,-66.228],[120.0,-66.513],[118.236,-66.513],[116.317,-66.249],[114.535,-65.503],[114.05,-65.373],[113.477,-65.343],[112.93,-65.419],[109.786,-66.201],[106.646,-66.387],[105.0,-65.708],[105.0,-65.174],[106.967,-66.001]]]}},{"type":"Feature","properties":{"r":2},"geometry":{"type":"Polygon","coordinates":[[[114.429,-32.219],[113.737,-34.332],[113.931,-34.773],[114.334,-35.101],[115.932,-35.921],[116.58,-36.082],[117.98,-36.121],[118.776,-35.929],[120.0,-35.225],[120.0,-36.12],[119.295,-36.522],[117.949,-36.844],[115.453,-36.535],[113.854,-35.722],[113.172,-35.169],[112.844,-34.426],[113.479,-32.229],[112.141,-28.716],[113.054,-28.716],[114.429,-32.219]]]}},{"type":"Feature","properties":{"r":2},"geometry":{"type":"Polygon","coordinates":[[[116.382,-19.521],[114.672,-20.654],[113.704,-20.617],[113.002,-21.188],[112.454,-22.28],[112.111,-24.192],[112.298,-25.079],[112.041,-26.055],[113.054,-28.716],[112.141,-28.716],[111.142,-26.013],[111.566,-22.144],[112.706,-20.206],[113.395,-19.824],[114.444,-19.748],[116.155,-18.698],[119.65,-17.829],[120.0,-17.451],[120.0,-18.626],[116.382,-19.521]]]}},{"type":"Feature","properties":{"r":2},"geometry":{"type":"Polygon","coordinates":[[[108.074,-9.037],[114.361,-10.019],[115.659,-9.741],[116.44,-10.28],[117.857,-10.174],[118.354,-10.686],[120.0,-11.471],[120.0,-12.392],[119.977,-12.393],[117.502,-11.116],[116.233,-11.14],[115.427,-10.753],[114.22,-10.893],[107.934,-9.914],[105.0,-9.02],[105.0,-8.089],[108.074,-9.037]]]}},{"type":"Feature","properties":{"r":2},"geometry":{"type":"Polygon","coordinates":[[[107.817,-0.217],[108.809,-1.998],[109.063,-3.519],[109.724,-4.132],[111.038,-4.266],[111.423,-4.604],[111.922,-4.767],[113.074,-4.529],[114.752,-5.398],[115.636,-5.196],[116.057,-5.305],[116.532,-5.251],[117.269,-4.669],[117.579,-3.317],[118.159,-4.014],[118.127,-5.769],[118.727,-6.505],[120.0,-6.758],[120.0,-7.262],[119.558,-7.48],[118.484,-6.944],[117.514,-6.865],[116.625,-7.464],[111.23,-5.26],[110.769,-5.172],[109.859,-5.548],[109.019,-5.504],[107.941,-4.85],[107.249,-4.658],[107.359,-2.707],[106.771,-1.944],[105.924,-1.443],[105.572,-0.589],[105.109,-0.046],[105.107,0.0],[106.209,0.0],[106.641,-0.822],[107.403,-1.324],[106.881,0.0],[107.755,0.0],[107.817,-0.217]],[[108.26,-3.924],[108.22,-4.025],[108.372,-4.072],[108.26,-3.924]],[[116.798,-6.106],[116.109,-6.185],[116.563,-6.376],[117.249,-5.87],[116.798,-6.106]]]}},{"type":"Feature","properties":{"r":2},"geometry":{"type":"Polygon","coordinates":[[[119.735,1.978],[119.342,2.302],[118.99,3.193],[120.0,4.47],[120.0,2.211],[119.735,1.978]]]}},{"type":"Feature","properties":{"r":2},"geometry":{"type":"Polygon","coordinates":[[[119.654,6.612],[118.58,7.029],[118.264,7.559],[119.45,8.435],[120.0,9.06],[120.0,6.29],[119.654,6.612]],[[119.803,7.513],[119.792,7.552],[119.761,7.53],[119.803,7.513]]]}},{"type":"Feature","properties":{"r":2},"geometry":{"type":"Polygon","coordinates":[[[118.781,14.81],[119.212,14.075],[119.051,13.206],[119.345,12.624],[118.48,12.144],[116.143,9.149],[115.914,8.682],[116.066,7.708],[112.356,4.28],[110.627,3.762],[110.219,3.255],[109.261,3.241],[108.794,2.972],[107.766,0.945],[107.654,0.358],[107.755,0.0],[106.881,0.0],[106.755,0.319],[106.944,1.312],[108.191,3.64],[111.913,5.095],[115.024,7.965],[115.041,8.899],[115.429,9.69],[118.17,13.03],[117.984,14.832],[118.778,14.832],[118.781,14.81]]]}},{"type":"Feature","properties":{"r":2},"geometry":{"type":"Polygon","coordinates":[[[105.088,0.334],[105.526,1.211],[105.474,1.665],[105.0,3.251],[105.0,6.214],[106.337,1.923],[106.425,1.155],[106.104,0.2],[106.209,0.0],[105.107,0.0],[105.088,0.334]]]}},{"type":"Feature","properties":{"r":2},"geometry":{"type":"Polygon","coordinates":[[[105.537,7.368],[109.994,10.657],[110.344,11.062],[110.599,13.721],[110.325,14.832],[111.104,14.832],[111.529,13.266],[111.137,10.643],[106.502,6.873],[105.0,6.465],[105.0,7.403],[105.537,7.368]]]}},{"type":"Feature","properties":{"r":2},"geometry":{"type":"Polygon","coordinates":[[[119.884,19.45],[119.588,19.117],[119.207,17.412],[118.632,16.699],[118.594,16.204],[118.778,14.832],[117.984,14.832],[117.765,16.931],[118.369,17.839],[118.807,19.54],[119.602,20.257],[119.131,20.579],[118.416,21.93],[116.509,20.823],[113.187,19.91],[113.08,18.993],[112.59,18.248],[110.656,16.473],[111.104,14.832],[110.325,14.832],[110.141,15.569],[109.066,17.034],[109.991,17.06],[111.944,18.842],[112.233,19.281],[112.306,19.793],[112.038,20.475],[116.256,21.628],[118.868,23.233],[119.792,21.15],[120.0,21.06],[120.0,19.488],[119.884,19.45]]]}},{"type":"Feature","properties":{"r":2},"geometry":{"type":"Polygon","coordinates":[[[107.635,19.501],[107.437,18.941],[107.223,19.191],[107.635,19.501]]]}},{"type":"Feature","properties":{"r":2},"geometry":{"type":"Polygon","coordinates":[[[116.319,75.784],[115.858,75.079],[113.844,74.519],[114.849,74.307],[116.309,74.323],[120.0,73.962],[120.0,73.696],[116.006,74.092],[115.385,74.109],[114.367,73.958],[114.09,74.179],[113.737,74.273],[112.066,74.392],[115.051,75.181],[115.38,75.938],[115.333,75.959],[116.257,75.959],[116.319,75.784]]]}},{"type":"Feature","properties":{"r":2},"geometry":{"type":"Polygon","coordinates":[[[106.938,79.012],[107.463,78.847],[107.253,78.243],[106.992,78.086],[106.358,77.944],[108.077,77.568],[108.265,77.365],[109.05,77.106],[111.345,77.203],[112.126,77.147],[115.818,76.19],[116.242,76.001],[116.257,75.959],[115.333,75.959],[115.129,76.051],[111.697,76.97],[110.752,76.996],[108.346,76.856],[108.105,77.116],[107.785,77.201],[107.247,77.258],[107.367,77.369],[107.255,77.489],[106.923,77.586],[105.208,77.905],[105.0,77.931],[105.0,78.021],[105.486,78.054],[106.208,78.177],[106.659,78.677],[106.608,78.792],[106.297,78.891],[105.0,79.141],[105.0,79.171],[106.106,79.171],[106.938,79.012]]]}},{"type":"Feature","properties":{"r":2},"geometry":{"type":"Polygon","coordinates":[[[106.106,79.171],[105.0,79.171],[105.0,79.38],[106.106,79.171]]]}},{"type":"Feature","properties":{"r":2},"geometry":{"type":"Polygon","coordinates":[[[120.0,-66.642],[120.0,-66.513],[120.574,-66.513],[120.0,-66.642]]]}},{"type":"Feature","properties":{"r":2},"geometry":{"type":"Polygon","coordinates":[[[122.774,-65.61],[128.687,-65.862],[132.793,-65.472],[133.154,-64.854],[133.675,-64.589],[135.0,-64.402],[135.0,-64.78],[134.246,-64.885],[133.938,-65.041],[133.596,-65.776],[128.735,-66.233],[122.957,-65.971],[120.574,-66.513],[120.0,-66.513],[120.0,-66.228],[122.774,-65.61]]]}},{"type":"Feature","properties":{"r":2},"geometry":{"type":"Polygon","coordinates":[[[120.323,-35.038],[124.149,-34.884],[124.541,-34.68],[125.177,-33.788],[126.531,-33.271],[131.151,-32.636],[133.273,-33.435],[134.009,-34.891],[134.507,-35.376],[135.0,-35.612],[135.0,-36.456],[134.021,-35.992],[133.179,-35.176],[132.58,-33.997],[131.029,-33.418],[126.796,-33.994],[125.839,-34.357],[125.151,-35.222],[124.489,-35.565],[120.62,-35.765],[120.0,-36.12],[120.0,-35.225],[120.323,-35.038]]]}},{"type":"Feature","properties":{"r":2},"geometry":{"type":"Polygon","coordinates":[[[123.208,-15.029],[122.084,-15.53],[121.122,-17.535],[120.143,-18.59],[120.0,-18.626],[120.0,-17.451],[120.347,-17.075],[121.442,-14.922],[121.629,-14.832],[123.39,-14.832],[123.208,-15.029]]]}},{"type":"Feature","properties":{"r":2},"geometry":{"type":"Polygon","coordinates":[[[120.107,-11.522],[120.555,-11.509],[121.453,-11.06],[121.829,-10.72],[122.051,-9.975],[122.206,-9.966],[122.194,-10.529],[122.38,-10.951],[123.129,-11.474],[124.571,-11.41],[125.112,-11.231],[128.012,-9.494],[128.397,-9.139],[128.608,-8.662],[128.61,-8.141],[128.402,-7.661],[128.019,-7.302],[127.524,-7.123],[124.183,-7.905],[123.732,-7.101],[123.083,-6.841],[123.759,-6.273],[124.453,-4.896],[124.287,-4.019],[123.358,-2.467],[124.291,-1.865],[124.616,-0.69],[125.483,0.0],[126.329,0.0],[126.607,-0.976],[127.5,-1.744],[127.108,-2.097],[125.765,-1.898],[125.291,-2.082],[124.924,-2.433],[124.709,-3.406],[125.248,-4.243],[126.134,-4.856],[126.665,-5.07],[127.237,-5.036],[127.814,-4.693],[131.099,-5.127],[131.801,-4.705],[132.348,-5.243],[133.05,-5.382],[132.836,-5.901],[132.921,-7.06],[133.084,-7.539],[133.878,-8.141],[134.869,-8.006],[135.0,-7.891],[135.0,-8.852],[134.51,-9.053],[132.873,-8.626],[132.304,-7.984],[131.942,-6.035],[131.692,-5.839],[130.49,-6.023],[127.979,-5.627],[126.519,-5.954],[125.24,-5.329],[124.67,-6.851],[126.764,-6.291],[127.654,-6.238],[128.492,-6.542],[129.14,-7.15],[129.492,-7.963],[129.489,-8.845],[129.132,-9.652],[128.48,-10.251],[125.58,-11.984],[123.688,-12.386],[122.899,-12.326],[121.963,-11.776],[120.736,-12.372],[120.0,-12.392],[120.0,-11.471],[120.107,-11.522]]]}},{"type":"Feature","properties":{"r":2},"geometry":{"type":"Polygon","coordinates":[[[132.828,-9.937],[132.009,-9.897],[131.009,-10.279],[130.675,-10.678],[130.539,-11.251],[129.867,-11.498],[129.515,-11.864],[128.548,-13.377],[127.531,-12.636],[127.109,-12.553],[125.303,-13.023],[124.741,-13.364],[123.39,-14.832],[121.629,-14.832],[122.598,-14.362],[124.086,-12.762],[125.038,-12.184],[127.139,-11.674],[128.316,-12.081],[130.445,-9.589],[131.768,-9.042],[133.155,-9.11],[135.0,-9.818],[135.0,-10.768],[132.828,-9.937]]]}},{"type":"Feature","properties":{"r":2},"geometry":{"type":"Polygon","coordinates":[[[134.981,0.0],[135.0,0.0],[135.0,-0.013],[134.981,0.0]]]}},{"type":"Feature","properties":{"r":2},"geometry":{"type":"Polygon","coordinates":[[[120.25,-6.808],[120.815,-6.763],[121.433,-6.304],[122.208,-6.848],[120.63,-6.951],[120.0,-7.262],[120.0,-6.758],[120.25,-6.808]]]}},{"type":"Feature","properties":{"r":2},"geometry":{"type":"Polygon","coordinates":[[[129.298,-1.662],[129.393,-1.564],[129.465,-1.68],[129.298,-1.662]]]}},{"type":"Feature","properties":{"r":2},"geometry":{"type":"Polygon","coordinates":[[[126.172,0.549],[126.329,0.0],[125.483,0.0],[126.172,0.549]]]}},{"type":"Feature","properties":{"r":2},"geometry":{"type":"Polygon","coordinates":[[[134.308,0.479],[132.702,0.89],[132.0,0.874],[129.919,0.191],[129.802,2.023],[128.772,3.166],[128.358,3.401],[127.422,3.369],[127.025,3.105],[126.4,1.951],[125.916,2.53],[125.444,2.703],[122.913,2.207],[120.709,2.596],[120.283,2.46],[120.0,2.211],[120.0,4.47],[120.413,4.992],[120.36,5.954],[120.0,6.29],[120.0,9.06],[120.809,9.978],[121.373,8.919],[120.74,7.732],[120.621,7.141],[120.952,6.267],[121.292,5.876],[121.76,5.648],[122.28,5.622],[122.966,5.921],[123.254,5.295],[123.642,5.002],[124.819,4.421],[125.333,4.287],[125.858,4.37],[127.138,5.382],[127.757,6.742],[127.823,7.379],[127.509,9.475],[127.302,10.001],[126.876,10.394],[127.083,11.013],[126.448,12.971],[125.76,13.69],[125.255,13.801],[125.087,14.394],[124.743,14.78],[124.576,14.832],[125.748,14.832],[125.969,14.522],[126.838,13.994],[127.85,11.787],[127.903,10.63],[128.399,9.605],[128.714,7.51],[128.601,6.432],[127.789,4.763],[127.047,4.18],[127.856,4.37],[129.354,3.851],[130.638,2.356],[130.799,1.448],[132.925,1.762],[135.0,1.096],[135.0,0.0],[134.981,0.0],[134.308,0.479]],[[126.142,3.387],[126.298,3.608],[125.877,3.483],[126.142,3.387]],[[122.534,4.779],[121.292,4.899],[120.368,3.417],[122.903,3.128],[124.686,3.547],[122.534,4.779]]]}},{"type":"Feature","properties":{"r":2},"geometry":{"type":"Polygon","coordinates":[[[122.989,15.316],[122.979,15.558],[123.786,16.828],[123.794,17.32],[123.524,18.703],[123.289,19.213],[122.84,19.572],[120.739,19.733],[120.0,19.488],[120.0,21.06],[120.686,20.761],[121.616,21.071],[122.413,22.424],[123.244,25.125],[123.075,25.589],[122.712,25.949],[121.795,26.434],[121.479,26.444],[121.93,27.097],[122.751,27.568],[123.096,28.716],[124.062,28.716],[123.832,27.805],[123.044,26.729],[123.853,25.996],[124.138,25.212],[124.046,24.386],[123.157,21.906],[122.3,20.549],[123.251,20.325],[124.011,19.72],[124.679,17.476],[124.318,15.886],[125.292,15.469],[125.748,14.832],[124.576,14.832],[122.989,15.316]]]}},{"type":"Feature","properties":{"r":2},"geometry":{"type":"Polygon","coordinates":[[[123.361,29.588],[123.354,30.103],[123.099,30.534],[123.208,31.672],[123.058,32.207],[121.112,35.093],[121.8,35.709],[122.831,35.915],[123.633,36.391],[123.805,36.774],[123.677,37.519],[123.877,37.32],[124.867,36.991],[125.196,34.254],[125.389,33.812],[125.789,33.479],[126.322,33.319],[128.232,33.726],[128.176,32.949],[129.029,32.011],[128.912,31.284],[129.043,30.916],[130.177,29.999],[131.07,29.959],[131.474,30.139],[132.391,30.804],[132.773,31.631],[133.623,31.733],[134.087,32.115],[134.904,32.28],[135.0,32.354],[135.0,31.459],[134.531,31.381],[133.432,30.887],[133.123,30.353],[132.019,29.518],[130.573,29.129],[129.824,29.28],[128.696,30.04],[128.24,30.566],[128.056,31.789],[127.334,32.692],[126.209,32.57],[125.307,32.843],[124.629,33.41],[124.061,35.712],[122.276,35.045],[123.854,32.562],[124.24,29.418],[124.062,28.716],[123.096,28.716],[123.361,29.588]]]}},{"type":"Feature","properties":{"r":2},"geometry":{"type":"Polygon","coordinates":[[[134.84,36.554],[132.162,36.419],[130.477,35.387],[130.748,36.927],[129.521,39.051],[129.164,39.4],[130.794,40.344],[131.01,40.98],[131.958,40.98],[131.548,39.968],[130.417,39.217],[131.639,37.0],[134.261,37.256],[135.0,38.275],[135.0,36.797],[134.84,36.554]]]}},{"type":"Feature","properties":{"r":2},"geometry":{"type":"Polygon","coordinates":[[[123.477,38.427],[123.418,38.04],[122.868,38.387],[123.554,38.61],[123.477,38.427]]]}},{"type":"Feature","properties":{"r":2},"geometry":{"type":"Polygon","coordinates":[[[131.155,41.406],[132.427,42.154],[133.361,41.859],[133.8,41.87],[135.0,42.408],[135.0,41.616],[133.982,41.211],[132.531,41.36],[131.979,41.032],[131.958,40.98],[131.01,40.98],[131.155,41.406]]]}},{"type":"Feature","properties":{"r":2},"geometry":{"type":"Polygon","coordinates":[[[134.322,71.805],[134.27,71.82],[135.0,71.82],[135.0,71.816],[134.322,71.805]]]}},{"type":"Feature","properties":{"r":2},"geometry":{"type":"Polygon","coordinates":[[[130.77,71.7],[130.481,71.82],[130.915,71.82],[130.77,71.7]]]}},{"type":"Feature","properties":{"r":2},"geometry":{"type":"Polygon","coordinates":[[[121.144,73.848],[121.85,74.202],[122.678,74.319],[127.328,74.169],[128.628,73.972],[130.242,73.458],[130.743,73.172],[131.223,72.431],[132.083,72.508],[132.955,72.475],[134.644,72.09],[135.0,72.096],[135.0,71.82],[134.27,71.82],[133.117,72.137],[132.153,72.236],[131.25,72.092],[130.915,71.82],[130.481,71.82],[129.954,72.036],[130.345,72.36],[129.863,73.118],[129.567,73.288],[127.605,73.884],[123.466,74.091],[122.915,74.083],[122.426,74.013],[122.087,73.892],[121.94,73.5],[120.0,73.696],[120.0,73.962],[121.144,73.848]]]}},{"type":"Feature","properties":{"r":2},"geometry":{"type":"Polygon","coordinates":[[[134.837,75.129],[134.815,75.368],[135.0,75.607],[135.0,75.043],[134.837,75.129]]]}},{"type":"Feature","properties":{"r":2},"geometry":{"type":"Polygon","coordinates":[[[147.494,-66.557],[148.367,-67.311],[149.793,-67.639],[150.0,-67.668],[150.0,-68.029],[149.403,-67.947],[147.663,-67.552],[146.675,-66.704],[146.168,-66.513],[147.379,-66.513],[147.494,-66.557]]]}},{"type":"Feature","properties":{"r":2},"geometry":{"type":"Polygon","coordinates":[[[135.19,-64.375],[136.643,-64.658],[138.258,-66.074],[146.293,-66.099],[147.379,-66.513],[146.168,-66.513],[145.965,-66.436],[137.777,-66.439],[136.266,-65.094],[135.607,-64.809],[135.141,-64.761],[135.0,-64.78],[135.0,-64.402],[135.19,-64.375]]]}},{"type":"Feature","properties":{"r":2},"geometry":{"type":"Polygon","coordinates":[[[143.513,-41.02],[145.05,-44.15],[145.865,-44.475],[147.154,-44.546],[147.97,-44.137],[148.746,-43.935],[149.057,-43.662],[149.491,-40.98],[150.0,-40.98],[150.0,-43.278],[149.847,-43.972],[149.322,-44.431],[147.351,-45.168],[145.738,-45.108],[144.358,-44.562],[142.661,-41.239],[142.653,-40.98],[143.515,-40.98],[143.513,-41.02]]]}},{"type":"Feature","properties":{"r":2},"geometry":{"type":"Polygon","coordinates":[[[136.196,-36.182],[137.131,-36.28],[138.593,-36.93],[139.765,-38.774],[143.192,-39.762],[144.054,-39.755],[144.629,-39.465],[145.647,-39.896],[144.701,-39.712],[143.83,-39.999],[143.556,-40.302],[143.515,-40.98],[142.653,-40.98],[142.634,-40.345],[139.16,-39.291],[137.913,-37.473],[135.758,-36.814],[135.0,-36.456],[135.0,-35.612],[136.196,-36.182]]]}},{"type":"Feature","properties":{"r":2},"geometry":{"type":"Polygon","coordinates":[[[149.547,-40.627],[148.989,-40.042],[148.541,-39.904],[146.473,-40.12],[145.933,-39.974],[146.674,-40.0],[148.779,-38.815],[149.866,-38.733],[150.0,-38.649],[150.0,-39.354],[149.516,-39.489],[150.0,-40.009],[150.0,-40.98],[149.491,-40.98],[149.547,-40.627]]]}},{"type":"Feature","properties":{"r":2},"geometry":{"type":"Polygon","coordinates":[[[140.017,-15.911],[139.889,-16.073],[137.741,-14.832],[140.13,-14.832],[140.017,-15.911]]]}},{"type":"Feature","properties":{"r":2},"geometry":{"type":"Polygon","coordinates":[[[149.845,-19.607],[147.524,-18.176],[146.674,-14.832],[147.6,-14.832],[148.311,-17.632],[150.0,-18.719],[150.0,-19.939],[149.845,-19.607]]]}},{"type":"Feature","properties":{"r":2},"geometry":{"type":"Polygon","coordinates":[[[135.25,-7.669],[136.004,-6.446],[135.978,-5.959],[136.908,-6.362],[137.161,-7.018],[136.389,-7.983],[136.319,-8.52],[136.478,-9.036],[136.839,-9.442],[137.336,-9.666],[138.928,-9.451],[140.414,-10.244],[141.193,-10.431],[140.393,-12.281],[140.13,-14.832],[137.741,-14.832],[137.009,-14.407],[137.128,-13.976],[138.148,-12.848],[138.251,-12.38],[138.17,-11.907],[137.455,-11.001],[136.573,-10.585],[135.331,-10.895],[135.0,-10.768],[135.0,-9.818],[135.354,-9.954],[135.974,-9.785],[135.445,-8.668],[135.0,-8.852],[135.0,-7.891],[135.25,-7.669]],[[138.976,-13.191],[138.255,-14.114],[139.241,-14.686],[139.498,-12.193],[139.933,-10.994],[138.79,-10.385],[138.212,-10.505],[139.013,-11.599],[139.151,-12.4],[138.976,-13.191]]]}},{"type":"Feature","properties":{"r":2},"geometry":{"type":"Polygon","coordinates":[[[146.638,-14.687],[146.31,-14.111],[145.499,-13.295],[144.718,-12.948],[143.741,-10.242],[144.398,-9.822],[144.797,-9.006],[145.307,-9.176],[147.286,-11.25],[150.0,-11.752],[150.0,-12.556],[147.554,-12.259],[146.272,-11.569],[145.128,-10.311],[144.82,-10.589],[145.407,-12.213],[146.958,-13.505],[147.512,-14.481],[147.6,-14.832],[146.674,-14.832],[146.638,-14.687]]]}},{"type":"Feature","properties":{"r":2},"geometry":{"type":"Polygon","coordinates":[[[149.011,-7.3],[150.0,-7.525],[150.0,-8.246],[149.011,-7.3]]]}},{"type":"Feature","properties":{"r":2},"geometry":{"type":"Polygon","coordinates":[[[149.613,-1.974],[149.392,-2.462],[149.388,-2.998],[149.869,-3.739],[149.365,-3.961],[149.042,-4.321],[147.598,-4.684],[146.746,-4.367],[145.565,-3.011],[144.96,-2.619],[137.817,-0.459],[136.973,-0.491],[135.504,-1.633],[135.07,-0.063],[135.0,-0.013],[135.0,0.0],[135.996,0.0],[136.016,-0.028],[136.062,0.0],[139.407,0.0],[145.221,-1.758],[147.588,-3.722],[148.629,-3.462],[148.513,-2.269],[148.887,-1.443],[149.561,-0.838],[150.0,-0.694],[150.0,-1.627],[149.613,-1.974]]]}},{"type":"Feature","properties":{"r":2},"geometry":{"type":"Polygon","coordinates":[[[135.261,1.012],[135.996,0.0],[135.0,0.0],[135.0,1.096],[135.261,1.012]]]}},{"type":"Feature","properties":{"r":2},"geometry":{"type":"Polygon","coordinates":[[[136.65,0.349],[138.078,0.402],[139.407,0.0],[136.062,0.0],[136.65,0.349]]]}},{"type":"Feature","properties":{"r":2},"geometry":{"type":"Polygon","coordinates":[[[135.21,32.516],[135.605,32.385],[136.192,32.426],[137.853,33.618],[141.008,34.268],[141.888,35.298],[142.071,35.776],[142.233,37.816],[143.153,38.958],[142.779,40.98],[144.806,40.98],[144.449,40.644],[143.828,40.432],[144.03,38.803],[143.115,37.567],[142.659,34.918],[141.531,33.661],[138.294,32.927],[136.468,31.701],[135.0,31.459],[135.0,32.354],[135.21,32.516]]]}},{"type":"Feature","properties":{"r":2},"geometry":{"type":"Polygon","coordinates":[[[138.592,40.449],[138.725,39.575],[138.338,38.825],[137.373,38.175],[136.708,38.332],[135.832,38.053],[135.0,36.797],[135.0,38.275],[135.214,38.567],[135.899,38.91],[137.173,38.969],[137.584,39.243],[137.853,40.98],[138.756,40.98],[138.592,40.449]]]}},{"type":"Feature","properties":{"r":2},"geometry":{"type":"Polygon","coordinates":[[[142.757,41.095],[143.482,41.048],[143.932,41.2],[144.872,42.152],[146.292,42.483],[146.811,43.051],[146.429,44.869],[146.067,45.14],[145.583,45.288],[144.333,45.181],[144.096,45.348],[144.688,45.763],[144.833,46.812],[144.626,47.316],[143.969,48.003],[144.053,48.203],[144.707,48.117],[145.172,48.187],[145.567,48.365],[145.952,48.93],[144.809,51.326],[145.737,51.326],[146.851,48.898],[146.199,47.938],[145.404,47.615],[145.733,46.795],[145.641,45.904],[146.584,45.658],[147.196,45.201],[147.721,43.488],[147.37,42.363],[146.81,41.938],[145.434,41.567],[144.806,40.98],[142.779,40.98],[142.757,41.095]]]}},{"type":"Feature","properties":{"r":2},"geometry":{"type":"Polygon","coordinates":[[[138.641,42.97],[138.524,42.466],[138.8,41.122],[138.756,40.98],[137.853,40.98],[137.876,41.125],[137.629,42.398],[138.214,43.846],[136.006,42.014],[135.0,41.616],[135.0,42.408],[135.877,42.798],[139.227,45.737],[140.82,47.59],[140.805,45.927],[140.294,44.273],[139.4,44.003],[138.641,42.97]],[[139.406,44.774],[139.588,45.049],[139.102,44.626],[139.406,44.774]]]}},{"type":"Feature","properties":{"r":2},"geometry":{"type":"Polygon","coordinates":[[[144.508,51.936],[143.783,54.74],[143.456,54.958],[142.514,55.112],[141.592,54.889],[141.063,54.553],[140.531,54.85],[140.033,54.94],[138.936,55.003],[138.073,54.875],[137.547,55.163],[142.799,58.376],[148.594,58.492],[149.344,58.635],[149.975,58.89],[150.0,58.74],[150.0,57.86],[149.468,58.138],[143.215,57.909],[139.283,55.499],[141.021,55.274],[142.416,55.62],[143.258,55.58],[144.564,54.997],[145.389,52.059],[145.737,51.326],[144.809,51.326],[144.508,51.936]]]}},{"type":"Feature","properties":{"r":2},"geometry":{"type":"Polygon","coordinates":[[[135.0,71.816],[135.0,71.82],[135.197,71.82],[135.0,71.816]]]}},{"type":"Feature","properties":{"r":2},"geometry":{"type":"Polygon","coordinates":[[[137.111,72.13],[137.017,72.581],[138.025,73.021],[137.692,73.472],[137.969,73.687],[139.265,74.023],[137.802,74.106],[135.25,74.91],[135.0,75.043],[135.0,75.607],[135.279,75.959],[136.282,75.959],[135.698,75.325],[135.711,75.183],[135.955,75.055],[138.274,74.315],[139.146,74.267],[144.49,74.48],[144.961,74.524],[145.555,74.731],[145.662,74.835],[147.565,74.451],[148.488,74.461],[150.0,74.647],[150.0,74.391],[148.066,74.19],[147.279,74.221],[145.997,74.454],[145.419,74.316],[143.842,74.208],[145.425,73.565],[145.744,73.142],[150.0,72.813],[150.0,72.548],[144.539,72.956],[144.859,73.114],[144.886,73.274],[144.68,73.422],[143.138,74.059],[142.758,74.16],[142.262,74.211],[141.733,74.204],[141.259,74.139],[138.744,73.558],[138.591,73.293],[138.774,73.165],[139.297,73.039],[138.186,72.679],[137.889,72.514],[137.884,72.324],[138.24,71.87],[135.197,71.82],[135.0,71.82],[135.0,72.096],[137.111,72.13]]]}},{"type":"Feature","properties":{"r":2},"geometry":{"type":"Polygon","coordinates":[[[150.0,75.744],[150.0,75.505],[146.811,75.799],[145.943,75.794],[144.805,75.959],[147.625,75.959],[150.0,75.744]]]}},{"type":"Feature","properties":{"r":2},"geometry":{"type":"Polygon","coordinates":[[[135.352,76.051],[135.698,76.248],[136.345,76.395],[137.185,76.468],[141.899,76.602],[146.159,76.034],[147.125,76.004],[147.625,75.959],[144.805,75.959],[141.724,76.396],[137.319,76.258],[136.822,76.214],[136.44,76.127],[136.282,75.959],[135.279,75.959],[135.352,76.051]]]}},{"type":"Feature","properties":{"r":2},"geometry":{"type":"Polygon","coordinates":[[[165.0,-81.903],[165.0,-82.214],[163.26,-81.655],[164.242,-81.655],[165.0,-81.903]]]}},{"type":"Feature","properties":{"r":2},"geometry":{"type":"Polygon","coordinates":[[[163.704,-79.456],[162.077,-80.905],[164.242,-81.655],[163.26,-81.655],[161.141,-80.922],[162.911,-79.337],[165.0,-79.177],[165.0,-79.358],[163.704,-79.456]]]}},{"type":"Feature","properties":{"r":2},"geometry":{"type":"Polygon","coordinates":[[[164.793,-77.034],[164.863,-76.297],[165.0,-76.203],[165.0,-77.226],[164.793,-77.034]]]}},{"type":"Feature","properties":{"r":2},"geometry":{"type":"Polygon","coordinates":[[[152.383,-67.998],[154.115,-67.745],[154.929,-67.779],[162.464,-69.869],[165.0,-69.986],[165.0,-70.295],[162.099,-70.163],[154.665,-68.102],[153.718,-68.13],[152.432,-68.361],[150.0,-68.029],[150.0,-67.668],[152.383,-67.998]]]}},{"type":"Feature","properties":{"r":2},"geometry":{"type":"Polygon","coordinates":[[[150.474,-41.072],[150.0,-43.278],[150.0,-40.98],[150.465,-40.98],[150.474,-41.072]]]}},{"type":"Feature","properties":{"r":2},"geometry":{"type":"Polygon","coordinates":[[[164.319,-45.998],[164.388,-45.444],[165.0,-44.807],[165.0,-46.947],[164.319,-45.998]]]}},{"type":"Feature","properties":{"r":2},"geometry":{"type":"Polygon","coordinates":[[[151.116,-37.949],[151.588,-35.965],[152.847,-33.579],[154.174,-31.822],[154.696,-28.716],[155.56,-28.716],[155.062,-31.947],[153.635,-33.949],[152.461,-36.168],[151.891,-38.31],[150.76,-39.141],[150.0,-39.354],[150.0,-38.649],[151.116,-37.949]]]}},{"type":"Feature","properties":{"r":2},"geometry":{"type":"Polygon","coordinates":[[[150.418,-40.455],[150.465,-40.98],[150.0,-40.98],[150.0,-40.009],[150.418,-40.455]]]}},{"type":"Feature","properties":{"r":2},"geometry":{"type":"Polygon","coordinates":[[[154.838,-27.859],[154.124,-25.01],[153.781,-24.439],[152.122,-22.9],[151.799,-21.72],[151.368,-21.353],[150.583,-21.185],[150.0,-19.939],[150.0,-18.719],[150.535,-19.062],[151.246,-20.464],[152.54,-21.246],[152.969,-22.51],[154.421,-23.862],[155.002,-24.831],[155.716,-27.684],[155.56,-28.716],[154.696,-28.716],[154.838,-27.859]]]}},{"type":"Feature","properties":{"r":2},"geometry":{"type":"Polygon","coordinates":[[[164.482,-14.832],[165.0,-14.832],[165.0,-16.884],[164.944,-16.814],[164.454,-14.946],[164.482,-14.832]]]}},{"type":"Feature","properties":{"r":2},"geometry":{"type":"Polygon","coordinates":[[[161.949,-20.776],[161.832,-20.009],[162.5,-18.614],[164.0,-18.027],[164.814,-18.164],[165.0,-18.247],[165.0,-19.174],[164.012,-18.88],[163.126,-19.226],[162.731,-20.049],[162.8,-20.502],[164.488,-22.464],[165.0,-22.746],[165.0,-23.651],[163.804,-23.004],[161.949,-20.776]]]}},{"type":"Feature","properties":{"r":2},"geometry":{"type":"Polygon","coordinates":[[[150.478,-11.841],[151.389,-11.659],[151.943,-10.926],[151.856,-10.016],[150.0,-8.246],[150.0,-7.525],[150.346,-7.604],[150.808,-7.479],[152.55,-6.641],[153.43,-5.888],[154.273,-7.472],[155.396,-8.016],[156.157,-8.058],[156.903,-8.471],[157.665,-8.608],[158.422,-9.101],[158.592,-10.119],[158.829,-10.587],[159.236,-10.922],[160.363,-11.117],[160.876,-11.806],[161.257,-12.018],[162.387,-12.1],[163.275,-11.768],[163.694,-10.932],[163.644,-10.459],[163.421,-10.036],[162.784,-9.565],[161.841,-7.411],[160.92,-7.032],[160.186,-7.107],[159.166,-6.307],[158.674,-6.067],[158.023,-6.093],[157.328,-5.569],[156.625,-5.333],[154.97,-3.925],[154.266,-3.892],[153.005,-2.19],[151.054,-1.503],[150.521,-1.45],[150.012,-1.617],[150.0,-1.627],[150.0,-0.694],[150.423,-0.556],[152.904,-1.144],[153.534,-1.463],[154.771,-3.001],[156.017,-3.537],[157.027,-4.479],[159.724,-5.605],[160.437,-6.165],[161.764,-6.305],[162.479,-6.781],[163.574,-9.011],[164.506,-10.204],[164.591,-11.004],[163.881,-12.418],[162.378,-12.979],[160.95,-12.844],[159.838,-11.96],[158.812,-11.7],[158.122,-11.134],[157.565,-9.608],[154.348,-8.56],[153.654,-8.12],[153.107,-7.319],[151.337,-8.216],[152.663,-9.623],[152.881,-10.381],[152.458,-11.868],[151.131,-12.694],[150.0,-12.556],[150.0,-11.752],[150.478,-11.841]]]}},{"type":"Feature","properties":{"r":2},"geometry":{"type":"Polygon","coordinates":[[[164.837,-13.389],[165.0,-13.287],[165.0,-14.832],[164.482,-14.832],[164.837,-13.389]]]}},{"type":"Feature","properties":{"r":2},"geometry":{"type":"Polygon","coordinates":[[[155.512,50.862],[155.996,50.359],[156.885,50.188],[157.342,50.265],[158.994,51.326],[160.051,51.326],[159.815,50.992],[157.724,49.741],[156.157,49.666],[155.447,49.902],[154.627,50.758],[154.459,51.326],[155.383,51.326],[155.512,50.862]]]}},{"type":"Feature","properties":{"r":2},"geometry":{"type":"Polygon","coordinates":[[[150.028,58.575],[150.248,58.359],[150.6,58.197],[151.505,58.112],[155.759,58.584],[156.319,59.016],[156.317,59.279],[155.811,59.745],[155.848,59.771],[156.964,59.771],[156.901,59.727],[157.201,59.106],[158.338,59.771],[159.531,59.771],[157.643,58.66],[156.47,58.494],[155.969,58.356],[155.627,58.117],[154.638,56.903],[154.157,55.521],[155.383,51.326],[154.459,51.326],[153.271,55.152],[153.755,56.996],[154.47,57.921],[150.879,57.64],[150.138,57.788],[150.0,57.86],[150.0,58.74],[150.028,58.575]]]}},{"type":"Feature","properties":{"r":2},"geometry":{"type":"Polygon","coordinates":[[[159.389,51.577],[159.665,52.329],[160.8,52.574],[161.128,52.791],[161.534,53.835],[162.703,54.182],[163.36,54.634],[163.411,54.932],[163.1,55.375],[163.987,55.649],[164.249,55.868],[164.49,57.58],[164.403,57.868],[164.102,58.109],[163.502,58.29],[164.447,59.306],[165.0,59.378],[165.0,58.83],[164.666,58.469],[165.0,58.221],[165.0,55.619],[164.227,55.13],[164.22,54.48],[163.798,54.03],[162.34,53.479],[161.893,52.504],[161.339,52.134],[160.45,51.887],[160.051,51.326],[158.994,51.326],[159.389,51.577]]]}},{"type":"Feature","properties":{"r":2},"geometry":{"type":"Polygon","coordinates":[[[157.502,60.888],[158.446,61.015],[159.135,60.125],[159.808,59.931],[159.531,59.771],[158.338,59.771],[158.449,59.835],[157.9,60.408],[156.964,59.771],[155.848,59.771],[157.502,60.888]]]}},{"type":"Feature","properties":{"r":2},"geometry":{"type":"Polygon","coordinates":[[[154.008,71.555],[159.689,71.54],[160.828,71.263],[161.661,70.858],[161.953,70.646],[161.994,70.219],[165.0,70.263],[165.0,69.974],[161.296,69.897],[161.049,69.954],[161.085,70.567],[159.786,71.203],[158.982,71.288],[153.583,71.267],[152.131,71.82],[153.295,71.82],[154.008,71.555]]]}},{"type":"Feature","properties":{"r":2},"geometry":{"type":"Polygon","coordinates":[[[151.498,75.606],[152.74,75.314],[152.78,74.876],[151.596,74.554],[150.0,74.391],[150.0,74.647],[151.665,74.849],[152.031,75.092],[151.918,75.22],[151.185,75.395],[150.0,75.505],[150.0,75.744],[151.498,75.606]]]}},{"type":"Feature","properties":{"r":2},"geometry":{"type":"Polygon","coordinates":[[[150.674,72.76],[153.295,71.82],[152.131,71.82],[150.194,72.533],[150.0,72.548],[150.0,72.813],[150.674,72.76]]]}},{"type":"Feature","properties":{"r":2},"geometry":{"type":"Polygon","coordinates":[[[171.214,-83.679],[180.0,-84.442],[180.0,-84.555],[177.187,-84.325],[175.986,-84.159],[175.618,-84.194],[170.474,-83.739],[169.816,-83.573],[170.798,-83.573],[171.214,-83.679]]]}},{"type":"Feature","properties":{"r":2},"geometry":{"type":"Polygon","coordinates":[[[170.798,-83.573],[169.816,-83.573],[165.0,-82.214],[165.0,-81.903],[170.798,-83.573]]]}},{"type":"Feature","properties":{"r":2},"geometry":{"type":"Polygon","coordinates":[[[165.0,-79.358],[165.0,-79.177],[165.07,-79.171],[167.438,-79.171],[165.0,-79.358]]]}},{"type":"Feature","properties":{"r":2},"geometry":{"type":"Polygon","coordinates":[[[165.76,-76.335],[165.696,-77.012],[166.769,-77.979],[169.098,-78.623],[168.986,-78.932],[167.832,-79.141],[167.438,-79.171],[165.07,-79.171],[167.49,-78.983],[168.172,-78.858],[168.293,-78.769],[168.015,-78.592],[165.94,-78.063],[165.0,-77.226],[165.0,-76.203],[165.348,-75.959],[166.3,-75.959],[165.76,-76.335]]]}},{"type":"Feature","properties":{"r":2},"geometry":{"type":"Polygon","coordinates":[[[173.319,-71.889],[171.399,-73.828],[170.687,-74.127],[167.974,-74.728],[166.3,-75.959],[165.348,-75.959],[167.205,-74.587],[170.115,-73.936],[170.535,-73.758],[172.446,-71.82],[173.336,-71.82],[173.319,-71.889]]]}},{"type":"Feature","properties":{"r":2},"geometry":{"type":"Polygon","coordinates":[[[167.602,-70.105],[168.557,-70.231],[173.082,-71.332],[173.387,-71.604],[173.336,-71.82],[172.446,-71.82],[172.455,-71.81],[172.495,-71.642],[172.315,-71.482],[168.047,-70.48],[167.482,-70.407],[165.0,-70.295],[165.0,-69.986],[167.602,-70.105]]]}},{"type":"Feature","properties":{"r":2},"geometry":{"type":"Polygon","coordinates":[[[178.037,-41.934],[177.26,-42.637],[175.488,-43.287],[175.206,-43.577],[175.13,-44.426],[174.596,-44.992],[173.168,-45.481],[172.017,-47.077],[170.732,-47.794],[169.275,-48.13],[165.013,-46.965],[165.0,-46.947],[165.0,-44.807],[166.53,-43.182],[168.934,-41.867],[169.724,-40.98],[170.807,-40.98],[169.585,-42.346],[167.256,-43.569],[165.461,-45.314],[165.215,-45.938],[165.625,-46.513],[169.299,-47.526],[170.16,-47.325],[171.444,-46.602],[171.842,-46.21],[172.466,-44.978],[173.976,-44.529],[174.291,-44.193],[174.377,-43.79],[174.235,-43.442],[175.03,-42.619],[175.439,-42.64],[175.977,-42.483],[176.75,-42.089],[177.209,-41.671],[177.6,-40.98],[178.578,-40.98],[178.037,-41.934]]]}},{"type":"Feature","properties":{"r":2},"geometry":{"type":"Polygon","coordinates":[[[170.737,-35.439],[170.484,-34.15],[170.795,-33.53],[172.088,-32.755],[173.667,-32.913],[175.36,-33.663],[177.681,-36.009],[179.092,-35.996],[179.869,-36.309],[180.0,-36.497],[180.0,-39.757],[179.619,-40.287],[178.717,-40.733],[178.578,-40.98],[177.6,-40.98],[178.067,-40.146],[178.484,-40.086],[178.944,-39.831],[179.765,-37.982],[179.651,-37.19],[178.857,-36.696],[177.306,-36.78],[175.9,-35.58],[175.29,-34.547],[173.245,-33.578],[172.312,-33.485],[171.548,-33.94],[171.353,-34.699],[173.373,-37.628],[173.306,-38.405],[172.592,-39.188],[172.528,-39.528],[171.718,-39.942],[170.807,-40.98],[169.724,-40.98],[170.969,-39.558],[171.724,-39.044],[172.456,-37.798],[170.737,-35.439]]]}},{"type":"Feature","properties":{"r":2},"geometry":{"type":"Polygon","coordinates":[[[179.492,-14.914],[177.689,-15.746],[177.399,-16.18],[176.683,-16.573],[176.083,-18.221],[176.489,-19.06],[177.397,-19.395],[179.1,-19.268],[179.535,-18.958],[179.972,-17.891],[180.0,-17.878],[180.0,-19.667],[179.478,-20.036],[178.58,-20.228],[176.582,-20.101],[175.872,-19.678],[175.184,-18.26],[175.998,-16.012],[177.551,-14.832],[180.0,-14.832],[180.0,-14.911],[179.492,-14.914]]]}},{"type":"Feature","properties":{"r":2},"geometry":{"type":"Polygon","coordinates":[[[169.86,-15.619],[169.886,-17.251],[168.69,-18.404],[167.514,-18.694],[165.952,-18.075],[165.0,-16.884],[165.0,-14.832],[165.411,-14.832],[165.508,-15.857],[165.701,-16.346],[166.176,-16.749],[166.591,-17.472],[167.514,-17.84],[168.344,-17.614],[169.051,-16.93],[169.036,-15.966],[168.517,-15.355],[168.363,-14.832],[169.471,-14.832],[169.86,-15.619]]]}},{"type":"Feature","properties":{"r":2},"geometry":{"type":"Polygon","coordinates":[[[166.463,-18.896],[168.563,-20.614],[169.061,-21.198],[169.256,-22.645],[168.928,-23.316],[167.98,-24.07],[166.373,-24.391],[165.0,-23.651],[165.0,-22.746],[166.523,-23.58],[167.473,-23.389],[168.188,-22.844],[168.382,-22.447],[168.267,-21.592],[167.973,-21.248],[165.483,-19.318],[165.0,-19.174],[165.0,-18.247],[166.463,-18.896]]]}},{"type":"Feature","properties":{"r":2},"geometry":{"type":"Polygon","coordinates":[[[179.984,-13.942],[180.0,-13.949],[180.0,-14.832],[177.551,-14.832],[177.737,-14.69],[179.984,-13.942]]]}},{"type":"Feature","properties":{"r":2},"geometry":{"type":"Polygon","coordinates":[[[166.229,-12.524],[167.847,-12.847],[168.938,-13.751],[169.471,-14.832],[168.363,-14.832],[168.189,-14.236],[166.89,-13.391],[165.93,-13.563],[165.365,-14.335],[165.411,-14.832],[165.0,-14.832],[165.0,-13.287],[166.229,-12.524]]]}},{"type":"Feature","properties":{"r":2},"geometry":{"type":"Polygon","coordinates":[[[165.25,59.41],[165.988,59.147],[166.494,59.136],[168.714,59.761],[169.857,59.269],[170.868,59.283],[171.794,59.771],[172.999,59.771],[171.24,58.861],[169.53,58.838],[168.585,59.187],[166.631,58.677],[165.039,58.872],[165.0,58.83],[165.0,59.378],[165.25,59.41]]]}},{"type":"Feature","properties":{"r":2},"geometry":{"type":"Polygon","coordinates":[[[165.241,58.041],[165.389,57.556],[165.255,56.098],[165.073,55.665],[165.0,55.619],[165.0,58.221],[165.241,58.041]]]}},{"type":"Feature","properties":{"r":2},"geometry":{"type":"Polygon","coordinates":[[[174.41,61.114],[179.902,61.996],[180.0,62.023],[180.0,61.563],[174.916,60.735],[172.999,59.771],[171.794,59.771],[174.41,61.114]]]}},{"type":"Feature","properties":{"r":2},"geometry":{"type":"Polygon","coordinates":[[[180.0,64.417],[180.0,63.485],[179.188,64.275],[180.0,64.417]]]}},{"type":"Feature","properties":{"r":2},"geometry":{"type":"Polygon","coordinates":[[[168.344,70.311],[169.402,70.745],[170.981,70.812],[179.128,70.139],[180.0,69.983],[180.0,69.559],[179.457,69.741],[178.912,69.84],[170.765,70.522],[170.288,70.531],[169.461,70.381],[168.841,69.862],[168.195,70.014],[167.758,70.031],[165.0,69.974],[165.0,70.263],[168.344,70.311]]]}},{"type":"Feature","properties":{"r":2},"geometry":{"type":"Polygon","coordinates":[[[177.154,71.591],[177.963,71.82],[179.246,71.82],[177.797,71.391],[177.428,71.126],[177.48,70.978],[178.024,70.741],[179.816,70.405],[180.0,70.41],[180.0,70.112],[179.689,70.104],[177.538,70.49],[176.617,70.894],[176.717,71.387],[177.154,71.591]]]}},{"type":"Feature","properties":{"r":2},"geometry":{"type":"Polygon","coordinates":[[[179.141,72.147],[179.985,72.201],[180.0,72.199],[180.0,71.922],[179.991,71.923],[179.492,71.891],[179.246,71.82],[177.963,71.82],[179.141,72.147]]]}},{"type":"Feature","properties":{"r":2},"geometry":{"type":"Polygon","coordinates":[[[180.0,-84.442],[180.0,-84.555],[180.0,-84.555],[180.0,-84.442],[180.0,-84.442]]]}},{"type":"Feature","properties":{"r":2},"geometry":{"type":"Polygon","coordinates":[[[180.0,-36.497],[180.0,-39.757],[180.0,-39.757],[180.0,-36.497],[180.0,-36.497]]]}},{"type":"Feature","properties":{"r":2},"geometry":{"type":"Polygon","coordinates":[[[180.0,-14.911],[180.0,-14.911],[180.0,-14.832],[180.0,-14.832],[180.0,-14.911]]]}},{"type":"Feature","properties":{"r":2},"geometry":{"type":"Polygon","coordinates":[[[180.0,-17.878],[180.0,-19.667],[180.0,-19.667],[180.0,-17.878],[180.0,-17.878]]]}},{"type":"Feature","properties":{"r":2},"geometry":{"type":"Polygon","coordinates":[[[180.0,-13.949],[180.0,-14.832],[180.0,-14.832],[180.0,-13.949],[180.0,-13.949]]]}},{"type":"Feature","properties":{"r":2},"geometry":{"type":"Polygon","coordinates":[[[180.0,62.023],[180.0,61.563],[180.0,61.563],[180.0,62.023],[180.0,62.023]]]}},{"type":"Feature","properties":{"r":2},"geometry":{"type":"Polygon","coordinates":[[[180.0,64.417],[180.0,63.485],[180.0,63.485],[180.0,64.417],[180.0,64.417]]]}},{"type":"Feature","properties":{"r":2},"geometry":{"type":"Polygon","coordinates":[[[180.0,69.983],[180.0,69.559],[180.0,69.559],[180.0,69.983],[180.0,69.983]]]}},{"type":"Feature","properties":{"r":2},"geometry":{"type":"Polygon","coordinates":[[[180.0,70.41],[180.0,70.112],[180.0,70.112],[180.0,70.41],[180.0,70.41]]]}},{"type":"Feature","properties":{"r":2},"geometry":{"type":"Polygon","coordinates":[[[180.0,72.199],[180.0,71.922],[180.0,71.922],[180.0,72.199],[180.0,72.199]]]}}]}